trading_date,high,low,open,close,daily_range_pips,daily_return_pips
2000-05-30,0.9379,0.9151,0.9302,0.9304,76.99999999999929,1.9999999999997797
2000-05-31,0.9382,0.9287,0.9379,0.9315,80.99999999999996,-63.999999999999616
2000-06-01,0.9498,0.9302,0.9316,0.944,24.999999999999467,123.99999999999966
2000-06-04,0.949,0.9416,0.9461,0.9483,14.999999999999458,21.999999999999797
2000-06-05,0.9603,0.9456,0.9481,0.9549,15.000000000000568,67.99999999999918
2000-06-06,0.9631,0.9535,0.9547,0.962,35.00000000000058,72.99999999999973
2000-06-07,0.9704,0.9512,0.9622,0.9563,24.00000000000069,-59.00000000000016
2000-06-08,0.9563,0.9463,0.9563,0.9523,16.00000000000046,-40.000000000000036
2000-06-09,0.9548,0.9538,0.9538,0.9548,5.0000000000005596,10.000000000000009
2000-06-11,0.9562,0.9494,0.9535,0.9542,10.000000000000009,7.000000000000339
2000-06-12,0.9628,0.9523,0.954,0.9599,16.00000000000046,59.00000000000016
2000-06-13,0.9655,0.9574,0.9597,0.958,14.000000000000679,-17.000000000000348
2000-06-14,0.9607,0.9504,0.9577,0.9548,10.000000000000009,-29.000000000000135
2000-06-15,0.9661,0.9523,0.9547,0.9649,11.999999999999789,101.99999999999987
2000-06-16,0.9649,0.9649,0.9649,0.9649,0.0,0.0
2000-06-18,0.9694,0.9567,0.9647,0.9569,10.999999999999899,-78.00000000000028
2000-06-19,0.9617,0.9532,0.957,0.955,11.999999999999789,-20.000000000000018
2000-06-20,0.955,0.9433,0.9549,0.9445,14.000000000000679,-103.99999999999964
2000-06-21,0.9476,0.9349,0.9444,0.9357,20.999999999999908,-87.00000000000041
2000-06-22,0.9433,0.9342,0.9358,0.9367,11.999999999999789,9.000000000000119
2000-06-25,0.9399,0.9299,0.9362,0.937,10.000000000000009,8.00000000000023
2000-06-26,0.9472,0.9367,0.9371,0.9463,24.999999999999467,91.99999999999986
2000-06-27,0.947,0.9394,0.9462,0.9407,14.000000000000679,-55.000000000000604
2000-06-28,0.954,0.9407,0.9408,0.9523,11.999999999999789,115.00000000000065
2000-06-29,0.9604,0.9509,0.9524,0.9538,11.999999999999789,13.999999999999568
2000-07-02,0.9549,0.9485,0.9526,0.9522,8.00000000000023,-3.9999999999995595
2000-07-03,0.9511,0.9467,0.9508,0.9498,14.999999999999458,-10.000000000000009
2000-07-04,0.9573,0.9513,0.9516,0.953,8.00000000000023,13.999999999999568
2000-07-05,0.9598,0.95,0.9532,0.9505,10.000000000000009,-27.000000000000355
2000-07-06,0.9526,0.9459,0.9509,0.9476,20.999999999999908,-32.999999999999694
2000-07-09,0.9557,0.9481,0.9494,0.9556,10.000000000000009,61.99999999999983
2000-07-10,0.9569,0.9496,0.9555,0.9531,7.000000000000339,-24.00000000000069
2000-07-11,0.953,0.9396,0.953,0.9428,11.000000000001009,-101.99999999999987
2000-07-12,0.9429,0.933,0.9426,0.9375,12.000000000000899,-50.999999999999936
2000-07-13,0.9389,0.9318,0.9374,0.9388,14.000000000000679,13.999999999999568
2000-07-16,0.9402,0.9342,0.9384,0.9372,6.000000000000449,-11.999999999999789
2000-07-17,0.9372,0.9227,0.9371,0.9251,17.000000000000348,-120.00000000000011
2000-07-18,0.9263,0.9193,0.9242,0.9247,10.000000000000009,4.999999999999449
2000-07-19,0.9342,0.9204,0.9248,0.9334,10.000000000000009,86.00000000000053
2000-07-20,0.9384,0.9319,0.9333,0.9365,15.000000000000568,31.999999999999808
2000-07-23,0.9378,0.9313,0.9364,0.9339,10.000000000000009,-25.000000000000576
2000-07-24,0.9433,0.9324,0.9338,0.9389,7.999999999999119,50.999999999999936
2000-07-25,0.945,0.9381,0.9388,0.9431,8.00000000000023,43.00000000000082
2000-07-26,0.9444,0.9318,0.9433,0.9322,10.999999999999899,-110.99999999999999
2000-07-27,0.9338,0.9229,0.9321,0.9239,10.000000000000009,-81.99999999999986
2000-07-30,0.9295,0.9224,0.9239,0.9271,7.000000000000339,31.999999999999808
2000-07-31,0.9293,0.9135,0.9269,0.9148,53.9999999999996,-121.0
2000-08-01,0.9192,0.9117,0.9147,0.9138,10.000000000000009,-9.000000000000119
2000-08-02,0.9174,0.8997,0.9137,0.9064,16.99999999999924,-72.99999999999973
2000-08-03,0.9103,0.9015,0.9066,0.908,14.999999999999458,14.000000000000679
2000-08-04,0.9084,0.908,0.908,0.9084,0.0,3.9999999999995595
2000-08-06,0.9114,0.9055,0.9075,0.9073,9.000000000000119,-1.9999999999997797
2000-08-07,0.9088,0.8982,0.9074,0.9024,15.000000000000568,-50.00000000000004
2000-08-08,0.9033,0.8965,0.9023,0.9009,15.000000000000568,-13.999999999999568
2000-08-09,0.9098,0.9007,0.9009,0.9086,7.000000000000339,76.99999999999929
2000-08-10,0.9145,0.9027,0.9085,0.9033,15.000000000000568,-51.99999999999982
2000-08-13,0.907,0.9007,0.9037,0.9063,11.000000000001009,26.00000000000047
2000-08-14,0.9142,0.9057,0.9062,0.9138,10.999999999999899,75.9999999999994
2000-08-15,0.9177,0.9066,0.9136,0.9164,10.000000000000009,28.00000000000025
2000-08-16,0.918,0.9119,0.9165,0.9164,10.000000000000009,-0.9999999999998899
2000-08-17,0.9184,0.9059,0.9165,0.9067,10.000000000000009,-98.00000000000031
2000-08-20,0.9079,0.9013,0.9077,0.9018,9.000000000000119,-58.999999999999055
2000-08-21,0.9035,0.8944,0.9017,0.8966,8.00000000000023,-50.999999999999936
2000-08-22,0.9022,0.8912,0.8966,0.9019,16.99999999999924,53.000000000000824
2000-08-23,0.9055,0.8996,0.902,0.9023,10.000000000000009,2.9999999999996696
2000-08-24,0.9075,0.8979,0.9024,0.9024,9.000000000000119,0.0
2000-08-27,0.9045,0.8988,0.9037,0.9003,6.999999999999229,-33.99999999999959
2000-08-28,0.9023,0.8916,0.9003,0.8924,15.000000000000568,-79.00000000000018
2000-08-29,0.8951,0.8872,0.8923,0.8943,15.000000000000568,20.000000000000018
2000-08-30,0.8975,0.8841,0.8942,0.8882,17.000000000000348,-60.00000000000006
2000-08-31,0.9017,0.8877,0.8883,0.8994,14.000000000000679,110.99999999999999
2000-09-03,0.904,0.8987,0.8999,0.8996,6.000000000000449,-3.00000000000078
2000-09-04,0.8994,0.8851,0.8984,0.8897,20.999999999999908,-86.9999999999993
2000-09-05,0.891,0.869,0.8896,0.8705,17.000000000000348,-190.99999999999895
2000-09-06,0.8766,0.8639,0.8704,0.8715,27.000000000000355,11.000000000001009
2000-09-07,0.8747,0.8641,0.8716,0.8686,15.000000000000568,-30.00000000000003
2000-09-10,0.8726,0.8571,0.8648,0.8576,23.000000000000796,-71.99999999999984
2000-09-11,0.8691,0.856,0.8574,0.8644,21.999999999999797,69.99999999999895
2000-09-12,0.8706,0.8581,0.8645,0.8594,20.000000000000018,-50.999999999999936
2000-09-13,0.8722,0.8565,0.8593,0.8646,30.999999999999915,53.000000000000824
2000-09-14,0.8705,0.8527,0.8647,0.8535,22.999999999999687,-111.99999999999987
2000-09-17,0.8574,0.8513,0.8537,0.854,15.000000000000568,2.9999999999996696
2000-09-18,0.8567,0.848,0.8539,0.8511,18.000000000000238,-28.00000000000025
2000-09-19,0.8522,0.8443,0.8512,0.8494,16.99999999999924,-17.999999999999126
2000-09-20,0.8604,0.8462,0.8493,0.8604,13.000000000000789,110.99999999999999
2000-09-21,0.895,0.8581,0.8605,0.8774,22.00000000000091,168.99999999999915
2000-09-22,0.8784,0.8784,0.8784,0.8784,0.0,0.0
2000-09-24,0.883,0.8713,0.8809,0.8754,13.999999999999568,-55.000000000000604
2000-09-25,0.8841,0.8731,0.8755,0.8829,12.999999999999678,74.00000000000074
2000-09-26,0.8886,0.8784,0.883,0.8836,11.999999999999789,6.000000000000449
2000-09-27,0.8866,0.8775,0.8837,0.879,30.00000000000003,-47.00000000000038
2000-09-28,0.8852,0.8752,0.8789,0.8835,15.000000000000568,45.999999999999375
2000-09-29,0.884,0.8817,0.884,0.8825,17.999999999999126,-15.000000000000568
2000-10-01,0.8861,0.8763,0.8841,0.8774,13.999999999999568,-67.0000000000004
2000-10-02,0.8791,0.8733,0.8775,0.8761,12.999999999999678,-13.999999999999568
2000-10-03,0.878,0.8719,0.876,0.875,9.000000000000119,-10.000000000000009
2000-10-04,0.879,0.8681,0.8751,0.8693,15.999999999999348,-58.00000000000027
2000-10-05,0.8743,0.8672,0.8694,0.8675,15.000000000000568,-18.99999999999902
2000-10-08,0.871,0.8685,0.8689,0.8693,7.000000000000339,3.9999999999995595
2000-10-09,0.8747,0.8665,0.8679,0.872,8.00000000000023,40.99999999999993
2000-10-10,0.8764,0.8679,0.8719,0.8685,10.000000000000009,-33.99999999999959
2000-10-11,0.8685,0.8613,0.8685,0.8632,21.999999999999797,-53.000000000000824
2000-10-12,0.866,0.853,0.8632,0.8539,14.999999999999458,-92.99999999999974
2000-10-15,0.8561,0.8462,0.8545,0.8498,44.0000000000007,-47.00000000000038
2000-10-16,0.8565,0.848,0.8497,0.8546,25.000000000000576,49.000000000000156
2000-10-17,0.8579,0.8327,0.8545,0.8385,33.99999999999959,-160.00000000000014
2000-10-18,0.8446,0.8382,0.839,0.8435,13.000000000000789,45.0000000000006
2000-10-19,0.8487,0.8351,0.8436,0.842,24.00000000000069,-16.00000000000046
2000-10-22,0.8426,0.8351,0.8406,0.8363,10.000000000000009,-42.9999999999997
2000-10-23,0.84,0.8345,0.8362,0.8361,10.000000000000009,-1.000000000001
2000-10-24,0.8389,0.8249,0.8362,0.8271,9.000000000000119,-91.00000000000108
2000-10-25,0.8325,0.8229,0.827,0.8299,20.000000000000018,29.000000000000135
2000-10-26,0.8446,0.829,0.83,0.8395,33.00000000000081,95.00000000000064
2000-10-29,0.853,0.8395,0.8395,0.8409,15.999999999999348,13.999999999999568
2000-10-30,0.85,0.8388,0.8411,0.849,10.999999999999899,79.00000000000018
2000-10-31,0.862,0.8473,0.8489,0.8617,16.00000000000046,128.00000000000034
2000-11-01,0.8668,0.8558,0.8616,0.8586,11.000000000001009,-30.00000000000003
2000-11-02,0.877,0.8575,0.8587,0.8668,40.000000000000036,80.99999999999996
2000-11-05,0.8734,0.8548,0.8669,0.8622,25.000000000000576,-47.00000000000038
2000-11-06,0.8663,0.8579,0.8621,0.8601,16.00000000000046,-20.000000000000018
2000-11-07,0.8698,0.8522,0.8602,0.8555,25.000000000000576,-46.99999999999926
2000-11-08,0.8679,0.8521,0.8556,0.8676,20.000000000000018,120.00000000000011
2000-11-09,0.8708,0.8591,0.8675,0.8599,13.000000000000789,-76.00000000000051
2000-11-12,0.8667,0.856,0.8625,0.8572,18.000000000000238,-53.000000000000824
2000-11-13,0.8618,0.8549,0.8573,0.8581,15.000000000000568,8.00000000000023
2000-11-14,0.8634,0.8553,0.858,0.8573,13.000000000000789,-7.000000000000339
2000-11-15,0.86,0.8512,0.8574,0.8533,19.000000000000128,-41.00000000000104
2000-11-16,0.8579,0.8475,0.8535,0.8482,19.000000000000128,-53.000000000000824
2000-11-19,0.8523,0.8465,0.8493,0.8512,18.000000000000238,18.99999999999902
2000-11-20,0.8536,0.8418,0.8511,0.8437,15.000000000000568,-73.99999999999962
2000-11-21,0.8486,0.8419,0.8439,0.8422,13.999999999999568,-17.000000000000348
2000-11-22,0.8458,0.8387,0.8422,0.8391,12.999999999999678,-30.999999999999915
2000-11-23,0.8454,0.8377,0.8399,0.8398,15.000000000000568,-0.9999999999998899
2000-11-26,0.8527,0.839,0.8396,0.8526,15.999999999999348,130.0000000000001
2000-11-27,0.8582,0.8506,0.8523,0.8567,9.000000000000119,44.0000000000007
2000-11-28,0.8661,0.8558,0.8566,0.8578,10.000000000000009,11.999999999999789
2000-11-29,0.874,0.857,0.8579,0.8733,23.000000000000796,153.9999999999997
2000-11-30,0.8795,0.8705,0.8732,0.879,11.999999999999789,58.00000000000027
2000-12-01,0.8825,0.8805,0.8825,0.8805,20.000000000000018,-20.000000000000018
2000-12-03,0.8933,0.8759,0.8787,0.8875,24.999999999999467,87.99999999999919
2000-12-04,0.8908,0.8787,0.8876,0.8799,12.000000000000899,-76.99999999999929
2000-12-05,0.8926,0.8773,0.8798,0.8925,30.999999999999915,126.99999999999933
2000-12-06,0.8976,0.8858,0.8924,0.8895,16.99999999999924,-29.000000000000135
2000-12-07,0.8917,0.881,0.8896,0.8879,17.000000000000348,-16.99999999999924
2000-12-10,0.8866,0.8751,0.8827,0.8775,10.999999999999899,-52.00000000000094
2000-12-11,0.884,0.8754,0.8773,0.8799,20.999999999999908,26.00000000000047
2000-12-12,0.883,0.8719,0.8798,0.8772,19.000000000000128,-26.00000000000047
2000-12-13,0.893,0.8754,0.8771,0.8928,12.999999999999678,157.00000000000048
2000-12-14,0.9001,0.8905,0.8929,0.8953,16.00000000000046,23.999999999999577
2000-12-17,0.9019,0.8924,0.8951,0.8953,8.00000000000023,1.9999999999997797
2000-12-18,0.897,0.8883,0.8954,0.8957,14.000000000000679,3.00000000000078
2000-12-19,0.9101,0.895,0.8955,0.9098,13.999999999999568,143.0000000000009
2000-12-20,0.9171,0.9062,0.9097,0.9166,14.000000000000679,69.00000000000017
2000-12-21,0.926,0.9149,0.9167,0.923,16.99999999999924,63.00000000000083
2000-12-25,0.9327,0.9271,0.9296,0.9309,8.00000000000023,12.999999999999678
2000-12-26,0.934,0.9275,0.931,0.9313,15.999999999999348,2.9999999999996696
2000-12-27,0.9321,0.9249,0.9312,0.9299,9.000000000000119,-13.000000000000789
2000-12-28,0.9391,0.9284,0.93,0.9373,17.999999999999126,72.99999999999973
2001-01-01,0.9521,0.9393,0.947,0.9513,13.000000000000789,43.00000000000082
2001-01-02,0.9572,0.9271,0.9512,0.9274,30.00000000000003,-238.00000000000043
2001-01-03,0.9519,0.9269,0.9272,0.9503,24.999999999999467,231.00000000000009
2001-01-04,0.9599,0.9468,0.9501,0.958,21.999999999999797,79.00000000000018
2001-01-07,0.9595,0.9468,0.9588,0.9472,17.000000000000348,-115.99999999999943
2001-01-08,0.948,0.9389,0.9471,0.944,11.999999999999789,-31.000000000001027
2001-01-09,0.9467,0.9365,0.9441,0.9368,18.000000000000238,-73.00000000000084
2001-01-10,0.9413,0.9367,0.9367,0.94,6.000000000000449,32.999999999999694
2001-01-21,0.9406,0.927,0.9354,0.939,10.999999999999899,35.99999999999937
2001-01-22,0.9451,0.9364,0.9389,0.9365,13.000000000000789,-23.999999999999577
2001-01-23,0.9374,0.9213,0.937,0.922,17.000000000000348,-150.00000000000014
2001-01-24,0.9252,0.9117,0.9219,0.9241,19.000000000000128,21.999999999999797
2001-01-25,0.9318,0.9201,0.9238,0.9238,13.999999999999568,0.0
2001-01-28,0.9264,0.9163,0.924,0.917,12.000000000000899,-70.00000000000006
2001-01-29,0.928,0.9147,0.9172,0.9268,9.000000000000119,95.99999999999942
2001-01-30,0.9374,0.9258,0.9269,0.937,14.999999999999458,101.0000000000011
2001-01-31,0.9447,0.9365,0.9371,0.9383,10.999999999999899,11.999999999999789
2001-02-01,0.9421,0.9318,0.9382,0.9364,20.999999999999908,-18.000000000000238
2001-02-04,0.9439,0.9366,0.9366,0.9378,13.999999999999568,11.999999999999789
2001-02-05,0.9389,0.9285,0.9379,0.9316,8.00000000000023,-62.99999999999972
2001-02-06,0.9352,0.9261,0.9317,0.9285,12.999999999999678,-31.999999999999808
2001-02-07,0.9303,0.9153,0.9284,0.918,10.999999999999899,-103.99999999999964
2001-02-08,0.9278,0.9135,0.9182,0.924,28.00000000000025,58.00000000000027
2001-02-11,0.9331,0.925,0.925,0.9315,9.000000000000119,64.9999999999995
2001-02-12,0.9332,0.9174,0.9314,0.9205,12.999999999999678,-109.00000000000021
2001-02-13,0.9222,0.917,0.9206,0.9181,13.999999999999568,-24.999999999999467
2001-02-14,0.9198,0.9029,0.918,0.905,11.999999999999789,-130.0000000000001
2001-02-15,0.9182,0.9048,0.9049,0.9167,20.000000000000018,117.99999999999922
2001-02-18,0.9238,0.9125,0.9127,0.9217,11.999999999999789,90.00000000000009
2001-02-19,0.9242,0.9055,0.9215,0.9125,10.000000000000009,-90.00000000000009
2001-02-20,0.9184,0.906,0.9125,0.9094,20.000000000000018,-30.999999999999915
2001-02-21,0.9133,0.9018,0.9095,0.9044,19.000000000000128,-50.999999999999936
2001-02-22,0.9213,0.903,0.9043,0.9173,15.000000000000568,130.0000000000001
2001-02-25,0.9189,0.9083,0.9179,0.9102,9.000000000000119,-77.0000000000004
2001-02-26,0.9208,0.9085,0.9103,0.9189,15.999999999999348,86.00000000000053
2001-02-27,0.9258,0.9164,0.9188,0.924,15.999999999999348,52.00000000000094
2001-02-28,0.9323,0.9227,0.9241,0.9303,37.00000000000037,61.99999999999983
2001-03-01,0.9383,0.9293,0.9304,0.9354,10.999999999999899,50.00000000000004
2001-03-04,0.9359,0.9284,0.9355,0.9287,10.000000000000009,-68.00000000000028
2001-03-05,0.9349,0.9254,0.9289,0.9343,9.000000000000119,54.00000000000071
2001-03-06,0.9371,0.9265,0.9342,0.9296,11.999999999999789,-46.00000000000048
2001-03-07,0.9342,0.9276,0.9295,0.9328,10.999999999999899,32.999999999999694
2001-03-08,0.9376,0.9296,0.9326,0.9329,14.000000000000679,2.9999999999996696
2001-03-11,0.9342,0.926,0.9322,0.9282,10.000000000000009,-40.000000000000036
2001-03-12,0.9303,0.9134,0.9283,0.9152,13.000000000000789,-131.0
2001-03-13,0.9212,0.908,0.9153,0.9118,12.999999999999678,-34.999999999999474
2001-03-14,0.9132,0.8958,0.9119,0.897,25.000000000000576,-149.00000000000026
2001-03-15,0.9005,0.8915,0.8969,0.8974,18.000000000000238,4.999999999999449
2001-03-18,0.9024,0.8935,0.8973,0.8992,10.000000000000009,19.000000000000128
2001-03-19,0.9099,0.8991,0.8992,0.9098,20.000000000000018,106.00000000000054
2001-03-20,0.9132,0.8936,0.9097,0.8964,13.000000000000789,-132.99999999999977
2001-03-21,0.8969,0.8833,0.8963,0.8892,15.999999999999348,-70.99999999999996
2001-03-22,0.897,0.8854,0.8895,0.89,12.999999999999678,5.0000000000005596
2001-03-25,0.8975,0.8888,0.8891,0.8965,15.000000000000568,73.99999999999962
2001-03-26,0.8993,0.8899,0.8964,0.8935,20.999999999999908,-29.000000000000135
2001-03-27,0.8949,0.8848,0.8934,0.8864,8.00000000000023,-70.00000000000006
2001-03-28,0.8886,0.88,0.8863,0.8836,16.00000000000046,-26.999999999999247
2001-03-29,0.8865,0.8757,0.8835,0.8795,25.000000000000576,-40.000000000000036
2001-04-01,0.8837,0.8745,0.8758,0.8801,14.000000000000679,42.9999999999997
2001-04-02,0.8983,0.8793,0.88,0.8979,11.999999999999789,179.00000000000028
2001-04-03,0.9052,0.8937,0.898,0.9016,13.000000000000789,35.99999999999937
2001-04-04,0.9091,0.8943,0.9017,0.8967,16.99999999999924,-49.999999999998934
2001-04-05,0.9051,0.8927,0.8968,0.9042,16.99999999999924,73.99999999999962
2001-04-08,0.9051,0.8966,0.9039,0.8972,10.999999999999899,-67.0000000000004
2001-04-09,0.8995,0.8868,0.8971,0.8891,10.000000000000009,-80.00000000000007
2001-04-10,0.8918,0.8814,0.889,0.8887,21.999999999999797,-2.9999999999996696
2001-04-11,0.8946,0.884,0.8889,0.892,29.000000000000135,30.999999999999915
2001-04-12,0.8938,0.8891,0.8924,0.8894,7.000000000000339,-30.00000000000003
2001-04-15,0.889,0.8834,0.885,0.8889,8.00000000000023,39.00000000000014
2001-04-16,0.8912,0.878,0.889,0.8836,11.999999999999789,-53.9999999999996
2001-04-17,0.8903,0.8719,0.8837,0.8824,30.999999999999915,-13.000000000000789
2001-04-18,0.8986,0.8809,0.8823,0.8973,19.000000000000128,150.00000000000014
2001-04-19,0.9049,0.8956,0.8973,0.9023,13.999999999999568,50.00000000000004
2001-04-22,0.9083,0.8948,0.9028,0.8982,11.999999999999789,-46.00000000000048
2001-04-23,0.9022,0.8935,0.8981,0.8942,12.999999999999678,-39.00000000000014
2001-04-24,0.9004,0.891,0.8941,0.8973,10.000000000000009,31.999999999999808
2001-04-25,0.9047,0.895,0.8974,0.9035,16.99999999999924,60.99999999999994
2001-04-26,0.9058,0.8891,0.9036,0.8909,25.999999999999357,-126.99999999999933
2001-04-29,0.8928,0.8854,0.8916,0.8873,10.000000000000009,-42.9999999999997
2001-04-30,0.8944,0.8858,0.8872,0.8935,17.000000000000348,62.99999999999972
2001-05-01,0.8952,0.8889,0.8934,0.8947,9.000000000000119,13.000000000000789
2001-05-02,0.8982,0.8881,0.8948,0.8902,24.00000000000069,-46.00000000000048
2001-05-03,0.901,0.8894,0.8903,0.8936,55.000000000000604,32.999999999999694
2001-05-06,0.8937,0.8902,0.8928,0.8909,10.999999999999899,-19.000000000000128
2001-05-07,0.8917,0.8827,0.8908,0.8852,15.999999999999348,-56.0000000000005
2001-05-08,0.8864,0.8814,0.8851,0.8863,10.999999999999899,11.999999999999789
2001-05-09,0.8932,0.8782,0.8862,0.8818,40.000000000000036,-43.999999999999595
2001-05-10,0.8821,0.8738,0.8816,0.8768,20.000000000000018,-48.00000000000026
2001-05-13,0.8761,0.8728,0.8755,0.8743,7.000000000000339,-11.999999999999789
2001-05-14,0.8803,0.874,0.8744,0.8789,20.000000000000018,45.0000000000006
2001-05-15,0.8869,0.875,0.8788,0.8835,12.999999999999678,46.99999999999926
2001-05-16,0.8883,0.8795,0.8834,0.8831,10.999999999999899,-2.9999999999996696
2001-05-17,0.8834,0.8758,0.883,0.8806,16.00000000000046,-23.999999999999577
2001-05-20,0.8819,0.8743,0.8805,0.8775,12.000000000000899,-30.00000000000003
2001-05-21,0.8776,0.863,0.8774,0.865,20.000000000000018,-123.99999999999966
2001-05-22,0.8663,0.8551,0.8651,0.8571,14.999999999999458,-80.00000000000007
2001-05-23,0.8614,0.8497,0.8572,0.8566,30.00000000000003,-5.999999999999339
2001-05-24,0.8631,0.854,0.8565,0.8583,12.999999999999678,17.999999999999126
2001-05-27,0.8609,0.8583,0.8597,0.859,7.000000000000339,-7.000000000000339
2001-05-28,0.8614,0.8532,0.8601,0.8557,11.999999999999789,-43.999999999999595
2001-05-29,0.8594,0.8539,0.8556,0.8571,14.000000000000679,14.999999999999458
2001-05-30,0.8572,0.8445,0.857,0.8458,32.00000000000092,-111.99999999999987
2001-05-31,0.8505,0.8434,0.8457,0.8475,29.000000000000135,18.000000000000238
2001-06-03,0.8539,0.8443,0.8472,0.8467,16.99999999999924,-4.999999999999449
2001-06-04,0.8549,0.8427,0.8466,0.8544,19.000000000000128,78.00000000000028
2001-06-05,0.857,0.8448,0.8545,0.8484,9.000000000000119,-60.99999999999994
2001-06-06,0.8519,0.8461,0.8485,0.8507,14.999999999999458,21.999999999999797
2001-06-07,1965.0001,0.846,0.8508,0.8507,8.00000000000023,-0.9999999999998899
2001-06-10,0.8542,0.8414,0.8506,0.8435,13.000000000000789,-70.99999999999996
2001-06-11,0.8541,0.8418,0.8434,0.854,37.00000000000037,105.99999999999943
2001-06-12,0.857,0.8513,0.8539,0.8551,11.999999999999789,11.999999999999789
2001-06-13,0.8636,0.8489,0.855,0.8629,28.00000000000025,79.00000000000018
2001-06-14,0.8676,0.8602,0.863,0.862,31.999999999999808,-10.000000000000009
2001-06-17,0.8644,0.8577,0.8633,0.8613,30.999999999999915,-20.000000000000018
2001-06-18,0.8617,0.853,0.8612,0.8535,11.999999999999789,-76.99999999999929
2001-06-19,0.8559,0.8497,0.8534,0.8549,8.00000000000023,14.999999999999458
2001-06-20,0.8582,0.8513,0.8548,0.8549,10.999999999999899,0.9999999999998899
2001-06-21,0.8579,0.8515,0.8548,0.8574,10.000000000000009,26.00000000000047
2001-06-24,0.8626,0.8566,0.8571,0.8598,10.000000000000009,27.000000000000355
2001-06-25,0.8652,0.8591,0.8597,0.8637,8.00000000000023,40.000000000000036
2001-06-26,0.8662,0.8591,0.8636,0.8605,13.000000000000789,-30.999999999999915
2001-06-27,0.8615,0.8434,0.8604,0.8437,10.000000000000009,-167.00000000000048
2001-06-28,0.85,0.8437,0.8438,0.8497,7.999999999999119,59.00000000000016
2001-07-01,0.8508,0.8445,0.8499,0.8471,7.000000000000339,-28.00000000000025
2001-07-02,0.8502,0.8457,0.847,0.8481,9.000000000000119,10.999999999999899
2001-07-03,0.848,0.8437,0.8479,0.8451,8.00000000000023,-28.00000000000025
2001-07-04,0.8472,0.8357,0.8451,0.8364,42.9999999999997,-86.9999999999993
2001-07-05,0.8481,0.8353,0.8365,0.8481,11.999999999999789,115.99999999999943
2001-07-08,0.8516,0.8449,0.8472,0.851,12.999999999999678,38.000000000000256
2001-07-09,0.8576,0.8493,0.8509,0.8552,12.999999999999678,42.9999999999997
2001-07-10,0.8645,0.8536,0.8553,0.8597,19.000000000000128,44.0000000000007
2001-07-11,0.8599,0.8509,0.8598,0.8538,10.999999999999899,-60.00000000000006
2001-07-12,0.8564,0.8513,0.8537,0.8549,11.999999999999789,11.999999999999789
2001-07-15,0.8594,0.8529,0.8549,0.853,15.000000000000568,-19.000000000000128
2001-07-16,0.861,0.8493,0.8531,0.8593,10.000000000000009,61.99999999999983
2001-07-17,0.8743,0.8574,0.8592,0.8743,20.999999999999908,151.00000000000003
2001-07-18,0.8781,0.8682,0.8742,0.8709,11.999999999999789,-32.999999999999694
2001-07-19,0.8787,0.8706,0.8708,0.8721,12.999999999999678,12.999999999999678
2001-07-22,0.8717,0.8657,0.8709,0.869,12.000000000000899,-19.000000000000128
2001-07-23,0.8773,0.8691,0.8691,0.8748,7.000000000000339,57.000000000000384
2001-07-24,0.8815,0.8718,0.8747,0.8807,14.000000000000679,60.00000000000006
2001-07-25,0.8826,0.8749,0.8808,0.8785,10.000000000000009,-23.000000000000796
2001-07-26,0.8806,0.8725,0.8786,0.8775,20.999999999999908,-11.000000000001009
2001-07-29,0.8775,0.8726,0.8763,0.8746,7.000000000000339,-16.99999999999924
2001-07-30,0.8781,0.8727,0.8747,0.8761,16.00000000000046,13.999999999999568
2001-07-31,0.8833,0.8759,0.876,0.8815,10.999999999999899,54.999999999999496
2001-08-01,0.8844,0.8787,0.8816,0.8841,13.999999999999568,24.999999999999467
2001-08-02,0.8875,0.8784,0.884,0.8846,14.000000000000679,6.000000000000449
2001-08-05,0.8836,0.8789,0.8832,0.882,8.00000000000023,-11.999999999999789
2001-08-06,0.8822,0.8754,0.8821,0.8778,11.999999999999789,-42.9999999999997
2001-08-07,0.8811,0.8744,0.8777,0.8806,6.999999999999229,29.000000000000135
2001-08-08,0.8944,0.8804,0.8805,0.8923,14.000000000000679,118.00000000000033
2001-08-09,0.8961,0.8914,0.8924,0.8936,6.999999999999229,11.999999999999789
2001-08-12,0.901,0.8925,0.8944,0.8966,8.00000000000023,21.999999999999797
2001-08-13,0.9037,0.8941,0.8967,0.9034,12.999999999999678,66.99999999999929
2001-08-14,0.9153,0.9024,0.9033,0.9151,18.000000000000238,118.00000000000033
2001-08-15,0.9203,0.9093,0.915,0.9125,10.999999999999899,-25.000000000000576
2001-08-16,0.9184,0.9105,0.9124,0.9179,24.00000000000069,55.000000000000604
2001-08-19,0.9205,0.9113,0.9174,0.9147,9.000000000000119,-27.000000000000355
2001-08-20,0.9185,0.9082,0.9148,0.9181,13.999999999999568,33.00000000000081
2001-08-21,0.9242,0.914,0.9182,0.9153,13.999999999999568,-29.000000000000135
2001-08-22,0.917,0.9101,0.9153,0.9154,8.00000000000023,0.9999999999998899
2001-08-23,0.9169,0.9078,0.9155,0.9131,14.999999999999458,-23.999999999999577
2001-08-26,0.9131,0.9087,0.9129,0.9116,6.999999999999229,-13.000000000000789
2001-08-27,0.9131,0.9031,0.9117,0.9125,14.999999999999458,8.00000000000023
2001-08-28,0.9152,0.9088,0.9124,0.9094,16.00000000000046,-30.00000000000003
2001-08-29,0.9186,0.9058,0.9093,0.9165,27.000000000000355,71.99999999999984
2001-08-30,0.92,0.9068,0.9166,0.9086,18.000000000000238,-80.00000000000007
2001-09-02,0.9104,0.9071,0.9094,0.9079,6.000000000000449,-14.999999999999458
2001-09-03,0.9072,0.8847,0.9072,0.8886,19.000000000000128,-186.0000000000006
2001-09-04,0.8914,0.8847,0.8885,0.8852,21.999999999999797,-32.999999999999694
2001-09-05,0.8972,0.8828,0.8853,0.8967,15.000000000000568,114.00000000000077
2001-09-06,0.9072,0.8932,0.8968,0.9071,30.999999999999915,102.99999999999976
2001-09-09,0.908,0.8975,0.9064,0.8984,9.000000000000119,-80.00000000000007
2001-09-10,0.9177,0.8958,0.8983,0.9154,35.00000000000058,171.00000000000003
2001-09-11,0.9155,-0.0001,0.9155,0.9074,20.000000000000018,-80.99999999999996
2001-09-12,0.9126,0.9054,0.9073,0.9115,14.999999999999458,41.999999999999815
2001-09-13,0.9255,0.909,0.9116,0.9215,30.00000000000003,99.0000000000002
2001-09-16,0.9336,0.9175,0.9238,0.9241,23.999999999999577,3.00000000000078
2001-09-17,0.9284,0.919,0.9242,0.9275,25.999999999999357,32.999999999999694
2001-09-18,0.9328,0.9235,0.9277,0.9277,10.000000000000009,0.0
2001-09-19,0.9297,0.9226,0.9275,0.9278,14.000000000000679,2.9999999999996696
2001-09-20,0.9284,0.909,0.9279,0.914,23.000000000000796,-138.99999999999912
2001-09-23,0.9206,0.9108,0.9142,0.9171,20.999999999999908,29.000000000000135
2001-09-24,0.9251,0.9152,0.917,0.9229,20.000000000000018,59.00000000000016
2001-09-25,0.9247,0.9195,0.923,0.9232,18.000000000000238,1.9999999999997797
2001-09-26,0.9236,0.9163,0.9231,0.9181,13.999999999999568,-50.00000000000004
2001-09-27,0.9187,0.9084,0.9183,0.9102,20.000000000000018,-80.99999999999996
2001-09-30,0.9181,0.9065,0.9109,0.9176,12.000000000000899,66.99999999999929
2001-10-01,0.9199,0.9138,0.9177,0.9192,10.000000000000009,15.000000000000568
2001-10-02,0.9235,0.9126,0.9191,0.9148,19.000000000000128,-43.00000000000082
2001-10-03,0.9153,0.9136,0.9149,0.9153,9.000000000000119,3.9999999999995595
2001-10-07,0.9244,0.917,0.9192,0.9213,11.999999999999789,20.999999999999908
2001-10-08,0.9228,0.9127,0.9214,0.9127,75.00000000000063,-87.00000000000041
2001-10-09,0.9159,0.9104,0.9131,0.9109,10.999999999999899,-21.999999999999797
2001-10-10,0.9124,0.9104,0.9108,0.9122,3.9999999999995595,13.999999999999568
2001-10-14,0.914,0.9067,0.9122,0.9091,10.999999999999899,-30.999999999999915
2001-10-15,0.9114,0.9039,0.909,0.9086,8.00000000000023,-4.00000000000067
2001-10-16,0.9095,0.9014,0.9087,0.9035,19.000000000000128,-51.99999999999982
2001-10-17,0.9041,0.8996,0.9035,0.9038,14.999999999999458,3.00000000000078
2001-10-21,0.9005,0.8897,0.8988,0.8923,10.999999999999899,-65.00000000000061
2001-10-22,0.8928,0.8872,0.8924,0.8908,7.000000000000339,-15.999999999999348
2001-10-23,0.8946,0.89,0.8907,0.8941,10.999999999999899,33.99999999999959
2001-10-24,0.8945,0.8933,0.8942,0.8938,2.9999999999996696,-3.9999999999995595
2001-10-28,0.9054,0.8924,0.8929,0.9053,9.000000000000119,123.99999999999966
2001-10-29,0.9104,0.9038,0.9052,0.9047,20.999999999999908,-5.0000000000005596
2001-10-30,0.908,0.8989,0.9049,0.9002,26.999999999999247,-47.00000000000038
2001-10-31,0.9008,0.8998,0.9005,0.9008,5.999999999999339,3.00000000000078
2001-11-04,0.9014,0.8947,0.9014,0.8983,10.999999999999899,-30.999999999999915
2001-11-05,0.8995,0.8943,0.8983,0.895,18.000000000000238,-32.999999999999694
2001-11-06,0.905,0.8941,0.8949,0.8982,11.000000000001009,32.999999999999694
2001-11-07,0.8986,0.8969,0.8979,0.897,3.00000000000078,-9.000000000000119
2001-11-11,0.9019,0.8916,0.8946,0.8948,28.00000000000025,2.00000000000089
2001-11-12,0.8938,0.879,0.8938,0.8806,22.999999999999687,-131.9999999999999
2001-11-13,0.8845,0.8775,0.8805,0.8826,14.000000000000679,21.000000000001016
2001-11-14,0.8835,0.8822,0.8827,0.8827,5.0000000000005596,0.0
2001-11-18,0.8855,0.8769,0.8845,0.879,9.000000000000119,-54.999999999999496
2001-11-19,0.8846,0.8783,0.8791,0.8836,9.000000000000119,45.0000000000006
2001-11-20,0.8839,0.8757,0.8835,0.8786,9.000000000000119,-48.99999999999905
2001-11-21,0.8784,0.8767,0.8778,0.8777,4.999999999999449,-0.9999999999998899
2001-11-25,0.8832,0.8783,0.8785,0.8805,6.000000000000449,20.000000000000018
2001-11-26,0.884,0.8771,0.8806,0.8837,24.00000000000069,30.999999999999915
2001-11-27,0.8888,0.8822,0.8836,0.8881,9.000000000000119,44.99999999999949
2001-11-28,0.8883,0.8869,0.888,0.8872,2.9999999999996696,-8.00000000000023
2001-12-02,0.897,0.8893,0.8955,0.8917,14.000000000000679,-37.99999999999915
2001-12-03,0.8925,0.889,0.8916,0.8907,7.000000000000339,-8.999999999999009
2001-12-04,0.9097,0.8848,0.8906,0.8886,226.99999999999943,-20.000000000000018
2001-12-05,0.8889,0.8868,0.8887,0.8872,6.000000000000449,-15.000000000000568
2001-12-09,0.8918,0.8845,0.8894,0.891,8.00000000000023,16.00000000000046
2001-12-10,0.8935,0.8886,0.891,0.8934,9.000000000000119,23.999999999999577
2001-12-11,0.9068,0.8925,0.8933,0.897,116.00000000000054,37.00000000000037
2001-12-16,0.915,0.9019,0.9041,0.9024,101.99999999999987,-17.000000000000348
2001-12-17,0.9044,0.8999,0.9025,0.9034,8.00000000000023,9.000000000000119
2001-12-18,0.9125,0.8955,0.9034,0.9012,100.99999999999997,-21.999999999999797
2001-12-19,0.9017,0.8976,0.9012,0.8989,6.999999999999229,-22.999999999999687
2001-12-23,0.8912,0.8745,0.8889,0.8774,100.99999999999997,-115.00000000000065
2001-12-25,0.8903,0.8772,0.8799,0.8808,101.99999999999987,9.000000000000119
2001-12-26,0.8811,0.8792,0.8808,0.8795,6.000000000000449,-13.000000000000789
2001-12-30,0.9011,0.883,0.8844,0.8911,102.00000000000098,67.0000000000004
2002-01-01,0.9141,0.8913,0.8913,0.9041,100.99999999999997,128.00000000000034
2002-01-02,0.9139,0.9036,0.9042,0.9057,100.00000000000009,14.999999999999458
2002-01-06,0.8999,0.8886,0.8965,0.8938,11.000000000001009,-26.999999999999247
2002-01-07,0.9021,0.8885,0.8938,0.8937,100.99999999999997,-0.9999999999998899
2002-01-08,0.9042,0.8866,0.8936,0.8917,100.99999999999997,-18.99999999999902
2002-01-09,0.8925,0.8908,0.8917,0.8919,5.999999999999339,1.9999999999997797
2002-01-13,0.8956,0.8917,0.8948,0.8948,9.000000000000119,0.0
2002-01-14,0.8949,0.8824,0.8948,0.8827,15.999999999999348,-121.0
2002-01-15,0.8846,0.8807,0.8828,0.8823,8.00000000000023,-5.0000000000005596
2002-01-16,0.8945,0.8819,0.8823,0.8824,100.99999999999997,0.9999999999998899
2002-01-20,0.8867,0.8832,0.8864,0.8839,6.000000000000449,-24.999999999999467
2002-01-21,0.8867,0.8816,0.8839,0.8865,6.000000000000449,25.999999999999357
2002-01-22,0.8892,0.8771,0.8865,0.8785,10.000000000000009,-80.00000000000007
2002-01-23,0.8787,0.8773,0.8786,0.8777,6.000000000000449,-9.000000000000119
2002-01-27,0.8744,0.8577,0.8657,0.8626,100.00000000000009,-30.999999999999915
2002-01-28,0.866,0.8602,0.8626,0.8659,7.000000000000339,32.999999999999694
2002-01-29,0.8718,0.8602,0.8659,0.8614,100.99999999999997,-44.99999999999949
2002-01-30,0.8718,0.8608,0.8615,0.8628,93.99999999999964,12.999999999999678
2002-02-03,0.871,0.8608,0.8623,0.8706,9.000000000000119,83.00000000000085
2002-02-04,0.8728,0.8653,0.8706,0.8673,9.000000000000119,-33.00000000000081
2002-02-05,0.8709,0.8635,0.8673,0.8681,10.999999999999899,8.00000000000023
2002-02-06,0.8681,0.8664,0.8681,0.8669,10.999999999999899,-11.999999999999789
2002-02-17,0.8742,0.8703,0.8734,0.8712,5.0000000000005596,-21.999999999999797
2002-02-18,0.8785,0.8667,0.8708,0.8769,10.000000000000009,60.99999999999994
2002-02-19,0.8784,0.8689,0.8769,0.8697,8.00000000000023,-71.99999999999984
2002-02-20,0.8721,0.8683,0.8697,0.8702,9.000000000000119,4.999999999999449
2002-02-21,0.8779,0.8683,0.8703,0.8757,10.000000000000009,54.00000000000071
2002-02-24,0.8758,0.869,0.8756,0.8691,7.000000000000339,-65.00000000000061
2002-02-25,0.8725,0.8618,0.869,0.8642,18.000000000000238,-48.00000000000026
2002-02-26,0.8671,0.8627,0.8641,0.8659,10.000000000000009,18.000000000000238
2002-02-27,0.8665,0.8635,0.8659,0.8641,6.000000000000449,-18.000000000000238
2002-03-03,0.8716,0.8635,0.8653,0.8697,7.000000000000339,44.0000000000007
2002-03-04,0.8729,0.8652,0.8697,0.8718,8.999999999999009,20.999999999999908
2002-03-05,0.8778,0.8698,0.8718,0.8767,8.999999999999009,49.000000000000156
2002-03-06,0.878,0.8764,0.8767,0.878,2.9999999999996696,12.999999999999678
2002-03-10,0.8773,0.8734,0.8744,0.8755,9.000000000000119,10.999999999999899
2002-03-11,0.8765,0.8707,0.8755,0.8763,10.999999999999899,8.00000000000023
2002-03-12,0.8785,0.8726,0.8763,0.8759,17.000000000000348,-3.9999999999995595
2002-03-13,0.878,0.8756,0.876,0.8774,5.999999999999339,13.999999999999568
2002-03-17,0.8831,0.8785,0.8817,0.8829,7.000000000000339,11.999999999999789
2002-03-18,0.8844,0.8797,0.883,0.8829,11.999999999999789,-0.9999999999998899
2002-03-19,0.886,0.8788,0.8829,0.8856,8.00000000000023,27.000000000000355
2002-03-20,0.8862,0.8843,0.8857,0.8854,5.0000000000005596,-3.00000000000078
2002-03-24,0.8783,0.8756,0.877,0.8776,5.999999999999339,6.000000000000449
2002-03-25,0.8799,0.8734,0.8775,0.8773,13.000000000000789,-1.9999999999997797
2002-03-26,0.8773,0.8721,0.8773,0.8727,7.000000000000339,-45.999999999999375
2002-03-27,0.8741,0.8724,0.8727,0.8736,4.00000000000067,9.000000000000119
2002-03-31,0.8823,0.8714,0.8714,0.8808,11.000000000001009,94.00000000000075
2002-04-01,0.8817,0.8775,0.8809,0.8795,7.000000000000339,-14.000000000000679
2002-04-02,0.8832,0.8775,0.8795,0.8811,15.000000000000568,16.00000000000046
2002-04-03,0.8814,0.8803,0.8809,0.8811,3.9999999999995595,1.9999999999997797
2002-04-07,0.8795,0.8738,0.8792,0.8749,10.999999999999899,-42.9999999999997
2002-04-08,0.8811,0.8738,0.8748,0.8807,9.000000000000119,59.00000000000016
2002-04-09,0.8827,0.879,0.881,0.8804,7.000000000000339,-6.000000000000449
2002-04-10,0.881,0.8795,0.8804,0.8797,3.00000000000078,-6.999999999999229
2002-04-14,0.8824,0.8791,0.8797,0.8796,6.000000000000449,-0.9999999999998899
2002-04-15,0.8896,0.8792,0.8804,0.8831,99.99999999999898,27.000000000000355
2002-04-16,0.8913,0.8819,0.8829,0.8906,9.000000000000119,76.99999999999929
2002-04-17,0.8916,0.89,0.8906,0.8909,4.999999999999449,3.00000000000078
2002-04-21,0.8911,0.8868,0.8904,0.8895,18.99999999999902,-9.000000000000119
2002-04-22,0.8903,0.8863,0.8895,0.8889,5.999999999999339,-5.999999999999339
2002-04-23,0.8934,0.8876,0.8889,0.8931,10.000000000000009,41.999999999999815
2002-04-24,0.8931,0.8918,0.8931,0.8924,4.00000000000067,-7.000000000000339
2002-04-28,0.9046,0.9012,0.9015,0.9039,5.0000000000005596,24.00000000000069
2002-04-29,0.9042,0.8994,0.9038,0.9003,9.000000000000119,-35.00000000000058
2002-04-30,0.9088,0.8997,0.9003,0.9065,11.999999999999789,61.99999999999983
2002-05-01,0.9077,0.9062,0.9065,0.907,4.00000000000067,5.0000000000005596
2002-05-05,0.9187,0.9139,0.9174,0.9183,6.000000000000449,9.000000000000119
2002-05-06,0.9191,0.9115,0.9186,0.9157,10.000000000000009,-29.000000000000135
2002-05-07,0.9158,0.904,0.9156,0.9043,9.000000000000119,-112.99999999999977
2002-05-08,0.9061,0.9041,0.9044,0.9059,2.00000000000089,15.000000000000568
2002-05-12,0.9168,0.9099,0.9127,0.9116,8.00000000000023,-10.999999999999899
2002-05-13,0.9125,0.9014,0.9116,0.9026,19.000000000000128,-90.00000000000009
2002-05-14,0.9128,0.8998,0.9026,0.9126,10.000000000000009,100.00000000000009
2002-05-15,0.9128,0.911,0.9125,0.912,4.999999999999449,-4.999999999999449
2002-05-19,0.9231,0.9184,0.9211,0.9211,10.000000000000009,0.0
2002-05-20,0.9223,0.9164,0.9211,0.9201,10.000000000000009,-10.000000000000009
2002-05-21,0.9279,0.9184,0.9199,0.9259,11.999999999999789,59.99999999999894
2002-05-22,0.9265,0.9248,0.9259,0.9248,3.9999999999995595,-10.999999999999899
2002-05-26,0.9223,0.9186,0.9209,0.92,16.00000000000046,-9.000000000000119
2002-05-27,0.9308,0.92,0.92,0.9288,13.999999999999568,87.99999999999919
2002-05-28,0.937,0.9275,0.9288,0.9356,10.000000000000009,68.00000000000028
2002-05-29,0.937,0.9348,0.9353,0.9365,3.00000000000078,11.999999999999789
2002-06-02,0.9414,0.9306,0.9329,0.941,10.000000000000009,80.99999999999996
2002-06-03,0.9454,0.9394,0.942,0.9395,10.000000000000009,-24.999999999999467
2002-06-04,0.9417,0.9353,0.9395,0.9394,9.000000000000119,-0.9999999999998899
2002-06-05,0.9402,0.9384,0.9394,0.9386,3.9999999999995595,-8.00000000000023
2002-06-09,0.9486,0.9392,0.9432,0.9446,11.999999999999789,13.999999999999568
2002-06-10,0.9497,0.9407,0.9446,0.9485,8.00000000000023,39.00000000000014
2002-06-11,0.9508,0.9432,0.9487,0.9441,9.000000000000119,-45.999999999999375
2002-06-12,0.9451,0.9423,0.9441,0.9431,5.999999999999339,-10.000000000000009
2002-06-16,0.9468,0.9414,0.9451,0.9443,6.000000000000449,-8.00000000000023
2002-06-17,0.9523,0.9438,0.9448,0.952,8.00000000000023,71.99999999999984
2002-06-18,0.9581,0.9517,0.9525,0.9575,9.000000000000119,50.00000000000004
2002-06-19,0.9586,0.9558,0.9577,0.9573,17.000000000000348,-3.9999999999995595
2002-06-23,0.9818,0.9684,0.9695,0.9705,14.000000000000679,10.000000000000009
2002-06-24,0.9795,0.9663,0.9707,0.9794,11.999999999999789,87.00000000000041
2002-06-25,0.9946,0.979,0.9798,0.9806,18.000000000000238,8.00000000000023
2002-06-26,0.9857,0.9818,0.9818,0.9848,5.0000000000005596,30.00000000000003
2002-06-30,0.9975,0.9863,0.9933,0.9913,10.999999999999899,-20.000000000000018
2002-07-01,0.992,0.9801,0.992,0.9863,16.99999999999924,-57.000000000000384
2002-07-02,0.9875,0.9766,0.9867,0.9813,11.000000000001009,-54.00000000000071
2002-07-03,0.9808,0.9753,0.9805,0.9764,10.999999999999899,-40.99999999999993
2002-07-07,0.9908,0.9745,0.9745,0.9905,9.000000000000119,160.00000000000014
2002-07-08,0.9954,0.9875,0.9914,0.9937,20.000000000000018,23.000000000000796
2002-07-09,0.9971,0.986,0.9935,0.9887,20.000000000000018,-48.00000000000026
2002-07-10,0.991,0.9873,0.9892,0.9879,9.000000000000119,-12.999999999999678
2002-07-14,1.0091,0.9926,0.9926,1.0038,12.999999999998568,111.99999999999987
2002-07-15,1.015,1.0028,1.0035,1.012,12.000000000000899,84.99999999999952
2002-07-16,1.0164,1.0036,1.0118,1.0073,15.000000000000568,-44.99999999999949
2002-07-17,1.0118,1.0045,1.0074,1.0115,16.999999999998128,40.99999999999993
2002-07-18,1.0204,1.0105,1.0173,1.0115,20.999999999999908,-58.00000000000027
2002-07-21,1.0129,1.0056,1.0116,1.0089,12.000000000000899,-27.000000000001467
2002-07-22,1.0091,0.9847,1.0086,0.9889,11.999999999999789,-196.9999999999994
2002-07-23,0.9984,0.9875,0.9889,0.9951,12.000000000000899,61.99999999999983
2002-07-24,1.0012,0.994,0.9956,0.9995,10.000000000000009,39.00000000000014
2002-07-28,0.989,0.9773,0.9879,0.9811,11.999999999999789,-68.00000000000028
2002-07-29,0.9894,0.978,0.9811,0.9837,11.999999999999789,26.00000000000047
2002-07-30,0.9856,0.9762,0.9828,0.9781,13.000000000000789,-47.00000000000038
2002-07-31,0.9859,0.9727,0.9772,0.9847,15.000000000000568,75.00000000000063
2002-08-01,0.992,0.9839,0.9847,0.9875,18.000000000000238,28.00000000000025
2002-08-04,0.9879,0.9801,0.9864,0.9802,8.00000000000023,-62.000000000000945
2002-08-05,0.981,0.9624,0.9801,0.9665,12.999999999999678,-135.99999999999946
2002-08-06,0.9765,0.9642,0.9664,0.9752,13.000000000000789,87.99999999999919
2002-08-07,0.9774,0.9643,0.975,0.9672,10.000000000000009,-78.00000000000028
2002-08-08,0.9741,0.9656,0.967,0.9703,9.000000000000119,33.00000000000081
2002-08-11,0.9802,0.9697,0.9699,0.9793,10.000000000000009,93.99999999999964
2002-08-12,0.9839,0.9755,0.9794,0.9838,16.99999999999924,43.999999999999595
2002-08-13,0.9895,0.9784,0.9844,0.9798,15.000000000000568,-46.00000000000048
2002-08-14,0.9853,0.9749,0.9792,0.9823,14.999999999999458,30.999999999999915
2002-08-15,0.9868,0.9787,0.982,0.9851,17.000000000000348,30.999999999999915
2002-08-18,0.9874,0.9752,0.9846,0.9765,12.999999999999678,-80.99999999999996
2002-08-19,0.981,0.9732,0.9763,0.9792,20.000000000000018,29.000000000000135
2002-08-20,0.985,0.9755,0.9791,0.9808,7.000000000000339,17.000000000000348
2002-08-21,0.9815,0.9678,0.9815,0.9693,10.000000000000009,-121.99999999999989
2002-08-22,0.9734,0.9666,0.9695,0.9728,10.999999999999899,32.999999999999694
2002-08-25,0.9741,0.9689,0.9726,0.9721,8.00000000000023,-5.0000000000005596
2002-08-26,0.984,0.9707,0.9719,0.9833,16.99999999999924,113.99999999999966
2002-08-27,0.9836,0.9794,0.9828,0.9796,10.000000000000009,-31.999999999999808
2002-08-28,0.9888,0.9779,0.9801,0.9849,11.999999999999789,48.00000000000026
2002-08-29,0.9864,0.9798,0.9842,0.9814,16.99999999999924,-27.999999999999137
2002-09-01,0.9848,0.98,0.9816,0.9843,5.0000000000005596,26.999999999999247
2002-09-02,0.9976,0.9834,0.9845,0.9968,13.999999999999568,122.99999999999977
2002-09-03,0.9975,0.9906,0.9969,0.9928,8.00000000000023,-40.99999999999993
2002-09-04,0.9992,0.989,0.9924,0.9918,15.999999999999348,-5.999999999999339
2002-09-05,0.9956,0.9807,0.9921,0.9822,35.00000000000058,-99.0000000000002
2002-09-08,0.983,0.9781,0.9817,0.9797,10.000000000000009,-20.000000000000018
2002-09-09,0.9839,0.9724,0.9799,0.9756,12.999999999999678,-42.9999999999997
2002-09-10,0.9771,0.9704,0.9751,0.9761,10.999999999999899,10.000000000000009
2002-09-11,0.9825,0.9742,0.9763,0.982,13.999999999999568,57.000000000000384
2002-09-12,0.9841,0.9704,0.9818,0.9712,24.00000000000069,-106.00000000000054
2002-09-15,0.973,0.9665,0.9721,0.9696,10.000000000000009,-24.999999999999467
2002-09-16,0.975,0.9609,0.969,0.9748,12.999999999999678,58.00000000000027
2002-09-17,0.9796,0.9689,0.9747,0.9781,12.999999999999678,33.99999999999959
2002-09-18,0.9874,0.9765,0.978,0.9867,10.999999999999899,87.00000000000041
2002-09-19,0.9881,0.9785,0.9874,0.9821,10.000000000000009,-53.000000000000824
2002-09-22,0.986,0.9754,0.9808,0.9783,13.999999999999568,-25.000000000000576
2002-09-23,0.9837,0.9761,0.9782,0.9816,13.999999999999568,34.000000000000696
2002-09-24,0.9856,0.9758,0.9821,0.9765,12.999999999999678,-55.99999999999938
2002-09-25,0.9811,0.9732,0.9768,0.9768,17.000000000000348,0.0
2002-09-26,0.9814,0.9749,0.977,0.981,10.000000000000009,40.000000000000036
2002-09-29,0.99,0.9811,0.9815,0.9877,14.999999999999458,61.99999999999983
2002-09-30,0.9894,0.9828,0.9875,0.9833,15.000000000000568,-42.000000000000924
2002-10-01,0.9871,0.9812,0.9832,0.9869,7.000000000000339,37.00000000000037
2002-10-02,0.991,0.986,0.9865,0.9881,20.000000000000018,15.999999999999348
2002-10-03,0.9887,0.9782,0.9884,0.9793,28.00000000000025,-90.99999999999997
2002-10-06,0.9839,0.978,0.9794,0.9834,7.000000000000339,40.000000000000036
2002-10-07,0.9845,0.9766,0.983,0.9787,10.000000000000009,-42.9999999999997
2002-10-08,0.9915,0.9781,0.9788,0.9897,16.00000000000046,109.00000000000021
2002-10-09,0.993,0.9849,0.9897,0.9864,11.999999999999789,-32.999999999999694
2002-10-10,0.988,0.9836,0.9863,0.9875,18.99999999999902,12.000000000000899
2002-10-13,0.9892,0.9856,0.9878,0.9871,5.999999999999339,-7.000000000000339
2002-10-14,0.9888,0.9793,0.9874,0.9818,10.000000000000009,-56.0000000000005
2002-10-15,0.9837,0.9804,0.9817,0.9817,7.000000000000339,0.0
2002-10-16,0.9815,0.9699,0.9814,0.9711,13.000000000000789,-103.00000000000087
2002-10-17,0.9746,0.97,0.9709,0.972,7.000000000000339,10.999999999999899
2002-10-20,0.9765,0.9689,0.972,0.9737,7.000000000000339,17.000000000000348
2002-10-21,0.9803,0.9722,0.9736,0.9779,9.000000000000119,42.9999999999997
2002-10-22,0.9798,0.975,0.9785,0.9766,7.000000000000339,-19.000000000000128
2002-10-23,0.9785,0.9728,0.9756,0.9781,7.000000000000339,24.999999999999467
2002-10-24,0.9796,0.9759,0.978,0.9766,10.000000000000009,-13.999999999999568
2002-10-27,0.985,0.973,0.977,0.9848,13.000000000000789,78.00000000000028
2002-10-28,0.9868,0.9811,0.9845,0.9832,20.000000000000018,-13.000000000000789
2002-10-29,0.9853,0.9818,0.9826,0.984,7.000000000000339,13.999999999999568
2002-10-30,0.991,0.9837,0.9839,0.9904,16.00000000000046,64.9999999999995
2002-10-31,1.0008,0.9891,0.9902,0.9972,19.000000000000128,70.00000000000006
2002-11-03,0.9983,0.9935,0.9972,0.9981,6.000000000000449,9.000000000000119
2002-11-04,1.0044,0.9974,0.9982,1.0001,14.000000000000679,19.000000000000128
2002-11-05,1.005,0.9943,1.0001,1.0035,20.999999999999908,34.000000000000696
2002-11-06,1.01,0.9994,1.0035,1.0095,18.000000000000238,60.00000000000006
2002-11-07,1.0148,1.0076,1.009,1.0133,9.999999999998899,43.000000000001926
2002-11-10,1.0173,1.0094,1.0127,1.0108,11.000000000001009,-19.000000000000128
2002-11-11,1.0138,1.007,1.0108,1.0127,8.00000000000134,19.000000000000128
2002-11-12,1.014,1.0048,1.0129,1.0084,50.00000000000115,-44.99999999999949
2002-11-13,1.0101,1.0033,1.0083,1.0044,13.000000000000789,-39.00000000000014
2002-11-14,1.0098,1.0016,1.0043,1.0096,12.000000000000899,53.000000000000824
2002-11-17,1.012,1.0065,1.0102,1.0093,8.999999999999009,-8.999999999999009
2002-11-18,1.0144,1.0009,1.0093,1.004,12.999999999998568,-53.000000000000824
2002-11-19,1.0047,0.9993,1.0032,1.0021,10.999999999998789,-11.000000000001009
2002-11-20,1.0045,0.9978,1.0017,1.0018,15.000000000000568,0.9999999999998899
2002-11-21,1.0036,0.9963,1.0022,0.9974,10.999999999999899,-48.00000000000026
2002-11-24,0.9972,0.9895,0.9958,0.9922,10.000000000000009,-36.000000000000476
2002-11-25,0.9937,0.9897,0.9924,0.9936,10.000000000000009,12.000000000000899
2002-11-26,0.9943,0.988,0.9938,0.9908,10.999999999999899,-30.00000000000003
2002-11-27,0.9963,0.9895,0.9904,0.9952,10.999999999999899,48.00000000000026
2002-11-28,0.9956,0.9921,0.9932,0.9946,7.000000000000339,14.000000000000679
2002-12-01,0.9983,0.9863,0.9946,0.9975,10.999999999999899,29.000000000000135
2002-12-02,1.0002,0.9954,0.997,0.9967,10.000000000000009,-2.9999999999996696
2002-12-03,1.0033,0.9966,0.9967,1.001,17.999999999999126,42.99999999999859
2002-12-04,1.0028,0.9974,1.0013,1.0008,15.999999999999348,-5.00000000000167
2002-12-05,1.0129,1.0002,1.0005,1.0098,25.999999999999357,93.00000000000085
2002-12-08,1.012,1.0071,1.0098,1.0104,8.00000000000134,5.999999999999339
2002-12-09,1.0143,1.0074,1.011,1.0081,8.999999999999009,-28.999999999999027
2002-12-10,1.0103,1.0063,1.0081,1.0084,9.00000000000123,2.9999999999996696
2002-12-11,1.0198,1.0076,1.0089,1.0187,20.000000000000018,98.00000000000031
2002-12-12,1.0262,1.0174,1.0188,1.0234,21.999999999999797,46.00000000000159
2002-12-15,1.0251,1.0196,1.0239,1.023,6.999999999999229,-9.00000000000123
2002-12-16,1.0337,1.0212,1.0227,1.0284,13.999999999998458,57.000000000000384
2002-12-17,1.0288,1.0228,1.0278,1.0269,11.000000000001009,-9.00000000000123
2002-12-18,1.029,1.021,1.0278,1.0273,10.999999999998789,-4.999999999999449
2002-12-19,1.0278,1.0242,1.0271,1.0271,7.0000000000014495,0.0
2002-12-22,1.0319,1.0218,1.0275,1.0264,15.000000000000568,-11.000000000001009
2002-12-23,1.0327,1.0256,1.0266,1.0306,9.999999999998899,40.000000000000036
2002-12-25,1.038,1.0331,1.0351,1.0378,8.999999999999009,27.000000000001467
2002-12-26,1.0444,1.0362,1.0376,1.0436,10.999999999998789,60.00000000000006
2002-12-29,1.0493,1.0413,1.0436,1.049,11.999999999998678,53.999999999998494
2002-12-30,1.0504,1.0457,1.0489,1.0503,12.999999999998568,14.000000000000679
2003-01-01,1.0504,1.0338,1.0504,1.036,12.999999999998568,-143.9999999999997
2003-01-02,1.0437,1.0342,1.0357,1.0423,9.999999999998899,65.99999999999939
2003-01-05,1.0496,1.0418,1.042,1.0465,9.999999999998899,44.99999999999949
2003-01-06,1.0468,1.0398,1.0467,1.0413,10.000000000001119,-54.00000000000071
2003-01-07,1.0536,1.0364,1.0413,1.0498,18.000000000000238,85.00000000000173
2003-01-08,1.0542,1.0463,1.0501,1.0489,11.999999999998678,-12.000000000000899
2003-01-09,1.0587,1.0476,1.0485,1.0571,34.000000000000696,85.9999999999994
2003-01-12,1.0588,1.0528,1.0581,1.0542,12.000000000000899,-39.00000000000014
2003-01-13,1.0599,1.0538,1.054,1.0554,15.999999999998238,13.999999999998458
2003-01-14,1.0593,1.0506,1.0557,1.056,13.000000000000789,2.9999999999996696
2003-01-15,1.063,1.0548,1.0565,1.0621,30.999999999998806,56.0000000000005
2003-01-16,1.068,1.0608,1.0619,1.0671,16.999999999998128,51.999999999998714
2003-01-19,1.0691,1.0636,1.0659,1.0678,8.999999999999009,19.000000000000128
2003-01-20,1.0735,1.0635,1.0683,1.073,17.000000000000348,46.99999999999926
2003-01-21,1.074,1.0687,1.0722,1.0733,7.0000000000014495,10.999999999998789
2003-01-22,1.0779,1.0707,1.0729,1.075,14.000000000000679,20.999999999999908
2003-01-23,1.0851,1.0742,1.0747,1.0822,18.000000000000238,75.00000000000063
2003-01-26,1.091,1.0784,1.0838,1.0852,20.000000000000018,13.999999999998458
2003-01-27,1.0855,1.0784,1.0851,1.0829,12.999999999998568,-21.999999999999797
2003-01-28,1.0902,1.081,1.0823,1.0842,18.000000000000238,19.000000000000128
2003-01-29,1.0848,1.0735,1.0843,1.0824,20.000000000000018,-19.000000000000128
2003-01-30,1.0836,1.0725,1.0827,1.0776,24.999999999999467,-51.000000000001044
2003-02-02,1.0795,1.0694,1.0794,1.0789,14.999999999998348,-4.999999999999449
2003-02-03,1.0909,1.0771,1.0787,1.0891,14.000000000000679,103.99999999999964
2003-02-04,1.0939,1.0738,1.0892,1.0782,22.999999999999687,-109.99999999999899
2003-02-05,1.0868,1.0768,1.0783,1.0829,29.000000000001247,45.999999999999375
2003-02-06,1.0838,1.0735,1.0831,1.0824,30.999999999998806,-6.999999999999229
2003-02-09,1.0831,1.0728,1.0819,1.0732,9.00000000000123,-87.00000000000152
2003-02-10,1.0763,1.0666,1.0721,1.0738,12.000000000000899,17.000000000000348
2003-02-11,1.0773,1.0705,1.0737,1.0712,10.000000000001119,-25.000000000001688
2003-02-12,1.086,1.0707,1.0716,1.0831,16.00000000000046,114.99999999999844
2003-02-13,1.0854,1.0766,1.0831,1.079,18.999999999997907,-40.99999999999993
2003-02-16,1.0779,1.0678,1.0767,1.0733,13.000000000000789,-34.000000000000696
2003-02-17,1.0761,1.0682,1.0725,1.0692,9.999999999998899,-33.00000000000081
2003-02-18,1.0766,1.0666,1.0694,1.075,8.999999999999009,56.0000000000005
2003-02-19,1.0836,1.0745,1.075,1.0825,14.999999999998348,75.00000000000063
2003-02-20,1.0849,1.0752,1.0819,1.0773,17.000000000000348,-46.00000000000159
2003-02-23,1.0808,1.071,1.0739,1.0801,11.999999999998678,61.99999999999983
2003-02-24,1.0824,1.0744,1.08,1.0764,14.999999999998348,-36.000000000000476
2003-02-25,1.0813,1.0732,1.0766,1.0785,10.000000000001119,19.000000000000128
2003-02-26,1.0838,1.0738,1.0789,1.0742,13.999999999998458,-46.99999999999926
2003-02-27,1.0809,1.0738,1.074,1.08,15.999999999998238,60.00000000000006
2003-03-02,1.0903,1.077,1.0777,1.0896,10.000000000001119,118.999999999998
2003-03-03,1.0939,1.088,1.0897,1.0889,12.000000000000899,-7.999999999999119
2003-03-04,1.1003,1.0906,1.0909,1.0964,22.999999999999687,55.000000000000604
2003-03-05,1.1012,1.0926,1.0968,1.0973,21.999999999999797,4.999999999999449
2003-03-06,1.107,1.0967,1.0973,1.1009,23.999999999999577,36.000000000000476
2003-03-09,1.107,1.1006,1.1011,1.1061,6.999999999999229,50.00000000000115
2003-03-10,1.1086,1.1006,1.106,1.1046,20.000000000000018,-14.000000000000679
2003-03-11,1.1059,1.0984,1.1036,1.0998,12.000000000000899,-37.99999999999804
2003-03-12,1.0998,1.0777,1.0995,1.0784,44.99999999999949,-210.99999999999898
2003-03-13,1.0824,1.0692,1.0775,1.0744,16.00000000000046,-30.999999999998806
2003-03-16,1.0845,1.0591,1.0782,1.0624,28.000000000001357,-158.00000000000037
2003-03-17,1.0656,1.0545,1.0627,1.0635,23.000000000001908,7.999999999999119
2003-03-18,1.0656,1.0555,1.0639,1.0564,14.000000000000679,-75.00000000000063
2003-03-19,1.0675,1.0532,1.0567,1.0614,19.000000000000128,46.99999999999926
2003-03-20,1.0623,1.0505,1.0614,1.0525,15.999999999998238,-88.99999999999908
2003-03-23,1.0678,1.0568,1.0595,1.0641,14.000000000000679,45.999999999999375
2003-03-24,1.0722,1.0636,1.0642,1.0657,11.000000000001009,15.000000000000568
2003-03-25,1.0705,1.0624,1.0658,1.0696,15.999999999998238,38.000000000000256
2003-03-26,1.0745,1.0678,1.0697,1.0699,12.000000000000899,1.9999999999997797
2003-03-27,1.0803,1.067,1.0689,1.0785,11.000000000001009,96.00000000000053
2003-03-30,1.0935,1.0783,1.08,1.0918,10.000000000001119,118.00000000000033
2003-03-31,1.0926,1.0868,1.0913,1.0918,14.000000000000679,5.00000000000167
2003-04-01,1.0962,1.0752,1.0915,1.0769,17.000000000000348,-145.99999999999946
2003-04-02,1.0794,1.069,1.0772,1.0761,13.000000000000789,-10.999999999998789
2003-04-03,1.077,1.0686,1.0762,1.0733,21.999999999999797,-29.000000000001247
2003-04-06,1.0706,1.0563,1.0694,1.0698,16.00000000000046,4.00000000000178
2003-04-07,1.0726,1.0644,1.0702,1.0708,14.000000000000679,5.999999999999339
2003-04-08,1.0785,1.0677,1.0712,1.0776,12.000000000000899,63.999999999999616
2003-04-09,1.0832,1.0762,1.0775,1.0788,15.999999999998238,13.000000000000789
2003-04-10,1.079,1.0696,1.0788,1.0755,16.999999999998128,-33.00000000000081
2003-04-13,1.0815,1.0719,1.0746,1.0772,10.999999999998789,25.999999999999357
2003-04-14,1.0822,1.0738,1.0774,1.0801,12.999999999998568,27.000000000001467
2003-04-15,1.0922,1.0785,1.0802,1.0916,13.000000000000789,113.99999999999855
2003-04-16,1.0979,1.0867,1.0913,1.0877,20.000000000000018,-36.000000000000476
2003-04-17,1.0899,1.0873,1.0877,1.0885,5.00000000000167,8.00000000000134
2003-04-20,1.0905,1.0824,1.0901,1.0872,9.00000000000123,-29.000000000001247
2003-04-21,1.1006,1.0851,1.0873,1.097,11.000000000001009,97.00000000000043
2003-04-22,1.0985,1.0924,1.0973,1.0973,13.000000000000789,0.0
2003-04-23,1.105,1.0946,1.0965,1.1035,13.999999999998458,69.99999999999895
2003-04-24,1.1053,1.0964,1.1033,1.1039,16.999999999998128,6.00000000000156
2003-04-27,1.108,1.0978,1.104,1.0988,21.999999999999797,-52.00000000000094
2003-04-28,1.1086,1.0937,1.0989,1.1083,20.000000000000018,94.00000000000075
2003-04-29,1.1189,1.1067,1.1082,1.1175,17.000000000000348,92.99999999999864
2003-04-30,1.1288,1.1156,1.1182,1.1238,14.999999999998348,55.99999999999827
2003-05-01,1.1273,1.1189,1.1235,1.1229,20.000000000000018,-5.999999999999339
2003-05-04,1.1307,1.1206,1.1234,1.1292,16.00000000000046,58.00000000000027
2003-05-05,1.1457,1.1278,1.1294,1.143,22.999999999999687,136.00000000000057
2003-05-06,1.1445,1.1332,1.1431,1.1361,16.00000000000046,-69.99999999999895
2003-05-07,1.1509,1.1311,1.136,1.15,21.999999999999797,140.0000000000001
2003-05-08,1.154,1.1442,1.1499,1.1491,11.999999999998678,-7.999999999999119
2003-05-11,1.1626,1.1527,1.153,1.1561,11.000000000001009,30.999999999998806
2003-05-12,1.1575,1.1465,1.1558,1.1529,20.000000000000018,-28.999999999999027
2003-05-13,1.1539,1.147,1.1523,1.1497,19.000000000000128,-26.000000000001577
2003-05-14,1.1493,1.1379,1.1486,1.1386,17.000000000000348,-100.00000000000009
2003-05-15,1.1597,1.1373,1.1384,1.159,20.999999999999908,205.99999999999952
2003-05-18,1.1741,1.1623,1.1688,1.1652,16.00000000000046,-36.000000000000476
2003-05-19,1.1718,1.1608,1.1658,1.1708,17.000000000000348,50.00000000000115
2003-05-20,1.1747,1.1642,1.1714,1.1644,21.999999999999797,-69.99999999999895
2003-05-21,1.1732,1.1621,1.1631,1.1708,15.999999999998238,77.0000000000004
2003-05-22,1.1821,1.1667,1.1698,1.181,31.999999999998696,112.000000000001
2003-05-25,1.1853,1.1802,1.1832,1.1848,8.999999999999009,16.00000000000046
2003-05-26,1.1938,1.1814,1.1862,1.1816,19.000000000000128,-45.999999999999375
2003-05-27,1.1848,1.171,1.1817,1.1768,19.000000000000128,-48.99999999999905
2003-05-28,1.191,1.1694,1.1767,1.1908,20.999999999999908,141.0
2003-05-29,1.1917,1.1745,1.1903,1.1773,32.00000000000092,-129.999999999999
2003-06-01,1.177,1.1653,1.1717,1.1756,21.999999999999797,39.00000000000014
2003-06-02,1.1781,1.1689,1.1762,1.1736,14.000000000000679,-25.999999999999357
2003-06-03,1.175,1.1635,1.1729,1.1643,19.000000000000128,-86.00000000000163
2003-06-04,1.1892,1.1634,1.1645,1.1839,27.000000000001467,193.9999999999986
2003-06-05,1.1883,1.1687,1.1842,1.1707,21.999999999999797,-134.99999999999847
2003-06-08,1.1791,1.1658,1.1705,1.1714,25.999999999999357,8.999999999999009
2003-06-09,1.1744,1.1671,1.1717,1.1675,12.000000000000899,-41.999999999999815
2003-06-10,1.1785,1.1661,1.1676,1.1758,10.999999999998789,81.99999999999986
2003-06-11,1.1809,1.1707,1.1756,1.1774,14.000000000000679,18.000000000000238
2003-06-12,1.1879,1.174,1.1769,1.1862,24.999999999999467,92.99999999999864
2003-06-15,1.1933,1.182,1.188,1.1828,18.000000000000238,-51.999999999998714
2003-06-16,1.1869,1.1771,1.1831,1.1783,17.000000000000348,-48.00000000000138
2003-06-17,1.1805,1.1667,1.1789,1.1693,15.000000000000568,-96.00000000000053
2003-06-18,1.1744,1.1584,1.1693,1.1727,21.999999999999797,34.000000000000696
2003-06-19,1.1737,1.1554,1.1722,1.1601,16.00000000000046,-121.0
2003-06-22,1.1608,1.151,1.1585,1.1557,15.000000000000568,-28.000000000001357
2003-06-23,1.1585,1.1478,1.1563,1.1512,15.000000000000568,-51.000000000001044
2003-06-24,1.1626,1.1495,1.1509,1.1545,34.000000000000696,36.000000000000476
2003-06-25,1.1546,1.1418,1.1538,1.1425,24.000000000001798,-112.99999999999866
2003-06-26,1.1471,1.1401,1.1421,1.1434,14.000000000000679,13.000000000000789
2003-06-29,1.152,1.1403,1.144,1.1508,10.000000000001119,68.00000000000139
2003-06-30,1.1612,1.151,1.1512,1.1565,20.999999999999908,53.000000000000824
2003-07-01,1.1572,1.1509,1.1568,1.1543,8.999999999999009,-24.999999999999467
2003-07-02,1.1544,1.1435,1.154,1.1499,23.999999999999577,-40.99999999999993
2003-07-03,1.1504,1.1451,1.1499,1.1484,10.000000000001119,-14.999999999998348
2003-07-06,1.149,1.1317,1.1484,1.1318,12.000000000000899,-166.0000000000017
2003-07-07,1.1354,1.126,1.1318,1.1319,13.000000000000789,0.9999999999998899
2003-07-08,1.137,1.1307,1.1323,1.1349,17.000000000000348,25.999999999999357
2003-07-09,1.1395,1.1312,1.1353,1.1382,17.000000000000348,29.000000000001247
2003-07-10,1.1388,1.1279,1.1377,1.1296,20.999999999999908,-80.99999999999996
2003-07-12,1.13,1.13,1.13,1.13,0.0,0.0
2003-07-13,1.1311,1.1244,1.1299,1.1275,11.999999999998678,-23.999999999999577
2003-07-14,1.1339,1.1157,1.1284,1.1178,22.999999999999687,-106.00000000000165
2003-07-15,1.1236,1.1115,1.1178,1.1217,15.999999999998238,39.00000000000014
2003-07-16,1.1254,1.1159,1.1221,1.1209,17.999999999998018,-12.000000000000899
2003-07-17,1.131,1.1176,1.121,1.1274,19.000000000000128,63.999999999999616
2003-07-20,1.1361,1.1245,1.1268,1.1356,11.000000000001009,87.99999999999919
2003-07-21,1.1375,1.131,1.1344,1.1328,11.000000000001009,-16.00000000000046
2003-07-22,1.1492,1.1319,1.1332,1.1487,11.000000000001009,155.00000000000068
2003-07-23,1.1513,1.1425,1.1488,1.1477,20.000000000000018,-11.000000000001009
2003-07-24,1.1552,1.1448,1.1476,1.1511,20.999999999999908,35.00000000000058
2003-07-27,1.152,1.1455,1.148,1.1498,17.000000000000348,18.000000000000238
2003-07-28,1.1541,1.1439,1.1498,1.1447,19.000000000000128,-50.99999999999882
2003-07-29,1.1456,1.1338,1.1436,1.1346,16.00000000000046,-89.99999999999898
2003-07-30,1.1367,1.1228,1.1367,1.1234,32.999999999998586,-133.0000000000009
2003-07-31,1.1276,1.1137,1.1234,1.1272,27.999999999999137,38.000000000000256
2003-08-03,1.1378,1.1263,1.1288,1.1361,17.000000000000348,73.00000000000084
2003-08-04,1.1403,1.131,1.1361,1.139,25.999999999999357,28.999999999999027
2003-08-05,1.1428,1.1329,1.1398,1.1337,12.000000000000899,-60.99999999999994
2003-08-06,1.1418,1.1323,1.1339,1.1375,14.000000000000679,36.000000000000476
2003-08-07,1.1385,1.1291,1.1378,1.1307,17.000000000000348,-70.99999999999883
2003-08-10,1.1382,1.1267,1.1305,1.1363,8.999999999999009,58.00000000000027
2003-08-11,1.1368,1.1354,1.1364,1.136,6.00000000000156,-4.00000000000178
2003-08-17,1.1273,1.1128,1.1265,1.115,9.00000000000123,-115.00000000000065
2003-08-18,1.1153,1.1058,1.1152,1.1142,16.00000000000046,-9.999999999998899
2003-08-19,1.115,1.1084,1.1145,1.1118,8.00000000000134,-27.000000000001467
2003-08-20,1.1123,1.0887,1.1121,1.0926,31.000000000001027,-195.00000000000074
2003-08-21,1.095,1.0839,1.0926,1.089,13.999999999998458,-36.000000000000476
2003-08-23,1.086,1.086,1.086,1.086,0.0,0.0
2003-08-24,1.0921,1.085,1.0861,1.0876,11.000000000001009,14.999999999998348
2003-08-25,1.0911,1.0795,1.0871,1.0857,14.000000000000679,-13.999999999998458
2003-08-26,1.0934,1.0833,1.0858,1.089,9.999999999998899,31.999999999998696
2003-08-27,1.0916,1.0814,1.0883,1.0888,9.999999999998899,4.999999999999449
2003-08-28,1.1001,1.0873,1.0894,1.099,16.00000000000046,96.00000000000053
2003-08-31,1.1017,1.0956,1.0998,1.0975,11.999999999998678,-23.000000000001908
2003-09-01,1.0966,1.0809,1.0961,1.0812,13.000000000000789,-149.00000000000136
2003-09-02,1.0875,1.0766,1.0815,1.0848,14.000000000000679,33.00000000000081
2003-09-03,1.0951,1.0811,1.0853,1.0949,15.000000000000568,96.00000000000053
2003-09-04,1.1116,1.0918,1.0947,1.1105,41.999999999999815,158.00000000000037
2003-09-07,1.1131,1.105,1.1105,1.1068,11.999999999998678,-37.00000000000037
2003-09-08,1.1242,1.1057,1.1069,1.1228,13.000000000000789,159.00000000000026
2003-09-09,1.124,1.1164,1.1231,1.1213,25.999999999999357,-18.000000000000238
2003-09-10,1.1273,1.1156,1.1215,1.1212,23.999999999999577,-2.9999999999996696
2003-09-11,1.1326,1.1137,1.121,1.1287,50.00000000000115,77.0000000000004
2003-09-14,1.1312,1.1247,1.1275,1.1286,13.000000000000789,11.000000000001009
2003-09-15,1.132,1.1156,1.1288,1.1179,11.000000000001009,-109.00000000000132
2003-09-16,1.1302,1.1142,1.1184,1.1286,12.999999999998568,101.99999999999987
2003-09-17,1.1347,1.123,1.1289,1.1256,21.999999999999797,-33.00000000000081
2003-09-18,1.1385,1.124,1.125,1.1367,19.000000000000128,117.00000000000044
2003-09-21,1.1507,1.1416,1.144,1.1464,14.000000000000679,24.000000000001798
2003-09-22,1.153,1.144,1.1464,1.1445,16.00000000000046,-19.000000000000128
2003-09-23,1.1506,1.143,1.145,1.1497,14.999999999998348,46.99999999999926
2003-09-24,1.1539,1.1461,1.1496,1.1492,20.000000000000018,-3.9999999999995595
2003-09-25,1.1502,1.1441,1.1488,1.1477,16.00000000000046,-11.000000000001009
2003-09-28,1.1603,1.1397,1.1468,1.1599,35.00000000000058,130.9999999999989
2003-09-29,1.1738,1.1576,1.1601,1.166,47.999999999999154,59.00000000000016
2003-09-30,1.173,1.1647,1.166,1.1719,17.000000000000348,59.00000000000016
2003-10-01,1.1772,1.1664,1.1725,1.1694,12.000000000000899,-31.000000000001027
2003-10-02,1.1722,1.1553,1.1692,1.158,50.00000000000115,-112.000000000001
2003-10-05,1.1723,1.1537,1.1573,1.1712,16.00000000000046,139.00000000000023
2003-10-06,1.1816,1.1699,1.1711,1.1762,15.000000000000568,50.99999999999882
2003-10-07,1.1841,1.1767,1.1772,1.1815,16.00000000000046,42.9999999999997
2003-10-08,1.1861,1.1688,1.1815,1.1747,20.999999999999908,-67.99999999999918
2003-10-09,1.1851,1.1705,1.1752,1.1804,18.000000000000238,51.999999999998714
2003-10-12,1.1823,1.1655,1.1818,1.1708,13.000000000000789,-109.99999999999899
2003-10-13,1.1768,1.1583,1.1708,1.1723,17.999999999998018,14.999999999998348
2003-10-14,1.1748,1.1591,1.1728,1.1636,43.000000000001926,-92.00000000000097
2003-10-15,1.1698,1.1571,1.1638,1.1588,21.999999999999797,-49.999999999998934
2003-10-16,1.1685,1.1546,1.1588,1.1678,24.999999999999467,89.99999999999898
2003-10-19,1.1739,1.1607,1.1718,1.1639,24.999999999999467,-79.00000000000018
2003-10-20,1.1701,1.1619,1.1636,1.1669,9.00000000000123,33.00000000000081
2003-10-21,1.1828,1.1653,1.1672,1.1805,10.999999999998789,133.0000000000009
2003-10-22,1.1849,1.1757,1.1806,1.1794,11.000000000001009,-12.000000000000899
2003-10-23,1.186,1.1765,1.1791,1.1788,12.000000000000899,-2.9999999999996696
2003-10-26,1.179,1.1723,1.1785,1.1747,22.999999999999687,-38.000000000000256
2003-10-27,1.1753,1.166,1.1751,1.1672,16.00000000000046,-79.00000000000018
2003-10-28,1.1722,1.1663,1.1674,1.1667,11.000000000001009,-6.999999999999229
2003-10-29,1.1757,1.1622,1.1668,1.163,37.00000000000037,-38.000000000000256
2003-10-30,1.1657,1.1603,1.1622,1.1627,17.999999999998018,5.00000000000167
2003-11-02,1.1621,1.1429,1.1593,1.1462,20.999999999999908,-130.9999999999989
2003-11-03,1.1514,1.1431,1.1455,1.1497,11.999999999998678,41.999999999999815
2003-11-04,1.1501,1.1416,1.1491,1.1439,20.999999999999908,-52.00000000000094
2003-11-05,1.1467,1.1391,1.144,1.1417,34.000000000000696,-22.999999999999687
2003-11-06,1.1546,1.1379,1.1413,1.1529,38.000000000000256,116.00000000000054
2003-11-09,1.1538,1.1469,1.152,1.1484,9.999999999998899,-35.99999999999825
2003-11-10,1.1533,1.1447,1.1475,1.152,12.000000000000899,44.99999999999949
2003-11-11,1.1662,1.1508,1.1522,1.1635,23.999999999999577,113.00000000000088
2003-11-12,1.1742,1.163,1.1633,1.1737,18.000000000000238,103.99999999999964
2003-11-13,1.1806,1.173,1.1738,1.1778,27.000000000001467,40.000000000000036
2003-11-16,1.1851,1.173,1.1798,1.1752,17.000000000000348,-45.999999999999375
2003-11-17,1.1976,1.1737,1.1754,1.1975,31.000000000001027,221.00000000000009
2003-11-18,1.1982,1.1878,1.1973,1.1881,14.999999999998348,-92.00000000000097
2003-11-19,1.197,1.1882,1.1882,1.1912,40.99999999999993,30.000000000001137
2003-11-20,1.194,1.1859,1.1916,1.1915,10.000000000001119,-0.9999999999998899
2003-11-23,1.1925,1.1763,1.1921,1.1774,23.999999999999577,-146.99999999999935
2003-11-24,1.182,1.1755,1.1773,1.1796,15.999999999998238,22.999999999999687
2003-11-25,1.1951,1.1774,1.18,1.1942,24.000000000001798,141.99999999999991
2003-11-26,1.1941,1.189,1.1935,1.1903,8.00000000000134,-32.00000000000092
2003-11-27,1.2019,1.1902,1.192,1.1995,18.000000000000238,75.00000000000063
2003-11-29,1.1987,1.1987,1.1987,1.1987,0.0,0.0
2003-11-30,1.2044,1.194,1.1981,1.1979,17.999999999998018,-1.9999999999997797
2003-12-01,1.2094,1.1946,1.1986,1.2083,20.999999999999908,96.9999999999982
2003-12-02,1.2131,1.207,1.2084,1.2109,28.000000000001357,25.000000000001688
2003-12-03,1.2159,1.203,1.2114,1.2087,19.000000000000128,-26.999999999999247
2003-12-04,1.2179,1.2066,1.2095,1.2166,49.999999999998934,70.99999999999883
2003-12-07,1.2242,1.2154,1.2182,1.2225,14.000000000000679,42.9999999999997
2003-12-08,1.2277,1.2189,1.2228,1.2256,27.000000000001467,27.999999999999137
2003-12-09,1.227,1.2154,1.226,1.222,13.000000000000789,-40.000000000000036
2003-12-10,1.2239,1.2117,1.2216,1.2225,22.999999999999687,8.999999999999009
2003-12-11,1.2308,1.2211,1.2222,1.2291,23.000000000001908,69.00000000000128
2003-12-14,1.2326,1.2137,1.2159,1.2326,12.000000000000899,166.99999999999937
2003-12-15,1.2363,1.2304,1.2318,1.2331,12.000000000000899,13.000000000000789
2003-12-16,1.2423,1.2298,1.2332,1.2414,14.000000000000679,81.99999999999986
2003-12-17,1.2439,1.2363,1.2413,1.2426,12.000000000000899,12.999999999998568
2003-12-18,1.2435,1.2347,1.2425,1.2372,15.999999999998238,-52.99999999999861
2003-12-21,1.245,1.2352,1.2417,1.2399,10.000000000001119,-18.000000000000238
2003-12-22,1.2429,1.2389,1.2393,1.2395,9.999999999998899,1.9999999999997797
2003-12-23,1.2472,1.2397,1.2403,1.2453,11.000000000001009,50.00000000000115
2003-12-25,1.2463,1.2428,1.2451,1.2431,14.000000000000679,-20.000000000000018
2003-12-28,1.2511,1.2428,1.2445,1.2491,11.000000000001009,46.00000000000159
2003-12-29,1.2565,1.2482,1.2492,1.2554,9.00000000000123,61.99999999999983
2003-12-30,1.2648,1.2517,1.2553,1.2585,44.99999999999949,31.999999999998696
2004-01-01,1.2631,1.2526,1.259,1.2591,18.000000000000238,1.0000000000021103
2004-01-04,1.2699,1.2587,1.2596,1.2677,14.000000000000679,80.99999999999996
2004-01-05,1.2812,1.267,1.2678,1.2732,16.00000000000046,54.00000000000071
2004-01-06,1.2745,1.2628,1.273,1.2633,12.000000000000899,-96.9999999999982
2004-01-07,1.2784,1.2562,1.2629,1.2769,23.999999999999577,140.0000000000001
2004-01-08,1.2869,1.2705,1.2769,1.2836,53.999999999998494,67.0000000000015
2004-01-11,1.29,1.2738,1.287,1.2751,19.000000000000128,-119.00000000000021
2004-01-12,1.2798,1.2717,1.2749,1.2774,16.00000000000046,25.000000000001688
2004-01-13,1.279,1.2633,1.2771,1.265,23.000000000001908,-121.0
2004-01-14,1.2675,1.2562,1.2652,1.258,16.00000000000046,-72.00000000000095
2004-01-15,1.261,1.2353,1.2583,1.2389,100.99999999999997,-194.00000000000085
2004-01-18,1.2427,1.2336,1.2381,1.2353,13.999999999998458,-27.999999999999137
2004-01-19,1.2598,1.2349,1.2357,1.2584,14.000000000000679,226.99999999999943
2004-01-20,1.2676,1.255,1.2584,1.2648,26.000000000001577,63.999999999999616
2004-01-21,1.2754,1.2638,1.2649,1.2719,18.000000000000238,70.00000000000117
2004-01-22,1.2779,1.257,1.2716,1.2588,102.99999999999976,-128.00000000000145
2004-01-25,1.2691,1.246,1.2588,1.2463,103.99999999999964,-124.99999999999956
2004-01-26,1.2666,1.2442,1.2465,1.2646,105.99999999999943,181.00000000000006
2004-01-27,1.2711,1.2468,1.2645,1.2474,115.99999999999832,-170.99999999999892
2004-01-28,1.2562,1.2365,1.2458,1.2411,105.99999999999943,-46.99999999999926
2004-01-29,1.2494,1.2353,1.2411,1.2473,48.00000000000138,61.99999999999983
2004-02-01,1.2489,1.2394,1.2482,1.2426,22.999999999999687,-56.0000000000005
2004-02-02,1.2601,1.2419,1.2429,1.2544,18.000000000000238,115.00000000000065
2004-02-03,1.2564,1.2496,1.2549,1.2537,21.999999999999797,-11.999999999998678
2004-02-04,1.2638,1.2524,1.2542,1.2549,19.000000000000128,6.999999999999229
2004-02-05,1.2727,1.2515,1.2556,1.2707,73.99999999999851,150.99999999999892
2004-02-08,1.2766,1.2607,1.2613,1.2706,16.00000000000046,92.99999999999864
2004-02-09,1.2792,1.267,1.2701,1.2674,19.000000000000128,-26.999999999999247
2004-02-10,1.2841,1.2651,1.2688,1.283,43.999999999999595,141.99999999999991
2004-02-11,1.285,1.2791,1.2835,1.2813,20.000000000000018,-21.999999999999797
2004-02-12,1.2895,1.2717,1.2818,1.2742,47.000000000001485,-76.00000000000051
2004-02-15,1.2791,1.2721,1.2759,1.2775,10.000000000001119,16.00000000000046
2004-02-16,1.2879,1.2761,1.2773,1.2844,22.999999999999687,70.99999999999883
2004-02-17,1.2931,1.2662,1.2848,1.2693,28.000000000001357,-154.99999999999847
2004-02-18,1.2739,1.265,1.2697,1.2718,40.000000000000036,20.999999999999908
2004-02-19,1.277,1.2497,1.2738,1.2532,28.999999999999027,-205.99999999999952
2004-02-22,1.2598,1.2454,1.254,1.2557,20.000000000000018,17.000000000000348
2004-02-23,1.2714,1.2526,1.2559,1.2686,32.999999999998586,126.99999999999933
2004-02-24,1.2709,1.2479,1.2697,1.2506,18.000000000000238,-191.00000000000117
2004-02-25,1.2519,1.2386,1.2503,1.244,25.999999999999357,-62.99999999999972
2004-02-26,1.2511,1.2374,1.2442,1.2494,25.999999999999357,52.00000000000094
2004-02-29,1.2543,1.2429,1.2495,1.2461,28.999999999999027,-34.000000000000696
2004-03-01,1.2472,1.2197,1.2457,1.2217,27.999999999999137,-240.00000000000023
2004-03-02,1.2226,1.2058,1.2221,1.2205,29.999999999998916,-16.00000000000046
2004-03-03,1.2245,1.2138,1.2197,1.2202,20.000000000000018,4.999999999999449
2004-03-04,1.2435,1.2176,1.2203,1.238,130.9999999999989,177.00000000000048
2004-03-07,1.249,1.2341,1.2397,1.2402,121.0,4.999999999999449
2004-03-08,1.2455,1.2273,1.2403,1.2317,53.999999999998494,-85.9999999999994
2004-03-09,1.2338,1.2197,1.2317,1.2213,29.000000000001247,-103.99999999999964
2004-03-10,1.2386,1.2162,1.2212,1.237,26.999999999999247,158.00000000000037
2004-03-11,1.2371,1.2172,1.2371,1.2185,40.000000000000036,-186.0000000000017
2004-03-14,1.2316,1.2181,1.2185,1.2264,47.000000000001485,79.00000000000018
2004-03-15,1.237,1.2228,1.2264,1.227,21.999999999999797,6.00000000000156
2004-03-16,1.2287,1.2176,1.2269,1.2238,11.999999999998678,-31.000000000001027
2004-03-17,1.2436,1.2222,1.2238,1.2391,50.00000000000115,153.0000000000009
2004-03-18,1.2407,1.2255,1.2392,1.2276,25.999999999999357,-116.00000000000054
2004-03-21,1.2397,1.2221,1.2276,1.2339,16.00000000000046,62.99999999999972
2004-03-22,1.2369,1.2265,1.234,1.234,15.000000000000568,0.0
2004-03-23,1.2365,1.2116,1.234,1.2129,19.000000000000128,-210.99999999999898
2004-03-24,1.2198,1.2096,1.213,1.213,18.000000000000238,0.0
2004-03-25,1.221,1.2069,1.2129,1.2129,23.999999999999577,0.0
2004-03-28,1.2172,1.2051,1.2121,1.2161,30.999999999998806,40.000000000000036
2004-03-29,1.2231,1.2153,1.2159,1.2172,19.000000000000128,13.000000000000789
2004-03-30,1.2326,1.2174,1.2177,1.2319,26.000000000001577,141.99999999999991
2004-03-31,1.2391,1.2256,1.2316,1.2368,32.00000000000092,51.999999999998714
2004-04-01,1.2374,1.2104,1.2374,1.2142,118.999999999998,-232.00000000000108
2004-04-04,1.2131,1.1988,1.2107,1.202,23.999999999999577,-87.00000000000152
2004-04-05,1.2137,1.1985,1.202,1.212,18.000000000000238,100.00000000000009
2004-04-06,1.2198,1.2052,1.2113,1.2176,15.000000000000568,62.99999999999972
2004-04-07,1.2221,1.2065,1.2176,1.2089,15.000000000000568,-86.9999999999993
2004-04-08,1.211,1.2067,1.2089,1.2099,13.000000000000789,9.999999999998899
2004-04-11,1.21,1.2057,1.2093,1.2078,7.999999999999119,-15.000000000000568
2004-04-12,1.2084,1.1908,1.2082,1.1948,41.999999999999815,-133.99999999999858
2004-04-13,1.1975,1.1871,1.1949,1.1963,24.000000000001798,13.999999999998458
2004-04-14,1.1994,1.1897,1.1965,1.1984,22.999999999999687,19.000000000000128
2004-04-15,1.2049,1.1926,1.1984,1.1998,28.999999999999027,14.000000000000679
2004-04-18,1.2082,1.2003,1.2023,1.2028,13.999999999998458,5.00000000000167
2004-04-19,1.2017,1.1844,1.2016,1.1867,36.000000000000476,-148.99999999999915
2004-04-20,1.1919,1.1818,1.1861,1.1845,31.000000000001027,-15.999999999998238
2004-04-21,1.1916,1.1783,1.1841,1.1908,19.000000000000128,67.0000000000015
2004-04-22,1.1945,1.18,1.1904,1.1844,22.999999999999687,-60.00000000000006
2004-04-25,1.1887,1.1763,1.1828,1.1868,10.999999999998789,40.000000000000036
2004-04-26,1.1949,1.1836,1.186,1.1924,22.999999999999687,63.999999999999616
2004-04-27,1.1956,1.1824,1.1937,1.1842,12.000000000000899,-95.00000000000064
2004-04-28,1.1985,1.1807,1.1844,1.1963,38.000000000000256,119.00000000000021
2004-04-29,1.2016,1.1923,1.197,1.1982,27.999999999999137,11.999999999998678
2004-05-02,1.1997,1.1922,1.199,1.1945,14.000000000000679,-45.000000000001705
2004-05-03,1.2124,1.1928,1.1939,1.2101,41.999999999999815,161.99999999999991
2004-05-04,1.2182,1.2098,1.2101,1.2175,15.000000000000568,74.00000000000074
2004-05-05,1.2177,1.2065,1.2166,1.2084,20.000000000000018,-81.99999999999986
2004-05-06,1.2139,1.1879,1.208,1.1894,145.99999999999946,-185.9999999999995
2004-05-09,1.1897,1.1815,1.1881,1.185,12.000000000000899,-30.999999999998806
2004-05-10,1.1892,1.1792,1.1843,1.1873,12.000000000000899,30.000000000001137
2004-05-11,1.1943,1.1838,1.1877,1.1903,28.000000000001357,25.999999999999357
2004-05-12,1.193,1.1776,1.1903,1.1822,26.999999999999247,-80.99999999999996
2004-05-13,1.1904,1.1784,1.182,1.1887,28.999999999999027,67.0000000000015
2004-05-15,1.1893,1.1893,1.1893,1.1893,0.0,0.0
2004-05-16,1.2062,1.188,1.1893,1.203,20.000000000000018,137.00000000000045
2004-05-17,1.2043,1.1932,1.2025,1.1956,15.000000000000568,-68.99999999999906
2004-05-18,1.2045,1.1939,1.1959,1.201,13.000000000000789,51.000000000001044
2004-05-19,1.2021,1.1896,1.2014,1.1967,30.000000000001137,-46.99999999999926
2004-05-20,1.2072,1.1955,1.1961,1.1996,19.000000000000128,35.00000000000058
2004-05-23,1.2025,1.1935,1.1991,1.2007,8.999999999999009,16.00000000000046
2004-05-24,1.213,1.1988,1.2009,1.2111,18.999999999997907,101.99999999999987
2004-05-25,1.2145,1.2079,1.2101,1.2108,16.00000000000046,7.0000000000014495
2004-05-26,1.229,1.2091,1.2113,1.2263,14.999999999998348,149.99999999999903
2004-05-27,1.2298,1.2203,1.2269,1.2221,34.000000000000696,-48.00000000000138
2004-05-30,1.2253,1.2186,1.225,1.219,10.999999999998789,-60.00000000000006
2004-05-31,1.2267,1.2158,1.22,1.2246,18.000000000000238,45.999999999999375
2004-06-01,1.2309,1.2208,1.2245,1.2217,11.000000000001009,-27.999999999999137
2004-06-02,1.2254,1.2172,1.2218,1.2229,12.000000000000899,11.000000000001009
2004-06-03,1.2299,1.2142,1.2217,1.2289,63.00000000000195,72.00000000000095
2004-06-04,1.2303,1.229,1.229,1.2302,2.9999999999996696,11.999999999998678
2004-06-06,1.234,1.2301,1.2329,1.2323,10.000000000001119,-6.00000000000156
2004-06-07,1.2355,1.2249,1.2321,1.227,11.000000000001009,-50.99999999999882
2004-06-08,1.2276,1.2039,1.2261,1.2049,16.999999999998128,-211.99999999999886
2004-06-09,1.212,1.2026,1.2043,1.2108,12.000000000000899,65.00000000000172
2004-06-10,1.2117,1.197,1.2109,1.2017,13.999999999998458,-92.00000000000097
2004-06-13,1.2089,1.1957,1.2009,1.2058,28.000000000001357,48.99999999999905
2004-06-14,1.2171,1.2032,1.2057,1.216,36.000000000000476,102.99999999999976
2004-06-15,1.2171,1.1983,1.2162,1.2011,16.00000000000046,-150.99999999999892
2004-06-16,1.208,1.1996,1.2013,1.2055,23.999999999999577,41.999999999999815
2004-06-17,1.2149,1.1977,1.2056,1.2146,13.000000000000789,89.99999999999898
2004-06-20,1.2149,1.2078,1.2141,1.2116,9.999999999998899,-24.999999999999467
2004-06-21,1.2134,1.2068,1.2117,1.2109,13.000000000000789,-7.999999999999119
2004-06-22,1.2195,1.2067,1.2114,1.2096,16.00000000000046,-18.000000000000238
2004-06-23,1.219,1.2044,1.2091,1.217,28.000000000001357,79.00000000000018
2004-06-24,1.2191,1.2107,1.218,1.2173,18.000000000000238,-6.999999999999229
2004-06-27,1.2231,1.2125,1.2179,1.2187,9.00000000000123,7.999999999999119
2004-06-28,1.2194,1.2079,1.2186,1.2083,21.999999999999797,-102.99999999999976
2004-06-29,1.2208,1.207,1.2082,1.2203,26.000000000001577,121.0
2004-06-30,1.2212,1.2137,1.2193,1.216,14.000000000000679,-33.00000000000081
2004-07-01,1.2329,1.2146,1.2155,1.2323,62.99999999999972,167.99999999999926
2004-07-04,1.2333,1.2273,1.2329,1.2286,6.999999999999229,-43.000000000001926
2004-07-05,1.2331,1.2265,1.2289,1.2285,17.000000000000348,-4.00000000000178
2004-07-06,1.2391,1.2276,1.2287,1.2375,20.999999999999908,88.0000000000014
2004-07-07,1.2408,1.2343,1.2371,1.2388,12.000000000000899,16.999999999998128
2004-07-08,1.2425,1.2373,1.239,1.2415,8.00000000000134,24.999999999999467
2004-07-11,1.2438,1.2386,1.2418,1.2407,9.00000000000123,-11.000000000001009
2004-07-12,1.2416,1.2302,1.2413,1.2332,21.999999999999797,-80.99999999999996
2004-07-13,1.2423,1.2321,1.2336,1.2384,22.999999999999687,47.999999999999154
2004-07-14,1.2395,1.2328,1.2386,1.2357,29.000000000001247,-28.999999999999027
2004-07-15,1.2462,1.233,1.236,1.2454,26.000000000001577,94.00000000000075
2004-07-16,1.2457,1.2454,1.2454,1.2455,2.9999999999996696,0.9999999999998899
2004-07-18,1.2464,1.2402,1.2444,1.2441,7.0000000000014495,-2.9999999999996696
2004-07-19,1.2456,1.2305,1.2443,1.2333,13.000000000000789,-109.99999999999899
2004-07-20,1.2352,1.2213,1.2331,1.2261,16.00000000000046,-70.00000000000117
2004-07-21,1.2296,1.2236,1.2277,1.2259,16.00000000000046,-18.000000000000238
2004-07-22,1.2269,1.2091,1.2257,1.2105,13.999999999998458,-152.00000000000102
2004-07-25,1.2173,1.209,1.2105,1.2148,9.00000000000123,43.000000000001926
2004-07-26,1.219,1.2036,1.215,1.2056,24.000000000001798,-94.00000000000075
2004-07-27,1.208,1.2003,1.206,1.2058,21.999999999999797,-1.9999999999997797
2004-07-28,1.2098,1.1993,1.2052,1.2045,15.000000000000568,-7.0000000000014495
2004-07-29,1.2123,1.2004,1.2041,1.2023,43.999999999999595,-18.000000000000238
2004-08-01,1.2094,1.2028,1.2058,1.2029,17.000000000000348,-28.999999999999027
2004-08-02,1.2077,1.1996,1.2025,1.2059,16.999999999998128,34.000000000000696
2004-08-03,1.2069,1.1971,1.2054,1.2049,28.999999999999027,-4.999999999999449
2004-08-04,1.2075,1.2021,1.2051,1.2063,13.000000000000789,11.999999999998678
2004-08-05,1.2293,1.2046,1.2061,1.2285,82.99999999999974,223.99999999999974
2004-08-08,1.2292,1.2248,1.229,1.2273,6.999999999999229,-17.000000000000348
2004-08-09,1.232,1.2228,1.2273,1.2238,24.000000000001798,-35.00000000000058
2004-08-10,1.225,1.2197,1.2229,1.2219,10.000000000001119,-10.000000000001119
2004-08-11,1.2305,1.2217,1.2224,1.2256,22.999999999999687,32.00000000000092
2004-08-12,1.2377,1.218,1.2251,1.2374,56.99999999999817,122.99999999999977
2004-08-15,1.2383,1.2318,1.2378,1.2363,21.999999999999797,-15.000000000000568
2004-08-16,1.2392,1.2312,1.2362,1.2356,37.00000000000037,-5.999999999999339
2004-08-17,1.2366,1.2285,1.2358,1.2339,11.000000000001009,-19.000000000000128
2004-08-18,1.2381,1.2327,1.2341,1.2367,22.999999999999687,25.999999999999357
2004-08-19,1.2383,1.2281,1.237,1.2312,9.999999999998899,-58.00000000000027
2004-08-22,1.2323,1.2134,1.2323,1.2147,20.000000000000018,-176.0000000000006
2004-08-23,1.215,1.206,1.2133,1.2082,10.000000000001119,-51.000000000001044
2004-08-24,1.2117,1.2056,1.2086,1.2087,24.999999999999467,1.0000000000021103
2004-08-25,1.2124,1.2045,1.2086,1.2103,15.999999999998238,17.000000000000348
2004-08-26,1.2137,1.2008,1.2107,1.2016,15.999999999998238,-91.00000000000108
2004-08-29,1.207,1.199,1.2023,1.2056,10.000000000001119,33.00000000000081
2004-08-30,1.2198,1.2045,1.206,1.2186,36.000000000000476,125.99999999999945
2004-08-31,1.2222,1.2146,1.2185,1.219,21.999999999999797,5.00000000000167
2004-09-01,1.2201,1.2143,1.2201,1.2174,18.000000000000238,-26.999999999999247
2004-09-02,1.22,1.2044,1.2175,1.2064,128.99999999999912,-111.0000000000011
2004-09-05,1.2081,1.2049,1.2069,1.2079,6.00000000000156,9.999999999998899
2004-09-06,1.2112,1.2058,1.2067,1.2107,7.0000000000014495,40.000000000000036
2004-09-07,1.2193,1.2028,1.2109,1.2183,20.000000000000018,73.99999999999851
2004-09-08,1.2216,1.2159,1.2185,1.2212,13.000000000000789,27.000000000001467
2004-09-09,1.2312,1.22,1.2227,1.2271,29.999999999998916,44.00000000000182
2004-09-12,1.229,1.2225,1.2268,1.2258,10.000000000001119,-9.999999999998899
2004-09-13,1.2296,1.2228,1.2262,1.2256,28.999999999999027,-5.999999999999339
2004-09-14,1.2263,1.2136,1.2252,1.2155,25.999999999999357,-97.00000000000043
2004-09-15,1.2199,1.2123,1.2153,1.2187,30.999999999998806,33.99999999999848
2004-09-16,1.2225,1.216,1.2186,1.2185,11.000000000001009,-0.9999999999998899
2004-09-19,1.2186,1.2127,1.2186,1.2176,6.999999999999229,-9.999999999998899
2004-09-20,1.2348,1.2168,1.2177,1.2339,45.999999999999375,161.99999999999991
2004-09-21,1.2334,1.2226,1.2333,1.2263,12.000000000000899,-70.00000000000117
2004-09-22,1.2335,1.2256,1.227,1.2273,14.000000000000679,2.9999999999996696
2004-09-23,1.2363,1.2239,1.227,1.2269,31.999999999998696,-0.9999999999998899
2004-09-25,1.2284,1.2284,1.2284,1.2284,0.0,0.0
2004-09-26,1.2315,1.225,1.2283,1.2298,8.00000000000134,15.000000000000568
2004-09-27,1.2349,1.2282,1.2307,1.2327,13.000000000000789,20.000000000000018
2004-09-28,1.2343,1.2291,1.2325,1.2335,17.000000000000348,10.000000000001119
2004-09-29,1.2445,1.2316,1.2331,1.244,19.000000000000128,108.99999999999909
2004-09-30,1.2441,1.2387,1.2435,1.2406,11.999999999998678,-29.000000000001247
2004-10-03,1.2393,1.226,1.2391,1.2287,11.999999999998678,-104.00000000000188
2004-10-04,1.233,1.2266,1.2293,1.2314,17.000000000000348,20.999999999999908
2004-10-05,1.2324,1.225,1.2312,1.2288,9.00000000000123,-24.000000000001798
2004-10-06,1.2316,1.2275,1.2291,1.2288,9.999999999998899,-3.00000000000189
2004-10-07,1.2434,1.2283,1.2288,1.241,16.00000000000046,122.0000000000021
2004-10-10,1.2427,1.2373,1.2423,1.238,5.999999999999339,-42.9999999999997
2004-10-11,1.2393,1.229,1.2384,1.2327,8.999999999999009,-57.000000000000384
2004-10-12,1.2357,1.2228,1.2333,1.2351,25.999999999999357,18.000000000000238
2004-10-13,1.2421,1.2324,1.2347,1.2387,33.00000000000081,40.000000000000036
2004-10-14,1.2507,1.2379,1.2385,1.2474,38.000000000000256,89.00000000000131
2004-10-17,1.2535,1.2464,1.2482,1.2497,8.999999999999009,15.000000000000568
2004-10-18,1.2528,1.2456,1.2497,1.2514,11.000000000001009,17.000000000000348
2004-10-19,1.2631,1.25,1.2518,1.259,26.999999999999247,71.99999999999874
2004-10-20,1.2653,1.2573,1.2585,1.262,22.999999999999687,35.00000000000058
2004-10-21,1.2685,1.26,1.2614,1.2678,15.000000000000568,63.999999999999616
2004-10-24,1.283,1.2697,1.2697,1.2809,15.000000000000568,111.99999999999876
2004-10-25,1.2844,1.2729,1.2815,1.2765,14.000000000000679,-50.00000000000115
2004-10-26,1.2814,1.2696,1.2756,1.2712,19.000000000000128,-43.999999999999595
2004-10-27,1.2768,1.2633,1.2709,1.2747,25.999999999999357,38.000000000000256
2004-10-28,1.28,1.2708,1.2748,1.2792,39.00000000000014,43.999999999999595
2004-10-31,1.2835,1.272,1.2805,1.2753,14.999999999998348,-51.999999999998714
2004-11-01,1.2759,1.2667,1.2756,1.2747,23.000000000001908,-9.00000000000123
2004-11-02,1.2833,1.2658,1.2746,1.2826,16.00000000000046,80.00000000000007
2004-11-03,1.2901,1.2794,1.2823,1.2873,14.000000000000679,50.00000000000115
2004-11-04,1.2972,1.2772,1.2873,1.2971,63.00000000000195,97.9999999999981
2004-11-07,1.2989,1.2907,1.2959,1.292,13.000000000000789,-39.00000000000014
2004-11-08,1.2941,1.2885,1.2916,1.2903,14.000000000000679,-13.000000000000789
2004-11-09,1.3008,1.2852,1.2901,1.2891,25.000000000001688,-10.000000000001119
2004-11-10,1.2923,1.2859,1.289,1.2908,8.999999999999009,18.000000000000238
2004-11-11,1.2991,1.2876,1.291,1.2976,14.000000000000679,66.00000000000162
2004-11-14,1.3,1.2919,1.298,1.2949,12.999999999998568,-31.000000000001027
2004-11-15,1.2997,1.2922,1.2954,1.2959,17.000000000000348,4.999999999999449
2004-11-16,1.305,1.2954,1.2958,1.304,17.000000000000348,81.99999999999986
2004-11-17,1.3075,1.2942,1.3037,1.2963,12.000000000000899,-74.00000000000074
2004-11-18,1.3071,1.2942,1.2962,1.3023,19.000000000000128,60.99999999999994
2004-11-20,1.3041,1.3023,1.3023,1.3041,18.000000000000238,18.000000000000238
2004-11-21,1.3054,1.3013,1.3042,1.305,9.999999999998899,7.999999999999119
2004-11-22,1.3108,1.2979,1.3048,1.3088,17.000000000000348,40.000000000000036
2004-11-23,1.3192,1.3083,1.3089,1.319,15.000000000000568,100.99999999999997
2004-11-24,1.3244,1.3165,1.3189,1.3241,8.999999999999009,52.00000000000094
2004-11-25,1.3331,1.3186,1.3241,1.3295,61.99999999999983,53.999999999998494
2004-11-26,1.3295,1.3295,1.3295,1.3295,0.0,0.0
2004-11-28,1.3307,1.3232,1.3269,1.3283,10.000000000001119,14.000000000000679
2004-11-29,1.3338,1.3234,1.3285,1.328,20.999999999999908,-4.999999999999449
2004-11-30,1.3361,1.3277,1.3281,1.3345,19.000000000000128,63.999999999999616
2004-12-01,1.3385,1.3239,1.3344,1.3273,17.000000000000348,-71.00000000000107
2004-12-02,1.3462,1.3259,1.3272,1.3454,58.00000000000027,181.99999999999994
2004-12-03,1.3459,1.3454,1.3455,1.3457,5.00000000000167,1.9999999999997797
2004-12-05,1.3457,1.3391,1.3445,1.3409,11.000000000001009,-36.000000000000476
2004-12-06,1.347,1.3394,1.341,1.342,10.000000000001119,10.000000000001119
2004-12-07,1.3436,1.3196,1.3422,1.3339,20.999999999999908,-82.99999999999974
2004-12-08,1.3364,1.3253,1.334,1.3313,15.000000000000568,-27.000000000001467
2004-12-09,1.332,1.3143,1.3312,1.3226,23.000000000001908,-85.9999999999994
2004-12-11,1.32,1.3199,1.32,1.3199,0.9999999999998899,-0.9999999999998899
2004-12-12,1.3328,1.319,1.3198,1.3313,24.999999999999467,114.99999999999844
2004-12-13,1.334,1.3262,1.3312,1.3298,24.000000000001798,-13.999999999998458
2004-12-14,1.3444,1.3264,1.33,1.3393,27.999999999999137,92.99999999999864
2004-12-15,1.3431,1.3205,1.3394,1.3245,19.000000000000128,-148.99999999999915
2004-12-16,1.3319,1.3229,1.3243,1.3312,13.000000000000789,68.99999999999906
2004-12-17,1.3312,1.3312,1.3312,1.3312,0.0,0.0
2004-12-18,1.3312,1.3312,1.3312,1.3312,0.0,0.0
2004-12-19,1.3411,1.33,1.3332,1.3397,13.000000000000789,64.9999999999995
2004-12-20,1.341,1.3354,1.3396,1.3374,16.00000000000046,-21.999999999999797
2004-12-21,1.3406,1.3346,1.3373,1.3392,12.000000000000899,19.000000000000128
2004-12-22,1.352,1.3383,1.3391,1.3518,20.999999999999908,126.99999999999933
2004-12-23,1.355,1.3487,1.3517,1.3531,11.000000000001009,14.000000000000679
2004-12-24,1.3531,1.3531,1.3531,1.3531,0.0,0.0
2004-12-25,1.3531,1.3531,1.3531,1.3531,0.0,0.0
2004-12-26,1.3642,1.3517,1.3531,1.3621,18.000000000000238,90.0000000000012
2004-12-27,1.3646,1.3593,1.3621,1.3616,10.999999999998789,-5.00000000000167
2004-12-28,1.365,1.3559,1.3615,1.361,11.000000000001009,-4.999999999999449
2004-12-29,1.3667,1.3577,1.3611,1.3637,15.000000000000568,25.999999999999357
2004-12-30,1.3662,1.3514,1.3636,1.3555,23.999999999999577,-80.99999999999996
2005-01-02,1.3576,1.3441,1.3555,1.3467,89.99999999999898,-87.99999999999919
2005-01-03,1.3497,1.3252,1.3468,1.328,17.000000000000348,-187.9999999999993
2005-01-04,1.3303,1.3216,1.3281,1.3263,15.000000000000568,-18.000000000000238
2005-01-05,1.3284,1.3158,1.3264,1.3173,13.000000000000789,-91.00000000000108
2005-01-06,1.3251,1.3028,1.3172,1.3053,58.99999999999794,-119.00000000000021
2005-01-07,1.3053,1.3053,1.3053,1.3053,0.0,0.0
2005-01-08,1.3066,1.3053,1.3053,1.3066,0.9999999999998899,13.000000000000789
2005-01-09,1.3124,1.3054,1.3065,1.3077,10.999999999998789,12.000000000000899
2005-01-10,1.3173,1.3069,1.3078,1.3107,20.000000000000018,28.999999999999027
2005-01-11,1.3295,1.3084,1.3108,1.3258,54.99999999999838,150.00000000000125
2005-01-12,1.3268,1.3195,1.3259,1.3225,19.000000000000128,-34.000000000000696
2005-01-13,1.3225,1.3058,1.3224,1.3113,25.999999999999357,-111.0000000000011
2005-01-14,1.3119,1.3111,1.3111,1.3118,6.00000000000156,7.0000000000014495
2005-01-15,1.3118,1.3101,1.3118,1.3107,0.9999999999998899,-11.000000000001009
2005-01-16,1.3129,1.3062,1.3108,1.3068,6.999999999999229,-40.000000000000036
2005-01-17,1.3076,1.2997,1.3067,1.3022,37.00000000000037,-44.99999999999949
2005-01-18,1.3119,1.2965,1.3021,1.3012,18.000000000000238,-9.00000000000123
2005-01-19,1.3027,1.2924,1.3011,1.2964,12.999999999998568,-46.99999999999926
2005-01-20,1.3069,1.2935,1.2963,1.3049,10.000000000001119,85.9999999999994
2005-01-21,1.3049,1.3049,1.3049,1.3049,0.0,0.0
2005-01-22,1.3049,1.3044,1.3049,1.3045,0.9999999999998899,-3.9999999999995595
2005-01-23,1.31,1.303,1.3044,1.3061,14.000000000000679,17.000000000000348
2005-01-24,1.3076,1.2947,1.306,1.2977,12.000000000000899,-82.99999999999974
2005-01-25,1.3109,1.2969,1.2978,1.3076,15.000000000000568,98.00000000000031
2005-01-26,1.3125,1.3013,1.3077,1.3048,49.000000000001265,-29.000000000001247
2005-01-27,1.3081,1.2988,1.3046,1.3044,23.999999999999577,-1.9999999999997797
2005-01-28,1.3044,1.3044,1.3044,1.3044,0.0,0.0
2005-01-29,1.3044,1.3035,1.3044,1.3037,0.9999999999998899,-6.999999999999229
2005-01-30,1.3061,1.2977,1.3036,1.304,18.000000000000238,3.9999999999995595
2005-01-31,1.3069,1.3004,1.3039,1.3048,12.000000000000899,8.999999999999009
2005-02-01,1.3094,1.3012,1.3049,1.3027,13.999999999998458,-21.999999999999797
2005-02-02,1.3039,1.2944,1.3028,1.2978,16.00000000000046,-49.999999999998934
2005-02-03,1.3045,1.2869,1.2977,1.2873,64.9999999999995,-103.99999999999964
2005-02-06,1.2866,1.2734,1.2832,1.2759,13.999999999998458,-72.99999999999862
2005-02-07,1.2799,1.2735,1.276,1.2765,16.999999999998128,4.999999999999449
2005-02-08,1.2815,1.2741,1.2766,1.2806,16.00000000000046,40.000000000000036
2005-02-09,1.2908,1.274,1.2805,1.2876,25.999999999999357,71.00000000000107
2005-02-10,1.2898,1.2848,1.2877,1.2869,10.000000000001119,-8.00000000000134
2005-02-11,1.2869,1.2869,1.2869,1.2869,0.0,0.0
2005-02-12,1.2885,1.2869,1.2869,1.2879,5.999999999999339,10.000000000001119
2005-02-13,1.2991,1.2879,1.2879,1.2977,17.000000000000348,98.00000000000031
2005-02-14,1.3054,1.2954,1.2976,1.3027,18.000000000000238,50.99999999999882
2005-02-15,1.3065,1.2961,1.3028,1.3033,20.000000000000018,4.999999999999449
2005-02-16,1.309,1.3016,1.3034,1.3073,15.000000000000568,39.00000000000014
2005-02-17,1.3084,1.3016,1.3074,1.3076,21.999999999999797,2.000000000002
2005-02-18,1.3076,1.3076,1.3076,1.3076,0.0,0.0
2005-02-19,1.3076,1.3048,1.3076,1.3049,0.9999999999998899,-27.000000000001467
2005-02-20,1.308,1.3035,1.3048,1.3068,6.00000000000156,20.000000000000018
2005-02-21,1.3263,1.3057,1.3072,1.326,18.000000000000238,188.0000000000015
2005-02-22,1.3276,1.3186,1.3261,1.3217,14.000000000000679,-43.999999999999595
2005-02-23,1.3271,1.3179,1.3218,1.3199,13.000000000000789,-19.000000000000128
2005-02-24,1.325,1.3148,1.3199,1.3249,20.000000000000018,49.999999999998934
2005-02-25,1.3249,1.3249,1.3249,1.3249,0.0,0.0
2005-02-26,1.3249,1.3249,1.3249,1.3249,0.0,0.0
2005-02-27,1.3281,1.3222,1.3246,1.3231,11.000000000001009,-15.000000000000568
2005-02-28,1.3234,1.317,1.3229,1.319,19.000000000000128,-39.00000000000014
2005-03-01,1.3191,1.309,1.3191,1.3146,13.999999999998458,-44.99999999999949
2005-03-02,1.3168,1.3098,1.3145,1.3111,13.999999999998458,-34.000000000000696
2005-03-03,1.3255,1.309,1.3111,1.3245,49.000000000001265,134.0000000000008
2005-03-04,1.3245,1.3245,1.3245,1.3245,0.0,0.0
2005-03-06,1.325,1.3181,1.324,1.3214,8.00000000000134,-26.000000000001577
2005-03-07,1.3363,1.321,1.3224,1.3347,17.000000000000348,122.99999999999977
2005-03-08,1.3424,1.3333,1.3349,1.3393,13.000000000000789,43.999999999999595
2005-03-09,1.3458,1.3373,1.3397,1.3421,23.000000000001908,24.000000000001798
2005-03-10,1.3481,1.3396,1.3427,1.3457,24.000000000001798,29.999999999998916
2005-03-13,1.3478,1.3337,1.3465,1.3368,10.000000000001119,-97.00000000000043
2005-03-14,1.3412,1.3299,1.3368,1.3311,40.99999999999993,-57.000000000000384
2005-03-15,1.344,1.3293,1.3307,1.3422,18.000000000000238,115.00000000000065
2005-03-16,1.3424,1.3344,1.3422,1.3377,10.999999999998789,-45.000000000001705
2005-03-17,1.3387,1.3267,1.3375,1.3321,17.000000000000348,-53.999999999998494
2005-03-20,1.3318,1.3142,1.3312,1.3157,16.00000000000046,-154.99999999999847
2005-03-21,1.3224,1.3056,1.3168,1.3085,30.000000000001137,-82.99999999999974
2005-03-22,1.3089,1.2963,1.307,1.2986,31.000000000001027,-83.99999999999963
2005-03-23,1.3034,1.2936,1.2989,1.2941,13.000000000000789,-47.999999999999154
2005-03-24,1.2971,1.2931,1.2946,1.296,9.00000000000123,14.000000000000679
2005-03-27,1.2958,1.2859,1.2957,1.2896,15.000000000000568,-60.99999999999994
2005-03-28,1.2958,1.2878,1.2893,1.2929,13.000000000000789,36.000000000000476
2005-03-29,1.2985,1.2914,1.2941,1.2917,12.000000000000899,-23.999999999999577
2005-03-30,1.3019,1.2914,1.2919,1.2965,18.999999999997907,45.999999999999375
2005-03-31,1.3058,1.2873,1.2963,1.2908,87.00000000000152,-55.000000000000604
2005-04-03,1.2906,1.2821,1.2895,1.285,9.00000000000123,-45.000000000001705
2005-04-04,1.2879,1.2802,1.2852,1.2874,10.999999999998789,22.000000000002018
2005-04-05,1.2912,1.2842,1.2861,1.2873,10.000000000001119,12.000000000000899
2005-04-06,1.2941,1.2848,1.2872,1.2856,12.000000000000899,-15.999999999998238
2005-04-07,1.2934,1.2811,1.2857,1.2933,10.999999999998789,75.9999999999983
2005-04-10,1.3004,1.291,1.2933,1.2975,11.000000000001009,42.00000000000203
2005-04-11,1.3016,1.2865,1.2973,1.2922,28.000000000001357,-50.99999999999882
2005-04-12,1.2957,1.2851,1.2926,1.2919,20.999999999999908,-6.999999999999229
2005-04-13,1.2923,1.2769,1.2919,1.281,22.999999999999687,-109.00000000000132
2005-04-14,1.2942,1.2781,1.281,1.2921,38.000000000000256,111.0000000000011
2005-04-17,1.3046,1.2878,1.2915,1.3027,13.000000000000789,111.99999999999876
2005-04-18,1.3079,1.2984,1.3018,1.3066,18.000000000000238,47.999999999999154
2005-04-19,1.3105,1.2994,1.3059,1.309,22.999999999999687,30.999999999998806
2005-04-20,1.3125,1.3028,1.3086,1.3052,23.999999999999577,-34.000000000000696
2005-04-21,1.3094,1.3023,1.3059,1.3065,9.00000000000123,5.999999999999339
2005-04-24,1.3071,1.2955,1.3064,1.3002,15.000000000000568,-61.99999999999983
2005-04-25,1.3015,1.2947,1.3001,1.2988,13.999999999998458,-13.000000000000789
2005-04-26,1.2996,1.2907,1.299,1.2935,14.000000000000679,-54.99999999999838
2005-04-27,1.2943,1.2884,1.2931,1.2896,31.999999999998696,-34.999999999998366
2005-04-28,1.298,1.2856,1.2898,1.2866,14.999999999998348,-32.00000000000092
2005-05-01,1.2876,1.2839,1.2866,1.2864,7.999999999999119,-1.9999999999997797
2005-05-02,1.2916,1.2833,1.2865,1.2877,26.999999999999247,12.000000000000899
2005-05-03,1.2974,1.2871,1.2872,1.2946,18.000000000000238,74.00000000000074
2005-05-04,1.2992,1.2928,1.2949,1.2958,15.000000000000568,9.00000000000123
2005-05-05,1.2966,1.2813,1.2961,1.2821,52.99999999999861,-140.0000000000001
2005-05-08,1.285,1.2792,1.2819,1.2845,7.999999999999119,25.999999999999357
2005-05-09,1.2891,1.2817,1.2867,1.288,10.000000000001119,13.000000000000789
2005-05-10,1.2912,1.278,1.2885,1.2815,42.9999999999997,-69.99999999999895
2005-05-11,1.2818,1.2685,1.2806,1.2696,50.00000000000115,-109.99999999999899
2005-05-12,1.2691,1.2611,1.2671,1.2627,10.999999999998789,-43.999999999999595
2005-05-15,1.2651,1.2583,1.263,1.2647,21.999999999999797,17.000000000000348
2005-05-16,1.2667,1.2597,1.2635,1.2609,14.000000000000679,-26.000000000001577
2005-05-17,1.2691,1.2589,1.2605,1.2682,25.999999999999357,77.0000000000004
2005-05-18,1.2691,1.2606,1.268,1.2642,16.00000000000046,-38.000000000000256
2005-05-19,1.2656,1.2536,1.2647,1.2566,10.000000000001119,-80.99999999999996
2005-05-22,1.2599,1.2537,1.2552,1.2583,6.999999999999229,30.999999999998806
2005-05-23,1.263,1.256,1.2579,1.2586,12.000000000000899,6.999999999999229
2005-05-24,1.262,1.2554,1.2584,1.2603,11.000000000001009,19.000000000000128
2005-05-25,1.2616,1.2497,1.2602,1.2509,13.000000000000789,-93.00000000000085
2005-05-26,1.2591,1.2509,1.2514,1.258,11.000000000001009,65.99999999999939
2005-05-29,1.2547,1.2467,1.2529,1.2477,16.00000000000046,-51.999999999998714
2005-05-30,1.2489,1.2298,1.2482,1.2308,25.000000000001688,-174.00000000000082
2005-05-31,1.2341,1.2162,1.231,1.2181,19.000000000000128,-129.00000000000134
2005-06-01,1.2298,1.2184,1.2199,1.2274,12.000000000000899,75.00000000000063
2005-06-02,1.2341,1.2208,1.2276,1.2232,56.0000000000005,-43.999999999999595
2005-06-04,1.2231,1.2231,1.2231,1.2231,0.0,0.0
2005-06-05,1.2296,1.2222,1.2231,1.2264,9.00000000000123,32.999999999998586
2005-06-06,1.2315,1.2241,1.2262,1.2286,9.999999999998899,23.999999999999577
2005-06-07,1.2355,1.2209,1.2288,1.2235,14.999999999998348,-52.99999999999861
2005-06-08,1.226,1.2177,1.224,1.223,20.000000000000018,-9.999999999998899
2005-06-09,1.225,1.2109,1.2232,1.212,39.00000000000014,-112.000000000001
2005-06-12,1.2122,1.2029,1.211,1.2112,19.000000000000128,1.9999999999997797
2005-06-13,1.2153,1.2023,1.2114,1.2033,20.000000000000018,-80.99999999999996
2005-06-14,1.2134,1.2018,1.2033,1.212,11.999999999998678,86.9999999999993
2005-06-15,1.2169,1.2059,1.2121,1.2108,19.000000000000128,-12.999999999998568
2005-06-16,1.2287,1.2093,1.211,1.2284,22.999999999999687,173.9999999999986
2005-06-19,1.224,1.2125,1.222,1.2151,15.000000000000568,-68.99999999999906
2005-06-20,1.2187,1.2073,1.2148,1.2185,18.999999999997907,36.999999999998145
2005-06-21,1.2207,1.2101,1.2177,1.2127,20.000000000000018,-50.00000000000115
2005-06-22,1.2146,1.202,1.2128,1.2044,12.999999999998568,-84.00000000000185
2005-06-23,1.2109,1.1984,1.204,1.2103,28.000000000001357,62.99999999999972
2005-06-26,1.2187,1.2092,1.2095,1.2161,12.000000000000899,65.99999999999939
2005-06-27,1.2177,1.2053,1.2171,1.2054,9.00000000000123,-117.00000000000044
2005-06-28,1.2113,1.2018,1.2064,1.2071,18.000000000000238,7.0000000000014495
2005-06-29,1.2121,1.2046,1.2072,1.2105,14.000000000000679,32.999999999998586
2005-07-03,1.195,1.1893,1.1945,1.1901,14.000000000000679,-43.999999999999595
2005-07-04,1.194,1.187,1.1908,1.1915,12.999999999998568,6.999999999999229
2005-07-05,1.1953,1.1895,1.1919,1.1932,12.000000000000899,13.000000000000789
2005-07-06,1.2039,1.1911,1.1934,1.1949,26.999999999999247,15.000000000000568
2005-07-07,1.199,1.1877,1.1955,1.1969,40.99999999999993,14.000000000000679
2005-07-10,1.2088,1.1958,1.197,1.2074,13.000000000000789,103.99999999999964
2005-07-11,1.2257,1.2055,1.2076,1.2242,16.00000000000046,165.9999999999995
2005-07-12,1.2245,1.2075,1.2244,1.2092,37.00000000000037,-151.9999999999988
2005-07-13,1.2126,1.206,1.2095,1.2086,15.999999999998238,-9.00000000000123
2005-07-14,1.2138,1.2025,1.2085,1.2044,26.000000000001577,-40.99999999999993
2005-07-17,1.2091,1.2024,1.2031,1.2054,13.000000000000789,22.999999999999687
2005-07-18,1.2067,1.1956,1.2055,1.2036,10.999999999998789,-19.000000000000128
2005-07-19,1.219,1.1999,1.204,1.2144,23.999999999999577,103.99999999999964
2005-07-20,1.2257,1.2101,1.2147,1.2171,27.000000000001467,24.000000000001798
2005-07-21,1.2192,1.2056,1.2171,1.206,17.999999999998018,-111.0000000000011
2005-07-24,1.209,1.2029,1.206,1.206,9.999999999998899,0.0
2005-07-25,1.207,1.1982,1.2062,1.2015,14.999999999998348,-46.99999999999926
2005-07-26,1.2085,1.1968,1.2017,1.2075,17.000000000000348,58.00000000000027
2005-07-27,1.215,1.2038,1.2074,1.2137,20.000000000000018,62.99999999999972
2005-07-28,1.2162,1.2077,1.2135,1.213,19.000000000000128,-4.999999999999449
2005-07-31,1.2252,1.2121,1.2128,1.2183,17.000000000000348,54.99999999999838
2005-08-01,1.2255,1.2173,1.2181,1.2194,22.999999999999687,13.000000000000789
2005-08-02,1.2345,1.2151,1.2202,1.2338,20.000000000000018,136.00000000000057
2005-08-03,1.2404,1.2301,1.2344,1.2386,14.000000000000679,41.999999999999815
2005-08-04,1.2398,1.2315,1.2387,1.2355,20.999999999999908,-31.999999999998696
2005-08-07,1.2392,1.2318,1.236,1.2352,10.999999999998789,-7.999999999999119
2005-08-08,1.2416,1.2332,1.2353,1.2371,21.999999999999797,18.000000000000238
2005-08-09,1.2427,1.2339,1.2371,1.2379,16.00000000000046,7.999999999999119
2005-08-10,1.2477,1.238,1.2388,1.2473,15.000000000000568,85.00000000000173
2005-08-11,1.2487,1.2386,1.2473,1.244,20.000000000000018,-33.00000000000081
2005-08-14,1.2468,1.2347,1.2465,1.2369,15.999999999998238,-95.99999999999831
2005-08-15,1.2375,1.2298,1.2371,1.2366,12.000000000000899,-5.00000000000167
2005-08-16,1.237,1.2264,1.2364,1.2274,12.000000000000899,-89.99999999999898
2005-08-17,1.2295,1.2161,1.2276,1.2178,11.000000000001009,-98.00000000000031
2005-08-18,1.2195,1.2129,1.2178,1.2167,9.999999999998899,-11.000000000001009
2005-08-21,1.2244,1.2159,1.2167,1.2231,12.000000000000899,64.00000000000183
2005-08-22,1.2256,1.2194,1.2229,1.2237,12.000000000000899,7.999999999999119
2005-08-23,1.2283,1.2164,1.2234,1.2274,20.000000000000018,40.000000000000036
2005-08-24,1.233,1.2258,1.2271,1.2303,13.000000000000789,31.999999999998696
2005-08-25,1.2343,1.2274,1.2301,1.2285,18.000000000000238,-16.00000000000046
2005-08-28,1.2349,1.2219,1.2298,1.2236,10.000000000001119,-61.99999999999983
2005-08-29,1.2239,1.2173,1.2232,1.2222,18.000000000000238,-10.000000000001119
2005-08-30,1.2359,1.2192,1.2222,1.2349,17.000000000000348,127.00000000000156
2005-08-31,1.2525,1.2329,1.2345,1.2503,20.999999999999908,158.00000000000037
2005-09-01,1.2591,1.247,1.2503,1.2542,29.999999999998916,39.00000000000014
2005-09-04,1.2587,1.2514,1.2541,1.2519,23.999999999999577,-21.999999999999797
2005-09-05,1.2528,1.2445,1.2528,1.247,15.999999999998238,-57.99999999999805
2005-09-06,1.254,1.2408,1.2466,1.2418,17.000000000000348,-47.999999999999154
2005-09-07,1.2453,1.2385,1.2417,1.24,12.999999999998568,-17.000000000000348
2005-09-08,1.246,1.2376,1.2404,1.2418,14.000000000000679,14.000000000000679
2005-09-11,1.2418,1.2274,1.2407,1.2285,23.999999999999577,-121.99999999999989
2005-09-12,1.2318,1.2247,1.2281,1.2271,17.000000000000348,-9.999999999998899
2005-09-13,1.2334,1.2259,1.2265,1.2289,20.999999999999908,24.000000000001798
2005-09-14,1.229,1.2196,1.2289,1.2225,27.999999999999137,-64.00000000000183
2005-09-15,1.231,1.2201,1.2223,1.2233,20.999999999999908,10.000000000001119
2005-09-18,1.2178,1.2103,1.2171,1.2141,12.000000000000899,-30.000000000001137
2005-09-19,1.2193,1.2113,1.2141,1.2117,18.000000000000238,-23.999999999999577
2005-09-20,1.2242,1.2113,1.2118,1.2217,13.000000000000789,99.0000000000002
2005-09-21,1.2271,1.2133,1.2217,1.2155,15.000000000000568,-61.99999999999983
2005-09-22,1.2165,1.2043,1.2153,1.2043,34.999999999998366,-110.00000000000121
2005-09-25,1.2083,1.2011,1.2032,1.2075,10.999999999998789,42.9999999999997
2005-09-26,1.2084,1.1979,1.2074,1.2015,16.00000000000046,-59.00000000000016
2005-09-27,1.2056,1.1994,1.2018,1.2039,16.00000000000046,20.999999999999908
2005-09-28,1.2078,1.2006,1.2042,1.2034,11.999999999998678,-7.999999999999119
2005-09-29,1.2093,1.1998,1.2038,1.2026,16.00000000000046,-12.000000000000899
2005-10-02,1.2035,1.1903,1.2026,1.192,17.000000000000348,-105.99999999999943
2005-10-03,1.195,1.1901,1.1925,1.192,11.000000000001009,-4.999999999999449
2005-10-04,1.199,1.1918,1.1921,1.1972,12.000000000000899,51.000000000001044
2005-10-05,1.2205,1.1976,1.1976,1.2183,20.000000000000018,206.9999999999994
2005-10-06,1.2192,1.2093,1.2187,1.2125,37.99999999999804,-61.99999999999983
2005-10-09,1.2154,1.2041,1.2118,1.2068,10.999999999998789,-49.999999999998934
2005-10-10,1.2075,1.1978,1.2073,1.1994,10.000000000001119,-79.00000000000018
2005-10-11,1.2053,1.1954,1.1995,1.2026,12.000000000000899,30.999999999998806
2005-10-12,1.2041,1.1916,1.2024,1.2025,21.000000000002128,0.9999999999998899
2005-10-13,1.2109,1.1982,1.2025,1.2085,23.999999999999577,60.00000000000006
2005-10-16,1.2123,1.2012,1.2086,1.2025,14.999999999998348,-60.99999999999994
2005-10-17,1.203,1.1918,1.203,1.1961,20.000000000000018,-69.00000000000128
2005-10-18,1.2006,1.1876,1.1963,1.1994,20.000000000000018,31.000000000001027
2005-10-19,1.2026,1.195,1.1994,1.2024,12.000000000000899,29.999999999998916
2005-10-20,1.2079,1.1931,1.2018,1.1952,16.00000000000046,-65.99999999999939
2005-10-23,1.2022,1.1923,1.1939,1.1989,18.000000000000238,50.00000000000115
2005-10-24,1.212,1.1939,1.1983,1.2108,17.000000000000348,125.00000000000178
2005-10-25,1.2139,1.205,1.2109,1.2067,11.000000000001009,-41.999999999999815
2005-10-26,1.2174,1.2043,1.2068,1.2143,13.999999999998458,74.99999999999841
2005-10-27,1.2171,1.2051,1.2143,1.2068,15.000000000000568,-74.99999999999841
2005-10-30,1.209,1.1971,1.2062,1.1994,11.000000000001009,-67.99999999999918
2005-10-31,1.2034,1.1973,1.1991,1.2023,16.00000000000046,31.999999999998696
2005-11-01,1.2086,1.1991,1.2024,1.2075,12.000000000000899,51.000000000001044
2005-11-02,1.2083,1.1938,1.2078,1.1945,18.000000000000238,-133.0000000000009
2005-11-03,1.1996,1.1804,1.1947,1.1823,32.00000000000092,-124.00000000000189
2005-11-06,1.1834,1.1777,1.1813,1.1806,14.000000000000679,-6.999999999999229
2005-11-07,1.1804,1.1711,1.1801,1.1781,22.999999999999687,-20.000000000000018
2005-11-08,1.1795,1.172,1.1786,1.1766,13.000000000000789,-20.000000000000018
2005-11-09,1.18,1.168,1.1766,1.1687,30.999999999998806,-79.00000000000018
2005-11-10,1.1734,1.1673,1.1688,1.1725,8.00000000000134,37.00000000000037
2005-11-13,1.1774,1.1662,1.1723,1.1687,17.000000000000348,-35.99999999999825
2005-11-14,1.173,1.1641,1.169,1.172,15.000000000000568,29.999999999998916
2005-11-15,1.1739,1.1648,1.1721,1.167,27.999999999999137,-50.99999999999882
2005-11-16,1.1764,1.1645,1.1673,1.1752,12.000000000000899,79.00000000000018
2005-11-17,1.1796,1.1666,1.1752,1.1775,23.999999999999577,22.999999999999687
2005-11-20,1.1839,1.1721,1.1774,1.1728,31.000000000001027,-45.999999999999375
2005-11-21,1.1829,1.1688,1.1731,1.1818,22.999999999999687,86.9999999999993
2005-11-22,1.1868,1.1766,1.1817,1.1824,28.000000000001357,6.999999999999229
2005-11-23,1.1825,1.1783,1.1821,1.1789,10.000000000001119,-31.999999999998696
2005-11-24,1.1782,1.1712,1.1781,1.1726,11.999999999998678,-54.99999999999838
2005-11-27,1.1905,1.1684,1.1715,1.1851,16.00000000000046,136.00000000000057
2005-11-28,1.1864,1.174,1.1851,1.1779,22.999999999999687,-72.00000000000095
2005-11-29,1.1805,1.1755,1.1778,1.1791,11.000000000001009,13.000000000000789
2005-11-30,1.1806,1.1693,1.1793,1.1737,20.000000000000018,-56.0000000000005
2005-12-01,1.175,1.1664,1.1736,1.1719,25.999999999999357,-17.000000000000348
2005-12-04,1.1822,1.169,1.1703,1.1791,16.00000000000046,88.0000000000014
2005-12-05,1.1809,1.1757,1.1794,1.1782,10.999999999998789,-12.000000000000899
2005-12-06,1.1805,1.1707,1.1784,1.1725,9.999999999998899,-58.99999999999794
2005-12-07,1.1851,1.1706,1.1726,1.1821,12.000000000000899,94.99999999999842
2005-12-08,1.1838,1.1768,1.1822,1.1814,9.00000000000123,-7.999999999999119
2005-12-11,1.1985,1.178,1.1784,1.1956,22.000000000002018,172.00000000000105
2005-12-12,1.1989,1.1909,1.196,1.1945,29.999999999998916,-15.000000000000568
2005-12-13,1.2108,1.1933,1.194,1.2003,100.99999999999997,62.99999999999972
2005-12-14,1.2041,1.1936,1.1997,1.198,18.000000000000238,-17.000000000000348
2005-12-15,1.2028,1.1937,1.1982,1.2015,10.999999999998789,33.00000000000081
2005-12-18,1.2041,1.1977,1.2029,1.2009,11.000000000001009,-20.000000000000018
2005-12-19,1.2015,1.1841,1.2006,1.186,11.000000000001009,-145.99999999999946
2005-12-20,1.1914,1.1803,1.1862,1.1836,14.000000000000679,-25.999999999999357
2005-12-21,1.1898,1.1811,1.184,1.187,8.00000000000134,30.000000000001137
2005-12-22,1.1887,1.183,1.1869,1.1878,16.999999999998128,8.999999999999009
2005-12-26,1.1878,1.1828,1.1839,1.183,8.999999999999009,-8.999999999999009
2005-12-27,1.1934,1.1814,1.1833,1.1834,24.999999999999467,0.9999999999998899
2005-12-28,1.1885,1.1822,1.184,1.1843,15.000000000000568,2.9999999999996696
2006-01-02,1.2031,1.1815,1.1815,1.2018,17.000000000000348,202.99999999999986
2006-01-03,1.2147,1.2007,1.2012,1.2122,18.000000000000238,109.99999999999899
2006-01-04,1.2123,1.2067,1.2117,1.211,12.999999999998568,-6.999999999999229
2006-01-05,1.2182,1.2083,1.2108,1.2153,45.999999999999375,44.99999999999949
2006-01-08,1.2155,1.2054,1.2149,1.209,13.000000000000789,-59.00000000000016
2006-01-09,1.2111,1.2039,1.2087,1.2067,14.000000000000679,-20.000000000000018
2006-01-10,1.2147,1.2046,1.2063,1.2129,10.999999999998789,66.00000000000162
2006-01-11,1.2165,1.2009,1.2129,1.2036,20.000000000000018,-93.00000000000085
2006-01-12,1.2145,1.2027,1.2037,1.2136,16.00000000000046,99.0000000000002
2006-01-15,1.2177,1.2109,1.2151,1.2125,10.000000000001119,-26.000000000001577
2006-01-16,1.2143,1.2052,1.2127,1.2106,14.999999999998348,-20.999999999999908
2006-01-17,1.2161,1.2072,1.2104,1.2116,19.000000000000128,12.000000000000899
2006-01-18,1.2127,1.2054,1.2113,1.2098,12.999999999998568,-15.000000000000568
2006-01-19,1.2142,1.2042,1.2098,1.2141,22.999999999999687,42.9999999999997
2006-01-22,1.2314,1.214,1.2145,1.2306,40.000000000000036,161.00000000000003
2006-01-23,1.2324,1.2259,1.23,1.2282,12.999999999998568,-18.000000000000238
2006-01-24,1.2326,1.2238,1.2275,1.2244,12.000000000000899,-31.000000000001027
2006-01-25,1.227,1.22,1.2243,1.2208,16.00000000000046,-34.999999999998366
2006-01-26,1.2236,1.2087,1.2209,1.2105,32.999999999998586,-104.00000000000188
2006-01-29,1.2117,1.2066,1.2109,1.2091,13.000000000000789,-18.000000000000238
2006-01-30,1.2192,1.208,1.2093,1.2158,22.999999999999687,64.9999999999995
2006-01-31,1.2164,1.205,1.2153,1.2068,12.000000000000899,-84.99999999999952
2006-02-01,1.2111,1.2033,1.2069,1.2094,15.000000000000568,24.999999999999467
2006-02-02,1.2114,1.197,1.2101,1.2026,23.999999999999577,-75.00000000000063
2006-02-05,1.2048,1.1948,1.2039,1.1968,13.000000000000789,-70.99999999999883
2006-02-06,1.2017,1.1945,1.1962,1.1981,12.000000000000899,19.000000000000128
2006-02-07,1.1996,1.1925,1.1987,1.1965,12.000000000000899,-22.000000000002018
2006-02-08,1.1997,1.1949,1.1967,1.1981,10.000000000001119,13.999999999998458
2006-02-09,1.2026,1.1894,1.1982,1.1902,27.999999999999137,-80.00000000000007
2006-02-12,1.192,1.1879,1.1902,1.1901,9.00000000000123,-0.9999999999998899
2006-02-13,1.1925,1.1861,1.1899,1.1918,19.000000000000128,19.000000000000128
2006-02-14,1.1955,1.1871,1.1918,1.1889,20.999999999999908,-28.999999999999027
2006-02-15,1.191,1.1852,1.1892,1.1906,8.00000000000134,14.000000000000679
2006-02-16,1.1945,1.1862,1.1903,1.1937,21.999999999999797,34.000000000000696
2006-02-19,1.1978,1.1925,1.1934,1.194,19.000000000000128,5.999999999999339
2006-02-20,1.1944,1.1892,1.194,1.1916,6.999999999999229,-23.999999999999577
2006-02-21,1.1931,1.1865,1.1912,1.1912,14.999999999998348,0.0
2006-02-22,1.1971,1.1894,1.1915,1.1919,12.000000000000899,3.9999999999995595
2006-02-23,1.1937,1.1865,1.1921,1.1876,12.000000000000899,-44.99999999999949
2006-02-26,1.188,1.1827,1.1876,1.1845,13.000000000000789,-30.999999999998806
2006-02-27,1.1943,1.1836,1.1846,1.1924,11.999999999998678,77.99999999999807
2006-02-28,1.1977,1.1891,1.1926,1.192,9.999999999998899,-6.00000000000156
2006-03-01,1.2047,1.1916,1.1919,1.204,14.999999999998348,121.0
2006-03-02,1.2053,1.1997,1.2041,1.2042,16.00000000000046,0.9999999999998899
2006-03-05,1.2094,1.1992,1.2049,1.2017,16.00000000000046,-32.00000000000092
2006-03-06,1.2025,1.1871,1.2019,1.1887,18.000000000000238,-131.99999999999878
2006-03-07,1.1944,1.1874,1.1889,1.1929,7.999999999999119,40.000000000000036
2006-03-08,1.1954,1.1906,1.1927,1.1911,12.000000000000899,-16.00000000000046
2006-03-09,1.1928,1.1861,1.1906,1.1919,20.999999999999908,12.999999999998568
2006-03-12,1.1972,1.1913,1.1917,1.1962,13.000000000000789,44.99999999999949
2006-03-13,1.2034,1.1943,1.1966,1.2012,14.000000000000679,45.999999999999375
2006-03-14,1.2075,1.2008,1.2017,1.2071,17.000000000000348,54.00000000000071
2006-03-15,1.219,1.2039,1.2072,1.2183,20.999999999999908,110.99999999999888
2006-03-16,1.2208,1.2144,1.2178,1.219,14.000000000000679,12.000000000000899
2006-03-19,1.2197,1.215,1.2184,1.2164,8.00000000000134,-20.000000000000018
2006-03-20,1.2166,1.2079,1.216,1.2096,20.000000000000018,-63.999999999999616
2006-03-21,1.2116,1.2067,1.2096,1.2079,14.000000000000679,-17.000000000000348
2006-03-22,1.2083,1.1958,1.208,1.1971,17.000000000000348,-108.99999999999909
2006-03-23,1.2047,1.1954,1.1971,1.2037,19.000000000000128,65.99999999999939
2006-03-26,1.206,1.2007,1.2041,1.2015,7.0000000000014495,-25.999999999999357
2006-03-27,1.2108,1.1995,1.2012,1.2003,21.999999999999797,-9.00000000000123
2006-03-28,1.205,1.1981,1.1999,1.2028,12.000000000000899,29.000000000001247
2006-03-29,1.2175,1.2026,1.2029,1.2164,24.999999999999467,134.99999999999847
2006-03-30,1.2179,1.2084,1.217,1.2118,16.999999999998128,-52.00000000000094
2006-04-02,1.2151,1.2035,1.2118,1.2139,20.999999999999908,20.999999999999908
2006-04-03,1.2278,1.2123,1.2139,1.2259,21.999999999999797,120.00000000000011
2006-04-04,1.2306,1.2246,1.2258,1.2289,17.000000000000348,31.000000000001027
2006-04-05,1.2335,1.22,1.2297,1.2229,33.99999999999848,-67.99999999999918
2006-04-06,1.223,1.2092,1.2227,1.2095,25.999999999999357,-131.99999999999878
2006-04-09,1.213,1.2077,1.2106,1.2112,7.999999999999119,6.00000000000156
2006-04-10,1.2156,1.2092,1.2112,1.2143,10.999999999998789,30.999999999998806
2006-04-11,1.217,1.2068,1.2149,1.2105,19.000000000000128,-44.00000000000182
2006-04-12,1.2135,1.2071,1.2104,1.211,14.999999999998348,6.00000000000156
2006-04-13,1.2119,1.2102,1.2118,1.2112,4.999999999999449,-5.999999999999339
2006-04-16,1.229,1.2122,1.2123,1.2251,21.999999999999797,128.00000000000145
2006-04-17,1.236,1.2227,1.2254,1.2344,18.000000000000238,89.99999999999898
2006-04-18,1.2396,1.2288,1.2353,1.2382,30.999999999998806,28.999999999999027
2006-04-19,1.2384,1.229,1.2384,1.2318,10.999999999998789,-65.99999999999939
2006-04-20,1.2361,1.2268,1.2319,1.2344,20.000000000000018,24.999999999999467
2006-04-23,1.2415,1.2334,1.2373,1.2395,10.000000000001119,21.999999999999797
2006-04-24,1.2442,1.2369,1.2393,1.2432,31.000000000001027,39.00000000000014
2006-04-25,1.2472,1.2387,1.2432,1.2455,22.999999999999687,22.999999999999687
2006-04-26,1.255,1.2407,1.2452,1.2535,49.999999999998934,82.99999999999974
2006-04-27,1.2644,1.2523,1.2536,1.2635,22.999999999999687,99.0000000000002
2006-04-30,1.2693,1.2557,1.2632,1.2587,19.000000000000128,-45.000000000001705
2006-05-01,1.2669,1.2562,1.259,1.2618,11.000000000001009,28.000000000001357
2006-05-02,1.2672,1.2592,1.2619,1.2633,24.999999999999467,14.000000000000679
2006-05-03,1.2725,1.2574,1.2635,1.2693,20.999999999999908,58.00000000000027
2006-05-04,1.2765,1.2677,1.2698,1.2734,64.9999999999995,36.000000000000476
2006-05-07,1.2788,1.2694,1.2738,1.2712,10.999999999998789,-25.999999999999357
2006-05-08,1.2786,1.2664,1.271,1.2762,19.000000000000128,52.00000000000094
2006-05-09,1.2834,1.2752,1.2763,1.2787,41.999999999999815,23.999999999999577
2006-05-10,1.2874,1.2688,1.2786,1.2841,27.000000000001467,55.000000000000604
2006-05-11,1.296,1.2833,1.284,1.2923,53.000000000000824,82.99999999999974
2006-05-14,1.2973,1.2782,1.2946,1.2795,17.000000000000348,-150.99999999999892
2006-05-15,1.2869,1.2772,1.2798,1.2862,24.999999999999467,63.999999999999616
2006-05-16,1.2921,1.2703,1.2862,1.2743,20.999999999999908,-119.00000000000021
2006-05-17,1.286,1.2723,1.2749,1.2847,18.000000000000238,98.00000000000031
2006-05-18,1.2874,1.2695,1.2849,1.2778,19.000000000000128,-70.99999999999883
2006-05-21,1.2888,1.2695,1.2764,1.2868,15.000000000000568,103.99999999999964
2006-05-22,1.2879,1.2808,1.2869,1.282,26.999999999999247,-48.99999999999905
2006-05-23,1.2893,1.2733,1.2812,1.2756,23.999999999999577,-55.99999999999827
2006-05-24,1.2819,1.275,1.2756,1.2805,12.000000000000899,48.99999999999905
2006-05-25,1.2836,1.2702,1.2807,1.273,17.000000000000348,-77.0000000000004
2006-05-27,1.2737,1.2736,1.2736,1.2737,0.9999999999998899,0.9999999999998899
2006-05-28,1.2771,1.272,1.2738,1.2753,11.000000000001009,15.000000000000568
2006-05-29,1.291,1.2745,1.2753,1.2871,19.000000000000128,117.99999999999811
2006-05-30,1.2906,1.2807,1.2876,1.2812,18.000000000000238,-64.00000000000183
2006-05-31,1.2826,1.2725,1.281,1.2805,22.999999999999687,-4.999999999999449
2006-06-01,1.2942,1.2797,1.2808,1.2924,62.99999999999972,116.00000000000054
2006-06-03,1.2936,1.2936,1.2936,1.2936,0.0,0.0
2006-06-04,1.2982,1.2906,1.2937,1.2907,14.000000000000679,-30.000000000001137
2006-06-05,1.2935,1.2811,1.2906,1.2832,12.999999999998568,-74.00000000000074
2006-06-06,1.2838,1.2762,1.2832,1.2787,14.000000000000679,-44.99999999999949
2006-06-07,1.2811,1.2627,1.2792,1.2653,31.999999999998696,-138.999999999998
2006-06-08,1.2685,1.2598,1.2652,1.2644,43.999999999999595,-8.00000000000134
2006-06-11,1.2652,1.2568,1.2625,1.259,11.000000000001009,-35.00000000000058
2006-06-12,1.2617,1.2533,1.2591,1.2538,23.999999999999577,-53.000000000000824
2006-06-13,1.2649,1.2534,1.2541,1.26,22.999999999999687,59.00000000000016
2006-06-14,1.2662,1.2585,1.2601,1.2637,38.000000000000256,36.000000000000476
2006-06-15,1.2673,1.2619,1.2636,1.2645,13.000000000000789,8.999999999999009
2006-06-18,1.2655,1.2554,1.2649,1.2575,11.999999999998678,-73.99999999999851
2006-06-19,1.262,1.254,1.2576,1.2582,12.000000000000899,5.999999999999339
2006-06-20,1.2679,1.2579,1.258,1.2661,8.00000000000134,80.99999999999996
2006-06-21,1.2682,1.2553,1.2667,1.2582,11.999999999998678,-84.99999999999952
2006-06-22,1.2588,1.2481,1.2581,1.2511,19.000000000000128,-69.99999999999895
2006-06-25,1.2604,1.2505,1.2517,1.2583,22.999999999999687,65.99999999999939
2006-06-26,1.2621,1.2563,1.2588,1.2578,16.00000000000046,-9.999999999998899
2006-06-27,1.2587,1.2519,1.2579,1.2556,11.000000000001009,-22.999999999999687
2006-06-28,1.267,1.2522,1.2561,1.2666,54.99999999999838,104.99999999999955
2006-06-29,1.2795,1.2659,1.2665,1.2793,15.000000000000568,128.00000000000145
2006-07-01,1.2786,1.2786,1.2786,1.2786,0.0,0.0
2006-07-02,1.2825,1.2764,1.2785,1.2805,17.000000000000348,20.000000000000018
2006-07-03,1.2823,1.2788,1.2802,1.2798,8.00000000000134,-3.9999999999995595
2006-07-04,1.2839,1.271,1.2801,1.2726,17.000000000000348,-75.00000000000063
2006-07-05,1.2784,1.272,1.2722,1.2781,26.000000000001577,59.00000000000016
2006-07-06,1.2865,1.2769,1.2781,1.2812,44.99999999999949,30.999999999998806
2006-07-09,1.282,1.2724,1.2818,1.2732,10.000000000001119,-85.9999999999994
2006-07-10,1.278,1.2708,1.2732,1.2776,12.000000000000899,43.999999999999595
2006-07-11,1.278,1.2678,1.2776,1.2704,25.000000000001688,-72.00000000000095
2006-07-12,1.2733,1.2668,1.2703,1.2694,10.999999999998789,-8.999999999999009
2006-07-13,1.2699,1.2629,1.2691,1.2652,15.000000000000568,-38.999999999997925
2006-07-16,1.2658,1.2511,1.2654,1.2519,15.000000000000568,-135.00000000000068
2006-07-17,1.2561,1.2475,1.2519,1.2507,20.000000000000018,-12.000000000000899
2006-07-18,1.2611,1.2461,1.2507,1.259,32.999999999998586,82.99999999999974
2006-07-19,1.2655,1.259,1.2593,1.263,15.999999999998238,36.999999999998145
2006-07-20,1.27,1.2627,1.2629,1.2693,9.999999999998899,64.00000000000183
2006-07-23,1.2712,1.2612,1.2711,1.2635,16.00000000000046,-75.9999999999983
2006-07-24,1.2673,1.2566,1.2639,1.2581,17.000000000000348,-58.00000000000027
2006-07-25,1.2718,1.2561,1.258,1.2717,13.000000000000789,137.00000000000045
2006-07-26,1.2773,1.2682,1.2727,1.2701,28.000000000001357,-25.999999999999357
2006-07-27,1.2772,1.2663,1.2703,1.2761,40.99999999999993,58.00000000000027
2006-07-30,1.2785,1.2741,1.2769,1.2769,11.000000000001009,0.0
2006-07-31,1.2831,1.2722,1.2769,1.2828,20.999999999999908,59.00000000000016
2006-08-01,1.2837,1.2777,1.2829,1.279,11.999999999998678,-39.00000000000014
2006-08-02,1.2835,1.2743,1.2791,1.2806,16.999999999998128,15.000000000000568
2006-08-03,1.2912,1.278,1.2806,1.288,39.00000000000014,74.00000000000074
2006-08-06,1.2895,1.2833,1.2875,1.284,9.999999999998899,-35.00000000000058
2006-08-07,1.2895,1.2808,1.284,1.2837,47.999999999999154,-2.9999999999996696
2006-08-08,1.2902,1.2766,1.2837,1.2863,21.999999999999797,25.999999999999357
2006-08-09,1.2916,1.2749,1.2863,1.2796,24.999999999999467,-66.99999999999929
2006-08-10,1.28,1.2716,1.2795,1.2728,41.999999999999815,-67.0000000000015
2006-08-13,1.2765,1.2709,1.2726,1.2717,11.999999999998678,-8.999999999999009
2006-08-14,1.2805,1.2698,1.2716,1.2789,39.00000000000014,72.99999999999862
2006-08-15,1.2866,1.2771,1.2789,1.2844,38.000000000000256,55.000000000000604
2006-08-16,1.2888,1.2815,1.2843,1.2831,13.999999999998458,-12.000000000000899
2006-08-17,1.2847,1.2783,1.2832,1.283,18.000000000000238,-1.9999999999997797
2006-08-20,1.2942,1.2826,1.2828,1.2894,11.000000000001009,66.00000000000162
2006-08-21,1.29,1.2785,1.2896,1.2804,27.000000000001467,-92.00000000000097
2006-08-22,1.2853,1.2778,1.2806,1.2789,21.000000000002128,-17.000000000000348
2006-08-23,1.2845,1.2751,1.2791,1.2766,49.000000000001265,-24.999999999999467
2006-08-24,1.2785,1.2728,1.2769,1.2756,19.000000000000128,-12.999999999998568
2006-08-27,1.2824,1.2757,1.2768,1.278,13.000000000000789,12.000000000000899
2006-08-28,1.284,1.2753,1.2779,1.2825,17.000000000000348,45.999999999999375
2006-08-29,1.2856,1.2813,1.2824,1.2835,11.000000000001009,11.000000000001009
2006-08-30,1.288,1.2788,1.2838,1.2816,19.000000000000128,-21.999999999999797
2006-08-31,1.2848,1.2758,1.2811,1.2841,27.000000000001467,30.000000000001137
2006-09-03,1.2876,1.2841,1.2844,1.2872,6.999999999999229,27.999999999999137
2006-09-04,1.2873,1.2798,1.2873,1.2818,9.00000000000123,-55.000000000000604
2006-09-05,1.2833,1.2773,1.2817,1.2806,9.999999999998899,-11.000000000001009
2006-09-06,1.2831,1.2709,1.2807,1.2732,19.000000000000128,-74.99999999999841
2006-09-07,1.2741,1.2654,1.2731,1.2678,16.999999999998128,-52.99999999999861
2006-09-10,1.2743,1.2651,1.2673,1.2704,8.999999999999009,30.999999999998806
2006-09-11,1.2737,1.2673,1.2704,1.2689,29.000000000001247,-15.000000000000568
2006-09-12,1.272,1.2667,1.2689,1.2693,9.00000000000123,4.00000000000178
2006-09-13,1.2756,1.2678,1.2695,1.2726,20.000000000000018,30.999999999998806
2006-09-14,1.2737,1.2634,1.2725,1.2664,20.999999999999908,-60.99999999999994
2006-09-17,1.2711,1.2631,1.2644,1.2709,29.000000000001247,64.9999999999995
2006-09-18,1.2727,1.2654,1.2706,1.268,25.999999999999357,-25.999999999999357
2006-09-19,1.2732,1.2667,1.2679,1.2688,27.000000000001467,8.999999999999009
2006-09-20,1.2801,1.2684,1.2689,1.278,19.000000000000128,91.00000000000108
2006-09-21,1.2833,1.2779,1.2783,1.2792,7.999999999999119,8.999999999999009
2006-09-24,1.282,1.2733,1.2787,1.2749,25.999999999999357,-38.000000000000256
2006-09-25,1.2765,1.2665,1.2749,1.2691,12.000000000000899,-58.00000000000027
2006-09-26,1.272,1.2674,1.269,1.2703,24.000000000001798,13.000000000000789
2006-09-27,1.2735,1.2681,1.2704,1.2703,13.000000000000789,-0.9999999999998899
2006-09-28,1.2714,1.2642,1.2704,1.2677,15.000000000000568,-26.999999999999247
2006-10-01,1.2759,1.2664,1.2687,1.2739,10.999999999998789,52.00000000000094
2006-10-02,1.2768,1.2722,1.2738,1.2733,6.999999999999229,-4.999999999999449
2006-10-03,1.2742,1.267,1.2735,1.2717,13.000000000000789,-18.000000000000238
2006-10-04,1.2728,1.2674,1.2717,1.2697,11.000000000001009,-20.000000000000018
2006-10-05,1.2724,1.2573,1.2696,1.2599,59.00000000000016,-97.00000000000043
2006-10-08,1.2615,1.2587,1.2596,1.26,5.999999999999339,3.9999999999995595
2006-10-09,1.2615,1.2521,1.2599,1.254,28.000000000001357,-59.00000000000016
2006-10-10,1.2559,1.2503,1.2534,1.2517,21.999999999999797,-17.000000000000348
2006-10-11,1.2568,1.2517,1.2517,1.2557,30.000000000001137,40.000000000000036
2006-10-12,1.2578,1.2485,1.2559,1.2513,27.000000000001467,-45.999999999999375
2006-10-15,1.2539,1.2491,1.2511,1.2535,9.00000000000123,23.999999999999577
2006-10-16,1.2567,1.251,1.2533,1.2548,18.000000000000238,14.999999999998348
2006-10-17,1.256,1.2503,1.2545,1.2532,16.00000000000046,-12.999999999998568
2006-10-18,1.2646,1.2531,1.2534,1.2628,19.000000000000128,93.99999999999852
2006-10-19,1.2641,1.2599,1.2627,1.2617,5.999999999999339,-9.999999999998899
2006-10-22,1.2624,1.2539,1.262,1.2553,5.999999999999339,-66.99999999999929
2006-10-23,1.258,1.2528,1.2552,1.2561,6.999999999999229,8.999999999999009
2006-10-24,1.2624,1.2553,1.2558,1.2603,17.000000000000348,44.99999999999949
2006-10-25,1.2703,1.2601,1.2602,1.2695,10.000000000001119,93.00000000000085
2006-10-26,1.2753,1.2665,1.2694,1.2742,20.000000000000018,47.999999999999154
2006-10-29,1.2737,1.2701,1.2733,1.2726,13.000000000000789,-7.0000000000014495
2006-10-30,1.2784,1.268,1.2727,1.2766,12.000000000000899,39.00000000000014
2006-10-31,1.28,1.2745,1.2767,1.2759,25.999999999999357,-7.999999999999119
2006-11-01,1.2787,1.2739,1.2759,1.278,10.000000000001119,20.999999999999908
2006-11-02,1.2794,1.2685,1.2781,1.2718,65.00000000000172,-62.99999999999972
2006-11-05,1.2726,1.2692,1.2719,1.2725,4.999999999999449,5.999999999999339
2006-11-06,1.282,1.2723,1.2725,1.2779,9.00000000000123,54.00000000000071
2006-11-07,1.2809,1.2749,1.2779,1.2759,8.00000000000134,-20.000000000000018
2006-11-08,1.2849,1.2752,1.2761,1.2832,20.999999999999908,70.99999999999883
2006-11-09,1.2901,1.283,1.2833,1.2843,14.999999999998348,9.999999999998899
2006-11-12,1.2879,1.2798,1.2848,1.2808,6.999999999999229,-40.000000000000036
2006-11-13,1.2873,1.2794,1.2808,1.2813,16.999999999998128,5.00000000000167
2006-11-14,1.2835,1.2776,1.2811,1.2829,15.000000000000568,18.000000000000238
2006-11-15,1.2842,1.2787,1.2831,1.2796,23.999999999999577,-34.999999999998366
2006-11-16,1.2847,1.2765,1.2798,1.2831,13.999999999998458,32.999999999998586
2006-11-19,1.2854,1.2807,1.2831,1.2816,9.00000000000123,-14.999999999998348
2006-11-20,1.2855,1.2799,1.2818,1.2847,18.000000000000238,28.999999999999027
2006-11-21,1.2958,1.2843,1.2846,1.2944,9.00000000000123,98.00000000000031
2006-11-22,1.2976,1.2931,1.2945,1.2951,9.999999999998899,5.999999999999339
2006-11-23,1.311,1.2947,1.2948,1.3098,30.000000000001137,150.00000000000125
2006-11-26,1.3173,1.3088,1.317,1.3133,14.000000000000679,-37.00000000000037
2006-11-27,1.3212,1.3122,1.3135,1.3201,19.000000000000128,66.00000000000162
2006-11-28,1.3221,1.3134,1.3202,1.3156,26.000000000001577,-45.999999999999375
2006-11-29,1.3276,1.3144,1.3156,1.3244,23.000000000001908,87.99999999999919
2006-11-30,1.335,1.3223,1.3244,1.334,34.999999999998366,96.00000000000053
2006-12-03,1.337,1.3285,1.3337,1.3344,14.000000000000679,6.999999999999229
2006-12-04,1.3365,1.3289,1.3342,1.3319,31.000000000001027,-22.999999999999687
2006-12-05,1.3342,1.3257,1.332,1.3287,13.000000000000789,-33.00000000000081
2006-12-06,1.3326,1.3277,1.3286,1.3287,20.999999999999908,0.9999999999998899
2006-12-07,1.3367,1.3194,1.3287,1.3204,40.000000000000036,-82.99999999999974
2006-12-10,1.3266,1.3131,1.3178,1.3238,18.000000000000238,60.00000000000006
2006-12-11,1.3294,1.3213,1.3239,1.3285,35.00000000000058,45.999999999999375
2006-12-12,1.329,1.3195,1.3286,1.3217,26.999999999999247,-68.99999999999906
2006-12-13,1.3255,1.3143,1.3217,1.3146,16.00000000000046,-71.00000000000107
2006-12-14,1.3189,1.3061,1.3147,1.3083,41.999999999999815,-63.999999999999616
2006-12-17,1.3121,1.3054,1.3085,1.3099,9.00000000000123,14.000000000000679
2006-12-18,1.3218,1.3086,1.3097,1.3198,25.999999999999357,100.99999999999997
2006-12-19,1.3248,1.3162,1.3202,1.3174,11.000000000001009,-28.000000000001357
2006-12-20,1.3215,1.3144,1.3175,1.3178,14.000000000000679,3.00000000000189
2006-12-21,1.3215,1.311,1.3177,1.3141,23.999999999999577,-36.000000000000476
2006-12-25,1.3142,1.3092,1.314,1.3099,6.999999999999229,-40.99999999999993
2006-12-26,1.3179,1.3097,1.3098,1.3117,11.000000000001009,19.000000000000128
2006-12-27,1.3202,1.3108,1.3118,1.3151,17.000000000000348,32.999999999998586
2006-12-28,1.3206,1.314,1.3152,1.3202,11.000000000001009,50.00000000000115
2007-01-01,1.3298,1.3229,1.3237,1.3275,11.999999999998678,37.99999999999804
2007-01-02,1.3293,1.3148,1.3276,1.3173,31.000000000001027,-102.99999999999976
2007-01-03,1.3182,1.3079,1.3172,1.3085,11.999999999998678,-86.9999999999993
2007-01-04,1.3107,1.2983,1.3086,1.301,61.99999999999983,-76.00000000000051
2007-01-07,1.3038,1.2974,1.3019,1.3026,9.999999999998899,6.999999999999229
2007-01-08,1.3055,1.2989,1.3025,1.3003,7.999999999999119,-21.999999999999797
2007-01-09,1.3007,1.2933,1.3002,1.2939,16.999999999998128,-62.99999999999972
2007-01-10,1.3018,1.2885,1.2938,1.2894,24.999999999999467,-43.999999999999595
2007-01-11,1.2945,1.2868,1.2893,1.2921,24.999999999999467,28.000000000001357
2007-01-14,1.296,1.2917,1.2926,1.2938,9.00000000000123,12.000000000000899
2007-01-15,1.2992,1.2911,1.2937,1.2921,13.000000000000789,-16.00000000000046
2007-01-16,1.2952,1.2899,1.2922,1.2939,14.000000000000679,17.000000000000348
2007-01-17,1.298,1.2898,1.294,1.2964,19.000000000000128,23.999999999999577
2007-01-18,1.3003,1.2916,1.2965,1.2968,12.000000000000899,2.9999999999996696
2007-01-21,1.2979,1.2926,1.2964,1.2953,11.000000000001009,-11.000000000001009
2007-01-22,1.3047,1.293,1.2952,1.3028,12.000000000000899,76.00000000000051
2007-01-23,1.3039,1.2951,1.3027,1.2973,13.000000000000789,-54.00000000000071
2007-01-24,1.3005,1.2917,1.2974,1.2932,20.000000000000018,-42.00000000000203
2007-01-25,1.2947,1.2879,1.2931,1.2919,20.999999999999908,-11.999999999998678
2007-01-28,1.2968,1.2901,1.2919,1.2958,12.000000000000899,39.00000000000014
2007-01-29,1.2984,1.2946,1.2957,1.2972,10.000000000001119,14.999999999998348
2007-01-30,1.3039,1.2927,1.2973,1.3033,16.00000000000046,60.00000000000006
2007-01-31,1.3056,1.3006,1.3032,1.3024,11.999999999998678,-7.999999999999119
2007-02-01,1.3067,1.2953,1.3025,1.2965,24.999999999999467,-60.00000000000006
2007-02-04,1.2968,1.2915,1.2964,1.293,9.00000000000123,-34.000000000000696
2007-02-05,1.2993,1.2914,1.2929,1.2985,5.999999999999339,56.0000000000005
2007-02-06,1.3025,1.2974,1.2986,1.3012,7.999999999999119,25.999999999999357
2007-02-07,1.3044,1.2977,1.3013,1.3044,13.999999999998458,31.000000000001027
2007-02-08,1.3045,1.2986,1.3043,1.3008,7.999999999999119,-35.00000000000058
2007-02-11,1.3039,1.2943,1.2992,1.2969,14.000000000000679,-22.999999999999687
2007-02-12,1.3045,1.2957,1.2968,1.3039,18.000000000000238,71.00000000000107
2007-02-13,1.3152,1.3026,1.3038,1.3133,19.000000000000128,94.99999999999842
2007-02-14,1.3174,1.3121,1.3134,1.3143,22.999999999999687,9.00000000000123
2007-02-15,1.3147,1.3097,1.3142,1.3144,18.000000000000238,1.9999999999997797
2007-02-18,1.3165,1.3125,1.3159,1.3157,9.00000000000123,-1.9999999999997797
2007-02-19,1.3193,1.3133,1.3158,1.3139,8.999999999999009,-19.000000000000128
2007-02-20,1.3168,1.3115,1.3138,1.3141,14.999999999998348,2.9999999999996696
2007-02-21,1.3146,1.3084,1.3142,1.3129,11.000000000001009,-13.000000000000789
2007-02-22,1.3189,1.3105,1.3128,1.317,7.999999999999119,41.999999999999815
2007-02-25,1.3201,1.3154,1.3169,1.319,9.999999999998899,20.999999999999908
2007-02-26,1.3261,1.3163,1.3189,1.3244,20.000000000000018,55.000000000000604
2007-02-27,1.3244,1.3182,1.3243,1.3231,14.000000000000679,-12.000000000000899
2007-02-28,1.3242,1.3158,1.3232,1.3189,20.000000000000018,-42.9999999999997
2007-03-01,1.3202,1.3143,1.3188,1.3194,9.00000000000123,5.999999999999339
2007-03-04,1.3214,1.3074,1.3205,1.3091,20.000000000000018,-114.00000000000077
2007-03-05,1.3133,1.3083,1.3092,1.3129,11.999999999998678,37.00000000000037
2007-03-06,1.3189,1.3112,1.3128,1.3178,15.000000000000568,50.00000000000115
2007-03-07,1.3184,1.3119,1.3177,1.3136,19.000000000000128,-40.99999999999993
2007-03-08,1.3161,1.3086,1.3135,1.312,29.999999999998916,-14.999999999998348
2007-03-11,1.3202,1.311,1.3142,1.319,12.000000000000899,47.999999999999154
2007-03-12,1.3225,1.3159,1.3191,1.3199,14.000000000000679,8.00000000000134
2007-03-13,1.3249,1.3179,1.3198,1.3224,7.999999999999119,25.999999999999357
2007-03-14,1.3253,1.3195,1.3224,1.324,16.00000000000046,16.00000000000046
2007-03-15,1.3341,1.3236,1.3239,1.3321,16.00000000000046,81.99999999999986
2007-03-18,1.3328,1.3282,1.3318,1.3303,8.00000000000134,-15.000000000000568
2007-03-19,1.3324,1.3275,1.3304,1.3319,9.999999999998899,15.000000000000568
2007-03-20,1.3391,1.3292,1.3318,1.3387,44.99999999999949,68.99999999999906
2007-03-21,1.3414,1.3312,1.3388,1.3333,12.999999999998568,-55.000000000000604
2007-03-22,1.3343,1.3285,1.3332,1.3286,16.00000000000046,-45.999999999999375
2007-03-25,1.3348,1.3257,1.3287,1.333,19.000000000000128,42.9999999999997
2007-03-26,1.3365,1.3323,1.333,1.3354,11.000000000001009,23.999999999999577
2007-03-27,1.3375,1.3311,1.336,1.3316,15.000000000000568,-44.00000000000182
2007-03-28,1.3354,1.3304,1.3317,1.3333,11.999999999998678,15.999999999998238
2007-03-29,1.3402,1.329,1.3331,1.3358,18.000000000000238,27.000000000001467
2007-04-01,1.3385,1.3334,1.3377,1.3368,11.000000000001009,-8.999999999999009
2007-04-02,1.3383,1.3323,1.3369,1.3333,7.999999999999119,-36.000000000000476
2007-04-03,1.3384,1.332,1.3335,1.3368,11.999999999998678,33.00000000000081
2007-04-04,1.3443,1.3356,1.3369,1.3431,12.000000000000899,61.99999999999983
2007-04-05,1.3435,1.3367,1.3432,1.3379,30.999999999998806,-52.99999999999861
2007-04-08,1.3383,1.3341,1.3379,1.3356,7.999999999999119,-23.000000000001908
2007-04-09,1.3457,1.3352,1.3355,1.3441,13.000000000000789,86.00000000000163
2007-04-10,1.3443,1.3409,1.3442,1.3432,8.999999999999009,-10.000000000001119
2007-04-11,1.3505,1.343,1.3431,1.3484,13.000000000000789,53.000000000000824
2007-04-12,1.3555,1.3482,1.3483,1.3533,16.00000000000046,49.999999999998934
2007-04-15,1.3578,1.3534,1.3558,1.3537,11.000000000001009,-20.999999999999908
2007-04-16,1.3597,1.3527,1.3539,1.3568,22.999999999999687,28.999999999999027
2007-04-17,1.3618,1.3559,1.3576,1.3609,15.000000000000568,33.00000000000081
2007-04-18,1.3621,1.3563,1.361,1.3615,8.999999999999009,4.999999999999449
2007-04-19,1.364,1.3589,1.3616,1.3589,8.00000000000134,-26.999999999999247
2007-04-22,1.3609,1.3544,1.3601,1.3579,8.00000000000134,-21.999999999999797
2007-04-23,1.3645,1.3551,1.358,1.364,19.000000000000128,60.00000000000006
2007-04-24,1.3667,1.3623,1.3641,1.364,11.000000000001009,-0.9999999999998899
2007-04-25,1.3656,1.3585,1.3639,1.3601,10.000000000001119,-37.99999999999804
2007-04-26,1.3683,1.3587,1.3602,1.3652,32.00000000000092,49.999999999998934
2007-04-29,1.368,1.3592,1.3632,1.3649,8.999999999999009,17.000000000000348
2007-04-30,1.3674,1.3592,1.3648,1.3606,20.000000000000018,-41.999999999999815
2007-05-01,1.3613,1.3562,1.3607,1.3594,13.000000000000789,-13.000000000000789
2007-05-02,1.3625,1.3549,1.3593,1.3552,10.000000000001119,-40.99999999999993
2007-05-03,1.3614,1.3536,1.3553,1.3593,35.00000000000058,40.000000000000036
2007-05-06,1.363,1.3593,1.3606,1.3604,7.999999999999119,-1.9999999999997797
2007-05-07,1.3622,1.3517,1.3605,1.3543,12.000000000000899,-61.99999999999983
2007-05-08,1.3569,1.3522,1.3544,1.3529,20.000000000000018,-15.000000000000568
2007-05-09,1.3566,1.3466,1.3528,1.3486,17.000000000000348,-41.999999999999815
2007-05-10,1.3534,1.3465,1.3487,1.3527,14.000000000000679,40.000000000000036
2007-05-13,1.3561,1.3526,1.3539,1.3547,8.00000000000134,7.999999999999119
2007-05-14,1.3612,1.3528,1.3546,1.3594,13.000000000000789,47.999999999999154
2007-05-15,1.3611,1.3507,1.3595,1.3518,13.000000000000789,-77.0000000000004
2007-05-16,1.3546,1.3479,1.3517,1.3495,11.000000000001009,-21.999999999999797
2007-05-17,1.3524,1.3467,1.3496,1.351,10.000000000001119,14.000000000000679
2007-05-20,1.3534,1.3439,1.3522,1.3469,15.000000000000568,-53.000000000000824
2007-05-21,1.3477,1.344,1.3468,1.3451,8.00000000000134,-17.000000000000348
2007-05-22,1.3503,1.3417,1.3452,1.3462,11.000000000001009,10.000000000001119
2007-05-23,1.3465,1.3418,1.3461,1.3431,16.00000000000046,-30.000000000001137
2007-05-24,1.3474,1.3413,1.3432,1.3446,12.999999999998568,14.000000000000679
2007-05-27,1.346,1.3447,1.3452,1.3456,3.9999999999995595,3.9999999999995595
2007-05-28,1.3521,1.3423,1.3455,1.3451,8.999999999999009,-3.9999999999995595
2007-05-29,1.3459,1.3406,1.3452,1.343,8.999999999999009,-21.999999999999797
2007-05-30,1.3478,1.3426,1.3431,1.3453,12.000000000000899,21.999999999999797
2007-05-31,1.3464,1.3395,1.3452,1.3451,29.000000000001247,-0.9999999999998899
2007-06-03,1.3503,1.3433,1.3444,1.349,8.00000000000134,45.999999999999375
2007-06-04,1.3555,1.3489,1.3491,1.3526,12.000000000000899,35.00000000000058
2007-06-05,1.3541,1.3486,1.3525,1.3505,14.999999999998348,-20.000000000000018
2007-06-06,1.3515,1.3425,1.3506,1.3435,8.00000000000134,-71.00000000000107
2007-06-07,1.3437,1.3322,1.3434,1.3373,11.000000000001009,-60.99999999999994
2007-06-10,1.3375,1.3335,1.3374,1.3359,9.999999999998899,-14.999999999998348
2007-06-11,1.337,1.3303,1.336,1.3303,8.999999999999009,-57.000000000000384
2007-06-12,1.3318,1.3264,1.3305,1.3312,13.000000000000789,6.999999999999229
2007-06-13,1.3327,1.3282,1.3313,1.3313,10.999999999998789,0.0
2007-06-14,1.339,1.3307,1.3314,1.3388,20.000000000000018,74.00000000000074
2007-06-17,1.342,1.3378,1.338,1.3415,4.999999999999449,34.999999999998366
2007-06-18,1.3439,1.3386,1.3416,1.3428,10.999999999998789,12.000000000000899
2007-06-19,1.344,1.3399,1.3427,1.3406,5.999999999999339,-20.999999999999908
2007-06-20,1.341,1.3374,1.3405,1.3392,12.000000000000899,-13.000000000000789
2007-06-21,1.3473,1.3383,1.3391,1.3472,22.999999999999687,80.99999999999996
2007-06-24,1.3475,1.3442,1.3471,1.3464,5.999999999999339,-6.999999999999229
2007-06-25,1.3481,1.3434,1.3465,1.3458,10.000000000001119,-6.999999999999229
2007-06-26,1.346,1.3417,1.3457,1.3454,7.999999999999119,-2.9999999999996696
2007-06-27,1.3482,1.3425,1.3453,1.3453,13.000000000000789,0.0
2007-06-28,1.3544,1.3433,1.3454,1.3544,15.000000000000568,90.0000000000012
2007-07-01,1.3641,1.3529,1.3544,1.3625,9.00000000000123,80.99999999999996
2007-07-02,1.3636,1.3586,1.3624,1.3612,7.0000000000014495,-12.000000000000899
2007-07-03,1.3632,1.3607,1.3611,1.3613,5.999999999999339,1.9999999999997797
2007-07-04,1.3661,1.3581,1.3614,1.3599,9.00000000000123,-14.999999999998348
2007-07-05,1.3644,1.3569,1.3598,1.3631,22.999999999999687,33.00000000000081
2007-07-08,1.3639,1.3611,1.3637,1.3628,4.999999999999449,-8.999999999999009
2007-07-09,1.375,1.3595,1.3627,1.375,14.000000000000679,122.99999999999977
2007-07-10,1.3789,1.3733,1.3749,1.3748,24.999999999999467,-0.9999999999998899
2007-07-11,1.3801,1.3744,1.3747,1.3792,9.00000000000123,44.99999999999949
2007-07-12,1.3815,1.3764,1.3791,1.3784,13.999999999998458,-6.999999999999229
2007-07-15,1.3805,1.3761,1.3788,1.3775,8.999999999999009,-13.000000000000789
2007-07-16,1.3799,1.3757,1.3776,1.3783,11.000000000001009,7.0000000000014495
2007-07-17,1.3834,1.3754,1.3782,1.3805,16.00000000000046,22.999999999999687
2007-07-18,1.3833,1.3787,1.3806,1.3805,10.000000000001119,-0.9999999999998899
2007-07-19,1.3845,1.378,1.3804,1.3827,10.000000000001119,22.999999999999687
2007-07-22,1.3847,1.3797,1.3837,1.3807,6.999999999999229,-29.999999999998916
2007-07-23,1.3853,1.3799,1.3809,1.3823,7.999999999999119,14.000000000000679
2007-07-24,1.3833,1.3698,1.3822,1.3722,11.000000000001009,-100.00000000000009
2007-07-25,1.377,1.3694,1.3723,1.3746,21.999999999999797,22.999999999999687
2007-07-26,1.3754,1.3628,1.3747,1.3634,19.000000000000128,-113.00000000000088
2007-07-29,1.3708,1.361,1.3619,1.3697,7.999999999999119,77.99999999999807
2007-07-30,1.373,1.3681,1.3698,1.3684,16.00000000000046,-13.999999999998458
2007-07-31,1.371,1.3639,1.3683,1.3668,12.999999999998568,-15.000000000000568
2007-08-01,1.3707,1.3652,1.3667,1.3706,13.999999999998458,39.00000000000014
2007-08-02,1.3822,1.3685,1.3707,1.3774,17.000000000000348,66.99999999999929
2007-08-05,1.3842,1.3782,1.3809,1.3795,14.000000000000679,-14.000000000000679
2007-08-06,1.3817,1.3737,1.3794,1.374,18.999999999997907,-53.999999999998494
2007-08-07,1.3826,1.3723,1.3739,1.38,6.999999999999229,60.99999999999994
2007-08-08,1.3818,1.3657,1.3799,1.368,20.000000000000018,-118.999999999998
2007-08-09,1.3706,1.3642,1.3681,1.3694,14.000000000000679,12.999999999998568
2007-08-12,1.3711,1.3605,1.3689,1.3616,9.00000000000123,-73.00000000000084
2007-08-13,1.3627,1.3533,1.3615,1.3536,14.999999999998348,-79.00000000000018
2007-08-14,1.3542,1.344,1.3535,1.3443,16.00000000000046,-91.99999999999875
2007-08-15,1.3449,1.3362,1.3442,1.3426,28.999999999999027,-16.00000000000046
2007-08-16,1.355,1.3371,1.3427,1.3476,36.000000000000476,48.99999999999905
2007-08-19,1.351,1.3462,1.3485,1.3477,9.00000000000123,-8.00000000000134
2007-08-20,1.3521,1.3458,1.3478,1.3468,12.000000000000899,-10.000000000001119
2007-08-21,1.3551,1.3451,1.3469,1.3543,9.999999999998899,74.00000000000074
2007-08-22,1.359,1.3537,1.3542,1.3567,13.999999999998458,24.999999999999467
2007-08-23,1.3689,1.3555,1.3568,1.3677,25.999999999999357,108.99999999999909
2007-08-26,1.3687,1.3637,1.3678,1.3649,6.999999999999229,-28.999999999999027
2007-08-27,1.3682,1.3603,1.3647,1.3606,8.00000000000134,-40.99999999999993
2007-08-28,1.368,1.3565,1.3605,1.3678,17.000000000000348,72.99999999999862
2007-08-29,1.3681,1.3595,1.3677,1.3628,11.999999999998678,-48.99999999999905
2007-08-30,1.372,1.3623,1.3627,1.3631,20.999999999999908,3.9999999999995595
2007-09-02,1.3656,1.3607,1.3635,1.3626,8.999999999999009,-8.999999999999009
2007-09-03,1.3629,1.3553,1.3625,1.3605,10.000000000001119,-20.000000000000018
2007-09-04,1.3672,1.357,1.3606,1.3649,11.999999999998678,42.9999999999997
2007-09-05,1.371,1.3638,1.3648,1.3691,8.00000000000134,42.9999999999997
2007-09-06,1.38,1.3665,1.369,1.3771,47.000000000001485,80.99999999999996
2007-09-09,1.3818,1.3769,1.3774,1.3804,14.000000000000679,30.000000000001137
2007-09-10,1.3851,1.378,1.3803,1.384,9.00000000000123,36.999999999998145
2007-09-11,1.3917,1.3825,1.3839,1.3904,21.999999999999797,65.00000000000172
2007-09-12,1.393,1.3866,1.3905,1.3886,15.000000000000568,-19.000000000000128
2007-09-13,1.3897,1.3845,1.3884,1.3875,16.00000000000046,-9.00000000000123
2007-09-16,1.3889,1.3851,1.3869,1.387,8.999999999999009,0.9999999999998899
2007-09-17,1.3991,1.3829,1.3871,1.3987,35.00000000000058,116.00000000000054
2007-09-18,1.3989,1.3939,1.3986,1.396,10.000000000001119,-26.000000000001577
2007-09-19,1.4099,1.3957,1.3961,1.4068,15.000000000000568,107.00000000000153
2007-09-20,1.4121,1.4043,1.4069,1.409,16.00000000000046,20.999999999999908
2007-09-23,1.4132,1.407,1.4093,1.4089,8.999999999999009,-3.9999999999995595
2007-09-24,1.4156,1.4063,1.4088,1.4138,15.000000000000568,49.999999999998934
2007-09-25,1.4163,1.4112,1.4139,1.4128,8.00000000000134,-10.999999999998789
2007-09-26,1.4192,1.4125,1.4129,1.4154,10.000000000001119,24.999999999999467
2007-09-27,1.4281,1.4146,1.4155,1.427,17.000000000000348,115.00000000000065
2007-09-30,1.4283,1.4213,1.4277,1.4234,12.000000000000899,-42.9999999999997
2007-10-01,1.424,1.4141,1.4233,1.4155,9.00000000000123,-78.00000000000028
2007-10-02,1.4203,1.4086,1.4157,1.4093,11.000000000001009,-63.999999999999616
2007-10-03,1.415,1.4068,1.4092,1.4139,15.000000000000568,46.99999999999926
2007-10-04,1.4158,1.4035,1.414,1.4137,64.00000000000183,-2.9999999999996696
2007-10-07,1.4155,1.4038,1.4141,1.4051,8.999999999999009,-89.99999999999898
2007-10-08,1.4116,1.4018,1.4052,1.4107,15.000000000000568,55.000000000000604
2007-10-09,1.4173,1.4096,1.4106,1.4146,11.999999999998678,40.000000000000036
2007-10-10,1.4243,1.4136,1.4145,1.4197,13.000000000000789,51.999999999998714
2007-10-11,1.4217,1.4156,1.4198,1.418,19.000000000000128,-18.000000000000238
2007-10-14,1.4245,1.4162,1.4179,1.4205,9.00000000000123,26.000000000001577
2007-10-15,1.4227,1.4146,1.4208,1.4173,18.999999999997907,-35.00000000000058
2007-10-16,1.4231,1.4158,1.4174,1.4208,16.00000000000046,34.000000000000696
2007-10-17,1.4312,1.4197,1.4209,1.4298,12.000000000000899,88.99999999999908
2007-10-18,1.4321,1.4248,1.4297,1.4302,11.000000000001009,4.999999999999449
2007-10-21,1.4351,1.4127,1.4334,1.4182,22.999999999999687,-152.00000000000102
2007-10-22,1.4282,1.4172,1.4181,1.4264,14.999999999998348,82.99999999999974
2007-10-23,1.427,1.419,1.4263,1.4267,13.000000000000789,4.00000000000178
2007-10-24,1.4344,1.4249,1.4266,1.4324,15.000000000000568,57.99999999999805
2007-10-25,1.4397,1.4318,1.4323,1.4396,14.000000000000679,73.00000000000084
2007-10-28,1.4441,1.4379,1.4419,1.4426,7.999999999999119,7.0000000000014495
2007-10-29,1.4444,1.4376,1.4425,1.4433,11.999999999998678,8.00000000000134
2007-10-30,1.4508,1.4422,1.4432,1.449,28.999999999999027,58.00000000000027
2007-10-31,1.449,1.4405,1.4489,1.4427,13.000000000000789,-61.99999999999983
2007-11-01,1.4531,1.4417,1.4428,1.4506,40.99999999999993,77.99999999999807
2007-11-04,1.4526,1.4444,1.4518,1.4472,13.000000000000789,-45.999999999999375
2007-11-05,1.4573,1.4469,1.4471,1.4555,11.999999999998678,83.99999999999963
2007-11-06,1.4733,1.4555,1.4556,1.4639,33.99999999999848,82.99999999999974
2007-11-07,1.4706,1.4615,1.4638,1.4676,17.000000000000348,38.000000000000256
2007-11-08,1.4754,1.4633,1.4677,1.468,28.999999999999027,2.9999999999996696
2007-11-11,1.4677,1.4527,1.4673,1.4535,18.000000000000238,-138.00000000000034
2007-11-12,1.4634,1.4521,1.4534,1.4604,12.000000000000899,69.99999999999895
2007-11-13,1.4726,1.4602,1.4605,1.4653,14.000000000000679,48.00000000000138
2007-11-14,1.4705,1.4607,1.4652,1.4614,11.000000000001009,-38.000000000000256
2007-11-15,1.4675,1.4584,1.4615,1.4663,16.00000000000046,47.999999999999154
2007-11-18,1.4688,1.4623,1.4672,1.4665,10.000000000001119,-7.0000000000014495
2007-11-19,1.4855,1.4638,1.4666,1.4841,20.999999999999908,175.0000000000007
2007-11-20,1.4872,1.4778,1.484,1.4859,16.00000000000046,19.000000000000128
2007-11-21,1.4876,1.4824,1.4858,1.4851,9.999999999998899,-6.999999999999229
2007-11-22,1.497,1.4787,1.4853,1.4839,40.000000000000036,-14.000000000000679
2007-11-25,1.4889,1.4806,1.4825,1.4874,16.00000000000046,49.000000000001265
2007-11-26,1.4911,1.4811,1.4873,1.4831,17.000000000000348,-41.999999999999815
2007-11-27,1.4859,1.4714,1.4832,1.4843,21.000000000002128,10.999999999998789
2007-11-28,1.4845,1.4724,1.4842,1.4746,21.999999999999797,-96.00000000000053
2007-11-29,1.4787,1.4629,1.4747,1.4634,13.000000000000789,-112.99999999999866
2007-12-02,1.471,1.4622,1.464,1.4668,12.999999999998568,28.000000000001357
2007-12-03,1.4769,1.4638,1.4667,1.476,19.000000000000128,93.00000000000085
2007-12-04,1.4773,1.4593,1.4762,1.4613,19.000000000000128,-148.99999999999915
2007-12-05,1.4654,1.4529,1.4614,1.464,16.00000000000046,25.999999999999357
2007-12-06,1.4673,1.46,1.4639,1.4659,27.000000000001467,20.000000000000018
2007-12-09,1.4737,1.4642,1.4656,1.4713,11.000000000001009,57.000000000000384
2007-12-10,1.4751,1.464,1.4714,1.4656,31.000000000001027,-58.00000000000027
2007-12-11,1.4749,1.4651,1.4658,1.4709,23.999999999999577,51.000000000001044
2007-12-12,1.474,1.4577,1.4708,1.4635,23.999999999999577,-73.00000000000084
2007-12-13,1.4658,1.4414,1.4636,1.4433,21.999999999999797,-202.99999999999986
2007-12-16,1.4453,1.4331,1.4394,1.4403,16.00000000000046,8.999999999999009
2007-12-17,1.4437,1.4368,1.4402,1.4416,18.000000000000238,14.000000000000679
2007-12-18,1.4424,1.4325,1.4417,1.4386,24.999999999999467,-30.999999999998806
2007-12-19,1.4394,1.4311,1.4385,1.4332,15.000000000000568,-52.99999999999861
2007-12-20,1.4412,1.4317,1.4333,1.4381,8.999999999999009,47.999999999999154
2007-12-23,1.4416,1.4368,1.4376,1.4397,7.0000000000014495,20.999999999999908
2007-12-25,1.4506,1.4415,1.4417,1.449,13.000000000000789,73.00000000000084
2007-12-26,1.4641,1.447,1.4491,1.4627,16.999999999998128,135.99999999999835
2007-12-27,1.473,1.4595,1.4626,1.4724,11.999999999998678,98.00000000000031
2007-12-30,1.475,1.4571,1.4717,1.459,24.999999999999467,-126.99999999999933
2008-01-01,1.4752,1.4597,1.4621,1.4714,20.000000000000018,93.00000000000085
2008-01-02,1.4784,1.4689,1.4715,1.4751,19.000000000000128,36.000000000000476
2008-01-03,1.4827,1.4696,1.4752,1.4745,61.99999999999983,-7.0000000000014495
2008-01-06,1.4758,1.4661,1.4749,1.4698,13.000000000000789,-51.000000000001044
2008-01-07,1.4742,1.4682,1.4697,1.4709,14.000000000000679,12.000000000000899
2008-01-08,1.4743,1.4642,1.471,1.466,16.00000000000046,-50.00000000000115
2008-01-09,1.4814,1.4644,1.4659,1.4805,21.000000000002128,145.99999999999946
2008-01-10,1.4822,1.4764,1.4804,1.4777,14.000000000000679,-26.999999999999247
2008-01-13,1.4916,1.4784,1.4784,1.4871,24.999999999999467,87.00000000000152
2008-01-14,1.4924,1.4802,1.4872,1.4806,20.000000000000018,-66.00000000000162
2008-01-15,1.4862,1.4598,1.4807,1.4652,43.999999999999595,-154.99999999999847
2008-01-16,1.4716,1.4591,1.4653,1.4644,30.000000000001137,-9.00000000000123
2008-01-17,1.4696,1.4604,1.4645,1.4624,15.999999999998238,-20.999999999999908
2008-01-20,1.4606,1.4424,1.4605,1.4456,22.999999999999687,-148.99999999999915
2008-01-21,1.4645,1.4367,1.4455,1.463,90.0000000000012,175.0000000000007
2008-01-22,1.4685,1.4513,1.4629,1.4631,22.999999999999687,1.9999999999997797
2008-01-23,1.4782,1.4592,1.463,1.4756,14.000000000000679,125.99999999999945
2008-01-24,1.478,1.4664,1.4755,1.4683,16.00000000000046,-72.00000000000095
2008-01-27,1.48,1.4664,1.4681,1.4782,18.000000000000238,100.99999999999997
2008-01-28,1.4799,1.474,1.4784,1.4778,17.000000000000348,-5.999999999999339
2008-01-29,1.4907,1.4757,1.4777,1.4864,46.99999999999926,86.9999999999993
2008-01-30,1.4915,1.4806,1.4865,1.4863,15.000000000000568,-1.9999999999997797
2008-01-31,1.495,1.4786,1.4864,1.4805,41.000000000002146,-59.00000000000016
2008-02-03,1.485,1.4795,1.4807,1.4832,12.000000000000899,25.000000000001688
2008-02-04,1.4837,1.4625,1.4833,1.4648,18.000000000000238,-184.9999999999996
2008-02-05,1.4671,1.4593,1.4649,1.4632,13.000000000000789,-17.000000000000348
2008-02-06,1.4652,1.4439,1.4633,1.4487,28.000000000001357,-145.99999999999946
2008-02-07,1.4547,1.4451,1.4488,1.4512,28.999999999999027,23.999999999999577
2008-02-10,1.4578,1.4482,1.4518,1.4519,10.000000000001119,0.9999999999998899
2008-02-11,1.4617,1.4498,1.452,1.4586,14.999999999998348,65.99999999999939
2008-02-12,1.4599,1.4534,1.4585,1.4574,14.999999999998348,-10.999999999998789
2008-02-13,1.4651,1.455,1.4575,1.4643,14.000000000000679,67.99999999999918
2008-02-14,1.471,1.4632,1.4642,1.4684,19.000000000000128,41.999999999999815
2008-02-17,1.4693,1.4611,1.468,1.4658,8.999999999999009,-21.999999999999797
2008-02-18,1.476,1.4643,1.4657,1.4728,12.999999999998568,71.00000000000107
2008-02-19,1.4733,1.4617,1.4729,1.4719,16.00000000000046,-10.000000000001119
2008-02-20,1.4839,1.4704,1.472,1.4814,15.000000000000568,94.00000000000075
2008-02-21,1.4863,1.4789,1.4815,1.4828,14.999999999998348,12.999999999998568
2008-02-24,1.4845,1.4796,1.4841,1.4832,11.000000000001009,-8.999999999999009
2008-02-25,1.4988,1.4781,1.4831,1.4975,29.000000000001247,143.9999999999997
2008-02-26,1.5147,1.4972,1.4974,1.5122,53.000000000000824,147.99999999999923
2008-02-27,1.5233,1.5076,1.5123,1.5196,21.999999999999797,73.00000000000084
2008-02-28,1.5241,1.5147,1.5194,1.5181,14.999999999998348,-13.000000000000789
2008-03-02,1.5276,1.516,1.52,1.5204,29.999999999998916,3.9999999999995595
2008-03-03,1.525,1.5174,1.5203,1.522,16.00000000000046,17.000000000000348
2008-03-04,1.5305,1.5148,1.5219,1.5265,20.000000000000018,45.999999999999375
2008-03-05,1.5397,1.5262,1.5264,1.5382,24.999999999999467,118.00000000000033
2008-03-06,1.5463,1.5315,1.5383,1.5356,43.999999999999595,-26.999999999999247
2008-03-09,1.5407,1.5316,1.5364,1.5345,39.00000000000014,-19.000000000000128
2008-03-10,1.5498,1.5285,1.5346,1.534,27.000000000001467,-5.999999999999339
2008-03-11,1.5574,1.5334,1.5339,1.5553,20.999999999999908,213.99999999999864
2008-03-12,1.5646,1.5523,1.5554,1.5638,19.000000000000128,84.00000000000185
2008-03-13,1.5692,1.5535,1.5637,1.5674,24.999999999999467,36.999999999998145
2008-03-16,1.5906,1.5678,1.5678,1.5732,60.99999999999994,53.999999999998494
2008-03-17,1.5834,1.5619,1.5731,1.5624,38.000000000000256,-106.99999999999932
2008-03-18,1.5786,1.5585,1.5625,1.5628,25.999999999999357,2.9999999999996696
2008-03-19,1.5651,1.5397,1.5627,1.5429,18.000000000000238,-198.0000000000004
2008-03-20,1.5474,1.5407,1.543,1.5433,10.000000000001119,2.9999999999996696
2008-03-23,1.5458,1.5344,1.5441,1.5425,21.999999999999797,-16.00000000000046
2008-03-24,1.5659,1.541,1.5424,1.565,20.000000000000018,225.99999999999955
2008-03-25,1.5861,1.5585,1.5649,1.5846,35.99999999999825,197.0000000000005
2008-03-26,1.585,1.5728,1.5847,1.5781,22.999999999999687,-65.99999999999939
2008-03-27,1.5839,1.5743,1.578,1.5798,17.000000000000348,18.000000000000238
2008-03-30,1.5897,1.5761,1.5803,1.5789,20.999999999999908,-14.000000000000679
2008-03-31,1.579,1.5566,1.579,1.5617,20.000000000000018,-172.99999999999872
2008-04-01,1.5703,1.5534,1.5616,1.5686,25.000000000001688,69.99999999999895
2008-04-02,1.5698,1.5511,1.5687,1.5687,24.999999999999467,0.0
2008-04-03,1.5772,1.564,1.5686,1.574,36.000000000000476,54.00000000000071
2008-04-06,1.574,1.5628,1.5733,1.5713,19.000000000000128,-20.000000000000018
2008-04-07,1.5801,1.5675,1.5714,1.5713,40.000000000000036,-0.9999999999998899
2008-04-08,1.5867,1.5685,1.5712,1.5834,17.000000000000348,121.99999999999989
2008-04-09,1.5917,1.5728,1.5832,1.5745,18.000000000000238,-86.9999999999993
2008-04-10,1.5857,1.574,1.5744,1.5808,13.000000000000789,63.999999999999616
2008-04-13,1.5888,1.5672,1.5699,1.5832,16.00000000000046,132.99999999999866
2008-04-14,1.5876,1.5754,1.5831,1.579,37.00000000000037,-40.99999999999993
2008-04-15,1.598,1.5759,1.5789,1.5948,21.999999999999797,159.00000000000026
2008-04-16,1.5986,1.5849,1.5949,1.5909,40.000000000000036,-40.000000000000036
2008-04-17,1.5958,1.5714,1.591,1.5817,20.000000000000018,-92.99999999999864
2008-04-20,1.5951,1.5793,1.5807,1.5914,16.00000000000046,106.99999999999932
2008-04-21,1.602,1.5835,1.5915,1.5992,28.999999999999027,77.0000000000004
2008-04-22,1.6005,1.5863,1.5994,1.5892,14.000000000000679,-101.99999999999987
2008-04-23,1.5897,1.5639,1.5893,1.5682,43.999999999999595,-210.99999999999898
2008-04-24,1.571,1.5556,1.5683,1.5631,15.000000000000568,-52.00000000000094
2008-04-27,1.5696,1.5594,1.5613,1.5657,20.999999999999908,44.00000000000182
2008-04-28,1.5665,1.5542,1.5658,1.5572,20.999999999999908,-86.00000000000163
2008-04-29,1.5645,1.5519,1.5573,1.5624,31.000000000001027,51.000000000001044
2008-04-30,1.5645,1.5431,1.5623,1.5475,30.000000000001137,-147.99999999999923
2008-05-01,1.5501,1.5362,1.5476,1.5426,53.999999999998494,-50.00000000000115
2008-05-04,1.5523,1.5425,1.5438,1.5498,20.000000000000018,60.00000000000006
2008-05-05,1.5595,1.5454,1.5499,1.5535,15.000000000000568,36.000000000000476
2008-05-06,1.5541,1.5368,1.553,1.5394,21.999999999999797,-135.99999999999835
2008-05-07,1.5444,1.5286,1.5393,1.5397,22.999999999999687,4.00000000000178
2008-05-08,1.549,1.5393,1.5396,1.5483,20.000000000000018,86.9999999999993
2008-05-11,1.5572,1.5367,1.5453,1.5555,18.000000000000238,102.00000000000209
2008-05-12,1.5569,1.5433,1.5554,1.5477,20.000000000000018,-76.99999999999818
2008-05-13,1.549,1.5398,1.5478,1.5476,31.999999999998696,-1.9999999999997797
2008-05-14,1.5548,1.5422,1.5475,1.5449,21.999999999999797,-26.000000000001577
2008-05-15,1.5603,1.5438,1.5448,1.5578,17.000000000000348,130.00000000000122
2008-05-18,1.5635,1.5489,1.5597,1.5513,17.999999999998018,-84.00000000000185
2008-05-19,1.5682,1.5505,1.5516,1.5648,23.999999999999577,131.99999999999878
2008-05-20,1.5798,1.5633,1.5647,1.5797,70.00000000000117,150.00000000000125
2008-05-21,1.5815,1.5696,1.5796,1.5735,18.000000000000238,-60.99999999999994
2008-05-22,1.5795,1.5699,1.5734,1.5762,16.00000000000046,28.000000000001357
2008-05-25,1.5795,1.5743,1.577,1.5772,7.999999999999119,1.9999999999997797
2008-05-26,1.582,1.5683,1.5773,1.5693,18.000000000000238,-80.00000000000007
2008-05-27,1.5762,1.561,1.5691,1.564,13.000000000000789,-50.99999999999882
2008-05-28,1.5666,1.5487,1.5642,1.552,14.999999999998348,-121.99999999999989
2008-05-29,1.557,1.5463,1.5519,1.5557,27.999999999999137,38.000000000000256
2008-06-01,1.559,1.5488,1.5557,1.5538,20.999999999999908,-19.000000000000128
2008-06-02,1.5629,1.5412,1.554,1.5446,27.999999999999137,-94.00000000000075
2008-06-03,1.5485,1.5421,1.5447,1.5443,24.999999999999467,-3.9999999999995595
2008-06-04,1.5602,1.5366,1.5444,1.5597,29.000000000001247,153.0000000000009
2008-06-05,1.5781,1.5575,1.5596,1.5781,83.00000000000196,184.9999999999996
2008-06-08,1.5846,1.5622,1.5787,1.5648,29.999999999998916,-139.00000000000023
2008-06-09,1.5655,1.5444,1.5648,1.5468,26.999999999999247,-180.00000000000017
2008-06-10,1.5589,1.5449,1.5469,1.5554,17.000000000000348,84.99999999999952
2008-06-11,1.5568,1.5381,1.5552,1.5441,40.99999999999993,-110.99999999999888
2008-06-12,1.5485,1.5305,1.544,1.5383,32.00000000000092,-57.000000000000384
2008-06-15,1.5521,1.5347,1.5408,1.5479,13.000000000000789,71.00000000000107
2008-06-16,1.5553,1.5462,1.5478,1.5512,25.999999999999357,33.99999999999848
2008-06-17,1.5539,1.5466,1.5511,1.5537,11.999999999998678,26.000000000001577
2008-06-18,1.5588,1.5468,1.5536,1.5506,19.000000000000128,-30.000000000001137
2008-06-19,1.5653,1.5494,1.5507,1.5609,13.000000000000789,101.99999999999987
2008-06-22,1.5638,1.547,1.5625,1.552,35.00000000000058,-104.99999999999955
2008-06-23,1.5623,1.5494,1.5519,1.557,18.000000000000238,50.99999999999882
2008-06-24,1.5688,1.5539,1.5569,1.5668,46.00000000000159,99.0000000000002
2008-06-25,1.5768,1.5631,1.5667,1.5757,12.000000000000899,90.0000000000012
2008-06-26,1.5794,1.5722,1.5758,1.5794,14.999999999998348,35.99999999999825
2008-06-29,1.5839,1.5733,1.578,1.5757,13.999999999998458,-22.999999999999687
2008-06-30,1.5829,1.5724,1.5756,1.5792,38.000000000000256,36.000000000000476
2008-07-01,1.589,1.5779,1.5793,1.5885,24.999999999999467,92.00000000000097
2008-07-02,1.5911,1.5684,1.5884,1.5704,44.00000000000182,-180.00000000000017
2008-07-03,1.5729,1.5657,1.5706,1.5708,15.999999999998238,1.9999999999997797
2008-07-06,1.5755,1.5614,1.5702,1.5728,17.000000000000348,25.999999999999357
2008-07-07,1.5741,1.5637,1.5729,1.5672,11.999999999998678,-57.000000000000384
2008-07-08,1.5752,1.5651,1.5673,1.5745,18.000000000000238,72.00000000000095
2008-07-09,1.5804,1.5692,1.5743,1.579,18.000000000000238,46.99999999999926
2008-07-10,1.5949,1.5768,1.5791,1.5941,20.000000000000018,150.00000000000125
2008-07-13,1.5972,1.5843,1.597,1.5909,20.000000000000018,-60.99999999999994
2008-07-14,1.6041,1.5868,1.591,1.5913,25.000000000001688,2.9999999999996696
2008-07-15,1.5949,1.5803,1.5914,1.5829,22.999999999999687,-84.99999999999952
2008-07-16,1.5895,1.5787,1.5828,1.5866,21.999999999999797,38.000000000000256
2008-07-17,1.589,1.5809,1.5865,1.5852,23.000000000001908,-13.000000000000789
2008-07-20,1.5932,1.583,1.5845,1.5924,16.00000000000046,79.00000000000018
2008-07-21,1.5946,1.576,1.5923,1.5789,19.000000000000128,-134.0000000000008
2008-07-22,1.5799,1.5672,1.5787,1.57,20.999999999999908,-86.9999999999993
2008-07-23,1.5716,1.563,1.5698,1.5679,33.99999999999848,-19.000000000000128
2008-07-24,1.5755,1.5664,1.5678,1.5713,20.999999999999908,34.999999999998366
2008-07-27,1.5771,1.5687,1.5711,1.5742,11.000000000001009,31.000000000001027
2008-07-28,1.576,1.5556,1.5741,1.5591,18.000000000000238,-150.00000000000125
2008-07-29,1.5618,1.5525,1.559,1.5578,18.000000000000238,-11.999999999998678
2008-07-30,1.5703,1.5572,1.5579,1.5606,25.999999999999357,26.999999999999247
2008-07-31,1.5607,1.5518,1.5605,1.5566,42.9999999999997,-39.00000000000014
2008-08-03,1.5633,1.5557,1.557,1.558,18.000000000000238,10.000000000001119
2008-08-04,1.5581,1.5447,1.5581,1.5457,36.000000000000476,-123.99999999999966
2008-08-05,1.5518,1.5401,1.5458,1.541,11.000000000001009,-48.00000000000138
2008-08-06,1.5505,1.5313,1.5409,1.5326,37.99999999999804,-82.99999999999974
2008-08-07,1.5337,1.5002,1.5325,1.5011,43.999999999999595,-313.99999999999875
2008-08-10,1.5085,1.4882,1.4932,1.4912,46.00000000000159,-20.000000000000018
2008-08-11,1.4967,1.4817,1.4913,1.4928,17.000000000000348,14.999999999998348
2008-08-12,1.4983,1.4845,1.4927,1.492,21.999999999999797,-6.999999999999229
2008-08-13,1.4952,1.4779,1.4919,1.4828,25.999999999999357,-91.00000000000108
2008-08-14,1.4828,1.4659,1.4827,1.469,16.999999999998128,-136.99999999999824
2008-08-17,1.4769,1.467,1.468,1.4696,18.000000000000238,16.00000000000046
2008-08-18,1.4795,1.4633,1.4697,1.4776,21.999999999999797,79.00000000000018
2008-08-19,1.4809,1.4674,1.4775,1.4749,16.00000000000046,-25.999999999999357
2008-08-20,1.4904,1.4733,1.475,1.4901,18.000000000000238,150.99999999999892
2008-08-21,1.4911,1.476,1.4902,1.4794,13.000000000000789,-107.9999999999992
2008-08-24,1.481,1.4697,1.4786,1.4756,16.00000000000046,-29.999999999998916
2008-08-25,1.4762,1.4571,1.4754,1.4655,52.00000000000094,-99.0000000000002
2008-08-26,1.4778,1.4635,1.4656,1.4729,16.999999999998128,73.00000000000084
2008-08-27,1.4813,1.4674,1.4727,1.4708,31.999999999998696,-18.999999999997907
2008-08-28,1.4769,1.4641,1.4709,1.4673,21.999999999999797,-36.000000000000476
2008-08-31,1.4725,1.4583,1.4699,1.4619,16.00000000000046,-80.00000000000007
2008-09-01,1.462,1.4468,1.462,1.4521,15.000000000000568,-99.0000000000002
2008-09-02,1.4533,1.4387,1.4522,1.45,27.000000000001467,-21.999999999999797
2008-09-03,1.4546,1.4319,1.4499,1.4326,21.999999999999797,-172.99999999999872
2008-09-04,1.4349,1.4199,1.4325,1.4268,44.99999999999949,-57.000000000000384
2008-09-07,1.443,1.4056,1.4337,1.4131,35.00000000000058,-205.99999999999952
2008-09-08,1.4229,1.4047,1.4128,1.4136,20.999999999999908,7.999999999999119
2008-09-09,1.4181,1.3992,1.4135,1.4001,27.999999999999137,-134.0000000000008
2008-09-10,1.4002,1.3883,1.4,1.4,20.999999999999908,0.0
2008-09-11,1.4234,1.3976,1.4001,1.4216,23.999999999999577,215.00000000000074
2008-09-14,1.4483,1.4087,1.4345,1.4245,28.000000000001357,-100.00000000000009
2008-09-15,1.4311,1.4075,1.4244,1.4133,60.00000000000006,-111.0000000000011
2008-09-16,1.4386,1.4078,1.4131,1.4328,24.999999999999467,197.0000000000005
2008-09-17,1.4544,1.4281,1.4327,1.4351,45.999999999999375,23.999999999999577
2008-09-18,1.45,1.4155,1.4352,1.447,35.00000000000058,118.00000000000033
2008-09-21,1.4869,1.4439,1.4492,1.4777,20.000000000000018,284.9999999999997
2008-09-22,1.4827,1.4625,1.4779,1.465,21.999999999999797,-128.99999999999912
2008-09-23,1.4749,1.4612,1.4649,1.4623,25.999999999999357,-26.000000000001577
2008-09-24,1.4771,1.4561,1.4624,1.461,27.999999999999137,-13.999999999998458
2008-09-25,1.468,1.4557,1.4609,1.4618,17.999999999998018,8.999999999999009
2008-09-28,1.4571,1.4304,1.4559,1.4436,88.0000000000014,-122.99999999999977
2008-09-29,1.4437,1.4011,1.4435,1.4094,33.99999999999848,-341.00000000000017
2008-09-30,1.4176,1.3977,1.4095,1.4011,27.000000000001467,-83.99999999999963
2008-10-01,1.4034,1.3749,1.401,1.3821,42.9999999999997,-188.99999999999918
2008-10-02,1.391,1.3704,1.382,1.3777,49.000000000001265,-42.9999999999997
2008-10-05,1.3708,1.3444,1.367,1.3501,30.999999999998806,-168.99999999999915
2008-10-06,1.3744,1.3484,1.35,1.359,63.999999999999616,89.99999999999898
2008-10-07,1.3756,1.3546,1.3591,1.3656,62.99999999999972,64.9999999999995
2008-10-08,1.3787,1.3583,1.3657,1.3607,21.999999999999797,-49.999999999998934
2008-10-09,1.3654,1.3261,1.3609,1.3413,36.000000000000476,-196.00000000000063
2008-10-12,1.3684,1.3459,1.3577,1.3582,25.999999999999357,5.00000000000167
2008-10-13,1.3771,1.3578,1.3586,1.3621,27.000000000001467,35.00000000000058
2008-10-14,1.369,1.3486,1.3622,1.3501,27.000000000001467,-121.0
2008-10-15,1.354,1.3348,1.3502,1.3457,26.000000000001577,-45.000000000001705
2008-10-16,1.352,1.3388,1.3458,1.3413,20.000000000000018,-45.000000000001705
2008-10-19,1.3532,1.329,1.3431,1.3345,23.999999999999577,-85.9999999999994
2008-10-20,1.3359,1.3054,1.334,1.3065,22.999999999999687,-275.0000000000008
2008-10-21,1.3081,1.274,1.3066,1.2854,55.000000000000604,-211.99999999999886
2008-10-22,1.2937,1.273,1.2855,1.2936,56.0000000000005,80.99999999999996
2008-10-23,1.3008,1.2498,1.2937,1.2624,45.999999999999375,-313.0000000000011
2008-10-26,1.269,1.2336,1.2567,1.2495,53.000000000000824,-71.99999999999874
2008-10-27,1.2745,1.2331,1.2494,1.2684,36.999999999998145,189.99999999999906
2008-10-28,1.2994,1.2628,1.2683,1.2967,48.99999999999905,283.99999999999983
2008-10-29,1.3299,1.2807,1.2969,1.2917,50.00000000000115,-51.999999999998714
2008-10-30,1.2925,1.267,1.2915,1.2729,58.00000000000027,-186.0000000000017
2008-10-31,1.2725,1.2725,1.2725,1.2725,0.0,0.0
2008-11-02,1.29,1.2597,1.2753,1.2645,22.999999999999687,-108.00000000000142
2008-11-03,1.3051,1.2528,1.2645,1.2983,24.999999999999467,338.0000000000005
2008-11-04,1.3118,1.2796,1.2984,1.2957,38.000000000000256,-26.999999999999247
2008-11-05,1.2958,1.2681,1.2958,1.2717,91.99999999999875,-241.0000000000001
2008-11-06,1.2853,1.2655,1.2716,1.2719,50.00000000000115,2.9999999999996696
2008-11-09,1.2929,1.272,1.2827,1.2751,26.000000000001577,-76.00000000000051
2008-11-10,1.2802,1.2509,1.2752,1.2524,23.999999999999577,-227.99999999999932
2008-11-11,1.2634,1.2469,1.2525,1.2508,45.999999999999375,-17.000000000000348
2008-11-12,1.2858,1.239,1.2509,1.2771,41.999999999999815,262.0
2008-11-13,1.283,1.2575,1.277,1.2605,41.999999999999815,-164.9999999999996
2008-11-16,1.2744,1.2514,1.2541,1.2652,24.000000000001798,111.0000000000011
2008-11-17,1.2702,1.2569,1.2653,1.262,27.000000000001467,-33.00000000000081
2008-11-18,1.2816,1.2486,1.2619,1.249,34.000000000000696,-128.99999999999912
2008-11-19,1.2596,1.2436,1.2491,1.2455,29.999999999998916,-36.000000000000476
2008-11-20,1.264,1.2425,1.2456,1.2592,26.999999999999247,136.00000000000057
2008-11-23,1.2957,1.2569,1.2592,1.2956,22.999999999999687,363.9999999999999
2008-11-24,1.3083,1.2806,1.2955,1.3066,35.00000000000058,110.99999999999888
2008-11-25,1.3073,1.2821,1.3067,1.2882,34.000000000000696,-184.9999999999996
2008-11-26,1.297,1.2862,1.2881,1.2906,21.999999999999797,24.999999999999467
2008-11-27,1.2958,1.2647,1.2907,1.2693,29.999999999998916,-213.99999999999864
2008-11-30,1.2718,1.2584,1.2718,1.2613,21.999999999999797,-104.99999999999955
2008-12-01,1.2768,1.2564,1.2611,1.2716,23.999999999999577,104.99999999999955
2008-12-02,1.2744,1.2604,1.2717,1.2719,20.000000000000018,1.9999999999997797
2008-12-03,1.285,1.2551,1.2718,1.2779,27.000000000001467,60.99999999999994
2008-12-04,1.28,1.2629,1.2782,1.2724,40.99999999999993,-58.00000000000027
2008-12-07,1.2969,1.2721,1.2735,1.2965,19.000000000000128,229.9999999999991
2008-12-08,1.3003,1.2801,1.2961,1.2929,24.000000000001798,-32.00000000000092
2008-12-09,1.3072,1.2905,1.2928,1.3024,21.999999999999797,96.00000000000053
2008-12-10,1.3408,1.3003,1.3022,1.3354,26.999999999999247,331.999999999999
2008-12-11,1.3417,1.3254,1.3353,1.3371,38.000000000000256,18.000000000000238
2008-12-14,1.3724,1.3371,1.3372,1.369,23.999999999999577,318.0000000000005
2008-12-15,1.4149,1.3631,1.3689,1.4011,52.99999999999861,322.00000000000006
2008-12-16,1.444,1.3999,1.3999,1.4421,52.99999999999861,422.00000000000017
2008-12-17,1.4721,1.4184,1.4422,1.4248,88.99999999999908,-173.9999999999986
2008-12-18,1.4312,1.3827,1.4246,1.3909,49.999999999998934,-337.0000000000006
2008-12-21,1.4127,1.3905,1.3939,1.3946,29.999999999998916,7.0000000000014495
2008-12-22,1.4023,1.3922,1.3947,1.3928,22.000000000002018,-19.000000000000128
2008-12-23,1.4021,1.3917,1.3927,1.4005,19.000000000000128,78.00000000000028
2008-12-25,1.412,1.4015,1.4066,1.4031,15.999999999998238,-35.00000000000058
2008-12-28,1.4365,1.3923,1.4071,1.393,58.00000000000027,-141.0
2008-12-29,1.4224,1.392,1.3929,1.4059,30.999999999998806,129.999999999999
2008-12-30,1.415,1.3852,1.406,1.397,32.00000000000092,-89.99999999999898
2009-01-01,1.403,1.3842,1.4005,1.3923,27.000000000001467,-81.99999999999986
2009-01-04,1.3965,1.3548,1.391,1.3637,34.000000000000696,-273.000000000001
2009-01-05,1.3662,1.3314,1.3638,1.3539,33.00000000000081,-98.99999999999798
2009-01-06,1.3749,1.3434,1.3538,1.3647,29.999999999998916,109.00000000000132
2009-01-07,1.3801,1.3536,1.3648,1.3704,35.99999999999825,56.0000000000005
2009-01-08,1.3754,1.3417,1.3702,1.348,81.00000000000219,-221.99999999999997
2009-01-09,1.3479,1.3479,1.3479,1.3479,0.0,0.0
2009-01-11,1.3482,1.3292,1.3482,1.3364,36.000000000000476,-118.00000000000033
2009-01-12,1.3375,1.3142,1.336,1.3183,35.99999999999825,-177.00000000000048
2009-01-13,1.3338,1.3095,1.3184,1.3193,31.000000000001027,8.999999999999009
2009-01-14,1.3245,1.3028,1.3191,1.3116,52.00000000000094,-74.99999999999841
2009-01-15,1.3346,1.3111,1.3111,1.3268,30.999999999998806,157.00000000000048
2009-01-18,1.3388,1.3068,1.3343,1.3069,27.999999999999137,-274.0000000000009
2009-01-19,1.3105,1.2858,1.307,1.2907,25.000000000001688,-162.9999999999998
2009-01-20,1.3088,1.2826,1.2906,1.3025,38.000000000000256,119.00000000000021
2009-01-21,1.3085,1.291,1.3027,1.3003,32.00000000000092,-23.999999999999577
2009-01-22,1.3037,1.2766,1.3002,1.2973,29.000000000001247,-29.000000000001247
2009-01-25,1.3209,1.2863,1.297,1.3191,28.999999999999027,221.00000000000009
2009-01-26,1.3331,1.3121,1.319,1.3162,43.999999999999595,-27.999999999999137
2009-01-27,1.3328,1.3104,1.3163,1.3168,50.00000000000115,4.999999999999449
2009-01-28,1.3181,1.2934,1.3166,1.2956,33.00000000000081,-209.9999999999991
2009-01-29,1.296,1.2765,1.2955,1.2815,27.000000000001467,-140.0000000000001
2009-02-01,1.2901,1.2708,1.2774,1.2845,27.000000000001467,70.99999999999883
2009-02-02,1.306,1.2804,1.2846,1.3042,26.999999999999247,196.00000000000063
2009-02-03,1.3073,1.2814,1.3043,1.2851,26.999999999999247,-192.00000000000105
2009-02-04,1.2907,1.2763,1.2852,1.2793,23.999999999999577,-58.99999999999794
2009-02-05,1.2995,1.2749,1.2794,1.2946,44.00000000000182,151.9999999999988
2009-02-08,1.3095,1.2876,1.297,1.3005,19.000000000000128,35.00000000000058
2009-02-09,1.3076,1.2812,1.3006,1.2915,32.999999999998586,-90.99999999999886
2009-02-10,1.2999,1.2836,1.2914,1.2907,24.999999999999467,-7.0000000000014495
2009-02-11,1.2946,1.2724,1.2908,1.2863,25.999999999999357,-44.99999999999949
2009-02-12,1.2946,1.2823,1.2864,1.2864,22.999999999999687,0.0
2009-02-15,1.2827,1.2729,1.2785,1.2804,20.999999999999908,19.000000000000128
2009-02-16,1.2808,1.2564,1.2804,1.2584,47.999999999999154,-220.0000000000002
2009-02-17,1.2642,1.2515,1.2582,1.2532,18.000000000000238,-49.999999999998934
2009-02-18,1.2762,1.2529,1.2531,1.2675,18.000000000000238,143.9999999999997
2009-02-19,1.2885,1.256,1.2674,1.283,44.99999999999949,155.99999999999835
2009-02-22,1.2993,1.2693,1.281,1.2695,28.999999999999027,-114.99999999999844
2009-02-23,1.2879,1.2664,1.2696,1.2848,26.999999999999247,151.9999999999988
2009-02-24,1.2901,1.2692,1.2846,1.2725,20.000000000000018,-121.0
2009-02-25,1.2812,1.2684,1.2724,1.2745,26.999999999999247,20.999999999999908
2009-02-26,1.2752,1.2605,1.2746,1.2674,34.000000000000696,-71.99999999999874
2009-03-01,1.2639,1.2547,1.2635,1.2579,19.000000000000128,-56.0000000000005
2009-03-02,1.268,1.2523,1.2578,1.2563,18.000000000000238,-15.000000000000568
2009-03-03,1.2664,1.2458,1.2562,1.2662,23.999999999999577,100.00000000000009
2009-03-04,1.2665,1.2483,1.2661,1.2542,19.000000000000128,-119.00000000000021
2009-03-05,1.2756,1.2534,1.2541,1.2654,58.00000000000027,113.00000000000088
2009-03-08,1.2729,1.2558,1.2657,1.2613,13.000000000000789,-43.999999999999595
2009-03-09,1.2824,1.2581,1.2614,1.2684,23.999999999999577,69.99999999999895
2009-03-10,1.2866,1.2619,1.2684,1.2839,20.999999999999908,155.00000000000068
2009-03-11,1.2947,1.2734,1.2836,1.2916,26.000000000001577,80.00000000000007
2009-03-12,1.2959,1.2865,1.2915,1.2931,27.999999999999137,15.999999999998238
2009-03-15,1.3073,1.2836,1.2883,1.297,23.999999999999577,86.9999999999993
2009-03-16,1.3035,1.2933,1.2969,1.3018,19.000000000000128,49.000000000001265
2009-03-17,1.35,1.2988,1.3017,1.3475,230.99999999999898,457.9999999999984
2009-03-18,1.374,1.3419,1.3473,1.3667,30.000000000001137,194.00000000000085
2009-03-19,1.3728,1.3519,1.3667,1.3584,32.00000000000092,-82.99999999999974
2009-03-22,1.3738,1.3487,1.3627,1.3635,27.000000000001467,7.999999999999119
2009-03-23,1.368,1.3433,1.3635,1.347,29.999999999998916,-164.9999999999996
2009-03-24,1.3653,1.342,1.347,1.3584,72.99999999999862,114.00000000000077
2009-03-25,1.3642,1.3496,1.3585,1.3528,25.000000000001688,-57.000000000000384
2009-03-26,1.3593,1.3259,1.3529,1.3291,29.999999999998916,-238.00000000000043
2009-03-29,1.3288,1.3115,1.3231,1.3201,32.999999999998586,-29.999999999998916
2009-03-30,1.3345,1.3176,1.32,1.3252,16.00000000000046,51.999999999998714
2009-03-31,1.3289,1.3168,1.3252,1.3251,26.999999999999247,-0.9999999999998899
2009-04-01,1.3519,1.3225,1.3251,1.3464,77.0000000000004,213.00000000000097
2009-04-02,1.3497,1.3367,1.3465,1.3487,30.000000000001137,21.999999999999797
2009-04-05,1.3584,1.336,1.3505,1.3418,15.000000000000568,-86.9999999999993
2009-04-06,1.3421,1.3229,1.3418,1.3274,29.999999999998916,-144.0000000000019
2009-04-07,1.3312,1.315,1.3275,1.3284,18.999999999997907,9.00000000000123
2009-04-08,1.3338,1.3128,1.3285,1.3171,17.000000000000348,-114.00000000000077
2009-04-09,1.3191,1.3092,1.3171,1.3191,30.999999999998806,20.000000000000018
2009-04-12,1.3396,1.3128,1.3192,1.337,24.000000000001798,178.00000000000037
2009-04-13,1.3383,1.3228,1.3369,1.3261,19.000000000000128,-107.9999999999992
2009-04-14,1.33,1.3149,1.3261,1.3229,21.999999999999797,-32.00000000000092
2009-04-15,1.3271,1.3128,1.323,1.3188,38.000000000000256,-41.999999999999815
2009-04-16,1.32,1.3018,1.3189,1.3045,19.000000000000128,-143.9999999999997
2009-04-19,1.3064,1.289,1.3064,1.2922,27.000000000001467,-141.99999999999991
2009-04-20,1.2996,1.2898,1.2922,1.2949,19.000000000000128,26.999999999999247
2009-04-21,1.3041,1.2887,1.2951,1.3007,22.999999999999687,56.0000000000005
2009-04-22,1.3162,1.2982,1.3007,1.3145,15.000000000000568,138.00000000000034
2009-04-23,1.3303,1.3115,1.3145,1.3244,21.999999999999797,99.0000000000002
2009-04-26,1.3251,1.3001,1.3249,1.304,42.9999999999997,-208.99999999999918
2009-04-27,1.3168,1.2967,1.3041,1.3151,20.000000000000018,109.99999999999899
2009-04-28,1.3345,1.3123,1.315,1.3276,31.000000000001027,125.99999999999945
2009-04-29,1.3388,1.3194,1.3277,1.3232,20.999999999999908,-45.000000000001705
2009-04-30,1.333,1.322,1.3232,1.3272,22.000000000002018,40.000000000000036
2009-05-03,1.3427,1.3215,1.3277,1.3408,20.999999999999908,130.9999999999989
2009-05-04,1.344,1.3284,1.3408,1.3331,20.000000000000018,-77.0000000000004
2009-05-05,1.3376,1.3248,1.3332,1.3336,37.00000000000037,3.9999999999995595
2009-05-06,1.3472,1.3254,1.3335,1.3393,76.00000000000051,58.00000000000027
2009-05-07,1.3654,1.3344,1.3395,1.3642,42.00000000000203,247.00000000000165
2009-05-10,1.3671,1.356,1.3648,1.3584,14.000000000000679,-63.999999999999616
2009-05-11,1.3709,1.3565,1.3583,1.3651,23.999999999999577,67.99999999999918
2009-05-12,1.3724,1.3568,1.3652,1.3602,27.999999999999137,-49.999999999998934
2009-05-13,1.3667,1.3527,1.3601,1.3641,23.999999999999577,40.000000000000036
2009-05-14,1.3653,1.3464,1.3642,1.3496,25.999999999999357,-146.00000000000168
2009-05-17,1.3566,1.3426,1.3482,1.3563,15.000000000000568,80.99999999999996
2009-05-18,1.367,1.3532,1.3564,1.3633,21.999999999999797,68.99999999999906
2009-05-19,1.3832,1.3586,1.3631,1.3782,24.000000000001798,151.00000000000114
2009-05-20,1.3925,1.373,1.3783,1.3892,34.000000000000696,108.99999999999909
2009-05-21,1.4053,1.3891,1.3893,1.4001,21.999999999999797,107.9999999999992
2009-05-24,1.4047,1.3958,1.4017,1.4017,11.999999999998678,0.0
2009-05-25,1.4023,1.386,1.4016,1.3985,19.000000000000128,-30.999999999998806
2009-05-26,1.4001,1.3823,1.3984,1.3824,22.999999999999687,-160.00000000000014
2009-05-27,1.3983,1.3793,1.3825,1.3941,32.999999999998586,115.99999999999832
2009-05-28,1.4169,1.3926,1.394,1.416,19.000000000000128,220.0000000000002
2009-05-31,1.4246,1.4099,1.4145,1.4159,20.000000000000018,13.999999999998458
2009-06-01,1.4331,1.4102,1.416,1.4303,25.999999999999357,142.9999999999998
2009-06-02,1.4338,1.4109,1.4302,1.4163,27.999999999999137,-139.00000000000023
2009-06-03,1.4241,1.407,1.4161,1.4184,34.000000000000696,23.000000000001908
2009-06-04,1.4268,1.3933,1.4183,1.397,50.00000000000115,-212.99999999999875
2009-06-07,1.4002,1.3805,1.3969,1.3899,17.000000000000348,-70.00000000000117
2009-06-08,1.4101,1.3852,1.3899,1.4065,20.999999999999908,166.0000000000017
2009-06-09,1.4144,1.3915,1.4064,1.3984,24.999999999999467,-80.00000000000007
2009-06-10,1.4178,1.3943,1.3983,1.4108,26.000000000001577,124.99999999999956
2009-06-11,1.4129,1.3936,1.4109,1.4016,27.000000000001467,-93.00000000000085
2009-06-14,1.4002,1.3756,1.3996,1.3803,27.999999999999137,-192.99999999999872
2009-06-15,1.3933,1.3748,1.3803,1.3836,29.999999999998916,32.999999999998586
2009-06-16,1.3985,1.3807,1.3836,1.3941,17.000000000000348,104.99999999999955
2009-06-17,1.4001,1.3871,1.3942,1.39,21.999999999999797,-42.00000000000203
2009-06-18,1.4012,1.3883,1.39,1.394,17.000000000000348,40.000000000000036
2009-06-21,1.3957,1.3827,1.3948,1.3866,21.999999999999797,-81.99999999999986
2009-06-22,1.4107,1.3829,1.3865,1.4076,28.000000000001357,210.99999999999898
2009-06-23,1.4138,1.3889,1.4075,1.3929,40.000000000000036,-145.99999999999946
2009-06-24,1.4013,1.3889,1.3928,1.3987,19.000000000000128,59.00000000000016
2009-06-25,1.4118,1.3982,1.3986,1.4059,15.999999999998238,72.99999999999862
2009-06-28,1.4103,1.3983,1.4066,1.4081,12.000000000000899,14.999999999998348
2009-06-29,1.4152,1.4001,1.4082,1.4032,18.000000000000238,-49.999999999998934
2009-06-30,1.4201,1.4001,1.4031,1.4141,37.00000000000037,109.99999999999899
2009-07-01,1.4154,1.3989,1.4142,1.4002,27.999999999999137,-140.0000000000001
2009-07-02,1.4028,1.3927,1.4003,1.3981,27.000000000001467,-22.000000000002018
2009-07-05,1.3998,1.3876,1.3958,1.3984,11.000000000001009,26.000000000001577
2009-07-06,1.405,1.3904,1.3983,1.3924,17.000000000000348,-59.00000000000016
2009-07-07,1.3938,1.3833,1.3923,1.3884,20.000000000000018,-39.00000000000014
2009-07-08,1.407,1.3858,1.3883,1.4017,27.000000000001467,133.99999999999858
2009-07-09,1.4029,1.3878,1.4018,1.3935,19.000000000000128,-82.99999999999974
2009-07-12,1.4001,1.3897,1.3948,1.3977,11.000000000001009,28.999999999999027
2009-07-13,1.4014,1.3911,1.3978,1.3966,22.999999999999687,-11.999999999998678
2009-07-14,1.4135,1.3963,1.3965,1.4107,12.999999999998568,141.99999999999991
2009-07-15,1.4166,1.4057,1.4106,1.4146,23.999999999999577,40.000000000000036
2009-07-16,1.415,1.4062,1.4147,1.4103,14.999999999998348,-43.999999999999595
2009-07-19,1.4249,1.4095,1.4099,1.423,15.000000000000568,131.0000000000011
2009-07-20,1.4277,1.4163,1.423,1.4224,18.000000000000238,-5.999999999999339
2009-07-21,1.4257,1.4156,1.4222,1.4219,12.000000000000899,-2.9999999999996696
2009-07-22,1.4291,1.4119,1.4219,1.4142,30.000000000001137,-77.0000000000004
2009-07-23,1.4253,1.4135,1.4144,1.4205,14.000000000000679,60.99999999999994
2009-07-26,1.4298,1.4171,1.4225,1.423,14.000000000000679,4.999999999999449
2009-07-27,1.4304,1.4131,1.4229,1.4167,12.999999999998568,-61.99999999999983
2009-07-28,1.4195,1.4007,1.4166,1.4049,15.000000000000568,-117.00000000000044
2009-07-29,1.4095,1.4009,1.4046,1.4075,16.00000000000046,28.999999999999027
2009-07-30,1.4279,1.4064,1.4076,1.4258,22.000000000002018,181.99999999999994
2009-08-02,1.4445,1.4207,1.4266,1.4412,23.999999999999577,145.99999999999946
2009-08-03,1.4431,1.4367,1.4413,1.4407,14.000000000000679,-5.999999999999339
2009-08-04,1.4447,1.4355,1.4407,1.4403,20.000000000000018,-4.00000000000178
2009-08-05,1.443,1.4329,1.4402,1.4346,19.000000000000128,-55.99999999999827
2009-08-06,1.4412,1.4154,1.4345,1.4182,37.00000000000037,-163.00000000000205
2009-08-09,1.4218,1.4105,1.418,1.4139,12.000000000000899,-40.99999999999993
2009-08-10,1.4185,1.411,1.414,1.4149,9.00000000000123,9.00000000000123
2009-08-11,1.4247,1.4086,1.4151,1.4184,41.999999999999815,33.00000000000081
2009-08-12,1.4327,1.418,1.4187,1.4292,17.999999999998018,104.99999999999955
2009-08-13,1.4306,1.416,1.4287,1.4203,15.000000000000568,-84.00000000000185
2009-08-16,1.4193,1.4045,1.4188,1.4082,15.000000000000568,-106.00000000000165
2009-08-17,1.415,1.4066,1.4081,1.4135,20.000000000000018,54.00000000000071
2009-08-18,1.4265,1.4083,1.4136,1.4222,27.000000000001467,85.9999999999994
2009-08-19,1.4274,1.4199,1.4221,1.4252,16.00000000000046,31.000000000001027
2009-08-20,1.4374,1.4208,1.4252,1.4327,19.000000000000128,75.00000000000063
2009-08-23,1.4359,1.428,1.4332,1.4302,13.000000000000789,-30.000000000001137
2009-08-24,1.4362,1.4252,1.4302,1.4297,16.999999999998128,-4.999999999999449
2009-08-25,1.4352,1.4207,1.4297,1.4254,16.00000000000046,-42.9999999999997
2009-08-26,1.4406,1.422,1.4253,1.434,28.000000000001357,86.9999999999993
2009-08-27,1.4388,1.428,1.4341,1.4301,15.000000000000568,-40.000000000000036
2009-08-30,1.4367,1.4255,1.4308,1.4331,15.000000000000568,22.999999999999687
2009-08-31,1.4377,1.4176,1.4331,1.4223,28.000000000001357,-108.00000000000142
2009-09-01,1.4293,1.4189,1.4222,1.4263,20.000000000000018,40.99999999999993
2009-09-02,1.4347,1.4235,1.4262,1.425,18.000000000000238,-11.999999999998678
2009-09-03,1.4325,1.419,1.425,1.4297,23.999999999999577,46.99999999999926
2009-09-06,1.4361,1.43,1.4302,1.4332,13.000000000000789,30.000000000001137
2009-09-07,1.4534,1.4328,1.4331,1.4478,17.000000000000348,146.99999999999935
2009-09-08,1.4599,1.4466,1.4477,1.4556,20.000000000000018,79.00000000000018
2009-09-09,1.4612,1.4501,1.4557,1.458,23.000000000001908,22.999999999999687
2009-09-10,1.4634,1.4552,1.458,1.4569,32.00000000000092,-10.999999999998789
2009-09-13,1.4652,1.4514,1.46,1.4617,17.000000000000348,17.000000000000348
2009-09-14,1.4684,1.4561,1.4617,1.4656,24.999999999999467,39.00000000000014
2009-09-15,1.4735,1.4645,1.4656,1.4709,19.000000000000128,53.000000000000824
2009-09-16,1.4766,1.4687,1.4707,1.4738,15.999999999998238,31.000000000001027
2009-09-17,1.4745,1.4647,1.4737,1.4707,12.000000000000899,-30.000000000001137
2009-09-20,1.4712,1.4611,1.4706,1.4678,14.999999999998348,-27.999999999999137
2009-09-21,1.4822,1.467,1.468,1.479,16.00000000000046,110.00000000000121
2009-09-22,1.4842,1.4728,1.4791,1.4733,33.99999999999848,-58.00000000000027
2009-09-23,1.4803,1.4628,1.4733,1.4664,17.000000000000348,-69.00000000000128
2009-09-24,1.4724,1.4616,1.4662,1.4692,20.000000000000018,30.000000000001137
2009-09-27,1.472,1.4564,1.4702,1.4621,35.00000000000058,-80.99999999999996
2009-09-28,1.4645,1.4527,1.4622,1.4586,18.000000000000238,-36.000000000000476
2009-09-29,1.4673,1.4575,1.4587,1.4638,17.999999999998018,50.99999999999882
2009-09-30,1.4667,1.4516,1.4641,1.4542,24.000000000001798,-99.0000000000002
2009-10-01,1.4646,1.448,1.4541,1.4575,35.00000000000058,34.000000000000696
2009-10-04,1.4667,1.4579,1.461,1.4647,12.000000000000899,36.999999999998145
2009-10-05,1.4761,1.4645,1.4646,1.4719,16.00000000000046,73.00000000000084
2009-10-06,1.4736,1.465,1.4719,1.469,10.999999999998789,-28.999999999999027
2009-10-07,1.4816,1.4682,1.4689,1.4792,22.999999999999687,102.99999999999976
2009-10-08,1.4795,1.4673,1.4792,1.4725,14.999999999998348,-67.0000000000015
2009-10-11,1.4812,1.4678,1.4722,1.4773,11.000000000001009,51.000000000001044
2009-10-12,1.4874,1.4761,1.4772,1.4853,17.000000000000348,80.99999999999996
2009-10-13,1.4944,1.4838,1.4854,1.4923,19.000000000000128,68.99999999999906
2009-10-14,1.4965,1.4842,1.4924,1.4946,27.000000000001467,21.999999999999797
2009-10-15,1.4966,1.4848,1.4945,1.4902,14.000000000000679,-42.9999999999997
2009-10-18,1.4965,1.4829,1.4887,1.4964,16.00000000000046,77.0000000000004
2009-10-19,1.4992,1.4882,1.4962,1.4944,15.000000000000568,-18.000000000000238
2009-10-20,1.5045,1.4889,1.4944,1.5015,17.000000000000348,71.00000000000107
2009-10-21,1.5037,1.4945,1.5016,1.5033,11.999999999998678,17.000000000000348
2009-10-22,1.506,1.4986,1.5034,1.5007,12.000000000000899,-27.000000000001467
2009-10-25,1.5063,1.4845,1.4995,1.4876,19.000000000000128,-119.00000000000021
2009-10-26,1.4927,1.477,1.4875,1.4804,24.000000000001798,-71.00000000000107
2009-10-27,1.484,1.4691,1.4803,1.4706,20.000000000000018,-97.00000000000043
2009-10-28,1.4859,1.4683,1.4708,1.4821,31.000000000001027,112.99999999999866
2009-10-29,1.4858,1.4703,1.4822,1.4723,25.000000000001688,-99.0000000000002
2009-11-01,1.4845,1.4684,1.4717,1.4775,25.999999999999357,58.00000000000027
2009-11-02,1.481,1.4626,1.4776,1.4724,20.999999999999908,-52.00000000000094
2009-11-03,1.4909,1.4702,1.4723,1.486,41.999999999999815,137.00000000000045
2009-11-04,1.4918,1.481,1.4861,1.487,21.999999999999797,9.00000000000123
2009-11-05,1.4914,1.4813,1.487,1.4845,50.00000000000115,-25.000000000001688
2009-11-08,1.502,1.4853,1.4883,1.4999,11.000000000001009,116.00000000000054
2009-11-09,1.5021,1.4938,1.4998,1.4993,16.00000000000046,-4.999999999999449
2009-11-10,1.5049,1.4953,1.4992,1.4987,13.000000000000789,-5.00000000000167
2009-11-11,1.5016,1.4821,1.4986,1.4851,17.000000000000348,-134.99999999999847
2009-11-12,1.4938,1.4824,1.485,1.4904,12.000000000000899,53.999999999998494
2009-11-15,1.5016,1.488,1.492,1.497,48.00000000000138,50.00000000000115
2009-11-16,1.4999,1.4808,1.497,1.4876,16.00000000000046,-94.00000000000075
2009-11-17,1.499,1.4859,1.4875,1.4963,18.000000000000238,87.99999999999919
2009-11-18,1.4965,1.4842,1.4962,1.4924,15.000000000000568,-38.000000000000256
2009-11-19,1.4935,1.4801,1.4923,1.4861,23.999999999999577,-61.99999999999983
2009-11-22,1.4999,1.4854,1.4862,1.496,10.999999999998789,98.00000000000031
2009-11-23,1.4989,1.4889,1.4961,1.4968,20.000000000000018,6.999999999999229
2009-11-24,1.5144,1.4955,1.4969,1.5133,23.999999999999577,164.00000000000193
2009-11-25,1.5142,1.4959,1.5135,1.502,20.999999999999908,-115.00000000000065
2009-11-26,1.502,1.4829,1.502,1.4987,28.000000000001357,-33.00000000000081
2009-11-29,1.5084,1.4963,1.5014,1.5004,35.00000000000058,-10.000000000001119
2009-11-30,1.5117,1.4971,1.5005,1.508,12.000000000000899,75.00000000000063
2009-12-01,1.5109,1.5032,1.5082,1.5044,11.000000000001009,-38.000000000000256
2009-12-02,1.5141,1.5042,1.5044,1.5052,34.000000000000696,8.00000000000134
2009-12-03,1.509,1.4822,1.5052,1.4855,30.999999999998806,-197.0000000000005
2009-12-06,1.4905,1.4756,1.4856,1.4827,28.999999999999027,-29.000000000001247
2009-12-07,1.4867,1.4681,1.4825,1.4703,20.000000000000018,-121.99999999999989
2009-12-08,1.4782,1.4669,1.4704,1.4725,20.000000000000018,20.999999999999908
2009-12-09,1.476,1.4684,1.4724,1.4731,15.000000000000568,7.0000000000014495
2009-12-10,1.4777,1.4586,1.4732,1.4617,26.000000000001577,-115.00000000000065
2009-12-13,1.4685,1.4598,1.4622,1.4656,18.000000000000238,34.000000000000696
2009-12-14,1.4663,1.4503,1.4657,1.4538,20.000000000000018,-119.00000000000021
2009-12-15,1.459,1.4505,1.4537,1.4531,58.00000000000027,-5.999999999999339
2009-12-16,1.4536,1.4304,1.453,1.4337,19.000000000000128,-193.00000000000094
2009-12-17,1.4412,1.4261,1.4338,1.4331,20.000000000000018,-6.999999999999229
2009-12-20,1.4373,1.4267,1.4309,1.4276,13.999999999998458,-33.00000000000081
2009-12-21,1.4332,1.4217,1.4277,1.4248,29.999999999998916,-28.999999999999027
2009-12-22,1.4366,1.4234,1.4248,1.4337,17.000000000000348,88.99999999999908
2009-12-23,1.4418,1.4323,1.4338,1.438,7.999999999999119,41.999999999999815
2009-12-24,1.4395,1.4357,1.438,1.4366,8.00000000000134,-13.999999999998458
2009-12-27,1.4414,1.4354,1.4389,1.4379,11.000000000001009,-10.000000000001119
2009-12-28,1.4458,1.4331,1.4378,1.4353,20.000000000000018,-24.999999999999467
2009-12-29,1.4361,1.4273,1.4352,1.4339,17.000000000000348,-13.000000000000789
2009-12-30,1.444,1.4306,1.4338,1.4324,25.999999999999357,-14.000000000000679
2010-01-03,1.4456,1.4257,1.4301,1.4413,16.00000000000046,112.000000000001
2010-01-04,1.4483,1.4346,1.4412,1.4365,16.00000000000046,-46.99999999999926
2010-01-05,1.4435,1.4283,1.4366,1.4407,23.999999999999577,40.99999999999993
2010-01-06,1.4447,1.4299,1.4408,1.4308,22.000000000002018,-100.00000000000009
2010-01-07,1.4439,1.4263,1.4307,1.4409,43.000000000001926,101.99999999999987
2010-01-08,1.4409,1.4409,1.4409,1.4409,0.0,0.0
2010-01-10,1.4556,1.4408,1.4428,1.4512,13.999999999998458,83.99999999999963
2010-01-11,1.4546,1.4453,1.4512,1.4485,20.000000000000018,-27.000000000001467
2010-01-12,1.4579,1.4456,1.4484,1.451,25.000000000001688,26.000000000001577
2010-01-13,1.4555,1.4446,1.4509,1.4499,20.999999999999908,-10.000000000001119
2010-01-14,1.4512,1.4337,1.45,1.4386,23.999999999999577,-113.99999999999855
2010-01-17,1.44,1.4335,1.4353,1.4383,9.00000000000123,29.999999999998916
2010-01-18,1.4414,1.4252,1.4384,1.4287,17.000000000000348,-96.9999999999982
2010-01-19,1.4295,1.408,1.4287,1.4106,22.999999999999687,-181.00000000000006
2010-01-20,1.4143,1.403,1.4105,1.4083,44.99999999999949,-21.999999999999797
2010-01-21,1.4182,1.4066,1.4084,1.4138,24.000000000001798,53.999999999998494
2010-01-24,1.4194,1.4128,1.4156,1.4151,10.000000000001119,-4.999999999999449
2010-01-25,1.4179,1.4042,1.415,1.4071,23.999999999999577,-79.00000000000018
2010-01-26,1.4097,1.3993,1.4072,1.4023,24.000000000001798,-48.99999999999905
2010-01-27,1.4051,1.394,1.4023,1.3971,35.00000000000058,-52.00000000000094
2010-01-28,1.3987,1.3862,1.397,1.3862,19.000000000000128,-107.9999999999992
2010-01-31,1.3938,1.3852,1.3866,1.3931,12.000000000000899,64.9999999999995
2010-02-01,1.3974,1.3886,1.3932,1.3964,25.999999999999357,32.00000000000092
2010-02-02,1.4025,1.3886,1.3965,1.3893,12.000000000000899,-72.00000000000095
2010-02-03,1.3902,1.3722,1.3894,1.3723,16.00000000000046,-170.99999999999892
2010-02-04,1.3746,1.3585,1.3722,1.3678,27.999999999999137,-44.00000000000182
2010-02-07,1.3713,1.3621,1.3658,1.3648,13.000000000000789,-9.999999999998899
2010-02-08,1.3839,1.3643,1.3649,1.3796,57.000000000000384,146.99999999999935
2010-02-09,1.3812,1.3677,1.3796,1.3737,36.000000000000476,-59.00000000000016
2010-02-10,1.3801,1.3595,1.3736,1.3693,20.999999999999908,-42.9999999999997
2010-02-11,1.3695,1.3531,1.3692,1.3631,33.00000000000081,-60.99999999999994
2010-02-14,1.3634,1.3579,1.3625,1.3598,9.00000000000123,-27.000000000001467
2010-02-15,1.3779,1.3588,1.3598,1.3771,13.000000000000789,173.00000000000094
2010-02-16,1.3788,1.3584,1.377,1.3606,20.000000000000018,-163.99999999999972
2010-02-17,1.3654,1.3509,1.3604,1.3525,34.000000000000696,-79.00000000000018
2010-02-18,1.3617,1.3442,1.3525,1.3611,29.000000000001247,85.9999999999994
2010-02-19,1.3613,1.3613,1.3613,1.3613,0.0,0.0
2010-02-21,1.3653,1.3574,1.3636,1.3594,15.000000000000568,-41.999999999999815
2010-02-22,1.3691,1.3496,1.3595,1.3506,23.999999999999577,-88.99999999999908
2010-02-23,1.3625,1.3501,1.3505,1.3536,26.999999999999247,30.999999999998806
2010-02-24,1.357,1.345,1.3539,1.3547,18.000000000000238,7.999999999999119
2010-02-25,1.3682,1.3529,1.3546,1.363,20.999999999999908,83.99999999999963
2010-02-26,1.363,1.363,1.363,1.363,0.0,0.0
2010-02-28,1.3652,1.3459,1.3623,1.3559,29.000000000001247,-63.999999999999616
2010-03-01,1.3621,1.3436,1.356,1.3614,22.000000000002018,53.999999999998494
2010-03-02,1.3735,1.3591,1.3613,1.3695,22.999999999999687,81.99999999999986
2010-03-03,1.3711,1.355,1.3694,1.358,19.000000000000128,-113.99999999999855
2010-03-04,1.3629,1.3529,1.3582,1.362,29.000000000001247,38.000000000000256
2010-03-07,1.3702,1.3604,1.363,1.3632,14.000000000000679,1.9999999999997797
2010-03-08,1.3634,1.3536,1.3633,1.36,13.000000000000789,-32.999999999998586
2010-03-09,1.3678,1.3543,1.3599,1.3656,10.000000000001119,56.99999999999817
2010-03-10,1.3686,1.362,1.3654,1.368,24.999999999999467,26.000000000001577
2010-03-11,1.3795,1.3668,1.3679,1.3767,17.000000000000348,88.0000000000014
2010-03-14,1.3777,1.3639,1.3776,1.3675,12.000000000000899,-100.99999999999997
2010-03-15,1.3782,1.3655,1.3675,1.3764,46.99999999999926,89.00000000000131
2010-03-16,1.3817,1.3725,1.3765,1.3736,12.000000000000899,-29.000000000001247
2010-03-17,1.374,1.3585,1.3737,1.3607,15.000000000000568,-129.999999999999
2010-03-18,1.3626,1.3502,1.3608,1.3528,10.000000000001119,-80.00000000000007
2010-03-21,1.3567,1.3462,1.3536,1.3556,11.999999999998678,20.000000000000018
2010-03-22,1.3568,1.3475,1.3556,1.3497,21.999999999999797,-59.00000000000016
2010-03-23,1.3505,1.3311,1.3498,1.3312,29.999999999998916,-186.0000000000017
2010-03-24,1.3386,1.3266,1.3313,1.3271,33.99999999999848,-41.999999999999815
2010-03-25,1.3424,1.3266,1.3273,1.3408,14.000000000000679,135.00000000000068
2010-03-28,1.3506,1.3418,1.347,1.3481,12.999999999998568,11.000000000001009
2010-03-29,1.3536,1.3395,1.348,1.3412,15.000000000000568,-68.00000000000139
2010-03-30,1.3548,1.3383,1.3411,1.3508,12.999999999998568,97.00000000000043
2010-03-31,1.359,1.3459,1.351,1.3587,21.999999999999797,77.0000000000004
2010-04-01,1.359,1.3474,1.3586,1.3503,29.000000000001247,-82.99999999999974
2010-04-04,1.3537,1.3459,1.3496,1.3483,14.000000000000679,-12.999999999998568
2010-04-05,1.3495,1.3354,1.3482,1.3398,16.00000000000046,-83.99999999999963
2010-04-06,1.3407,1.3325,1.3399,1.3342,12.000000000000899,-57.000000000000384
2010-04-07,1.3365,1.3281,1.3341,1.3359,11.000000000001009,18.000000000000238
2010-04-08,1.3498,1.3341,1.3359,1.3497,40.99999999999993,137.99999999999812
2010-04-11,1.3691,1.3565,1.366,1.359,12.000000000000899,-70.00000000000117
2010-04-12,1.3626,1.3544,1.3591,1.3612,14.000000000000679,20.999999999999908
2010-04-13,1.3678,1.3593,1.3613,1.3652,15.000000000000568,39.00000000000014
2010-04-14,1.3666,1.352,1.3651,1.3571,13.000000000000789,-80.00000000000007
2010-04-15,1.3584,1.3471,1.357,1.35,19.000000000000128,-69.99999999999895
2010-04-18,1.3497,1.3415,1.3467,1.3488,15.000000000000568,20.999999999999908
2010-04-19,1.3521,1.3427,1.3487,1.3433,23.999999999999577,-54.00000000000071
2010-04-20,1.3446,1.3357,1.3433,1.3388,13.999999999998458,-44.99999999999949
2010-04-21,1.342,1.3257,1.3387,1.3293,55.99999999999827,-94.00000000000075
2010-04-22,1.3399,1.3201,1.3291,1.3383,38.000000000000256,92.00000000000097
2010-04-23,1.3384,1.3383,1.3383,1.3384,0.9999999999998899,0.9999999999998899
2010-04-25,1.3396,1.329,1.3347,1.338,22.000000000002018,33.00000000000081
2010-04-26,1.3415,1.3165,1.338,1.3174,29.999999999998916,-206.00000000000173
2010-04-27,1.3265,1.3113,1.3173,1.3219,48.00000000000138,46.00000000000159
2010-04-28,1.3278,1.3183,1.3218,1.3232,21.999999999999797,13.999999999998458
2010-04-29,1.3341,1.3223,1.3233,1.3292,17.000000000000348,59.00000000000016
2010-05-02,1.3359,1.3153,1.3358,1.3193,23.999999999999577,-165.00000000000182
2010-05-03,1.3213,1.298,1.3192,1.2985,16.00000000000046,-206.9999999999994
2010-05-04,1.2995,1.2803,1.2985,1.2812,25.000000000001688,-173.00000000000094
2010-05-05,1.2856,1.2518,1.2813,1.2618,53.000000000000824,-195.00000000000074
2010-05-06,1.2797,1.2585,1.2616,1.275,38.000000000000256,133.99999999999858
2010-05-07,1.2751,1.2751,1.2751,1.2751,0.0,0.0
2010-05-09,1.3092,1.2758,1.2918,1.2786,48.99999999999905,-132.000000000001
2010-05-10,1.2802,1.2655,1.2785,1.266,21.999999999999797,-124.99999999999956
2010-05-11,1.2737,1.2604,1.266,1.2612,16.00000000000046,-47.999999999999154
2010-05-12,1.2683,1.2517,1.2613,1.2533,18.000000000000238,-80.00000000000007
2010-05-13,1.2575,1.2353,1.2533,1.2356,22.999999999999687,-177.00000000000048
2010-05-14,1.2357,1.2357,1.2357,1.2357,0.0,0.0
2010-05-16,1.2413,1.2233,1.2341,1.2393,40.99999999999993,52.00000000000094
2010-05-17,1.2443,1.216,1.2394,1.2201,30.000000000001137,-193.00000000000094
2010-05-18,1.2424,1.2143,1.22,1.2415,37.00000000000037,215.00000000000074
2010-05-19,1.2597,1.2296,1.2416,1.2486,75.00000000000063,69.99999999999895
2010-05-20,1.2671,1.2455,1.2487,1.2569,23.999999999999577,81.99999999999986
2010-05-21,1.2571,1.2571,1.2571,1.2571,0.0,0.0
2010-05-23,1.2562,1.2343,1.2537,1.2371,18.000000000000238,-165.9999999999995
2010-05-24,1.2372,1.2177,1.237,1.2344,22.999999999999687,-26.000000000001577
2010-05-25,1.2387,1.2166,1.2345,1.2177,18.000000000000238,-167.99999999999926
2010-05-26,1.2393,1.2153,1.2176,1.236,21.999999999999797,183.99999999999972
2010-05-27,1.2452,1.2264,1.2359,1.2271,49.000000000001265,-87.99999999999919
2010-05-30,1.2333,1.226,1.2265,1.2304,20.000000000000018,39.00000000000014
2010-05-31,1.2352,1.211,1.2305,1.2227,36.999999999998145,-78.00000000000028
2010-06-01,1.2272,1.2174,1.2226,1.2248,18.000000000000238,22.000000000002018
2010-06-02,1.2326,1.2151,1.2249,1.2161,22.999999999999687,-88.0000000000014
2010-06-03,1.2214,1.1954,1.216,1.1966,35.00000000000058,-193.9999999999986
2010-06-06,1.199,1.1875,1.1928,1.1922,21.999999999999797,-6.00000000000156
2010-06-07,1.2008,1.1901,1.1923,1.1972,20.999999999999908,49.000000000001265
2010-06-08,1.2072,1.1923,1.1973,1.1978,15.000000000000568,4.999999999999449
2010-06-09,1.2141,1.1956,1.1979,1.2123,15.000000000000568,143.9999999999997
2010-06-10,1.2151,1.2044,1.2128,1.2111,16.00000000000046,-17.000000000000348
2010-06-13,1.2297,1.2115,1.2128,1.222,25.000000000001688,91.99999999999875
2010-06-14,1.2348,1.2167,1.2221,1.2331,24.999999999999467,110.00000000000121
2010-06-15,1.2352,1.2254,1.233,1.2309,11.999999999998678,-20.999999999999908
2010-06-16,1.2412,1.2241,1.2308,1.2387,16.00000000000046,79.00000000000018
2010-06-17,1.2415,1.2352,1.2386,1.2387,9.999999999998899,0.9999999999998899
2010-06-18,1.2386,1.2386,1.2386,1.2386,0.0,0.0
2010-06-20,1.2467,1.2303,1.2451,1.2311,38.000000000000256,-140.0000000000001
2010-06-21,1.2353,1.2251,1.2312,1.2269,20.000000000000018,-42.9999999999997
2010-06-22,1.2342,1.2208,1.227,1.2309,23.000000000001908,39.00000000000014
2010-06-23,1.2387,1.226,1.2308,1.2332,25.999999999999357,24.000000000001798
2010-06-24,1.2394,1.2253,1.2331,1.2367,13.000000000000789,35.99999999999825
2010-06-27,1.2396,1.2264,1.2373,1.2276,13.000000000000789,-97.00000000000043
2010-06-28,1.229,1.215,1.2275,1.2186,27.999999999999137,-89.00000000000131
2010-06-29,1.2303,1.2165,1.2185,1.2236,43.999999999999595,51.000000000001044
2010-06-30,1.2539,1.2192,1.2235,1.2526,28.000000000001357,290.99999999999903
2010-07-01,1.261,1.2481,1.2526,1.2565,38.000000000000256,39.00000000000014
2010-07-04,1.2564,1.2508,1.2561,1.2537,9.999999999998899,-23.999999999999577
2010-07-05,1.2661,1.2479,1.2536,1.2625,20.000000000000018,88.99999999999908
2010-07-06,1.2663,1.2552,1.2624,1.2637,14.000000000000679,13.000000000000789
2010-07-07,1.2711,1.2619,1.2636,1.2696,19.000000000000128,60.00000000000006
2010-07-08,1.2728,1.2608,1.2695,1.2639,12.000000000000899,-56.0000000000005
2010-07-11,1.2646,1.255,1.2636,1.2595,9.999999999998899,-40.99999999999993
2010-07-12,1.2737,1.2522,1.2594,1.2723,32.999999999998586,128.99999999999912
2010-07-13,1.2777,1.2682,1.2724,1.2743,20.999999999999908,19.000000000000128
2010-07-14,1.2954,1.2707,1.2741,1.2949,18.000000000000238,207.9999999999993
2010-07-15,1.3006,1.2888,1.2948,1.2929,16.00000000000046,-19.000000000000128
2010-07-18,1.2991,1.2869,1.2905,1.2941,17.000000000000348,36.000000000000476
2010-07-19,1.3027,1.2838,1.2942,1.2878,18.000000000000238,-63.999999999999616
2010-07-20,1.2912,1.2731,1.288,1.2752,22.999999999999687,-128.00000000000145
2010-07-21,1.2932,1.2736,1.2753,1.2891,36.999999999998145,137.99999999999812
2010-07-22,1.2964,1.2792,1.2892,1.2908,44.99999999999949,16.00000000000046
2010-07-25,1.3004,1.2876,1.289,1.2993,16.00000000000046,102.99999999999976
2010-07-26,1.3045,1.2951,1.2994,1.2995,17.000000000000348,0.9999999999998899
2010-07-27,1.3041,1.2965,1.2995,1.2994,12.000000000000899,-0.9999999999998899
2010-07-28,1.3105,1.2977,1.2994,1.3078,21.000000000002128,83.99999999999963
2010-07-29,1.3092,1.2979,1.3073,1.305,16.00000000000046,-22.999999999999687
2010-08-01,1.3194,1.3053,1.3062,1.3179,18.000000000000238,117.00000000000044
2010-08-02,1.3261,1.3146,1.3178,1.3229,13.000000000000789,50.99999999999882
2010-08-03,1.3239,1.313,1.323,1.316,13.000000000000789,-69.99999999999895
2010-08-04,1.3234,1.3118,1.3166,1.3187,15.000000000000568,20.999999999999908
2010-08-05,1.3333,1.3157,1.3186,1.328,32.999999999998586,94.00000000000075
2010-08-08,1.3307,1.3215,1.3294,1.322,10.000000000001119,-73.99999999999851
2010-08-09,1.3233,1.3073,1.3219,1.3175,72.00000000000095,-44.00000000000182
2010-08-10,1.3185,1.286,1.3174,1.2861,17.000000000000348,-312.99999999999886
2010-08-11,1.2931,1.2779,1.2862,1.2828,21.999999999999797,-34.000000000000696
2010-08-12,1.2905,1.2748,1.2827,1.2753,29.000000000001247,-73.99999999999851
2010-08-15,1.287,1.2733,1.2765,1.2825,16.00000000000046,60.00000000000006
2010-08-16,1.2915,1.2803,1.2826,1.2884,29.999999999998916,58.00000000000027
2010-08-17,1.2921,1.2823,1.2885,1.2852,17.000000000000348,-33.00000000000081
2010-08-18,1.2901,1.277,1.2851,1.2822,20.000000000000018,-28.999999999999027
2010-08-19,1.2832,1.2663,1.2821,1.2711,16.00000000000046,-110.00000000000121
2010-08-20,1.2711,1.271,1.271,1.2711,0.9999999999998899,0.9999999999998899
2010-08-22,1.2728,1.2646,1.2704,1.2656,10.000000000001119,-47.999999999999154
2010-08-23,1.2718,1.2587,1.2655,1.2626,24.999999999999467,-29.000000000001247
2010-08-24,1.2726,1.2607,1.2625,1.2657,22.999999999999687,32.00000000000092
2010-08-25,1.2763,1.2649,1.2656,1.2715,27.999999999999137,59.00000000000016
2010-08-26,1.2778,1.2675,1.2714,1.2762,37.00000000000037,47.999999999999154
2010-08-29,1.2768,1.2658,1.276,1.2661,20.000000000000018,-99.0000000000002
2010-08-30,1.2742,1.2624,1.2662,1.2678,13.000000000000789,16.00000000000046
2010-08-31,1.2854,1.2662,1.2679,1.2807,15.000000000000568,127.99999999999923
2010-09-01,1.2847,1.2776,1.2808,1.2824,17.000000000000348,16.00000000000046
2010-09-02,1.2896,1.2808,1.2823,1.2895,43.999999999999595,72.00000000000095
2010-09-05,1.2918,1.2866,1.289,1.2874,9.00000000000123,-15.999999999998238
2010-09-06,1.2876,1.2677,1.2875,1.2682,15.000000000000568,-193.00000000000094
2010-09-07,1.2763,1.2659,1.2683,1.272,12.000000000000899,37.00000000000037
2010-09-08,1.2765,1.2664,1.2721,1.2695,16.00000000000046,-25.999999999999357
2010-09-09,1.2746,1.2644,1.2694,1.2679,15.000000000000568,-15.000000000000568
2010-09-10,1.2682,1.2682,1.2682,1.2682,0.0,0.0
2010-09-12,1.2892,1.2703,1.2714,1.2883,12.000000000000899,168.99999999999915
2010-09-13,1.3033,1.2829,1.2882,1.2997,20.999999999999908,115.00000000000065
2010-09-14,1.3036,1.2955,1.2996,1.301,11.000000000001009,13.999999999998458
2010-09-15,1.3116,1.2975,1.3011,1.3077,20.000000000000018,66.00000000000162
2010-09-16,1.3159,1.3019,1.3076,1.3048,22.999999999999687,-28.000000000001357
2010-09-19,1.312,1.3028,1.3063,1.3061,10.999999999998789,-1.9999999999997797
2010-09-20,1.3286,1.3057,1.3062,1.3264,66.99999999999929,201.99999999999994
2010-09-21,1.344,1.3248,1.3263,1.3405,28.999999999999027,141.99999999999991
2010-09-22,1.3413,1.3304,1.3404,1.3314,18.000000000000238,-90.0000000000012
2010-09-23,1.3495,1.3286,1.3313,1.3489,39.00000000000014,176.0000000000006
2010-09-26,1.3506,1.3425,1.3486,1.3454,26.999999999999247,-32.00000000000092
2010-09-27,1.3595,1.338,1.3453,1.3585,29.000000000001247,132.000000000001
2010-09-28,1.3646,1.3566,1.3586,1.3626,34.999999999998366,40.000000000000036
2010-09-29,1.3683,1.3559,1.3627,1.3634,25.000000000001688,6.999999999999229
2010-09-30,1.3791,1.3619,1.3633,1.379,20.999999999999908,157.00000000000048
2010-10-01,1.3791,1.3791,1.3791,1.3791,0.0,0.0
2010-10-03,1.3805,1.3666,1.3801,1.3684,14.000000000000679,-117.00000000000044
2010-10-04,1.3858,1.3636,1.3683,1.3838,19.000000000000128,154.99999999999847
2010-10-05,1.3947,1.3797,1.3839,1.3929,24.000000000001798,90.0000000000012
2010-10-06,1.4028,1.3856,1.3928,1.3925,17.000000000000348,-2.9999999999996696
2010-10-07,1.3983,1.3832,1.3924,1.3937,55.000000000000604,12.999999999998568
2010-10-10,1.4012,1.3865,1.3994,1.3875,17.000000000000348,-119.00000000000021
2010-10-11,1.3935,1.3774,1.3874,1.3923,33.00000000000081,49.000000000001265
2010-10-12,1.4,1.3911,1.3924,1.396,20.999999999999908,35.99999999999825
2010-10-13,1.4121,1.3953,1.3961,1.4083,28.999999999999027,122.0000000000021
2010-10-14,1.4158,1.3936,1.4082,1.3976,48.99999999999905,-105.99999999999943
2010-10-17,1.3997,1.383,1.399,1.3933,18.000000000000238,-57.000000000000384
2010-10-18,1.4003,1.3712,1.3932,1.3725,34.000000000000696,-206.9999999999994
2010-10-19,1.399,1.3697,1.3724,1.3963,20.999999999999908,239.0000000000003
2010-10-20,1.4049,1.387,1.3962,1.3919,40.000000000000036,-43.000000000001926
2010-10-21,1.3971,1.3857,1.3918,1.3952,30.000000000001137,34.000000000000696
2010-10-24,1.4079,1.3933,1.3973,1.3964,16.999999999998128,-8.999999999999009
2010-10-25,1.3981,1.3825,1.3963,1.3857,17.000000000000348,-106.00000000000165
2010-10-26,1.3878,1.3733,1.3858,1.3768,23.000000000001908,-89.99999999999898
2010-10-27,1.3945,1.3763,1.3767,1.3929,14.000000000000679,161.99999999999991
2010-10-28,1.395,1.3806,1.3928,1.3946,20.000000000000018,18.000000000000238
2010-10-31,1.401,1.3863,1.3961,1.3891,78.00000000000028,-69.99999999999895
2010-11-01,1.4057,1.3881,1.3892,1.4032,23.999999999999577,140.0000000000001
2010-11-02,1.4152,1.3991,1.4031,1.4137,139.00000000000023,105.99999999999943
2010-11-03,1.4281,1.4101,1.4136,1.4206,17.000000000000348,70.00000000000117
2010-11-04,1.4248,1.4023,1.4208,1.4031,54.00000000000071,-177.00000000000048
2010-11-07,1.4085,1.3886,1.4057,1.3918,32.00000000000092,-139.00000000000023
2010-11-08,1.3973,1.375,1.3919,1.3771,28.000000000001357,-147.99999999999923
2010-11-09,1.3824,1.3669,1.3772,1.3782,21.999999999999797,10.000000000001119
2010-11-10,1.382,1.3636,1.3781,1.3666,28.999999999999027,-115.00000000000065
2010-11-11,1.3775,1.3573,1.3665,1.369,31.000000000001027,24.999999999999467
2010-11-14,1.3749,1.3562,1.3706,1.3586,19.000000000000128,-120.00000000000011
2010-11-15,1.3655,1.3446,1.3587,1.3488,25.999999999999357,-99.0000000000002
2010-11-16,1.3564,1.346,1.3487,1.3528,16.00000000000046,40.99999999999993
2010-11-17,1.3667,1.3524,1.3526,1.3642,18.000000000000238,116.00000000000054
2010-11-18,1.373,1.3607,1.3641,1.3671,40.000000000000036,29.999999999998916
2010-11-21,1.3785,1.3575,1.3719,1.3626,17.000000000000348,-92.99999999999864
2010-11-22,1.3632,1.336,1.3627,1.3366,29.000000000001247,-261.0000000000001
2010-11-23,1.342,1.3283,1.3365,1.3334,21.999999999999797,-31.000000000001027
2010-11-24,1.3386,1.3285,1.3333,1.3358,14.000000000000679,25.000000000001688
2010-11-25,1.3362,1.3199,1.3359,1.324,18.000000000000238,-119.00000000000021
2010-11-28,1.3301,1.3063,1.3283,1.3123,23.000000000001908,-160.00000000000014
2010-11-29,1.3149,1.2968,1.3124,1.2981,22.999999999999687,-142.9999999999998
2010-11-30,1.3181,1.297,1.2982,1.3137,42.9999999999997,155.00000000000068
2010-12-01,1.3246,1.3059,1.3138,1.3208,34.000000000000696,69.99999999999895
2010-12-02,1.3437,1.3192,1.3207,1.3413,36.000000000000476,205.99999999999952
2010-12-05,1.3421,1.3245,1.3376,1.3307,20.000000000000018,-68.99999999999906
2010-12-06,1.34,1.3257,1.3306,1.326,16.00000000000046,-45.999999999999375
2010-12-07,1.3279,1.3179,1.3259,1.326,17.999999999998018,0.9999999999998899
2010-12-08,1.3321,1.3163,1.3261,1.3238,28.000000000001357,-22.999999999999687
2010-12-09,1.3281,1.3178,1.3237,1.3227,12.000000000000899,-10.000000000001119
2010-12-12,1.3432,1.3181,1.3198,1.339,17.000000000000348,191.99999999999883
2010-12-13,1.3498,1.3362,1.3389,1.3377,36.000000000000476,-12.000000000000899
2010-12-14,1.3381,1.3208,1.3376,1.3213,20.999999999999908,-162.9999999999998
2010-12-15,1.3264,1.318,1.3212,1.3243,20.000000000000018,31.000000000001027
2010-12-16,1.3358,1.3132,1.3242,1.3188,17.000000000000348,-54.00000000000071
2010-12-19,1.3186,1.3093,1.3186,1.313,14.000000000000679,-56.0000000000005
2010-12-20,1.3201,1.3073,1.3129,1.31,39.00000000000014,-28.999999999999027
2010-12-21,1.318,1.3077,1.3101,1.3099,22.999999999999687,-1.9999999999997797
2010-12-22,1.315,1.3054,1.3098,1.3113,43.999999999999595,14.999999999998348
2010-12-23,1.3147,1.3087,1.3114,1.3116,24.999999999999467,2.000000000002
2010-12-26,1.3169,1.3071,1.3114,1.3163,14.000000000000679,49.000000000001265
2010-12-27,1.3273,1.3093,1.3164,1.3113,40.000000000000036,-51.000000000001044
2010-12-28,1.3238,1.3083,1.3114,1.3224,14.000000000000679,110.00000000000121
2010-12-29,1.3314,1.3215,1.3225,1.3289,14.000000000000679,63.999999999999616
2010-12-30,1.3423,1.3284,1.329,1.3364,22.999999999999687,74.00000000000074
2011-01-02,1.3394,1.3249,1.3345,1.3359,15.000000000000568,14.000000000000679
2011-01-03,1.3433,1.3291,1.3358,1.3306,15.000000000000568,-52.00000000000094
2011-01-04,1.3324,1.3125,1.3307,1.3149,22.999999999999687,-158.00000000000037
2011-01-05,1.3169,1.2997,1.3148,1.3001,21.999999999999797,-146.99999999999935
2011-01-06,1.3021,1.2904,1.3002,1.2906,32.999999999998586,-96.00000000000053
2011-01-09,1.2963,1.2873,1.2876,1.295,14.000000000000679,73.99999999999851
2011-01-10,1.2992,1.2904,1.2949,1.2973,35.00000000000058,23.999999999999577
2011-01-11,1.3144,1.2961,1.2972,1.313,25.999999999999357,158.00000000000037
2011-01-12,1.3382,1.3088,1.3132,1.3363,25.999999999999357,231.0000000000012
2011-01-13,1.3456,1.3314,1.3362,1.3388,25.000000000001688,25.999999999999357
2011-01-16,1.3384,1.3244,1.3384,1.3292,14.000000000000679,-92.00000000000097
2011-01-17,1.3466,1.3252,1.3293,1.3385,28.000000000001357,92.00000000000097
2011-01-18,1.3537,1.3367,1.3384,1.3472,23.000000000001908,87.99999999999919
2011-01-19,1.3522,1.3395,1.3473,1.3471,16.00000000000046,-1.9999999999997797
2011-01-20,1.3625,1.3448,1.347,1.362,25.000000000001688,150.00000000000125
2011-01-23,1.3685,1.3539,1.364,1.3636,12.000000000000899,-4.00000000000178
2011-01-24,1.3703,1.3572,1.3637,1.368,19.000000000000128,43.000000000001926
2011-01-25,1.3721,1.364,1.3681,1.3711,27.999999999999137,29.999999999998916
2011-01-26,1.3757,1.3636,1.3712,1.3732,27.000000000001467,20.000000000000018
2011-01-27,1.3745,1.3582,1.3731,1.361,22.999999999999687,-121.0
2011-01-30,1.3738,1.357,1.3587,1.3693,15.000000000000568,105.99999999999943
2011-01-31,1.3842,1.3689,1.3692,1.3827,20.000000000000018,135.00000000000068
2011-02-01,1.386,1.3766,1.3828,1.3809,14.000000000000679,-19.000000000000128
2011-02-02,1.3825,1.3608,1.3808,1.3632,33.00000000000081,-176.0000000000006
2011-02-03,1.3678,1.3542,1.3631,1.358,49.999999999998934,-50.99999999999882
2011-02-06,1.3626,1.3507,1.3562,1.3581,16.00000000000046,19.000000000000128
2011-02-07,1.3687,1.3571,1.3582,1.3624,22.000000000002018,41.999999999999815
2011-02-08,1.3743,1.361,1.3623,1.3731,25.999999999999357,107.9999999999992
2011-02-09,1.3735,1.3576,1.373,1.3602,20.999999999999908,-127.99999999999923
2011-02-10,1.362,1.3496,1.3601,1.3556,20.000000000000018,-45.000000000001705
2011-02-13,1.3557,1.3427,1.3506,1.3487,17.000000000000348,-19.000000000000128
2011-02-14,1.3549,1.346,1.3488,1.3485,22.999999999999687,-2.9999999999996696
2011-02-15,1.3587,1.3461,1.3484,1.3567,27.000000000001467,82.99999999999974
2011-02-16,1.3618,1.3536,1.3566,1.3608,21.999999999999797,41.999999999999815
2011-02-17,1.3714,1.3544,1.3607,1.3692,19.000000000000128,84.99999999999952
2011-02-20,1.3715,1.3646,1.37,1.3678,12.000000000000899,-22.000000000002018
2011-02-21,1.3703,1.3524,1.3679,1.3649,23.999999999999577,-29.999999999998916
2011-02-22,1.3786,1.3647,1.3648,1.3748,18.000000000000238,100.00000000000009
2011-02-23,1.382,1.3703,1.3751,1.3799,24.999999999999467,47.999999999999154
2011-02-24,1.3837,1.3723,1.3798,1.3752,17.000000000000348,-45.999999999999375
2011-02-27,1.3855,1.371,1.3758,1.3805,13.000000000000789,47.000000000001485
2011-02-28,1.3853,1.3762,1.3806,1.3776,22.999999999999687,-30.000000000001137
2011-03-01,1.3889,1.3742,1.3775,1.3864,17.000000000000348,89.00000000000131
2011-03-02,1.3975,1.3832,1.3863,1.3968,46.99999999999926,104.99999999999955
2011-03-03,1.4006,1.394,1.3969,1.3986,26.999999999999247,17.000000000000348
2011-03-06,1.4035,1.3955,1.3988,1.3968,19.000000000000128,-20.000000000000018
2011-03-07,1.3988,1.3861,1.3967,1.3903,15.000000000000568,-63.999999999999616
2011-03-08,1.3941,1.3855,1.3904,1.3907,13.000000000000789,2.9999999999996696
2011-03-09,1.3924,1.3774,1.3906,1.3796,34.000000000000696,-110.00000000000121
2011-03-10,1.3914,1.3751,1.3795,1.3902,18.000000000000238,107.00000000000153
2011-03-13,1.4002,1.3904,1.3963,1.399,15.000000000000568,26.999999999999247
2011-03-14,1.4012,1.3854,1.3991,1.3997,17.000000000000348,5.999999999999339
2011-03-15,1.4001,1.3866,1.3998,1.3898,15.000000000000568,-100.00000000000009
2011-03-16,1.4052,1.3868,1.3899,1.402,41.999999999999815,121.0
2011-03-17,1.4183,1.3979,1.4021,1.4181,44.99999999999949,160.00000000000014
2011-03-20,1.4239,1.4138,1.4194,1.4224,21.999999999999797,30.000000000001137
2011-03-21,1.4247,1.4178,1.4223,1.4195,10.999999999998789,-27.999999999999137
2011-03-22,1.4213,1.4084,1.4196,1.4087,20.999999999999908,-108.99999999999909
2011-03-23,1.4219,1.4053,1.4086,1.4175,21.999999999999797,88.99999999999908
2011-03-24,1.4193,1.4055,1.4176,1.4086,18.000000000000238,-89.99999999999898
2011-03-27,1.4114,1.402,1.404,1.4086,11.000000000001009,46.00000000000159
2011-03-28,1.4148,1.4046,1.4085,1.4113,15.000000000000568,27.999999999999137
2011-03-29,1.4146,1.4051,1.4112,1.4126,15.999999999998238,14.000000000000679
2011-03-30,1.4232,1.4115,1.4127,1.4157,18.000000000000238,29.999999999998916
2011-03-31,1.4245,1.4061,1.4158,1.4234,30.000000000001137,76.00000000000051
2011-04-01,1.4236,1.4235,1.4236,1.4235,0.9999999999998899,-0.9999999999998899
2011-04-03,1.4268,1.4192,1.423,1.4219,14.000000000000679,-11.000000000001009
2011-04-04,1.4245,1.415,1.422,1.4221,18.000000000000238,0.9999999999998899
2011-04-05,1.4348,1.4207,1.422,1.433,15.999999999998238,110.00000000000121
2011-04-06,1.4336,1.4241,1.4331,1.4307,34.999999999998366,-23.999999999999577
2011-04-07,1.4487,1.429,1.4308,1.4482,21.999999999999797,173.9999999999986
2011-04-08,1.4483,1.4483,1.4483,1.4483,0.0,0.0
2011-04-10,1.4482,1.442,1.4472,1.4434,12.000000000000899,-38.000000000000256
2011-04-11,1.4518,1.4377,1.4435,1.4476,16.00000000000046,40.99999999999993
2011-04-12,1.4519,1.4412,1.4477,1.4442,15.000000000000568,-35.00000000000058
2011-04-13,1.4513,1.4364,1.4441,1.4487,15.000000000000568,46.00000000000159
2011-04-14,1.4503,1.439,1.4488,1.4429,16.00000000000046,-59.00000000000016
2011-04-17,1.442,1.4156,1.4412,1.4233,39.00000000000014,-179.00000000000028
2011-04-18,1.4352,1.4204,1.4235,1.4333,19.000000000000128,98.00000000000031
2011-04-19,1.4546,1.4327,1.4334,1.4522,32.00000000000092,187.9999999999993
2011-04-20,1.4648,1.4504,1.4521,1.4551,22.999999999999687,30.000000000001137
2011-04-21,1.4588,1.4533,1.4552,1.456,12.000000000000899,7.999999999999119
2011-04-24,1.4626,1.4524,1.4561,1.4579,12.999999999998568,18.000000000000238
2011-04-25,1.4656,1.4492,1.4578,1.4643,18.000000000000238,64.9999999999995
2011-04-26,1.4794,1.4632,1.4642,1.4786,35.00000000000058,143.9999999999997
2011-04-27,1.4881,1.4768,1.4785,1.4821,20.000000000000018,36.000000000000476
2011-04-28,1.4877,1.4803,1.482,1.4807,11.000000000001009,-13.000000000000789
2011-05-01,1.4901,1.4762,1.4816,1.4829,23.999999999999577,13.000000000000789
2011-05-02,1.4889,1.4754,1.4829,1.4824,17.000000000000348,-5.00000000000167
2011-05-03,1.4939,1.4774,1.4825,1.4825,22.999999999999687,0.0
2011-05-04,1.4898,1.4509,1.4824,1.4537,63.999999999999616,-286.9999999999995
2011-05-05,1.4587,1.4309,1.454,1.4315,43.999999999999595,-224.99999999999966
2011-05-08,1.4441,1.4253,1.4363,1.4364,21.999999999999797,0.9999999999998899
2011-05-09,1.4412,1.427,1.4365,1.4408,29.999999999998916,42.9999999999997
2011-05-10,1.4422,1.4172,1.4407,1.4191,23.999999999999577,-216.00000000000063
2011-05-11,1.4276,1.4122,1.419,1.4245,20.999999999999908,55.000000000000604
2011-05-12,1.4338,1.4066,1.4246,1.4117,20.999999999999908,-129.00000000000134
2011-05-15,1.4243,1.4047,1.409,1.4155,14.000000000000679,64.9999999999995
2011-05-16,1.4237,1.412,1.4156,1.4236,32.999999999998586,80.00000000000007
2011-05-17,1.4286,1.4194,1.4235,1.4248,18.000000000000238,13.000000000000789
2011-05-18,1.4324,1.4205,1.4247,1.4307,12.999999999998568,60.00000000000006
2011-05-19,1.4344,1.4132,1.4308,1.416,22.999999999999687,-148.00000000000148
2011-05-22,1.4146,1.3968,1.4125,1.4047,13.000000000000789,-78.00000000000028
2011-05-23,1.4132,1.4001,1.4046,1.4098,31.000000000001027,51.999999999998714
2011-05-24,1.4117,1.4012,1.4099,1.4087,33.99999999999848,-11.999999999998678
2011-05-25,1.4206,1.4067,1.4086,1.4144,23.999999999999577,58.00000000000027
2011-05-26,1.4323,1.4125,1.4143,1.4318,22.999999999999687,175.0000000000007
2011-05-29,1.4322,1.4256,1.4322,1.4281,8.00000000000134,-40.99999999999993
2011-05-30,1.4423,1.4278,1.4282,1.4395,32.999999999998586,113.00000000000088
2011-05-31,1.4458,1.432,1.4396,1.4327,43.999999999999595,-68.99999999999906
2011-06-01,1.4513,1.4307,1.4326,1.4491,27.000000000001467,164.9999999999996
2011-06-02,1.4642,1.445,1.449,1.4635,35.00000000000058,144.99999999999957
2011-06-05,1.4657,1.4556,1.461,1.4575,14.000000000000679,-35.00000000000058
2011-06-06,1.4695,1.4563,1.4574,1.469,15.000000000000568,116.00000000000054
2011-06-07,1.4694,1.4563,1.4691,1.4582,11.000000000001009,-109.00000000000132
2011-06-08,1.4645,1.4476,1.4585,1.4509,34.000000000000696,-75.9999999999983
2011-06-09,1.455,1.4321,1.451,1.4346,17.000000000000348,-163.99999999999972
2011-06-12,1.4429,1.432,1.4325,1.4412,16.00000000000046,86.9999999999993
2011-06-13,1.4496,1.4378,1.4411,1.4439,16.00000000000046,27.999999999999137
2011-06-14,1.445,1.4155,1.4441,1.4178,13.999999999998458,-262.9999999999999
2011-06-15,1.4218,1.4072,1.4179,1.4205,34.000000000000696,26.000000000001577
2011-06-16,1.4338,1.4126,1.4205,1.4312,27.999999999999137,106.99999999999932
2011-06-19,1.4327,1.419,1.428,1.4303,19.000000000000128,22.999999999999687
2011-06-20,1.4421,1.4302,1.4304,1.441,24.999999999999467,106.00000000000165
2011-06-21,1.4441,1.434,1.4414,1.4355,37.00000000000037,-59.00000000000016
2011-06-22,1.4356,1.4125,1.4353,1.4255,40.000000000000036,-98.00000000000031
2011-06-23,1.4305,1.4141,1.4254,1.4188,33.99999999999848,-65.99999999999939
2011-06-26,1.4293,1.4102,1.4192,1.4286,19.000000000000128,94.00000000000075
2011-06-27,1.4396,1.4236,1.4285,1.4369,27.999999999999137,83.99999999999963
2011-06-28,1.4447,1.4337,1.437,1.4434,32.00000000000092,63.999999999999616
2011-06-29,1.4537,1.4426,1.4433,1.4501,18.000000000000238,67.99999999999918
2011-06-30,1.4551,1.4435,1.4499,1.4525,18.000000000000238,25.999999999999357
2011-07-03,1.4577,1.4494,1.4534,1.4538,22.999999999999687,3.9999999999995595
2011-07-04,1.4552,1.4396,1.4537,1.4427,24.999999999999467,-109.99999999999899
2011-07-05,1.4465,1.4285,1.4426,1.4318,14.000000000000679,-108.00000000000142
2011-07-06,1.4373,1.422,1.4319,1.4362,36.000000000000476,42.9999999999997
2011-07-07,1.4368,1.4205,1.4361,1.4264,40.99999999999993,-97.00000000000043
2011-07-10,1.4227,1.3985,1.4206,1.4028,13.999999999998458,-178.00000000000037
2011-07-11,1.4061,1.3836,1.403,1.3975,34.000000000000696,-55.000000000000604
2011-07-12,1.4191,1.395,1.3974,1.4167,30.999999999998806,193.00000000000094
2011-07-13,1.4282,1.4115,1.4168,1.4141,42.9999999999997,-27.000000000001467
2011-07-14,1.4198,1.4091,1.4137,1.4155,37.00000000000037,18.000000000000238
2011-07-17,1.4133,1.4013,1.4106,1.4111,14.000000000000679,4.999999999999449
2011-07-18,1.4216,1.4068,1.411,1.4155,33.00000000000081,44.99999999999949
2011-07-19,1.4239,1.4132,1.4154,1.4214,16.999999999998128,60.00000000000006
2011-07-20,1.4433,1.4138,1.4212,1.4423,33.00000000000081,210.99999999999898
2011-07-21,1.4437,1.4323,1.4424,1.4357,16.00000000000046,-66.99999999999929
2011-07-22,1.4358,1.4358,1.4358,1.4358,0.0,0.0
2011-07-24,1.4417,1.4324,1.4388,1.4375,26.999999999999247,-13.000000000000789
2011-07-25,1.4524,1.4356,1.4376,1.451,32.00000000000092,134.0000000000008
2011-07-26,1.4535,1.4338,1.4509,1.4368,20.000000000000018,-141.0
2011-07-27,1.44,1.4253,1.4368,1.4333,20.000000000000018,-35.00000000000058
2011-07-28,1.4412,1.4229,1.4332,1.4398,31.000000000001027,65.99999999999939
2011-07-31,1.4453,1.4184,1.4381,1.4249,26.000000000001577,-131.99999999999878
2011-08-01,1.4282,1.415,1.425,1.4202,18.000000000000238,-48.00000000000138
2011-08-02,1.4343,1.4142,1.4204,1.4322,40.000000000000036,117.99999999999811
2011-08-03,1.4371,1.4088,1.4322,1.4091,39.00000000000014,-230.99999999999898
2011-08-04,1.4297,1.4054,1.4095,1.4281,76.00000000000051,185.9999999999995
2011-08-07,1.4431,1.4128,1.4423,1.4177,24.999999999999467,-245.99999999999955
2011-08-08,1.4375,1.4151,1.4176,1.4374,59.00000000000016,198.0000000000004
2011-08-09,1.44,1.4161,1.4375,1.4176,23.999999999999577,-199.00000000000028
2011-08-10,1.4293,1.4103,1.4177,1.4239,33.00000000000081,61.99999999999983
2011-08-11,1.429,1.4149,1.4238,1.4246,21.999999999999797,8.00000000000134
2011-08-14,1.4476,1.4251,1.4268,1.4443,20.000000000000018,174.9999999999985
2011-08-15,1.4471,1.4353,1.4442,1.4406,35.00000000000058,-35.99999999999825
2011-08-16,1.4516,1.4324,1.4407,1.4425,31.000000000001027,17.999999999998018
2011-08-17,1.4451,1.427,1.4424,1.4331,29.000000000001247,-92.99999999999864
2011-08-18,1.4451,1.4258,1.433,1.4396,19.000000000000128,65.99999999999939
2011-08-21,1.4433,1.4346,1.4379,1.4357,12.999999999998568,-21.999999999999797
2011-08-22,1.4499,1.4353,1.4356,1.444,33.00000000000081,83.99999999999963
2011-08-23,1.4481,1.4379,1.4441,1.4413,16.00000000000046,-27.999999999999137
2011-08-24,1.4474,1.4327,1.4412,1.4378,37.00000000000037,-34.000000000000696
2011-08-25,1.4501,1.4328,1.4377,1.4498,36.000000000000476,121.0
2011-08-28,1.4548,1.4465,1.4499,1.4509,29.000000000001247,10.000000000001119
2011-08-29,1.4532,1.4384,1.451,1.444,15.000000000000568,-70.00000000000117
2011-08-30,1.4468,1.4358,1.4441,1.4368,23.000000000001908,-72.99999999999862
2011-08-31,1.4385,1.4225,1.4369,1.4258,29.000000000001247,-111.0000000000011
2011-09-01,1.4287,1.4183,1.4257,1.4204,36.000000000000476,-52.99999999999861
2011-09-04,1.4173,1.4059,1.4162,1.4097,23.999999999999577,-64.9999999999995
2011-09-05,1.4248,1.3973,1.4096,1.3996,92.99999999999864,-100.00000000000009
2011-09-06,1.4148,1.3991,1.3995,1.4097,57.000000000000384,101.99999999999987
2011-09-07,1.4099,1.3872,1.4096,1.3881,34.000000000000696,-215.00000000000074
2011-09-08,1.3936,1.3626,1.388,1.3655,24.999999999999467,-224.99999999999966
2011-09-11,1.3693,1.3501,1.3586,1.3677,30.000000000001137,90.99999999999886
2011-09-12,1.3738,1.3557,1.3681,1.3677,39.00000000000014,-4.00000000000178
2011-09-13,1.3782,1.359,1.3676,1.3754,42.9999999999997,78.00000000000028
2011-09-14,1.3935,1.3702,1.3753,1.3876,67.99999999999918,122.99999999999977
2011-09-15,1.3892,1.3753,1.3875,1.3795,25.999999999999357,-80.00000000000007
2011-09-18,1.372,1.3585,1.3692,1.3683,22.999999999999687,-8.999999999999009
2011-09-19,1.3743,1.3592,1.3684,1.3702,42.00000000000203,18.000000000000238
2011-09-20,1.3787,1.3562,1.3699,1.3572,39.00000000000014,-126.99999999999933
2011-09-21,1.36,1.3385,1.3571,1.3462,60.00000000000006,-108.99999999999909
2011-09-22,1.3566,1.3418,1.3458,1.35,22.999999999999687,41.999999999999815
2011-09-25,1.3549,1.3361,1.3521,1.3532,30.999999999998806,10.999999999998789
2011-09-26,1.3667,1.3478,1.3531,1.3581,37.00000000000037,50.00000000000115
2011-09-27,1.3689,1.3532,1.3585,1.3542,18.000000000000238,-42.9999999999997
2011-09-28,1.3678,1.3519,1.3541,1.3597,20.999999999999908,55.99999999999827
2011-09-29,1.3601,1.3383,1.3596,1.3387,15.000000000000568,-208.99999999999918
2011-10-02,1.3381,1.3167,1.3344,1.3176,28.999999999999027,-167.99999999999926
2011-10-03,1.3369,1.3145,1.3174,1.3348,28.000000000001357,174.00000000000082
2011-10-04,1.3383,1.326,1.3352,1.3348,19.000000000000128,-3.9999999999995595
2011-10-05,1.345,1.3241,1.3349,1.3437,40.000000000000036,87.99999999999919
2011-10-06,1.3524,1.3361,1.3436,1.3377,40.000000000000036,-59.00000000000016
2011-10-09,1.3698,1.3377,1.3389,1.3642,18.000000000000238,253.000000000001
2011-10-10,1.3683,1.3565,1.3643,1.3639,20.999999999999908,-4.00000000000178
2011-10-11,1.3833,1.3582,1.3641,1.3791,18.000000000000238,149.99999999999903
2011-10-12,1.3826,1.3685,1.379,1.3777,17.000000000000348,-13.000000000000789
2011-10-13,1.3894,1.3723,1.3776,1.3881,20.999999999999908,104.99999999999955
2011-10-16,1.3914,1.3725,1.3867,1.3737,17.000000000000348,-130.00000000000122
2011-10-17,1.3817,1.3652,1.3738,1.3752,27.000000000001467,14.000000000000679
2011-10-18,1.3868,1.3725,1.3751,1.3759,23.999999999999577,7.999999999999119
2011-10-19,1.3842,1.3656,1.3758,1.378,48.99999999999905,21.999999999999797
2011-10-20,1.3901,1.3703,1.3778,1.3895,23.999999999999577,117.00000000000044
2011-10-23,1.3956,1.3822,1.3843,1.3928,13.999999999998458,84.99999999999952
2011-10-24,1.396,1.3848,1.3927,1.3907,30.000000000001137,-20.000000000000018
2011-10-25,1.3975,1.3797,1.3908,1.3906,33.00000000000081,-1.9999999999997797
2011-10-26,1.4247,1.3864,1.3905,1.4188,40.99999999999993,282.99999999999994
2011-10-27,1.42,1.4133,1.4189,1.4151,19.000000000000128,-38.000000000000256
2011-10-30,1.417,1.3828,1.4142,1.3857,35.99999999999825,-284.9999999999997
2011-10-31,1.387,1.3608,1.3858,1.3703,32.00000000000092,-154.99999999999847
2011-11-01,1.3827,1.3636,1.3702,1.3746,29.999999999998916,43.999999999999595
2011-11-02,1.3854,1.3656,1.3747,1.3822,52.99999999999861,75.00000000000063
2011-11-03,1.3867,1.371,1.3823,1.3792,37.00000000000037,-31.000000000001027
2011-11-04,1.3791,1.3791,1.3791,1.3791,0.0,0.0
2011-11-06,1.3831,1.3681,1.3827,1.3776,23.999999999999577,-51.000000000001044
2011-11-07,1.3845,1.3724,1.3775,1.3832,19.000000000000128,57.000000000000384
2011-11-08,1.3857,1.3523,1.3831,1.3542,21.000000000002128,-288.99999999999926
2011-11-09,1.3652,1.3483,1.3541,1.3605,20.000000000000018,63.999999999999616
2011-11-10,1.3795,1.3578,1.3606,1.3749,23.999999999999577,142.9999999999998
2011-11-13,1.3809,1.3591,1.3808,1.3632,15.000000000000568,-176.0000000000006
2011-11-14,1.364,1.3496,1.3633,1.3539,16.00000000000046,-93.99999999999852
2011-11-15,1.3556,1.3428,1.3538,1.3463,18.999999999997907,-74.99999999999841
2011-11-16,1.3539,1.3421,1.3462,1.3458,18.000000000000238,-3.9999999999995595
2011-11-17,1.3614,1.3446,1.3457,1.3524,20.999999999999908,67.0000000000015
2011-11-20,1.354,1.343,1.3512,1.3488,35.00000000000058,-23.999999999999577
2011-11-21,1.3568,1.3469,1.3487,1.3505,22.999999999999687,18.000000000000238
2011-11-22,1.3531,1.332,1.3504,1.3341,26.999999999999247,-162.9999999999998
2011-11-23,1.3411,1.3315,1.3342,1.3346,21.999999999999797,3.9999999999995595
2011-11-24,1.3352,1.3212,1.3348,1.3238,18.000000000000238,-109.99999999999899
2011-11-27,1.3398,1.3272,1.3322,1.3319,19.000000000000128,-2.9999999999996696
2011-11-28,1.3441,1.3285,1.332,1.3316,29.000000000001247,-4.00000000000178
2011-11-29,1.3532,1.3259,1.3315,1.3445,91.99999999999875,130.00000000000122
2011-11-30,1.352,1.3417,1.3446,1.3461,17.000000000000348,15.000000000000568
2011-12-01,1.3548,1.3362,1.346,1.339,33.00000000000081,-70.00000000000117
2011-12-04,1.34857,1.33745,1.3419,1.34004,23.599999999999177,-18.60000000000195
2011-12-05,1.3427,1.33326,1.34005,1.34004,16.599999999999948,-0.10000000000065512
2011-12-06,1.34527,1.33503,1.34021,1.34111,35.799999999999166,9.00000000000123
2011-12-07,1.34588,1.32883,1.34114,1.33396,31.30000000000077,-71.79999999999964
2011-12-08,1.34332,1.32808,1.33397,1.33857,18.700000000000383,45.999999999999375
2011-12-11,1.3381,1.31624,1.3381,1.31868,17.000000000000348,-194.19999999999993
2011-12-12,1.32361,1.30083,1.31885,1.3036,23.699999999999832,-152.49999999999986
2011-12-13,1.30636,1.29455,1.30357,1.29822,17.500000000001403,-53.49999999999966
2011-12-14,1.30491,1.29565,1.29823,1.3015,13.499999999999623,32.70000000000106
2011-12-15,1.30835,1.29944,1.30149,1.3045,28.399999999999537,30.09999999999957
2011-12-18,1.30435,1.29823,1.30421,1.29972,14.100000000001334,-44.90000000000105
2011-12-19,1.3131,1.29933,1.29973,1.30812,16.599999999999948,83.89999999999898
2011-12-20,1.31962,1.30244,1.30817,1.3047,27.000000000001467,-34.70000000000084
2011-12-21,1.31184,1.30166,1.30472,1.30502,20.100000000000673,2.9999999999996696
2011-12-22,1.30951,1.30254,1.30503,1.30422,21.799999999998487,-8.099999999999774
2011-12-25,1.30817,1.30503,1.3055,1.306,12.000000000000899,4.999999999999449
2011-12-26,1.30826,1.30425,1.30579,1.30707,13.399999999998968,12.799999999999478
2011-12-27,1.30795,1.29114,1.30701,1.29403,21.600000000001618,-129.79999999999993
2011-12-28,1.29639,1.28577,1.29402,1.29605,25.199999999998557,20.299999999999763
2011-12-29,1.2998,1.29034,1.29607,1.29573,18.499999999999073,-3.4000000000000696
2012-01-01,1.29709,1.29167,1.29324,1.29338,32.49999999999975,1.40000000000029
2012-01-02,1.30763,1.29316,1.29337,1.30489,13.599999999998058,115.20000000000196
2012-01-03,1.30721,1.28969,1.3049,1.29421,13.799999999999368,-106.89999999999867
2012-01-04,1.29459,1.27698,1.29414,1.27876,25.900000000000922,-153.80000000000172
2012-01-05,1.28119,1.26968,1.27871,1.27189,21.800000000000708,-68.20000000000049
2012-01-08,1.27846,1.26654,1.26946,1.2764,13.600000000000279,69.39999999999947
2012-01-09,1.28175,1.27421,1.27638,1.2777,13.799999999999368,13.199999999999878
2012-01-10,1.27891,1.26608,1.27769,1.27056,22.399999999997977,-71.30000000000081
2012-01-11,1.28442,1.26984,1.2706,1.28137,19.799999999998708,107.69999999999946
2012-01-12,1.28776,1.26255,1.28136,1.26803,26.600000000001067,-133.30000000000064
2012-01-15,1.26869,1.26253,1.26359,1.26662,16.00000000000046,30.300000000000882
2012-01-16,1.28072,1.26486,1.26661,1.27359,17.400000000000748,69.79999999999987
2012-01-17,1.28675,1.27336,1.2736,1.28627,44.39999999999999,126.69999999999959
2012-01-18,1.29704,1.28387,1.28628,1.29671,16.399999999998638,104.29999999999939
2012-01-19,1.29855,1.28868,1.29674,1.29301,13.399999999998968,-37.30000000000011
2012-01-22,1.30519,1.28754,1.28804,1.30151,20.500000000001073,134.6999999999987
2012-01-23,1.30619,1.29529,1.30155,1.30351,16.099999999998893,19.599999999999618
2012-01-24,1.31198,1.29304,1.30349,1.31057,24.600000000001288,70.79999999999976
2012-01-25,1.31832,1.30896,1.31056,1.3108,19.199999999999218,2.4000000000001798
2012-01-26,1.32333,1.30772,1.31075,1.32192,26.699999999999502,111.69999999999902
2012-01-29,1.32271,1.30763,1.32268,1.31427,13.300000000000534,-84.10000000000028
2012-01-30,1.32127,1.30416,1.31429,1.30829,15.399999999998748,-60.00000000000006
2012-01-31,1.32173,1.30253,1.3083,1.31598,21.400000000000308,76.79999999999909
2012-02-01,1.31959,1.30848,1.31597,1.3143,45.29999999999923,-16.700000000000603
2012-02-02,1.32044,1.30658,1.31431,1.31564,29.69999999999917,13.299999999998313
2012-02-05,1.31407,1.30272,1.3118,1.31295,21.500000000000963,11.499999999999844
2012-02-06,1.32691,1.30886,1.31294,1.32597,21.599999999999397,130.30000000000098
2012-02-07,1.32878,1.32205,1.32596,1.32596,15.000000000000568,0.0
2012-02-08,1.33203,1.32143,1.32595,1.32846,23.800000000000487,25.100000000000122
2012-02-09,1.32902,1.31548,1.32845,1.3196,19.500000000001183,-88.49999999999802
2012-02-12,1.32835,1.31854,1.32088,1.31855,15.399999999998748,-23.299999999999432
2012-02-13,1.32151,1.30795,1.31856,1.31331,14.499999999999513,-52.49999999999977
2012-02-14,1.31899,1.30432,1.3133,1.3065,27.69999999999939,-67.99999999999918
2012-02-15,1.31578,1.29736,1.30654,1.31296,21.999999999999797,64.19999999999871
2012-02-16,1.31967,1.31145,1.31298,1.31392,13.300000000000534,9.399999999999409
2012-02-19,1.3276,1.31727,1.31806,1.32426,13.300000000000534,61.99999999999983
2012-02-20,1.32925,1.31862,1.32428,1.32327,64.9999999999995,-10.099999999999554
2012-02-21,1.32658,1.32106,1.32336,1.32481,13.500000000001844,14.499999999999513
2012-02-22,1.33777,1.32307,1.32477,1.33722,21.799999999998487,124.50000000000072
2012-02-23,1.34856,1.33566,1.33715,1.34465,11.200000000000099,74.99999999999841
2012-02-26,1.34789,1.33658,1.34634,1.33966,11.900000000000244,-66.8000000000002
2012-02-27,1.34705,1.3389,1.33968,1.34573,17.400000000000748,60.50000000000111
2012-02-28,1.34848,1.33142,1.34567,1.33236,38.79999999999883,-133.09999999999934
2012-02-29,1.33555,1.32819,1.33235,1.33098,14.699999999998603,-13.699999999998713
2012-03-01,1.3332,1.31864,1.33097,1.31972,15.300000000000313,-112.49999999999983
2012-03-04,1.32403,1.31596,1.31913,1.32159,12.400000000001299,24.600000000001288
2012-03-05,1.32252,1.31026,1.32162,1.31116,17.799999999998928,-104.59999999999914
2012-03-06,1.31634,1.30959,1.31113,1.31487,12.799999999999478,37.400000000000766
2012-03-07,1.32904,1.31347,1.31486,1.3273,16.399999999998638,124.40000000000006
2012-03-08,1.32773,1.30961,1.32728,1.31227,23.699999999999832,-150.09999999999968
2012-03-11,1.31579,1.30782,1.3104,1.31539,12.700000000001044,49.9000000000005
2012-03-12,1.31906,1.30514,1.31535,1.3083,24.800000000000377,-70.5
2012-03-13,1.30894,1.30103,1.30831,1.30318,14.300000000000423,-51.30000000000079
2012-03-14,1.31188,1.30033,1.30321,1.30796,14.099999999999113,47.50000000000032
2012-03-15,1.31866,1.30484,1.30797,1.31741,24.399999999999977,94.39999999999893
2012-03-18,1.32645,1.31412,1.31756,1.32377,14.400000000001079,62.09999999999827
2012-03-19,1.32514,1.31716,1.32376,1.32241,20.599999999999508,-13.499999999999623
2012-03-20,1.32843,1.3178,1.32236,1.32152,21.400000000000308,-8.399999999999519
2012-03-21,1.32538,1.31333,1.32153,1.32,30.600000000000627,-15.300000000000313
2012-03-22,1.32925,1.31894,1.32001,1.32691,23.600000000001398,69.00000000000128
2012-03-25,1.3367,1.31913,1.32708,1.33577,23.000000000001908,86.89999999999864
2012-03-26,1.33846,1.3312,1.33584,1.33128,17.899999999999583,-45.59999999999897
2012-03-27,1.33727,1.32767,1.3313,1.33161,23.599999999999177,3.1000000000003247
2012-03-28,1.33447,1.32515,1.33162,1.33012,13.099999999999223,-15.000000000000568
2012-03-29,1.33757,1.32936,1.33013,1.33436,17.599999999999838,42.29999999999956
2012-04-01,1.33796,1.32776,1.33602,1.33198,13.199999999999878,-40.40000000000043
2012-04-02,1.33668,1.32127,1.33195,1.32327,28.399999999999537,-86.80000000000021
2012-04-03,1.32384,1.31064,1.32326,1.31413,22.200000000001108,-91.30000000000082
2012-04-04,1.31637,1.30345,1.31414,1.3065,16.899999999999693,-76.40000000000092
2012-04-05,1.31117,1.30508,1.30648,1.30956,36.300000000000225,30.799999999999716
2012-04-08,1.31332,1.30327,1.31019,1.31049,15.600000000000058,2.9999999999996696
2012-04-09,1.31437,1.30537,1.31048,1.3081,10.700000000001264,-23.800000000000487
2012-04-10,1.31563,1.30657,1.30811,1.31085,18.800000000001038,27.399999999999647
2012-04-11,1.3212,1.31013,1.31086,1.31868,16.80000000000126,78.20000000000161
2012-04-12,1.32003,1.30688,1.31866,1.3077,14.000000000000679,-109.59999999999859
2012-04-15,1.3147,1.2994,1.30661,1.3141,20.700000000000163,74.89999999999996
2012-04-16,1.31718,1.30897,1.31412,1.31255,25.600000000001177,-15.699999999998493
2012-04-17,1.31404,1.30571,1.31268,1.31222,14.999999999998348,-4.60000000000127
2012-04-18,1.31644,1.30685,1.31221,1.31368,27.000000000001467,14.699999999998603
2012-04-19,1.32266,1.31281,1.31366,1.32189,18.900000000001693,82.2999999999996
2012-04-22,1.32096,1.3104,1.31828,1.31554,12.699999999998823,-27.399999999999647
2012-04-23,1.32175,1.31443,1.31558,1.31965,15.899999999999803,40.70000000000018
2012-04-24,1.32358,1.31732,1.31964,1.32162,17.400000000000748,19.800000000000928
2012-04-25,1.32621,1.3198,1.32161,1.32207,17.799999999998928,4.60000000000127
2012-04-26,1.32695,1.31567,1.32176,1.32535,14.199999999999768,35.89999999999982
2012-04-29,1.3266,1.32073,1.32367,1.32382,7.500000000000284,1.500000000000945
2012-04-30,1.32829,1.32035,1.32384,1.32362,15.199999999999658,-2.1999999999988695
2012-05-01,1.32407,1.31216,1.32363,1.31578,20.700000000000163,-78.50000000000135
2012-05-02,1.31796,1.3095,1.31577,1.31517,21.099999999998342,-6.00000000000156
2012-05-03,1.31776,1.30797,1.31519,1.30835,23.199999999998777,-68.4000000000018
2012-05-06,1.30639,1.29545,1.3013,1.30499,19.099999999998563,36.90000000000193
2012-05-07,1.30648,1.29819,1.30501,1.30049,17.700000000000493,-45.2000000000008
2012-05-08,1.30069,1.29108,1.3005,1.29282,18.299999999999983,-76.79999999999909
2012-05-09,1.29788,1.29236,1.29283,1.2935,12.500000000001954,6.700000000001705
2012-05-10,1.29566,1.29043,1.29346,1.29161,13.900000000000023,-18.500000000001293
2012-05-13,1.29036,1.28208,1.2901,1.28227,16.399999999998638,-78.30000000000004
2012-05-14,1.28684,1.27212,1.28229,1.27286,19.300000000002093,-94.29999999999828
2012-05-15,1.27583,1.26806,1.27285,1.27153,31.799999999999606,-13.199999999999878
2012-05-16,1.27486,1.26662,1.27152,1.26975,15.700000000000713,-17.700000000000493
2012-05-17,1.27938,1.26415,1.26977,1.27795,38.3,81.79999999999853
2012-05-20,1.2824,1.27246,1.27642,1.28165,15.399999999998748,52.29999999999846
2012-05-21,1.28192,1.26572,1.28162,1.26828,12.300000000000644,-133.39999999999907
2012-05-22,1.26876,1.25447,1.26829,1.25815,25.100000000000122,-101.39999999999816
2012-05-23,1.2619,1.25153,1.25818,1.25317,19.500000000001183,-50.10000000000181
2012-05-24,1.26011,1.24956,1.25318,1.25162,16.40000000000086,-15.600000000000058
2012-05-27,1.26238,1.25242,1.25752,1.25405,11.200000000000099,-34.699999999998624
2012-05-28,1.25739,1.24604,1.25406,1.25018,16.599999999999948,-38.79999999999883
2012-05-29,1.25047,1.23609,1.25017,1.23658,45.100000000000136,-135.89999999999992
2012-05-30,1.24277,1.23358,1.23657,1.2365,30.399999999999316,-0.700000000000145
2012-05-31,1.2455,1.22877,1.23646,1.24338,23.599999999999177,69.20000000000037
2012-06-03,1.25089,1.23852,1.24172,1.24984,13.399999999998968,81.20000000000127
2012-06-04,1.25417,1.24094,1.24983,1.24517,17.700000000000493,-46.599999999998865
2012-06-05,1.25846,1.24402,1.2452,1.25804,16.40000000000086,128.39999999999964
2012-06-06,1.26246,1.25394,1.25805,1.25595,27.500000000000302,-20.999999999999908
2012-06-07,1.25742,1.24349,1.25601,1.25158,17.500000000001403,-44.30000000000156
2012-06-10,1.26681,1.24799,1.264,1.24826,21.499999999998742,-157.4000000000009
2012-06-11,1.25287,1.24419,1.24814,1.25026,12.000000000000899,21.199999999998997
2012-06-12,1.26098,1.24731,1.25025,1.2556,13.400000000001189,53.49999999999966
2012-06-13,1.26362,1.25413,1.25561,1.26322,14.600000000000168,76.10000000000116
2012-06-14,1.26641,1.25914,1.26323,1.26396,10.300000000000864,7.299999999998974
2012-06-17,1.27471,1.25564,1.26973,1.25752,24.800000000000377,-122.10000000000053
2012-06-18,1.27298,1.2568,1.25755,1.26844,19.700000000000273,108.90000000000066
2012-06-19,1.27423,1.26374,1.26848,1.27058,35.100000000001245,20.999999999999908
2012-06-20,1.27072,1.25308,1.27059,1.25404,16.699999999998383,-165.50000000000065
2012-06-21,1.25826,1.25187,1.25401,1.25696,15.100000000001224,29.50000000000008
2012-06-24,1.25578,1.24705,1.25467,1.25031,10.199999999997988,-43.5999999999992
2012-06-25,1.25298,1.24413,1.25032,1.24906,19.000000000000128,-12.600000000000389
2012-06-26,1.25075,1.2445,1.24902,1.24682,8.700000000001484,-21.999999999999797
2012-06-27,1.25237,1.24067,1.2468,1.24427,25.800000000000267,-25.299999999999212
2012-06-28,1.2692,1.24321,1.24426,1.26602,56.30000000000024,217.60000000000002
2012-07-01,1.26797,1.25675,1.26769,1.25768,19.000000000000128,-100.10000000000075
2012-07-02,1.26265,1.25586,1.25739,1.26067,13.199999999999878,32.7999999999995
2012-07-03,1.26071,1.25075,1.26066,1.25271,10.700000000001264,-79.49999999999902
2012-07-04,1.25381,1.23633,1.25272,1.23908,33.700000000000955,-136.40000000000097
2012-07-05,1.24007,1.22595,1.23909,1.22871,29.90000000000048,-103.80000000000055
2012-07-08,1.23232,1.22556,1.22634,1.2312,13.900000000000023,48.60000000000086
2012-07-09,1.23331,1.22344,1.23119,1.22492,13.400000000001189,-62.699999999999974
2012-07-10,1.22963,1.22122,1.22491,1.22383,21.500000000000963,-10.799999999999699
2012-07-11,1.2248,1.21662,1.22386,1.22025,10.700000000001264,-36.099999999998914
2012-07-12,1.22558,1.21617,1.22024,1.22486,16.099999999998893,46.200000000000685
2012-07-15,1.2289,1.21748,1.22672,1.2272,12.299999999998423,4.8000000000003595
2012-07-16,1.23161,1.21884,1.22713,1.22936,28.999999999999027,22.299999999999542
2012-07-17,1.23055,1.22162,1.22937,1.22828,13.199999999999878,-10.900000000000354
2012-07-18,1.23211,1.22285,1.22825,1.22803,13.700000000000934,-2.20000000000109
2012-07-19,1.22822,1.21436,1.22801,1.21564,18.400000000000638,-123.69999999999992
2012-07-22,1.2144,1.20667,1.21202,1.21159,18.299999999999983,-4.300000000001525
2012-07-23,1.21373,1.20414,1.21157,1.20591,18.099999999998673,-56.59999999999998
2012-07-24,1.21697,1.20526,1.2059,1.21573,44.99999999999949,98.30000000000005
2012-07-25,1.23288,1.21169,1.2157,1.22822,22.999999999999687,125.20000000000087
2012-07-26,1.23891,1.22409,1.22819,1.23211,28.89999999999837,39.20000000000145
2012-07-29,1.23098,1.22246,1.22981,1.22597,12.700000000001044,-38.40000000000066
2012-07-30,1.23294,1.22482,1.22595,1.23025,20.900000000001473,42.9999999999997
2012-07-31,1.23358,1.22173,1.23032,1.22245,23.900000000001143,-78.70000000000044
2012-08-01,1.24046,1.21332,1.22244,1.21795,38.399999999998435,-44.899999999998826
2012-08-02,1.23916,1.21659,1.21797,1.23865,25.199999999998557,206.80000000000032
2012-08-05,1.24426,1.2341,1.23972,1.24,15.999999999998238,2.80000000000058
2012-08-06,1.24412,1.23753,1.24001,1.23983,11.399999999999189,-1.80000000000069
2012-08-07,1.24016,1.23261,1.23982,1.23645,8.900000000000574,-33.69999999999873
2012-08-08,1.23865,1.22664,1.23644,1.23054,16.40000000000086,-59.00000000000016
2012-08-09,1.23161,1.22407,1.23053,1.2289,10.099999999999554,-16.299999999997983
2012-08-12,1.23727,1.22602,1.22899,1.23312,11.900000000000244,41.29999999999967
2012-08-13,1.2385,1.23164,1.23314,1.23216,13.400000000001189,-9.799999999999809
2012-08-14,1.23429,1.22634,1.23217,1.22897,13.399999999998968,-32.00000000000092
2012-08-15,1.2372,1.22551,1.22895,1.23551,12.099999999999334,65.60000000000122
2012-08-16,1.23813,1.22883,1.2355,1.23326,17.699999999998273,-22.400000000000198
2012-08-19,1.2368,1.22946,1.23516,1.23446,12.199999999999989,-7.0000000000014495
2012-08-20,1.24869,1.23415,1.23447,1.24716,19.000000000000128,126.9000000000009
2012-08-21,1.25373,1.24305,1.24714,1.25281,21.799999999998487,56.70000000000064
2012-08-22,1.25887,1.25228,1.25283,1.25629,15.600000000000058,34.59999999999796
2012-08-23,1.25678,1.24807,1.25632,1.25112,33.60000000000029,-52.00000000000094
2012-08-26,1.25348,1.24892,1.25123,1.24982,7.899999999998464,-14.100000000001334
2012-08-27,1.2576,1.24646,1.24979,1.25638,12.400000000001299,65.90000000000096
2012-08-28,1.25726,1.25181,1.25637,1.25294,12.100000000001554,-34.30000000000044
2012-08-29,1.2563,1.24866,1.25292,1.25055,14.700000000000824,-23.699999999999832
2012-08-30,1.26369,1.24929,1.25054,1.25786,26.699999999999502,73.19999999999993
2012-09-02,1.26103,1.25595,1.25707,1.25919,10.100000000001774,21.200000000001218
2012-09-03,1.26271,1.25545,1.25918,1.25654,30.700000000001282,-26.399999999999757
2012-09-04,1.26236,1.2501,1.25655,1.25997,33.799999999999386,34.19999999999979
2012-09-05,1.26509,1.25607,1.25997,1.263,34.70000000000084,30.29999999999866
2012-09-06,1.28167,1.26257,1.26301,1.28155,24.100000000000232,185.4
2012-09-09,1.28117,1.27549,1.28081,1.27574,7.900000000000684,-50.69999999999908
2012-09-10,1.28704,1.27543,1.27575,1.2854,12.900000000000134,96.50000000000159
2012-09-11,1.29359,1.28149,1.28542,1.28987,42.899999999999054,44.500000000000654
2012-09-12,1.30008,1.28563,1.28988,1.29887,52.70000000000108,89.90000000000053
2012-09-13,1.31682,1.29793,1.29891,1.31275,18.299999999999983,138.40000000000074
2012-09-16,1.31709,1.30825,1.312,1.31166,15.899999999999803,-3.4000000000000696
2012-09-17,1.31207,1.30287,1.31161,1.3047,15.899999999999803,-69.09999999999971
2012-09-18,1.30842,1.29927,1.30468,1.30478,10.399999999999299,0.9999999999998899
2012-09-19,1.30583,1.29186,1.30482,1.29678,19.800000000000928,-80.40000000000047
2012-09-20,1.3047,1.29548,1.29679,1.29782,30.600000000000627,10.299999999998644
2012-09-23,1.29903,1.28903,1.29758,1.29299,25.900000000000922,-45.89999999999872
2012-09-24,1.29701,1.28856,1.29302,1.29005,12.100000000001554,-29.700000000001392
2012-09-25,1.29122,1.28345,1.29006,1.28728,15.400000000000968,-27.800000000000047
2012-09-26,1.29274,1.28285,1.28722,1.29128,15.199999999999658,40.599999999999525
2012-09-27,1.2959,1.2838,1.29139,1.2858,16.199999999999548,-55.899999999999835
2012-09-30,1.2938,1.28031,1.28456,1.28873,16.500000000001513,41.700000000000074
2012-10-01,1.29671,1.28796,1.28875,1.29185,13.300000000000534,30.999999999998806
2012-10-02,1.29364,1.28767,1.29184,1.29046,17.599999999999838,-13.800000000001589
2012-10-03,1.30308,1.2901,1.29047,1.3017,24.199999999998667,112.30000000000074
2012-10-04,1.30708,1.29933,1.30169,1.30355,18.900000000001693,18.599999999999728
2012-10-07,1.3025,1.29371,1.30243,1.29676,13.000000000000789,-56.70000000000064
2012-10-08,1.299,1.28582,1.29674,1.28842,16.100000000001113,-83.20000000000105
2012-10-09,1.29126,1.28347,1.28844,1.28734,15.900000000002024,-11.000000000001009
2012-10-10,1.29512,1.28248,1.28732,1.29265,13.900000000000023,53.300000000000566
2012-10-11,1.29909,1.29218,1.29264,1.29505,13.799999999999368,24.100000000000232
2012-10-14,1.2978,1.28899,1.29532,1.2948,9.200000000000319,-5.20000000000076
2012-10-15,1.30601,1.29421,1.29474,1.30528,15.000000000000568,105.39999999999993
2012-10-16,1.31387,1.30521,1.3053,1.31178,13.600000000000279,64.80000000000041
2012-10-17,1.31279,1.3055,1.31183,1.30658,10.000000000001119,-52.49999999999977
2012-10-18,1.30763,1.30124,1.30659,1.30236,9.200000000000319,-42.29999999999956
2012-10-21,1.30828,1.30149,1.30207,1.30587,10.099999999999554,38.000000000000256
2012-10-22,1.30748,1.29513,1.30586,1.29857,15.200000000001879,-72.90000000000019
2012-10-23,1.2996,1.29196,1.29858,1.29725,20.900000000001473,-13.300000000000534
2012-10-24,1.30223,1.29263,1.29726,1.29329,11.099999999999444,-39.70000000000029
2012-10-25,1.29555,1.2882,1.29328,1.29382,15.300000000000313,5.399999999999849
2012-10-28,1.29456,1.28845,1.29411,1.29033,8.20000000000043,-37.80000000000116
2012-10-29,1.29828,1.28852,1.29035,1.29592,14.100000000001334,55.699999999998525
2012-10-30,1.30199,1.29458,1.29589,1.29591,8.999999999999009,0.1999999999990898
2012-10-31,1.29819,1.29239,1.29592,1.2942,10.999999999998789,-17.199999999999438
2012-11-01,1.29502,1.28206,1.29419,1.28337,20.099999999998452,-108.20000000000051
2012-11-04,1.28419,1.27666,1.28161,1.27952,13.700000000000934,-20.899999999999253
2012-11-05,1.28259,1.27628,1.27953,1.28134,15.499999999999403,18.099999999998673
2012-11-06,1.28756,1.27357,1.28132,1.27704,13.700000000000934,-42.800000000000615
2012-11-07,1.27802,1.27164,1.27703,1.2746,16.599999999999948,-24.300000000001543
2012-11-08,1.27894,1.26892,1.27459,1.27097,10.40000000000152,-36.19999999999956
2012-11-11,1.27383,1.26967,1.27118,1.27087,13.400000000001189,-3.1000000000003247
2012-11-12,1.27276,1.26608,1.2709,1.27035,27.999999999999137,-5.499999999998284
2012-11-13,1.27775,1.26996,1.2703,1.27346,27.599999999998737,31.600000000000517
2012-11-14,1.28011,1.27167,1.27349,1.27802,17.399999999998528,45.29999999999923
2012-11-15,1.2785,1.26898,1.27801,1.2742,15.700000000000713,-38.10000000000091
2012-11-18,1.2819,1.27395,1.27481,1.28125,14.899999999999913,64.4
2012-11-19,1.28287,1.27641,1.28124,1.28161,22.800000000000598,3.6999999999998145
2012-11-20,1.28326,1.27357,1.28159,1.28284,22.299999999999542,12.499999999999734
2012-11-21,1.2898,1.28256,1.28275,1.28831,14.099999999999113,55.600000000000094
2012-11-22,1.29899,1.28677,1.28826,1.29722,28.500000000000192,89.60000000000079
2012-11-25,1.29839,1.29435,1.29674,1.29708,9.300000000000974,3.4000000000000696
2012-11-26,1.3008,1.29148,1.2971,1.29418,28.400000000001757,-29.199999999998116
2012-11-27,1.29538,1.28793,1.29417,1.29517,8.399999999999519,9.999999999998899
2012-11-28,1.30133,1.29384,1.29518,1.29781,18.500000000001293,26.299999999999102
2012-11-29,1.30267,1.29675,1.29776,1.2986,19.600000000001838,8.399999999999519
2012-12-02,1.3075,1.29824,1.29824,1.30526,22.400000000000198,70.20000000000026
2012-12-03,1.31075,1.30452,1.30527,1.30936,11.699999999998933,40.90000000000149
2012-12-04,1.31259,1.30595,1.30935,1.30669,8.799999999999919,-26.600000000001067
2012-12-05,1.30858,1.29497,1.30668,1.29664,15.399999999998748,-100.40000000000049
2012-12-06,1.29718,1.28761,1.29671,1.29264,26.900000000000812,-40.70000000000018
2012-12-09,1.29458,1.28852,1.28893,1.29399,13.400000000001189,50.60000000000065
2012-12-10,1.30141,1.2928,1.29401,1.30048,11.600000000000499,64.69999999999976
2012-12-11,1.30968,1.2995,1.30046,1.30729,29.29999999999877,68.30000000000113
2012-12-12,1.30996,1.30402,1.3073,1.30763,12.300000000000644,3.300000000001635
2012-12-13,1.31726,1.30657,1.30765,1.31625,16.499999999999293,85.9999999999994
2012-12-16,1.31879,1.31434,1.31782,1.31633,11.099999999999444,-14.899999999999913
2012-12-17,1.32376,1.31551,1.31632,1.32277,11.500000000002064,64.50000000000067
2012-12-18,1.33075,1.32225,1.32282,1.32257,9.500000000000064,-2.500000000000835
2012-12-19,1.32944,1.31878,1.32258,1.32434,14.400000000001079,17.599999999999838
2012-12-20,1.32519,1.3158,1.32432,1.31876,13.300000000000534,-55.600000000000094
2012-12-23,1.32329,1.31707,1.31752,1.31905,10.799999999999699,15.300000000000313
2012-12-25,1.32535,1.31869,1.32099,1.32237,12.099999999999334,13.799999999999368
2012-12-26,1.32828,1.32008,1.32238,1.32359,15.700000000000713,12.099999999999334
2012-12-27,1.32558,1.31652,1.32354,1.32162,13.499999999999623,-19.199999999999218
2012-12-30,1.32341,1.31716,1.32134,1.31928,25.999999999999357,-20.599999999999508
2013-01-01,1.32987,1.3156,1.32041,1.31854,20.799999999998597,-18.700000000000383
2013-01-02,1.31897,1.3046,1.31856,1.30481,20.700000000000163,-137.4999999999993
2013-01-03,1.30887,1.29968,1.30482,1.30677,16.100000000001113,19.499999999998963
2013-01-06,1.31187,1.30162,1.30751,1.31157,10.999999999998789,40.599999999999525
2013-01-07,1.31391,1.30556,1.31159,1.30805,15.099999999999003,-35.400000000000986
2013-01-08,1.30951,1.30358,1.30804,1.30639,14.199999999999768,-16.500000000001513
2013-01-09,1.32731,1.30381,1.30638,1.32708,20.299999999999763,206.9999999999994
2013-01-10,1.33651,1.32477,1.32709,1.33418,20.100000000000673,70.89999999999819
2013-01-13,1.34031,1.33355,1.33608,1.33814,11.300000000000754,20.600000000001728
2013-01-14,1.33929,1.32628,1.33812,1.33045,30.800000000001937,-76.70000000000066
2013-01-15,1.3324,1.32559,1.33042,1.32883,16.00000000000046,-15.899999999999803
2013-01-16,1.33867,1.32691,1.32882,1.3375,11.399999999999189,86.80000000000021
2013-01-17,1.33974,1.32798,1.33755,1.33188,18.000000000000238,-56.70000000000064
2013-01-20,1.33315,1.32991,1.33087,1.3313,8.799999999999919,4.299999999999304
2013-01-21,1.33708,1.32662,1.33128,1.33219,24.199999999998667,9.099999999999664
2013-01-22,1.33537,1.32638,1.3322,1.33172,16.300000000000203,-4.8000000000003595
2013-01-23,1.33919,1.32855,1.33175,1.33764,31.100000000001682,58.89999999999951
2013-01-24,1.34784,1.33491,1.33768,1.34637,47.900000000000716,86.90000000000086
2013-01-27,1.34766,1.3424,1.34653,1.34547,13.999999999998458,-10.600000000000609
2013-01-28,1.34965,1.34137,1.34541,1.34915,18.799999999998818,37.400000000000766
2013-01-29,1.35867,1.34814,1.3491,1.3566,18.899999999999473,75.00000000000063
2013-01-30,1.35935,1.35406,1.35659,1.35766,13.300000000000534,10.700000000001264
2013-01-31,1.37102,1.35725,1.35765,1.36398,20.399999999998197,63.29999999999947
2013-02-03,1.36591,1.35045,1.36503,1.35125,20.100000000000673,-137.79999999999905
2013-02-04,1.35967,1.34577,1.35137,1.35825,33.199999999999896,68.79999999999997
2013-02-05,1.35953,1.34928,1.35824,1.35217,22.599999999999287,-60.69999999999798
2013-02-06,1.35767,1.33698,1.35218,1.33972,32.099999999999355,-124.59999999999916
2013-02-07,1.34284,1.33526,1.33968,1.33652,15.400000000000968,-31.600000000000517
2013-02-10,1.34266,1.33564,1.33684,1.34051,21.900000000001363,36.70000000000062
2013-02-11,1.34749,1.33632,1.34055,1.34538,21.599999999999397,48.30000000000112
2013-02-12,1.35192,1.34255,1.34533,1.3451,22.599999999999287,-2.2999999999995246
2013-02-13,1.34549,1.33145,1.34512,1.33622,22.100000000000453,-89.00000000000131
2013-02-14,1.33925,1.33056,1.33625,1.33587,26.299999999999102,-3.8000000000004697
2013-02-17,1.33761,1.33208,1.33488,1.33505,18.899999999999473,1.7000000000000348
2013-02-18,1.33952,1.33283,1.33502,1.33874,36.89999999999971,37.199999999999456
2013-02-19,1.34333,1.32704,1.3387,1.32828,26.300000000001322,-104.20000000000095
2013-02-20,1.32896,1.31606,1.32814,1.31892,19.100000000000783,-92.20000000000006
2013-02-21,1.32446,1.31444,1.31902,1.31912,46.90000000000083,0.9999999999998899
2013-02-24,1.3318,1.30471,1.32162,1.30616,24.599999999999067,-154.6000000000003
2013-02-25,1.31218,1.30176,1.30617,1.306,32.099999999999355,-1.7000000000000348
2013-02-26,1.31461,1.30406,1.30602,1.31381,16.500000000001513,77.89999999999964
2013-02-27,1.31611,1.30525,1.31384,1.30557,12.099999999999334,-82.69999999999999
2013-02-28,1.31003,1.29658,1.30559,1.30188,18.599999999999728,-37.10000000000102
2013-03-03,1.30305,1.29816,1.30119,1.30249,12.699999999998823,12.999999999998568
2013-03-04,1.30746,1.30094,1.30251,1.30505,20.400000000000418,25.399999999999867
2013-03-05,1.30699,1.29644,1.30507,1.29663,11.600000000000499,-84.40000000000003
2013-03-06,1.31177,1.29654,1.2966,1.31062,31.600000000000517,140.19999999999922
2013-03-07,1.31335,1.29545,1.3106,1.30043,60.7000000000002,-101.70000000000013
2013-03-10,1.30529,1.29787,1.29862,1.30451,10.900000000000354,58.89999999999951
2013-03-11,1.30737,1.29903,1.30447,1.3033,13.199999999999878,-11.700000000001154
2013-03-12,1.3064,1.29226,1.30331,1.29603,24.600000000001288,-72.79999999999953
2013-03-13,1.30316,1.29107,1.29606,1.30039,17.300000000000093,43.29999999999945
2013-03-14,1.31064,1.29986,1.30037,1.30752,24.300000000001543,71.4999999999999
2013-03-17,1.2995,1.28812,1.29074,1.29551,23.999999999999577,47.699999999999406
2013-03-18,1.2969,1.28431,1.29552,1.28813,63.10000000000038,-73.90000000000008
2013-03-19,1.29776,1.2856,1.28812,1.29318,35.09999999999902,50.60000000000065
2013-03-20,1.29545,1.28789,1.29317,1.28973,25.999999999999357,-34.399999999998876
2013-03-21,1.30092,1.28875,1.28972,1.29884,20.600000000001728,91.20000000000017
2013-03-24,1.30473,1.28292,1.29473,1.28521,44.599999999999085,-95.19999999999973
2013-03-25,1.2889,1.28275,1.28522,1.28598,21.600000000001618,7.599999999998719
2013-03-26,1.28663,1.27505,1.28603,1.27794,11.600000000000499,-80.89999999999931
2013-03-27,1.28437,1.27545,1.27796,1.28154,11.299999999998533,35.799999999999166
2013-03-28,1.28364,1.27926,1.28153,1.28196,13.600000000000279,4.299999999999304
2013-03-31,1.28672,1.27707,1.28046,1.28477,13.000000000000789,43.100000000000364
2013-04-01,1.28769,1.28083,1.2847,1.28183,11.200000000000099,-28.69999999999928
2013-04-02,1.28637,1.2789,1.28187,1.28475,17.80000000000115,28.799999999999937
2013-04-03,1.29481,1.2745,1.28471,1.29353,29.000000000001247,88.2000000000005
2013-04-04,1.30392,1.28999,1.29355,1.29895,44.800000000000395,54.00000000000071
2013-04-07,1.3037,1.29676,1.2973,1.30077,15.399999999998748,34.70000000000084
2013-04-08,1.31024,1.30043,1.30082,1.30814,25.500000000000522,73.19999999999993
2013-04-09,1.31212,1.30517,1.30813,1.30692,17.300000000000093,-12.099999999999334
2013-04-10,1.31375,1.3043,1.30699,1.30992,12.300000000000644,29.29999999999877
2013-04-11,1.31259,1.30361,1.31002,1.31117,14.300000000000423,11.499999999999844
2013-04-14,1.31148,1.3021,1.31147,1.30343,17.899999999999583,-80.39999999999824
2013-04-15,1.32008,1.30274,1.30355,1.31762,23.699999999999832,140.70000000000027
2013-04-16,1.31989,1.30008,1.31764,1.30307,16.500000000001513,-145.6999999999997
2013-04-17,1.30955,1.30202,1.30306,1.305,19.200000000001438,19.399999999998307
2013-04-18,1.31281,1.30446,1.30502,1.30509,23.599999999999177,0.700000000000145
2013-04-21,1.30835,1.30145,1.30769,1.30653,9.700000000001374,-11.600000000000499
2013-04-22,1.30833,1.29722,1.30655,1.29944,20.899999999999253,-71.10000000000171
2013-04-23,1.30332,1.29538,1.2993,1.30164,39.00000000000014,23.400000000000087
2013-04-24,1.30926,1.2988,1.30164,1.30105,14.300000000000423,-5.899999999998684
2013-04-25,1.30468,1.29901,1.30103,1.30293,24.500000000000632,19.000000000000128
2013-04-28,1.31158,1.30312,1.30483,1.3098,11.699999999998933,49.70000000000141
2013-04-29,1.31849,1.30535,1.30982,1.3167,16.700000000000603,68.79999999999997
2013-04-30,1.32421,1.316,1.31667,1.31782,24.200000000000887,11.499999999999844
2013-05-01,1.32171,1.30365,1.31784,1.30642,61.1000000000006,-114.19999999999986
2013-05-02,1.31586,1.30323,1.30645,1.31136,68.09999999999982,49.10000000000192
2013-05-05,1.31402,1.30529,1.31222,1.30757,25.399999999999867,-46.500000000000426
2013-05-06,1.31312,1.30672,1.30758,1.30783,13.000000000000789,2.500000000000835
2013-05-07,1.31935,1.3071,1.30786,1.31515,17.899999999999583,72.90000000000019
2013-05-08,1.31764,1.30097,1.31518,1.30421,13.000000000000789,-109.69999999999925
2013-05-09,1.30502,1.29346,1.30423,1.29897,18.499999999999073,-52.60000000000042
2013-05-12,1.29989,1.29408,1.29701,1.29742,23.800000000000487,4.100000000000215
2013-05-13,1.30283,1.2912,1.29744,1.2919,21.800000000000708,-55.39999999999878
2013-05-14,1.29418,1.28425,1.29192,1.28857,13.499999999999623,-33.499999999999645
2013-05-15,1.29289,1.28457,1.28854,1.28817,25.699999999999612,-3.6999999999998145
2013-05-16,1.2889,1.27957,1.28814,1.28379,19.700000000000273,-43.50000000000076
2013-05-19,1.29002,1.28188,1.28417,1.28819,9.099999999999664,40.19999999999912
2013-05-20,1.29328,1.28407,1.28817,1.29053,19.000000000000128,23.599999999999177
2013-05-21,1.29973,1.28329,1.2905,1.28574,31.399999999999206,-47.59999999999876
2013-05-22,1.29561,1.28207,1.28573,1.29326,19.200000000001438,75.30000000000037
2013-05-23,1.29926,1.29035,1.29327,1.29317,31.999999999998696,-0.9999999999998899
2013-05-26,1.29479,1.29146,1.29341,1.29299,8.500000000000174,-4.199999999998649
2013-05-27,1.29488,1.28488,1.29307,1.2855,20.599999999999508,-75.69999999999854
2013-05-28,1.29767,1.28372,1.28534,1.29403,21.200000000001218,86.90000000000086
2013-05-29,1.30607,1.29327,1.29402,1.30486,27.500000000000302,108.39999999999961
2013-05-30,1.30587,1.29435,1.30489,1.29976,17.099999999998783,-51.30000000000079
2013-06-02,1.31067,1.29547,1.29932,1.30756,22.699999999999942,82.40000000000025
2013-06-03,1.31007,1.30415,1.30759,1.308,17.899999999999583,4.100000000000215
2013-06-04,1.3115,1.30525,1.30805,1.30925,33.10000000000146,12.000000000000899
2013-06-05,1.33049,1.30744,1.30926,1.32448,39.400000000000546,152.2000000000001
2013-06-06,1.32844,1.31911,1.32446,1.32177,23.699999999999832,-26.900000000000812
2013-06-09,1.32684,1.31768,1.31912,1.32567,15.300000000000313,65.49999999999834
2013-06-10,1.33169,1.32316,1.32566,1.33124,20.700000000000163,55.79999999999919
2013-06-11,1.33585,1.32648,1.33127,1.33366,15.199999999999658,23.900000000001143
2013-06-12,1.33894,1.32778,1.33363,1.33742,23.299999999999432,37.8999999999996
2013-06-13,1.33747,1.32941,1.33731,1.33467,11.799999999999589,-26.399999999999757
2013-06-16,1.33807,1.33178,1.33474,1.33659,14.899999999999913,18.499999999999073
2013-06-17,1.3415,1.33251,1.33658,1.33917,20.899999999999253,25.899999999998702
2013-06-18,1.34162,1.32614,1.33915,1.3294,35.30000000000033,-97.50000000000148
2013-06-19,1.33011,1.31607,1.32937,1.3219,24.900000000001032,-74.69999999999865
2013-06-20,1.32535,1.30979,1.32192,1.31207,20.000000000000018,-98.49999999999915
2013-06-23,1.31434,1.30584,1.30908,1.31187,13.600000000000279,27.900000000000702
2013-06-24,1.31499,1.30644,1.31182,1.30766,20.299999999999763,-41.59999999999941
2013-06-25,1.30864,1.29842,1.30759,1.30112,20.199999999999108,-64.69999999999976
2013-06-26,1.30564,1.29994,1.30108,1.30379,20.599999999999508,27.099999999999902
2013-06-27,1.31024,1.29907,1.30378,1.30092,13.799999999999368,-28.599999999998627
2013-06-30,1.3066,1.30048,1.3013,1.30624,13.400000000001189,49.40000000000167
2013-07-01,1.30773,1.29627,1.30642,1.29772,19.400000000000528,-86.9999999999993
2013-07-02,1.30313,1.29224,1.29769,1.3009,18.599999999999728,32.099999999999355
2013-07-03,1.30226,1.28825,1.30088,1.2913,41.700000000000074,-95.80000000000143
2013-07-04,1.29163,1.28053,1.29122,1.28294,55.39999999999878,-82.80000000000065
2013-07-07,1.28812,1.28106,1.28108,1.28696,10.199999999997988,58.80000000000108
2013-07-08,1.28975,1.27545,1.28695,1.27803,30.200000000000227,-89.20000000000039
2013-07-09,1.2988,1.27642,1.27806,1.29772,40.40000000000043,196.6000000000001
2013-07-10,1.32053,1.29626,1.2977,1.30962,51.29999999999857,119.1999999999993
2013-07-11,1.30993,1.29985,1.30964,1.30666,41.50000000000098,-29.799999999999827
2013-07-14,1.30796,1.29927,1.30772,1.30611,29.799999999999827,-16.099999999998893
2013-07-15,1.31736,1.30501,1.3061,1.31616,25.999999999999357,100.59999999999958
2013-07-16,1.31776,1.30825,1.31617,1.3124,47.80000000000007,-37.700000000000514
2013-07-17,1.3127,1.30662,1.31243,1.31083,16.60000000000217,-16.00000000000046
2013-07-18,1.31537,1.30886,1.31084,1.31422,13.700000000000934,33.799999999999386
2013-07-21,1.32174,1.31352,1.31382,1.31853,13.400000000001189,47.09999999999992
2013-07-22,1.3238,1.31628,1.31849,1.32219,13.600000000000279,37.00000000000037
2013-07-23,1.32555,1.31759,1.3222,1.31994,26.49999999999819,-22.600000000001508
2013-07-24,1.32952,1.3165,1.31991,1.32763,20.999999999999908,77.20000000000171
2013-07-25,1.32962,1.3252,1.32761,1.32782,12.100000000001554,2.100000000000435
2013-07-28,1.32944,1.32385,1.32855,1.32619,13.700000000000934,-23.599999999999177
2013-07-29,1.33011,1.32337,1.3262,1.32617,13.000000000000789,-0.2999999999997449
2013-07-30,1.3344,1.32086,1.32614,1.3302,49.099999999999696,40.599999999999525
2013-07-31,1.33101,1.31931,1.33018,1.32061,33.30000000000055,-95.69999999999857
2013-08-01,1.32933,1.31889,1.32059,1.32794,81.40000000000036,73.49999999999967
2013-08-04,1.32996,1.32322,1.32813,1.32578,13.999999999998458,-23.500000000000743
2013-08-05,1.33223,1.32455,1.32577,1.33034,17.100000000001003,45.70000000000185
2013-08-06,1.33448,1.3265,1.33036,1.3335,22.199999999998887,31.399999999999206
2013-08-07,1.33995,1.33274,1.33355,1.33803,17.799999999998928,44.800000000000395
2013-08-08,1.33896,1.33321,1.33802,1.33417,7.4000000000018495,-38.49999999999909
2013-08-11,1.33434,1.32765,1.33206,1.32992,7.299999999998974,-21.400000000000308
2013-08-12,1.33162,1.32328,1.32991,1.32617,14.800000000001479,-37.39999999999854
2013-08-13,1.32798,1.32382,1.32618,1.32545,8.699999999999264,-7.299999999998974
2013-08-14,1.33623,1.32051,1.32542,1.3346,72.29999999999848,91.79999999999966
2013-08-15,1.33792,1.33104,1.33468,1.33281,14.899999999999913,-18.700000000000383
2013-08-18,1.33738,1.33144,1.33335,1.33336,12.700000000001044,0.10000000000065512
2013-08-19,1.34513,1.33226,1.33341,1.34167,19.100000000000783,82.59999999999934
2013-08-20,1.34263,1.33346,1.34164,1.33545,35.100000000001245,-61.89999999999918
2013-08-21,1.33724,1.32975,1.33543,1.33557,18.899999999999473,1.40000000000029
2013-08-22,1.3409,1.33326,1.33558,1.33807,24.900000000001032,24.900000000001032
2013-08-25,1.33935,1.33559,1.33846,1.33682,15.399999999998748,-16.40000000000086
2013-08-26,1.3398,1.33223,1.33676,1.33921,15.700000000000713,24.500000000000632
2013-08-27,1.3397,1.33043,1.3392,1.33386,17.100000000001003,-53.399999999999004
2013-08-28,1.33424,1.32186,1.33388,1.32403,17.199999999999438,-98.49999999999915
2013-08-29,1.3254,1.31732,1.324,1.32207,10.699999999999044,-19.299999999999873
2013-09-01,1.32265,1.3183,1.32133,1.31906,6.699999999999484,-22.699999999999942
2013-09-02,1.31962,1.31377,1.31912,1.317,17.599999999999838,-21.200000000001218
2013-09-03,1.32172,1.31562,1.31696,1.32069,8.999999999999009,37.30000000000011
2013-09-04,1.32223,1.31097,1.32067,1.31192,16.799999999999038,-87.50000000000036
2013-09-05,1.31884,1.3104,1.31194,1.31771,55.70000000000075,57.69999999999831
2013-09-08,1.328,1.31626,1.31627,1.32545,12.300000000000644,91.79999999999966
2013-09-09,1.32751,1.32296,1.32546,1.32666,7.500000000000284,11.999999999998678
2013-09-10,1.33238,1.32432,1.32673,1.33104,11.000000000001009,43.100000000000364
2013-09-11,1.33242,1.32563,1.33102,1.32987,24.399999999999977,-11.499999999999844
2013-09-12,1.33204,1.32533,1.32983,1.32928,18.400000000000638,-5.5000000000005045
2013-09-15,1.33848,1.33292,1.33596,1.33334,10.600000000000609,-26.200000000000667
2013-09-16,1.33686,1.33245,1.33333,1.33571,17.100000000001003,23.800000000000487
2013-09-17,1.35412,1.33374,1.33582,1.35209,73.00000000000084,162.70000000000007
2013-09-18,1.35678,1.35002,1.35206,1.3528,12.999999999998568,7.399999999999629
2013-09-19,1.35479,1.34972,1.35285,1.35232,11.600000000000499,-5.300000000001415
2013-09-22,1.35477,1.34789,1.35473,1.34922,19.400000000000528,-55.09999999999904
2013-09-23,1.3518,1.34637,1.34923,1.34729,17.599999999999838,-19.399999999998307
2013-09-24,1.35364,1.34612,1.34727,1.35247,8.500000000000174,52.00000000000094
2013-09-25,1.35318,1.34715,1.35253,1.34877,14.199999999999768,-37.59999999999985
2013-09-26,1.35636,1.34738,1.34879,1.35212,18.20000000000155,33.30000000000055
2013-09-29,1.35553,1.3477,1.3493,1.35256,9.200000000000319,32.600000000000406
2013-09-30,1.35872,1.35161,1.35237,1.35252,14.400000000001079,1.4999999999987246
2013-10-01,1.36062,1.35042,1.35251,1.35783,31.90000000000026,53.19999999999992
2013-10-02,1.36453,1.35769,1.35779,1.36177,16.40000000000086,39.799999999998725
2013-10-03,1.36311,1.35378,1.36179,1.35567,10.600000000000609,-61.20000000000125
2013-10-06,1.35904,1.35419,1.35638,1.35804,7.099999999999884,16.599999999999948
2013-10-07,1.36064,1.35568,1.35802,1.35726,10.200000000000209,-7.600000000000939
2013-10-08,1.36039,1.34852,1.35724,1.35237,17.900000000001803,-48.6999999999993
2013-10-09,1.35457,1.34869,1.35235,1.35192,13.600000000000279,-4.299999999999304
2013-10-10,1.35809,1.35175,1.35193,1.35417,13.799999999999368,22.400000000000198
2013-10-13,1.35969,1.35447,1.35612,1.35604,9.40000000000163,-0.8000000000008001
2013-10-14,1.35703,1.34788,1.35602,1.3523,23.699999999999832,-37.199999999999456
2013-10-15,1.35667,1.34721,1.35235,1.35332,14.000000000000679,9.700000000001374
2013-10-16,1.3681,1.3515,1.35337,1.36748,10.399999999999299,141.10000000000068
2013-10-17,1.37032,1.36587,1.36752,1.36856,6.800000000000139,10.399999999999299
2013-10-20,1.36878,1.36504,1.36832,1.36799,7.800000000000029,-3.2999999999994145
2013-10-21,1.37912,1.36616,1.36797,1.37802,62.599999999999326,100.50000000000114
2013-10-22,1.37924,1.37408,1.37803,1.37751,7.099999999999884,-5.20000000000076
2013-10-23,1.38245,1.37638,1.37752,1.38005,11.800000000001809,25.299999999999212
2013-10-24,1.38315,1.37739,1.38003,1.38027,13.600000000000279,2.4000000000001798
2013-10-27,1.3817,1.37744,1.38065,1.37842,6.999999999999229,-22.299999999999542
2013-10-28,1.38125,1.37357,1.37844,1.37445,18.499999999999073,-39.9000000000016
2013-10-29,1.37843,1.36951,1.37447,1.37352,43.400000000000105,-9.500000000000064
2013-10-30,1.37379,1.35746,1.37348,1.35828,13.700000000000934,-152.00000000000102
2013-10-31,1.35886,1.34794,1.35829,1.34862,15.000000000000568,-96.70000000000067
2013-11-03,1.35235,1.34418,1.34865,1.35133,30.49999999999997,26.800000000000157
2013-11-04,1.35216,1.34484,1.35136,1.34739,11.399999999999189,-39.69999999999807
2013-11-05,1.35467,1.34669,1.34737,1.35123,25.100000000000122,38.599999999999746
2013-11-06,1.35281,1.32948,1.35122,1.34184,123.90000000000123,-93.80000000000166
2013-11-07,1.34371,1.3317,1.34182,1.33707,72.79999999999953,-47.50000000000032
2013-11-10,1.34153,1.33439,1.33562,1.34059,8.900000000000574,49.69999999999919
2013-11-11,1.34554,1.33585,1.34056,1.34348,12.900000000000134,29.200000000000337
2013-11-12,1.34947,1.33894,1.34346,1.34861,22.999999999999687,51.49999999999988
2013-11-13,1.3497,1.34177,1.34851,1.34585,17.399999999998528,-26.600000000001067
2013-11-14,1.35046,1.34317,1.34579,1.34952,12.600000000000389,37.30000000000011
2013-11-17,1.3541,1.34738,1.34958,1.35051,11.499999999999844,9.300000000000974
2013-11-18,1.35464,1.34871,1.35048,1.35379,15.400000000000968,33.10000000000146
2013-11-19,1.3578,1.34147,1.35373,1.34376,48.50000000000021,-99.70000000000034
2013-11-20,1.34857,1.33987,1.34373,1.3481,33.30000000000055,43.69999999999985
2013-11-21,1.3557,1.34615,1.34809,1.3556,28.099999999999792,75.09999999999906
2013-11-24,1.35594,1.34895,1.35481,1.35156,19.699999999998052,-32.49999999999975
2013-11-25,1.35742,1.35147,1.35166,1.35719,20.900000000001473,55.29999999999813
2013-11-26,1.3612,1.35569,1.35713,1.35787,15.800000000001369,7.399999999999629
2013-11-27,1.36179,1.35629,1.35788,1.36058,15.100000000001224,26.999999999999247
2013-11-28,1.36209,1.35795,1.36046,1.35896,16.700000000000603,-15.000000000000568
2013-12-01,1.3615,1.35252,1.35868,1.35406,18.400000000000638,-46.200000000000685
2013-12-02,1.36129,1.35237,1.35408,1.35893,10.900000000000354,48.50000000000021
2013-12-03,1.36047,1.35276,1.3587,1.35925,19.899999999999363,5.5000000000005045
2013-12-04,1.36765,1.35423,1.35921,1.36671,28.399999999999537,75.00000000000063
2013-12-05,1.37056,1.36191,1.3666,1.37047,32.7999999999995,38.7000000000004
2013-12-08,1.37447,1.36935,1.37143,1.37382,16.700000000000603,23.900000000001143
2013-12-09,1.3794,1.37336,1.37375,1.37606,12.000000000000899,23.100000000000342
2013-12-10,1.38099,1.37398,1.37603,1.37858,16.500000000001513,25.499999999998302
2013-12-11,1.38025,1.37368,1.37854,1.37525,13.300000000000534,-32.90000000000015
2013-12-12,1.37684,1.37089,1.37522,1.37407,11.900000000000244,-11.500000000002064
2013-12-15,1.37978,1.37277,1.37282,1.37598,15.400000000000968,31.600000000000517
2013-12-16,1.37815,1.37224,1.37597,1.37676,10.099999999999554,7.900000000000684
2013-12-17,1.38109,1.36738,1.37674,1.36836,92.20000000000006,-83.80000000000054
2013-12-18,1.36932,1.36487,1.36837,1.36604,10.100000000001774,-23.300000000001653
2013-12-19,1.37085,1.36245,1.36602,1.36706,19.499999999998963,10.399999999999299
2013-12-22,1.37162,1.3666,1.36721,1.36951,8.700000000001484,22.999999999999687
2013-12-23,1.3713,1.36542,1.36952,1.3681,16.499999999999293,-14.199999999999768
2013-12-25,1.36987,1.36793,1.36884,1.36904,6.399999999999739,1.9999999999997797
2013-12-26,1.38922,1.36867,1.36903,1.37477,45.999999999999375,57.40000000000079
2013-12-29,1.38183,1.37276,1.37563,1.3802,10.100000000001774,45.70000000000185
2013-12-30,1.38119,1.37435,1.37987,1.37574,13.199999999999878,-41.29999999999967
2014-01-01,1.37744,1.36289,1.37615,1.36706,14.199999999999768,-90.90000000000043
2014-01-02,1.36723,1.35816,1.36711,1.35882,11.800000000001809,-82.90000000000131
2014-01-05,1.36523,1.35706,1.35933,1.36277,15.199999999999658,34.4000000000011
2014-01-06,1.36555,1.35961,1.36281,1.36147,14.600000000000168,-13.400000000001189
2014-01-07,1.36342,1.35528,1.36143,1.35749,20.299999999999763,-39.39999999999833
2014-01-08,1.36322,1.35479,1.3575,1.36075,25.899999999998702,32.49999999999975
2014-01-09,1.36865,1.35686,1.36078,1.36687,72.40000000000136,60.89999999999929
2014-01-12,1.3684,1.36367,1.36779,1.36702,8.00000000000134,-7.7000000000015945
2014-01-13,1.36986,1.36484,1.367,1.36784,14.700000000000824,8.399999999999519
2014-01-14,1.36802,1.35807,1.36781,1.36045,13.800000000001589,-73.60000000000034
2014-01-15,1.36489,1.35823,1.36041,1.36188,11.600000000000499,14.700000000000824
2014-01-16,1.36204,1.35163,1.3619,1.35403,13.300000000000534,-78.70000000000044
2014-01-19,1.35672,1.35069,1.35364,1.35512,6.300000000001305,14.800000000001479
2014-01-20,1.3568,1.35156,1.35508,1.35604,11.399999999999189,9.599999999998499
2014-01-21,1.35828,1.35339,1.35605,1.35465,11.399999999999189,-14.000000000000679
2014-01-22,1.36973,1.35296,1.35467,1.3695,20.999999999999908,148.299999999999
2014-01-23,1.37387,1.36619,1.36956,1.36767,20.499999999998852,-18.900000000001693
2014-01-26,1.37159,1.36526,1.36777,1.36727,9.399999999999409,-4.999999999999449
2014-01-27,1.36877,1.36285,1.36724,1.36699,20.899999999999253,-2.500000000000835
2014-01-28,1.3684,1.36022,1.367,1.36627,28.600000000000847,-7.299999999998974
2014-01-29,1.36647,1.35425,1.36615,1.35537,19.599999999999618,-107.80000000000013
2014-01-30,1.35727,1.34783,1.35538,1.34862,25.599999999998957,-67.60000000000099
2014-02-02,1.35347,1.34763,1.34837,1.35242,18.799999999998818,40.49999999999887
2014-02-03,1.3538,1.34927,1.35239,1.35174,9.100000000001884,-6.500000000000394
2014-02-04,1.35543,1.34981,1.35177,1.35329,15.499999999999403,15.200000000001879
2014-02-05,1.36182,1.34817,1.35324,1.35892,37.00000000000037,56.79999999999907
2014-02-06,1.36425,1.35512,1.35893,1.36352,70.2999999999987,45.900000000000944
2014-02-09,1.36508,1.36155,1.36158,1.36447,6.699999999999484,28.900000000000592
2014-02-10,1.36822,1.36286,1.36441,1.36372,18.299999999999983,-6.899999999998574
2014-02-11,1.36519,1.35614,1.36367,1.35923,18.099999999998673,-44.39999999999999
2014-02-12,1.3691,1.35841,1.35925,1.3679,21.400000000000308,86.49999999999824
2014-02-13,1.3714,1.36729,1.36793,1.36922,16.80000000000126,12.900000000000134
2014-02-16,1.37235,1.36913,1.37081,1.37065,7.699999999999374,-1.6000000000016001
2014-02-17,1.37693,1.36937,1.37061,1.37579,14.000000000000679,51.79999999999963
2014-02-18,1.37725,1.37237,1.37578,1.37322,9.500000000000064,-25.599999999998957
2014-02-19,1.37618,1.36848,1.37323,1.37179,15.100000000001224,-14.399999999998858
2014-02-20,1.37578,1.37011,1.37178,1.37382,13.299999999998313,20.400000000000418
2014-02-23,1.37707,1.37076,1.37343,1.37343,19.000000000000128,0.0
2014-02-24,1.37663,1.37148,1.37341,1.37443,11.200000000000099,10.200000000000209
2014-02-25,1.37566,1.36609,1.37444,1.36857,10.799999999999699,-58.700000000000415
2014-02-26,1.3726,1.36425,1.36858,1.37092,15.000000000000568,23.400000000000087
2014-02-27,1.38239,1.36934,1.3709,1.38017,54.3999999999989,92.6999999999989
2014-03-02,1.37919,1.37254,1.37592,1.3734,11.300000000000754,-25.200000000000777
2014-03-03,1.37809,1.37202,1.37339,1.37424,21.199999999998997,8.499999999997954
2014-03-04,1.37484,1.37067,1.37423,1.37326,17.599999999999838,-9.700000000001374
2014-03-05,1.38721,1.37206,1.37325,1.38601,47.09999999999992,127.59999999999883
2014-03-06,1.39142,1.38515,1.38602,1.38756,31.30000000000077,15.399999999998748
2014-03-09,1.38971,1.38609,1.38745,1.38756,7.500000000000284,1.0999999999983245
2014-03-10,1.3878,1.3833,1.38758,1.38588,12.799999999999478,-17.000000000000348
2014-03-11,1.39136,1.38427,1.38589,1.39027,13.099999999999223,43.799999999998285
2014-03-12,1.3966,1.38449,1.39026,1.38684,33.499999999999645,-34.19999999999979
2014-03-13,1.39363,1.38468,1.38677,1.39113,20.499999999998852,43.5999999999992
2014-03-16,1.39469,1.38783,1.39076,1.3921,9.999999999998899,13.399999999998968
2014-03-17,1.39419,1.38793,1.39211,1.39335,18.499999999999073,12.400000000001299
2014-03-18,1.39337,1.38089,1.39333,1.38318,35.100000000001245,-101.4999999999988
2014-03-19,1.38442,1.37485,1.38315,1.37777,17.500000000001403,-53.800000000001624
2014-03-20,1.381,1.37649,1.37776,1.37951,10.299999999998644,17.499999999999183
2014-03-23,1.38752,1.37596,1.37976,1.38381,28.099999999999792,40.49999999999887
2014-03-24,1.38462,1.37486,1.38384,1.38259,32.70000000000106,-12.499999999999734
2014-03-25,1.3827,1.37756,1.38256,1.37807,16.499999999999293,-44.90000000000105
2014-03-26,1.37961,1.37278,1.37781,1.37394,15.000000000000568,-38.7000000000004
2014-03-27,1.37723,1.3704,1.37393,1.37508,19.699999999998052,11.499999999999844
2014-03-30,1.38077,1.37216,1.37627,1.37678,23.600000000001398,5.099999999997884
2014-03-31,1.38148,1.37674,1.3768,1.37922,14.400000000001079,24.199999999998667
2014-04-01,1.38195,1.37524,1.37919,1.37665,12.700000000001044,-25.399999999999867
2014-04-02,1.3806,1.36974,1.37667,1.37194,45.2000000000008,-47.30000000000123
2014-04-03,1.37304,1.36719,1.37189,1.3703,32.40000000000131,-15.899999999999803
2014-04-06,1.37478,1.36955,1.36966,1.37405,8.20000000000043,43.89999999999894
2014-04-07,1.38108,1.37367,1.37407,1.37962,12.399999999999078,55.50000000000166
2014-04-08,1.38613,1.37793,1.3796,1.38545,20.000000000000018,58.50000000000133
2014-04-09,1.38984,1.38351,1.38544,1.38853,9.500000000000064,30.90000000000037
2014-04-10,1.39047,1.38627,1.38854,1.38843,8.999999999999009,-1.100000000000545
2014-04-13,1.38623,1.38075,1.38432,1.38199,11.900000000000244,-23.299999999999432
2014-04-14,1.38326,1.37895,1.382,1.38138,10.499999999999954,-6.199999999998429
2014-04-15,1.38502,1.3803,1.38139,1.38145,10.100000000001774,0.6000000000017103
2014-04-16,1.38639,1.38103,1.38148,1.38127,10.40000000000152,-2.100000000000435
2014-04-17,1.38217,1.38078,1.38128,1.38086,6.999999999999229,-4.20000000000087
2014-04-20,1.38298,1.37865,1.38137,1.37922,5.699999999999594,-21.500000000000963
2014-04-21,1.3824,1.37844,1.37918,1.38044,7.399999999999629,12.599999999998168
2014-04-22,1.38538,1.37995,1.38042,1.38161,14.699999999998603,11.900000000000244
2014-04-23,1.38426,1.37907,1.38166,1.38308,17.300000000000093,14.199999999999768
2014-04-24,1.38475,1.38262,1.38307,1.38315,7.199999999998319,0.8000000000008001
2014-04-27,1.38787,1.38139,1.38449,1.38504,14.199999999999768,5.5000000000005045
2014-04-28,1.38784,1.38048,1.38502,1.38111,18.400000000000638,-39.09999999999858
2014-04-29,1.38758,1.37734,1.38115,1.38663,20.599999999999508,54.799999999999294
2014-04-30,1.38885,1.3862,1.38662,1.38686,8.20000000000043,2.4000000000001798
2014-05-01,1.38808,1.38115,1.38683,1.38689,46.299999999999116,0.5999999999994898
2014-05-04,1.38853,1.38638,1.38838,1.38746,5.60000000000116,-9.200000000000319
2014-05-05,1.39504,1.38714,1.38745,1.39269,15.600000000000058,52.39999999999911
2014-05-06,1.39379,1.39093,1.39268,1.39093,11.400000000001409,-17.499999999999183
2014-05-07,1.39927,1.38326,1.39095,1.3839,39.29999999999989,-70.5
2014-05-08,1.38437,1.37444,1.38389,1.37595,11.799999999999589,-79.40000000000057
2014-05-11,1.3774,1.37486,1.37524,1.37565,5.300000000001415,4.100000000000215
2014-05-12,1.37709,1.36882,1.37567,1.37025,14.699999999998603,-54.199999999999804
2014-05-13,1.37301,1.36973,1.37023,1.37139,9.399999999999409,11.600000000000499
2014-05-14,1.37314,1.36476,1.37137,1.37084,14.199999999999768,-5.299999999999194
2014-05-15,1.3726,1.36847,1.37082,1.36928,9.600000000000719,-15.399999999998748
2014-05-18,1.37334,1.36922,1.36923,1.37083,16.899999999999693,16.00000000000046
2014-05-19,1.37131,1.36773,1.37082,1.37006,8.299999999998864,-7.599999999998719
2014-05-20,1.37225,1.3634,1.37008,1.36859,17.199999999999438,-14.899999999999913
2014-05-21,1.36872,1.36445,1.36864,1.3655,14.199999999999768,-31.400000000001427
2014-05-22,1.36584,1.36149,1.36549,1.36301,14.300000000000423,-24.800000000000377
2014-05-25,1.36537,1.36144,1.36225,1.36455,14.899999999999913,22.999999999999687
2014-05-26,1.36679,1.36119,1.36448,1.3634,7.300000000001194,-10.799999999999699
2014-05-27,1.36371,1.35879,1.36337,1.359,15.499999999999403,-43.69999999999985
2014-05-28,1.36249,1.35854,1.35896,1.36012,11.900000000000244,11.600000000000499
2014-05-29,1.36494,1.35978,1.3601,1.36329,7.4000000000018495,31.89999999999804
2014-06-01,1.35981,1.35949,1.35962,1.35957,1.2000000000012,-0.5000000000010552
2014-06-02,1.36469,1.35906,1.35958,1.36269,13.900000000000023,31.09999999999946
2014-06-03,1.3638,1.35958,1.36256,1.35977,9.200000000000319,-27.900000000000702
2014-06-04,1.36691,1.35023,1.35978,1.36593,53.7999999999994,61.500000000000995
2014-06-05,1.3676,1.36202,1.36597,1.36418,26.999999999999247,-17.899999999999583
2014-06-08,1.36679,1.35818,1.36427,1.35931,6.599999999998829,-49.600000000000755
2014-06-09,1.36011,1.35327,1.3593,1.35473,9.599999999998499,-45.69999999999963
2014-06-10,1.35563,1.35208,1.35466,1.35308,7.500000000000284,-15.799999999999148
2014-06-11,1.35711,1.35115,1.35305,1.35512,13.900000000000023,20.700000000000163
2014-06-12,1.35783,1.35202,1.35514,1.35384,8.40000000000174,-13.000000000000789
2014-06-15,1.35786,1.35124,1.35409,1.35731,20.199999999999108,32.2
2014-06-16,1.35863,1.35355,1.3573,1.35461,7.999999999999119,-26.89999999999859
2014-06-17,1.35987,1.3541,1.3546,1.35947,45.199999999998575,48.6999999999993
2014-06-18,1.36427,1.35835,1.35943,1.36067,10.40000000000152,12.400000000001299
2014-06-19,1.36332,1.35636,1.36064,1.35982,7.099999999999884,-8.20000000000043
2014-06-22,1.36128,1.35732,1.35892,1.36035,10.499999999999954,14.300000000000423
2014-06-23,1.36269,1.35826,1.36041,1.36054,19.800000000000928,1.3000000000018552
2014-06-24,1.36505,1.35997,1.36051,1.36282,12.400000000001299,23.099999999998122
2014-06-25,1.36405,1.35752,1.36281,1.36105,15.399999999998748,-17.599999999999838
2014-06-26,1.36497,1.36087,1.36107,1.36481,6.300000000001305,37.400000000000766
2014-06-29,1.36969,1.36395,1.36436,1.36913,10.200000000000209,47.699999999999406
2014-06-30,1.36996,1.36747,1.36911,1.3678,8.299999999998864,-13.100000000001444
2014-07-01,1.36817,1.36418,1.36781,1.36587,6.899999999998574,-19.400000000000528
2014-07-02,1.36635,1.35953,1.36586,1.36096,9.399999999999409,-49.000000000001265
2014-07-03,1.36104,1.35847,1.36095,1.35936,5.60000000000116,-15.900000000002024
2014-07-06,1.36084,1.35752,1.35937,1.36039,4.699999999999704,10.200000000000209
2014-07-07,1.36165,1.35874,1.3604,1.36115,4.999999999999449,7.500000000000284
2014-07-08,1.36478,1.36014,1.36114,1.36408,10.699999999999044,29.399999999999427
2014-07-09,1.36499,1.35884,1.36405,1.36077,6.999999999999229,-32.7999999999995
2014-07-10,1.3624,1.35911,1.36079,1.36062,7.999999999999119,-1.7000000000000348
2014-07-13,1.36395,1.35968,1.3599,1.36181,8.199999999998209,19.099999999998563
2014-07-14,1.36273,1.35612,1.36182,1.35669,19.500000000001183,-51.30000000000079
2014-07-15,1.35718,1.35201,1.35667,1.35246,5.399999999999849,-42.10000000000047
2014-07-16,1.35395,1.35158,1.35245,1.35252,6.300000000001305,0.700000000000145
2014-07-17,1.35352,1.34902,1.35255,1.35236,12.199999999999989,-1.8999999999991246
2014-07-20,1.35483,1.35123,1.35277,1.3523,5.800000000000249,-4.699999999999704
2014-07-21,1.35288,1.34583,1.35228,1.34648,26.399999999999757,-58.00000000000027
2014-07-22,1.34734,1.34543,1.34649,1.34625,6.299999999999084,-2.4000000000001798
2014-07-23,1.34841,1.34374,1.34627,1.34626,14.300000000000423,-0.10000000000065512
2014-07-24,1.34749,1.34207,1.34629,1.34292,8.40000000000174,-33.700000000000955
2014-07-27,1.34431,1.34262,1.34307,1.34389,4.3999999999999595,8.20000000000043
2014-07-28,1.34438,1.34035,1.34391,1.34079,7.300000000001194,-31.200000000000117
2014-07-29,1.34145,1.33661,1.34078,1.3396,22.999999999999687,-11.800000000001809
2014-07-30,1.33997,1.33708,1.33959,1.33896,8.80000000000214,-6.300000000001305
2014-07-31,1.3444,1.33778,1.33899,1.34288,19.199999999999218,38.90000000000171
2014-08-03,1.34319,1.34087,1.34304,1.34209,4.799999999998139,-9.500000000000064
2014-08-04,1.3424,1.33575,1.34212,1.33754,8.599999999998609,-45.80000000000028
2014-08-05,1.33861,1.33323,1.33755,1.33819,10.699999999999044,6.399999999999739
2014-08-06,1.33931,1.33364,1.33817,1.33628,24.999999999999467,-18.900000000001693
2014-08-07,1.34319,1.33428,1.33625,1.34082,15.500000000001624,45.69999999999963
2014-08-10,1.34111,1.33797,1.34089,1.3384,5.699999999999594,-24.899999999998812
2014-08-11,1.33854,1.33353,1.33844,1.33684,6.999999999999229,-16.00000000000046
2014-08-12,1.34144,1.33416,1.33685,1.33638,10.799999999999699,-4.700000000001925
2014-08-13,1.3407,1.33478,1.33635,1.33641,14.199999999999768,0.6000000000017103
2014-08-14,1.3411,1.3358,1.33642,1.34001,10.799999999999699,35.89999999999982
2014-08-17,1.33984,1.33522,1.33919,1.33629,6.200000000000649,-29.000000000001247
2014-08-18,1.33637,1.33126,1.33627,1.33193,18.100000000000893,-43.400000000000105
2014-08-19,1.33236,1.32546,1.33194,1.32586,11.600000000000499,-60.79999999999863
2014-08-20,1.32877,1.32413,1.32587,1.32801,9.299999999998754,21.399999999998087
2014-08-21,1.32959,1.32199,1.32802,1.32416,31.49999999999986,-38.599999999999746
2014-08-24,1.32096,1.31832,1.31963,1.31914,6.800000000000139,-4.900000000001015
2014-08-25,1.3214,1.31639,1.31911,1.31667,9.500000000000064,-24.399999999999977
2014-08-26,1.3209,1.31519,1.31668,1.31923,22.999999999999687,25.499999999998302
2014-08-27,1.322,1.31591,1.3192,1.31814,9.399999999999409,-10.599999999998388
2014-08-28,1.31954,1.31312,1.31817,1.31312,9.200000000000319,-50.499999999999986
2014-08-31,1.31447,1.31184,1.3127,1.31278,4.500000000000615,0.8000000000008001
2014-09-01,1.31359,1.31095,1.31277,1.31322,6.500000000000394,4.500000000000615
2014-09-02,1.31592,1.31213,1.31323,1.31496,22.999999999999687,17.300000000000093
2014-09-03,1.31533,1.29194,1.31495,1.29428,52.80000000000173,-206.69999999999965
2014-09-04,1.29879,1.29213,1.29432,1.29511,17.399999999998528,7.900000000000684
2014-09-07,1.29583,1.28812,1.29563,1.28938,12.699999999998823,-62.50000000000089
2014-09-08,1.29567,1.28587,1.28937,1.29368,15.199999999999658,43.100000000000364
2014-09-09,1.29619,1.28829,1.29366,1.29164,12.499999999999734,-20.200000000001328
2014-09-10,1.29511,1.28963,1.29161,1.29234,15.899999999999803,7.300000000001194
2014-09-11,1.29786,1.29082,1.29236,1.29631,13.100000000001444,39.5000000000012
2014-09-14,1.29727,1.29079,1.29722,1.29394,14.099999999999113,-32.7999999999995
2014-09-15,1.29945,1.29216,1.29392,1.29589,11.200000000000099,19.700000000000273
2014-09-16,1.29807,1.28514,1.29591,1.28644,67.50000000000034,-94.69999999999868
2014-09-17,1.29295,1.28336,1.28646,1.29216,25.900000000000922,57.000000000000384
2014-09-18,1.29281,1.28274,1.29219,1.28284,10.299999999998644,-93.49999999999969
2014-09-21,1.28671,1.28155,1.28332,1.28485,8.799999999999919,15.300000000000313
2014-09-22,1.29005,1.2842,1.28484,1.28459,11.100000000001664,-2.500000000000835
2014-09-23,1.28632,1.27735,1.2846,1.27792,13.099999999999223,-66.8000000000002
2014-09-24,1.27826,1.26961,1.27796,1.27494,18.199999999999328,-30.200000000000227
2014-09-25,1.27599,1.26761,1.27501,1.26833,9.300000000000974,-66.8000000000002
2014-09-28,1.27141,1.2663,1.26821,1.26845,7.500000000000284,2.4000000000001798
2014-09-29,1.27015,1.25703,1.26839,1.26296,13.300000000000534,-54.299999999998235
2014-09-30,1.26389,1.25829,1.263,1.26217,10.100000000001774,-8.299999999998864
2014-10-01,1.26981,1.26131,1.26213,1.26678,20.000000000000018,46.500000000000426
2014-10-02,1.2674,1.24999,1.26679,1.25152,25.500000000000522,-152.70000000000118
2014-10-05,1.2674,1.25083,1.25119,1.26547,30.200000000000227,142.8000000000007
2014-10-06,1.26812,1.2583,1.26544,1.26683,10.299999999998644,13.900000000000023
2014-10-07,1.27482,1.26219,1.26685,1.27332,39.49999999999898,64.69999999999976
2014-10-08,1.27905,1.26634,1.27327,1.26897,14.499999999999513,-42.9999999999997
2014-10-09,1.27153,1.26048,1.26901,1.26277,11.300000000000754,-62.40000000000023
2014-10-12,1.27603,1.262,1.26306,1.27512,16.399999999998638,120.5999999999996
2014-10-13,1.27674,1.26393,1.27516,1.26575,10.300000000000864,-94.1000000000014
2014-10-14,1.2886,1.26239,1.26576,1.28366,35.30000000000033,179.00000000000028
2014-10-15,1.28442,1.2705,1.28367,1.28084,27.600000000000957,-28.300000000001102
2014-10-16,1.2836,1.27434,1.28079,1.27598,15.199999999999658,-48.10000000000203
2014-10-19,1.28169,1.27313,1.27499,1.27995,9.399999999999409,49.59999999999853
2014-10-20,1.28399,1.27144,1.27997,1.27148,33.199999999999896,-84.90000000000109
2014-10-21,1.27397,1.26372,1.27149,1.26474,23.400000000000087,-67.50000000000034
2014-10-22,1.26766,1.26138,1.26477,1.26453,17.799999999998928,-2.4000000000001798
2014-10-23,1.26958,1.26348,1.26459,1.26691,17.400000000000748,23.199999999998777
2014-10-26,1.27233,1.26657,1.26755,1.26978,10.799999999999699,22.299999999999542
2014-10-27,1.27649,1.26846,1.26978,1.27338,27.49999999999808,36.000000000000476
2014-10-28,1.27705,1.26307,1.27339,1.2631,47.399999999999665,-102.90000000000133
2014-10-29,1.26394,1.25475,1.26312,1.26128,18.799999999998818,-18.400000000000638
2014-10-30,1.26175,1.24856,1.26131,1.25222,23.800000000000487,-90.8999999999982
2014-11-02,1.25139,1.24403,1.25058,1.24811,29.700000000001392,-24.699999999999722
2014-11-03,1.25772,1.2481,1.24813,1.25458,12.399999999999078,64.50000000000067
2014-11-04,1.25671,1.24574,1.25459,1.24848,12.299999999998423,-61.1000000000006
2014-11-05,1.25334,1.23643,1.2485,1.23745,49.79999999999984,-110.50000000000004
2014-11-06,1.24697,1.23579,1.23747,1.24528,35.60000000000008,78.09999999999873
2014-11-09,1.25091,1.24187,1.24701,1.24202,10.300000000000864,-49.9000000000005
2014-11-10,1.24991,1.23946,1.24202,1.24743,13.200000000002099,54.10000000000137
2014-11-11,1.24978,1.24194,1.24741,1.24376,11.699999999998933,-36.49999999999931
2014-11-12,1.24917,1.24263,1.24373,1.24758,10.300000000000864,38.49999999999909
2014-11-13,1.25462,1.23985,1.24758,1.25225,25.500000000000522,46.70000000000174
2014-11-16,1.25773,1.2445,1.25306,1.24491,18.499999999999073,-81.50000000000102
2014-11-17,1.2545,1.24434,1.2449,1.25354,13.900000000000023,86.40000000000202
2014-11-18,1.25975,1.25122,1.25356,1.25534,43.5999999999992,17.799999999998928
2014-11-19,1.25752,1.25042,1.25533,1.25389,27.29999999999899,-14.400000000001079
2014-11-20,1.25682,1.23751,1.25382,1.23865,16.700000000000603,-151.69999999999905
2014-11-23,1.24446,1.23609,1.23609,1.24414,13.300000000000534,80.50000000000112
2014-11-24,1.24871,1.24022,1.24415,1.24739,15.099999999999003,32.399999999999096
2014-11-25,1.25318,1.24436,1.24737,1.25054,17.300000000000093,31.69999999999895
2014-11-26,1.25235,1.24648,1.25052,1.24665,17.000000000000348,-38.7000000000004
2014-11-27,1.24902,1.24264,1.24663,1.24496,10.799999999999699,-16.699999999998383
2014-11-30,1.25066,1.24194,1.24634,1.24686,13.900000000000023,5.20000000000076
2014-12-01,1.24761,1.23768,1.2469,1.23823,7.799999999997809,-86.69999999999956
2014-12-02,1.23905,1.23011,1.23822,1.23106,11.099999999999444,-71.60000000000055
2014-12-03,1.24563,1.22815,1.23104,1.23778,54.00000000000071,67.40000000000191
2014-12-04,1.23929,1.22709,1.23773,1.2281,23.899999999998922,-96.30000000000027
2014-12-07,1.23438,1.2247,1.22867,1.23162,14.899999999999913,29.50000000000008
2014-12-08,1.24478,1.22919,1.2316,1.23736,14.299999999998203,57.59999999999987
2014-12-09,1.24478,1.23619,1.23734,1.2447,12.000000000000899,73.59999999999812
2014-12-10,1.24952,1.237,1.2447,1.24098,22.599999999999287,-37.199999999999456
2014-12-11,1.24852,1.23842,1.24101,1.24603,19.399999999998307,50.200000000000244
2014-12-14,1.24785,1.24145,1.24747,1.24358,11.200000000000099,-38.90000000000171
2014-12-15,1.25698,1.24337,1.24361,1.25099,21.600000000001618,73.79999999999941
2014-12-16,1.25154,1.23204,1.25102,1.23413,48.2999999999989,-168.90000000000072
2014-12-17,1.23524,1.22659,1.23414,1.22857,14.199999999999768,-55.70000000000075
2014-12-18,1.2302,1.22201,1.22852,1.22263,10.699999999999044,-58.89999999999951
2014-12-21,1.22724,1.22167,1.22225,1.22286,7.900000000000684,6.099999999999994
2014-12-22,1.22459,1.21648,1.22283,1.21709,10.799999999999699,-57.40000000000079
2014-12-23,1.22198,1.21693,1.21711,1.21999,8.500000000000174,28.799999999999937
2014-12-25,1.22224,1.21684,1.22218,1.21754,5.20000000000076,-46.39999999999978
2014-12-28,1.22208,1.21428,1.21784,1.2151,19.400000000000528,-27.399999999999647
2014-12-29,1.21874,1.21238,1.21548,1.21546,12.199999999999989,-0.1999999999990898
2014-12-30,1.21698,1.20959,1.21543,1.20969,10.699999999999044,-57.40000000000079
2014-12-31,1.21041,1.20959,1.20965,1.21002,5.20000000000076,3.700000000002035
2015-01-01,1.21072,1.20002,1.21037,1.20009,13.600000000000279,-102.79999999999845
2015-01-04,1.19763,1.18664,1.19427,1.19327,44.800000000000395,-9.999999999998899
2015-01-05,1.19687,1.18841,1.19329,1.18893,14.699999999998603,-43.5999999999992
2015-01-06,1.18965,1.18021,1.18894,1.18392,32.69999999999884,-50.200000000000244
2015-01-07,1.18474,1.17541,1.18377,1.17916,24.800000000000377,-46.10000000000003
2015-01-08,1.18459,1.17626,1.1793,1.18407,42.200000000001125,47.699999999999406
2015-01-11,1.18709,1.17862,1.18499,1.18334,10.699999999999044,-16.499999999999293
2015-01-12,1.18595,1.17534,1.18331,1.17722,11.999999999998678,-60.90000000000151
2015-01-13,1.18462,1.17272,1.17722,1.17887,15.799999999999148,16.500000000001513
2015-01-14,1.17924,1.15678,1.17888,1.16299,75.09999999999906,-158.8999999999996
2015-01-15,1.16487,1.146,1.16304,1.1562,24.100000000000232,-68.4000000000018
2015-01-18,1.16389,1.15513,1.15516,1.16019,12.700000000001044,50.3000000000009
2015-01-19,1.16148,1.15405,1.16068,1.15485,13.199999999999878,-58.30000000000002
2015-01-20,1.16802,1.15414,1.15483,1.16092,46.10000000000003,60.89999999999929
2015-01-21,1.16509,1.13159,1.16095,1.13647,107.60000000000103,-244.79999999999836
2015-01-22,1.13738,1.11144,1.13649,1.12024,24.999999999999467,-162.50000000000097
2015-01-25,1.12953,1.10978,1.11511,1.12386,22.900000000001253,87.50000000000036
2015-01-26,1.14225,1.12236,1.12377,1.13805,26.800000000000157,142.8000000000007
2015-01-27,1.13829,1.1276,1.13761,1.12863,49.5000000000001,-89.79999999999988
2015-01-28,1.13678,1.12617,1.12862,1.13192,17.000000000000348,33.00000000000081
2015-01-29,1.13636,1.12786,1.13183,1.12839,21.299999999999653,-34.399999999998876
2015-02-01,1.1362,1.12922,1.13105,1.13411,19.099999999998563,30.599999999998406
2015-02-02,1.1534,1.13123,1.13407,1.14785,25.299999999999212,137.80000000000126
2015-02-03,1.14847,1.13155,1.14788,1.13433,25.699999999999612,-135.49999999999952
2015-02-04,1.14987,1.13038,1.13433,1.14768,28.200000000000447,133.49999999999972
2015-02-05,1.14856,1.13117,1.14763,1.13154,37.900000000001825,-160.89999999999938
2015-02-08,1.13592,1.12702,1.12964,1.13231,15.700000000000713,26.699999999999502
2015-02-09,1.13454,1.1273,1.13229,1.13202,33.40000000000121,-2.6999999999999247
2015-02-10,1.13472,1.12799,1.132,1.13354,30.09999999999957,15.400000000000968
2015-02-11,1.14228,1.1302,1.13354,1.14023,26.699999999999502,66.90000000000084
2015-02-12,1.14431,1.13797,1.14016,1.13909,13.900000000000023,-10.700000000001264
2015-02-15,1.14289,1.13192,1.13986,1.13532,22.999999999999687,-45.399999999999885
2015-02-16,1.14489,1.13221,1.13552,1.14101,20.299999999999763,54.89999999999995
2015-02-17,1.14157,1.13337,1.14095,1.13965,60.2999999999998,-12.999999999998568
2015-02-18,1.14501,1.13551,1.13967,1.13675,32.40000000000131,-29.200000000000337
2015-02-19,1.14296,1.12791,1.13675,1.13813,74.09999999999917,13.800000000001589
2015-02-22,1.13961,1.1295,1.13916,1.13342,18.700000000000383,-57.39999999999856
2015-02-23,1.13581,1.1288,1.13339,1.13388,38.3,4.900000000001015
2015-02-24,1.13885,1.13356,1.13387,1.13608,10.999999999998789,22.100000000000453
2015-02-25,1.13795,1.11834,1.13604,1.11967,30.69999999999906,-163.69999999999996
2015-02-26,1.12449,1.11759,1.11962,1.11914,12.600000000000389,-4.8000000000003595
2015-03-01,1.12395,1.11599,1.11817,1.11822,10.200000000000209,0.4999999999988347
2015-03-02,1.12174,1.11546,1.11824,1.11753,10.200000000000209,-7.099999999999884
2015-03-03,1.11854,1.10615,1.11743,1.10763,19.499999999998963,-98.00000000000031
2015-03-04,1.11143,1.09874,1.10766,1.10292,23.899999999998922,-47.40000000000188
2015-03-05,1.10327,1.08381,1.10289,1.08387,98.79999999999889,-190.20000000000036
2015-03-08,1.09064,1.08227,1.08263,1.0851,11.099999999999444,24.699999999999722
2015-03-09,1.0855,1.06926,1.08512,1.06969,21.799999999998487,-154.30000000000055
2015-03-10,1.07168,1.05112,1.06963,1.05467,22.100000000000453,-149.60000000000085
2015-03-11,1.06837,1.04944,1.05459,1.06347,44.500000000000654,88.79999999999998
2015-03-12,1.06346,1.04623,1.06334,1.04939,21.000000000002128,-139.49999999999906
2015-03-15,1.06195,1.04697,1.04699,1.05666,20.999999999999908,96.69999999999845
2015-03-16,1.06507,1.05513,1.05661,1.05965,33.599999999998076,30.399999999999316
2015-03-17,1.10385,1.05798,1.05969,1.08618,120.09999999999854,264.899999999999
2015-03-18,1.09191,1.06128,1.08627,1.06583,29.399999999999427,-204.40000000000015
2015-03-19,1.0882,1.06492,1.06584,1.08225,28.700000000001502,164.10000000000036
2015-03-22,1.09711,1.07673,1.08398,1.09451,22.100000000000453,105.3000000000015
2015-03-23,1.10292,1.08902,1.09439,1.09242,32.099999999999355,-19.700000000000273
2015-03-24,1.10143,1.09006,1.09242,1.09691,22.600000000001508,44.90000000000105
2015-03-25,1.10521,1.08561,1.09694,1.08834,16.599999999999948,-85.9999999999994
2015-03-26,1.09483,1.08011,1.08832,1.08813,39.29999999999989,-1.8999999999991246
2015-03-29,1.08949,1.081,1.08856,1.08345,18.599999999999728,-51.09999999999948
2015-03-30,1.08454,1.07128,1.08324,1.07312,13.900000000000023,-101.19999999999906
2015-03-31,1.07998,1.07185,1.07312,1.07624,16.599999999999948,31.200000000000117
2015-04-01,1.09049,1.07502,1.07622,1.08794,33.50000000000186,117.19999999999953
2015-04-02,1.10267,1.08638,1.08799,1.09683,110.89999999999822,88.3999999999996
2015-04-05,1.10354,1.091,1.10019,1.09219,52.799999999999514,-80.00000000000007
2015-04-06,1.09549,1.0803,1.09219,1.08144,18.299999999999983,-107.50000000000037
2015-04-07,1.08876,1.0763,1.08143,1.07799,44.49999999999843,-34.399999999998876
2015-04-08,1.07886,1.06375,1.07802,1.06586,13.000000000000789,-121.59999999999948
2015-04-09,1.06836,1.05677,1.06588,1.06005,13.400000000001189,-58.30000000000002
2015-04-12,1.0619,1.05204,1.05854,1.05668,25.399999999999867,-18.599999999999728
2015-04-13,1.07073,1.05315,1.05669,1.06543,26.800000000000157,87.40000000000192
2015-04-14,1.07019,1.05711,1.06528,1.06833,34.000000000000696,30.49999999999997
2015-04-15,1.08175,1.06247,1.0684,1.07604,29.599999999998516,76.40000000000092
2015-04-16,1.08486,1.07336,1.07602,1.08046,48.599999999998644,44.39999999999999
2015-04-19,1.08204,1.07121,1.08185,1.07371,14.700000000000824,-81.40000000000036
2015-04-20,1.07813,1.06598,1.07367,1.07352,24.200000000000887,-1.4999999999987246
2015-04-21,1.08008,1.07083,1.07353,1.07247,30.799999999999716,-10.600000000000609
2015-04-22,1.08451,1.06659,1.07245,1.08232,21.299999999999653,98.70000000000046
2015-04-23,1.08999,1.0785,1.08234,1.0872,48.50000000000021,48.599999999998644
2015-04-26,1.09265,1.08194,1.08632,1.08908,18.199999999999328,27.600000000000957
2015-04-27,1.09909,1.08601,1.0891,1.09798,17.000000000000348,88.79999999999998
2015-04-28,1.11878,1.09595,1.09798,1.11277,36.399999999998656,147.9000000000008
2015-04-29,1.12661,1.10716,1.11279,1.12235,24.600000000001288,95.60000000000014
2015-04-30,1.12899,1.11748,1.12236,1.11987,22.100000000000453,-24.900000000001032
2015-05-03,1.12245,1.11226,1.11929,1.11451,14.999999999998348,-47.80000000000007
2015-05-04,1.12229,1.10663,1.11443,1.11849,20.299999999999763,40.599999999999525
2015-05-05,1.137,1.11748,1.11848,1.13466,24.099999999998012,161.80000000000084
2015-05-06,1.13916,1.12372,1.13467,1.12661,18.899999999999473,-80.60000000000178
2015-05-07,1.1289,1.11793,1.12661,1.11979,59.29999999999991,-68.19999999999825
2015-05-10,1.12065,1.1131,1.11971,1.11547,17.80000000000115,-42.40000000000022
2015-05-11,1.12788,1.11342,1.11542,1.12121,16.300000000000203,57.89999999999962
2015-05-12,1.13826,1.12027,1.12121,1.13534,18.899999999999473,141.29999999999976
2015-05-13,1.14445,1.13406,1.13531,1.14089,23.899999999998922,55.79999999999919
2015-05-14,1.14667,1.13241,1.14084,1.14482,18.399999999998418,39.799999999998725
2015-05-17,1.14494,1.12986,1.14469,1.13134,17.20000000000166,-133.49999999999972
2015-05-18,1.13263,1.11186,1.13136,1.11495,34.000000000000696,-164.09999999999815
2015-05-19,1.11522,1.10626,1.11485,1.10935,40.40000000000043,-54.99999999999838
2015-05-20,1.11814,1.10799,1.10921,1.11108,24.500000000000632,18.700000000000383
2015-05-21,1.12082,1.10021,1.11109,1.10103,23.100000000000342,-100.59999999999958
2015-05-24,1.10095,1.09592,1.10029,1.09774,21.199999999998997,-25.500000000000522
2015-05-25,1.09816,1.08632,1.09768,1.08719,33.09999999999924,-104.89999999999888
2015-05-26,1.09291,1.08192,1.0872,1.09031,25.599999999998957,31.09999999999946
2015-05-27,1.09586,1.0867,1.09032,1.09473,27.599999999998737,44.10000000000025
2015-05-28,1.10059,1.09257,1.09474,1.09912,21.299999999999653,43.80000000000051
2015-05-31,1.09881,1.08872,1.09802,1.09261,22.800000000000598,-54.09999999999915
2015-06-01,1.11942,1.09159,1.09261,1.115,40.99999999999993,223.8999999999991
2015-06-02,1.12853,1.10793,1.11498,1.12739,31.999999999998696,124.0999999999981
2015-06-03,1.13797,1.12227,1.1273,1.12377,27.900000000000702,-35.30000000000033
2015-06-04,1.128,1.10492,1.12371,1.1111,35.199999999999676,-126.10000000000011
2015-06-07,1.13067,1.10841,1.10972,1.12904,40.099999999998474,193.20000000000005
2015-06-08,1.13451,1.1214,1.1291,1.12819,35.99999999999825,-9.099999999999664
2015-06-09,1.13863,1.12601,1.12821,1.13237,22.999999999999687,41.600000000001636
2015-06-10,1.13313,1.11817,1.13235,1.12571,33.69999999999873,-66.39999999999979
2015-06-11,1.12965,1.11511,1.12572,1.12618,29.200000000000337,4.599999999999049
2015-06-14,1.12945,1.11891,1.12104,1.12825,31.000000000001027,72.09999999999938
2015-06-15,1.13298,1.1205,1.12834,1.1247,23.500000000000743,-36.399999999998656
2015-06-16,1.13577,1.12064,1.12469,1.13368,88.09999999999985,89.90000000000053
2015-06-17,1.14362,1.13301,1.13358,1.13584,62.599999999999326,22.599999999999287
2015-06-18,1.13968,1.12919,1.13575,1.13487,28.200000000000447,-8.799999999999919
2015-06-21,1.14101,1.13117,1.13771,1.13395,22.400000000000198,-37.59999999999985
2015-06-22,1.13473,1.11351,1.13393,1.11664,24.500000000000632,-172.90000000000026
2015-06-23,1.12352,1.11544,1.11663,1.12039,17.799999999998928,37.59999999999985
2015-06-24,1.12275,1.11536,1.12028,1.1203,47.699999999999406,0.20000000000131024
2015-06-25,1.12197,1.11302,1.12029,1.11661,14.099999999999113,-36.79999999999906
2015-06-28,1.12785,1.0953,1.10036,1.12343,46.00000000000159,230.69999999999925
2015-06-29,1.1244,1.11121,1.12336,1.11454,23.299999999999432,-88.19999999999828
2015-06-30,1.11722,1.10425,1.11468,1.10514,24.800000000000377,-95.39999999999881
2015-07-01,1.11212,1.10323,1.1052,1.10831,26.500000000000412,31.09999999999946
2015-07-02,1.11178,1.10658,1.10828,1.11128,21.700000000000053,30.000000000001137
2015-07-05,1.10953,1.0969,1.09905,1.10548,31.000000000001027,64.29999999999936
2015-07-06,1.10589,1.09163,1.10532,1.10094,34.29999999999822,-43.80000000000051
2015-07-07,1.10925,1.0974,1.10096,1.10747,19.299999999999873,65.10000000000016
2015-07-08,1.11246,1.09914,1.1074,1.1035,29.09999999999968,-39.00000000000014
2015-07-09,1.12158,1.10299,1.10351,1.115,23.499999999998522,114.9
2015-07-12,1.11971,1.09956,1.1094,1.10004,27.800000000000047,-93.60000000000035
2015-07-13,1.10836,1.09657,1.1002,1.10075,22.699999999999942,5.499999999998284
2015-07-14,1.10355,1.09298,1.10072,1.09468,17.700000000000493,-60.39999999999823
2015-07-15,1.09626,1.08553,1.09471,1.08731,17.799999999998928,-74.00000000000074
2015-07-16,1.0907,1.08267,1.08735,1.08269,10.600000000000609,-46.60000000000109
2015-07-19,1.087,1.08082,1.08295,1.08239,10.300000000000864,-5.60000000000116
2015-07-20,1.09684,1.08115,1.08237,1.09327,18.799999999998818,108.99999999999909
2015-07-21,1.09669,1.08696,1.09334,1.09275,12.600000000000389,-5.899999999998684
2015-07-22,1.10177,1.09216,1.09275,1.09823,19.199999999999218,54.799999999999294
2015-07-23,1.09956,1.09252,1.09832,1.09816,25.800000000000267,-1.5999999999993797
2015-07-26,1.11294,1.09689,1.09814,1.10869,25.200000000000777,105.5000000000006
2015-07-27,1.10994,1.10221,1.1087,1.1059,17.799999999998928,-27.999999999999137
2015-07-28,1.1084,1.09667,1.10583,1.09811,38.599999999999746,-77.20000000000171
2015-07-29,1.09893,1.08932,1.09817,1.09303,43.20000000000101,-51.40000000000144
2015-07-30,1.11139,1.09211,1.09307,1.09826,59.899999999999395,51.900000000000276
2015-08-02,1.09958,1.09411,1.09706,1.09485,13.199999999999878,-22.099999999998232
2015-08-03,1.09875,1.08789,1.09486,1.08801,11.299999999998533,-68.50000000000023
2015-08-04,1.0938,1.0848,1.08799,1.09049,27.200000000000557,24.999999999999467
2015-08-05,1.09435,1.08733,1.09045,1.09235,17.899999999999583,19.000000000000128
2015-08-06,1.09783,1.08553,1.09231,1.09649,69.39999999999947,41.80000000000072
2015-08-09,1.10413,1.09251,1.09626,1.10178,23.699999999999832,55.19999999999969
2015-08-10,1.10883,1.09605,1.10173,1.10404,14.600000000000168,23.099999999998122
2015-08-11,1.12138,1.10241,1.10396,1.11564,17.700000000000493,116.79999999999913
2015-08-12,1.11888,1.10801,1.11563,1.11485,29.50000000000008,-7.800000000000029
2015-08-13,1.11888,1.10978,1.1147,1.11082,12.000000000000899,-38.800000000001056
2015-08-16,1.11248,1.10587,1.11154,1.10761,17.799999999998928,-39.29999999999989
2015-08-17,1.10938,1.1017,1.10756,1.10209,11.099999999999444,-54.700000000000855
2015-08-18,1.11342,1.10176,1.10209,1.11188,24.599999999999067,97.89999999999965
2015-08-19,1.12446,1.1107,1.11178,1.12398,26.000000000001577,121.99999999999989
2015-08-20,1.13888,1.12292,1.12395,1.13819,17.199999999999438,142.40000000000032
2015-08-23,1.1714,1.13692,1.13761,1.16174,62.80000000000064,241.29999999999984
2015-08-24,1.16214,1.13964,1.16174,1.1514,24.100000000000232,-103.40000000000016
2015-08-25,1.1561,1.12912,1.15145,1.13112,34.19999999999979,-203.3000000000018
2015-08-26,1.1364,1.12029,1.13124,1.12452,13.700000000000934,-67.20000000000059
2015-08-27,1.13097,1.1156,1.12436,1.11819,22.099999999998232,-61.70000000000009
2015-08-30,1.12623,1.11699,1.11723,1.12097,13.300000000000534,37.400000000000766
2015-08-31,1.13319,1.12079,1.12091,1.13129,16.199999999999548,103.79999999999833
2015-09-01,1.13194,1.12162,1.13128,1.12254,12.699999999998823,-87.3999999999997
2015-09-02,1.12433,1.10872,1.12253,1.1122,37.50000000000142,-103.2999999999995
2015-09-03,1.11887,1.10882,1.11224,1.11487,70.60000000000066,26.300000000001322
2015-09-06,1.11776,1.11213,1.11618,1.11688,11.000000000001009,7.0000000000014495
2015-09-07,1.12295,1.11524,1.11688,1.12009,19.000000000000128,32.099999999999355
2015-09-08,1.12163,1.11317,1.11999,1.12057,14.899999999999913,5.800000000000249
2015-09-09,1.12953,1.11716,1.12049,1.12787,22.699999999999942,73.79999999999941
2015-09-10,1.13496,1.1254,1.12784,1.13375,11.300000000000754,59.10000000000082
2015-09-13,1.13729,1.12834,1.1331,1.1315,14.000000000000679,-16.00000000000046
2015-09-14,1.13285,1.12587,1.13151,1.12679,18.900000000001693,-47.20000000000057
2015-09-15,1.13203,1.1214,1.12677,1.12892,18.599999999999728,21.499999999998742
2015-09-16,1.14411,1.12844,1.12869,1.14337,57.10000000000104,146.80000000000027
2015-09-17,1.14599,1.12692,1.14337,1.12969,22.999999999999687,-136.79999999999916
2015-09-20,1.13299,1.11811,1.1281,1.11891,10.499999999999954,-91.90000000000032
2015-09-21,1.12075,1.11132,1.11876,1.11189,13.700000000000934,-68.69999999999932
2015-09-22,1.12133,1.1105,1.11189,1.11848,25.600000000001177,65.89999999999874
2015-09-23,1.12959,1.11646,1.11858,1.12285,20.400000000000418,42.69999999999996
2015-09-24,1.1231,1.11163,1.12287,1.11967,23.299999999999432,-32.00000000000092
2015-09-27,1.12476,1.11469,1.11853,1.12435,15.700000000000713,58.19999999999936
2015-09-28,1.12813,1.11941,1.12418,1.1246,17.799999999998928,4.20000000000087
2015-09-29,1.12613,1.11575,1.12472,1.11756,16.700000000000603,-71.59999999999833
2015-09-30,1.12089,1.11349,1.11753,1.11926,9.799999999999809,17.300000000000093
2015-10-01,1.13183,1.11503,1.11933,1.121,38.000000000000256,16.700000000000603
2015-10-04,1.12891,1.11733,1.12185,1.11853,12.099999999999334,-33.199999999999896
2015-10-05,1.12794,1.11719,1.11856,1.12703,14.100000000001334,84.69999999999978
2015-10-06,1.12842,1.12113,1.12705,1.1237,13.499999999999623,-33.50000000000186
2015-10-07,1.13268,1.12345,1.1235,1.12748,30.200000000000227,39.80000000000095
2015-10-08,1.13872,1.1267,1.12747,1.13555,13.500000000001844,80.80000000000086
2015-10-11,1.13968,1.13543,1.13602,1.13566,6.200000000000649,-3.60000000000138
2015-10-12,1.14108,1.13443,1.13566,1.13779,13.199999999999878,21.300000000001873
2015-10-13,1.14893,1.1376,1.13765,1.14731,11.600000000000499,96.60000000000002
2015-10-14,1.14953,1.13631,1.14732,1.13832,21.499999999998742,-89.99999999999898
2015-10-15,1.13948,1.13342,1.13837,1.13459,12.400000000001299,-37.80000000000116
2015-10-18,1.1379,1.13058,1.13576,1.13254,18.000000000000238,-32.2
2015-10-19,1.13869,1.1324,1.13252,1.13428,9.300000000000974,17.599999999999838
2015-10-20,1.13775,1.13341,1.13434,1.1337,12.699999999998823,-6.399999999999739
2015-10-21,1.1351,1.11001,1.13373,1.11077,42.50000000000087,-229.5999999999987
2015-10-22,1.11396,1.09966,1.11077,1.10169,16.199999999999548,-90.79999999999977
2015-10-25,1.10681,1.09994,1.09994,1.10561,15.700000000000713,56.70000000000064
2015-10-26,1.10785,1.10302,1.10562,1.10486,11.499999999999844,-7.600000000000939
2015-10-27,1.10957,1.08967,1.10488,1.0921,55.39999999999878,-127.80000000000014
2015-10-28,1.09852,1.09025,1.09211,1.09756,17.100000000001003,54.50000000000177
2015-10-29,1.10726,1.09654,1.0976,1.10041,23.300000000001653,28.100000000002012
2015-11-01,1.10525,1.10004,1.10338,1.10147,11.200000000000099,-19.100000000000783
2015-11-02,1.10299,1.09363,1.10138,1.09622,8.60000000000083,-51.600000000000534
2015-11-03,1.09678,1.08439,1.09619,1.0863,13.100000000001444,-98.89999999999955
2015-11-04,1.08974,1.08336,1.08632,1.0883,13.099999999999223,19.800000000000928
2015-11-05,1.08936,1.07063,1.08831,1.07367,98.00000000000031,-146.40000000000208
2015-11-08,1.07898,1.07193,1.07285,1.07501,11.200000000000099,21.599999999999397
2015-11-09,1.07641,1.06742,1.07499,1.07237,10.699999999999044,-26.199999999998447
2015-11-10,1.07736,1.07056,1.07219,1.07408,26.500000000000412,18.899999999999473
2015-11-11,1.08301,1.06911,1.07405,1.08113,29.999999999998916,70.79999999999976
2015-11-12,1.08169,1.0714,1.08113,1.07707,20.899999999999253,-40.599999999999525
2015-11-15,1.07579,1.06745,1.07402,1.06854,11.499999999999844,-54.799999999999294
2015-11-16,1.06906,1.06307,1.06841,1.06404,11.700000000001154,-43.69999999999985
2015-11-17,1.06922,1.06168,1.06394,1.06579,21.800000000000708,18.499999999999073
2015-11-18,1.0763,1.06552,1.06572,1.07346,18.800000000001038,77.4000000000008
2015-11-19,1.07384,1.06397,1.07323,1.06436,9.999999999998899,-88.69999999999933
2015-11-22,1.06568,1.05927,1.06377,1.06356,13.600000000000279,-2.100000000000435
2015-11-23,1.06731,1.06195,1.06354,1.06428,12.500000000001954,7.399999999999629
2015-11-24,1.06892,1.0566,1.06419,1.06236,20.299999999999763,-18.299999999999983
2015-11-25,1.06273,1.05998,1.06237,1.06093,7.600000000000939,-14.400000000001079
2015-11-26,1.0638,1.05685,1.06095,1.059,7.7000000000015945,-19.500000000001183
2015-11-29,1.05949,1.05578,1.05881,1.05631,7.699999999999374,-24.999999999999467
2015-11-30,1.0637,1.05623,1.05629,1.06313,9.799999999999809,68.39999999999958
2015-12-01,1.06356,1.05508,1.06312,1.06127,16.799999999999038,-18.500000000001293
2015-12-02,1.09811,1.05223,1.06129,1.09376,167.80000000000018,324.7
2015-12-03,1.09562,1.08359,1.09376,1.08832,43.100000000000364,-54.400000000001114
2015-12-06,1.08876,1.0796,1.08725,1.08369,9.40000000000163,-35.60000000000008
2015-12-07,1.09021,1.083,1.08362,1.08917,7.900000000000684,55.49999999999944
2015-12-08,1.10425,1.08791,1.08909,1.1024,13.999999999998458,133.10000000000156
2015-12-09,1.10245,1.09251,1.10226,1.09401,16.300000000000203,-82.50000000000091
2015-12-10,1.10308,1.09266,1.09392,1.09886,19.299999999999873,49.399999999999444
2015-12-13,1.10486,1.09455,1.09823,1.09909,12.699999999998823,8.599999999998609
2015-12-14,1.10594,1.09045,1.09905,1.0928,19.799999999998708,-62.50000000000089
2015-12-15,1.1011,1.08879,1.09284,1.09115,60.19999999999914,-16.899999999999693
2015-12-16,1.09138,1.08027,1.09105,1.08251,11.900000000000244,-85.39999999999992
2015-12-17,1.08744,1.0805,1.08238,1.08652,19.300000000002093,41.400000000000325
2015-12-20,1.09389,1.0847,1.08531,1.09145,18.899999999999473,61.40000000000035
2015-12-21,1.09841,1.09021,1.09137,1.09555,15.099999999999003,41.80000000000072
2015-12-22,1.09565,1.08701,1.0955,1.09093,8.60000000000083,-45.69999999999963
2015-12-23,1.09676,1.09028,1.09093,1.0963,10.799999999999699,53.70000000000097
2015-12-27,1.09924,1.09547,1.09676,1.09652,13.800000000001589,-2.4000000000001798
2015-12-28,1.09915,1.08992,1.0965,1.09193,16.300000000000203,-45.69999999999963
2015-12-29,1.09436,1.09018,1.09172,1.09312,16.399999999998638,14.000000000000679
2015-12-30,1.09372,1.08527,1.09309,1.08545,14.500000000001734,-76.3999999999987
2016-01-03,1.09464,1.07811,1.08701,1.08296,17.20000000000166,-40.500000000001094
2016-01-04,1.08388,1.07106,1.08285,1.07472,12.799999999999478,-81.30000000000193
2016-01-05,1.07994,1.07185,1.0746,1.07796,20.700000000000163,33.60000000000029
2016-01-06,1.09401,1.0771,1.07795,1.09299,18.500000000001293,150.3999999999994
2016-01-07,1.09333,1.0803,1.09283,1.09218,26.800000000000157,-6.500000000000394
2016-01-10,1.09698,1.0848,1.0917,1.08587,19.400000000000528,-58.30000000000002
2016-01-11,1.09001,1.08196,1.08584,1.08571,12.999999999998568,-1.2999999999996348
2016-01-12,1.08877,1.08048,1.08566,1.08764,8.799999999999919,19.799999999998708
2016-01-13,1.0943,1.08345,1.08754,1.0864,14.499999999999513,-11.399999999999189
2016-01-14,1.09845,1.08542,1.0864,1.09139,18.000000000000238,49.9000000000005
2016-01-17,1.09272,1.08687,1.09228,1.08914,10.200000000000209,-31.399999999999206
2016-01-18,1.09388,1.08592,1.08904,1.09058,9.399999999999409,15.400000000000968
2016-01-19,1.09758,1.08772,1.09056,1.08879,15.300000000000313,-17.700000000000493
2016-01-20,1.0921,1.07777,1.08886,1.08727,69.90000000000052,-15.899999999999803
2016-01-21,1.08764,1.07891,1.08731,1.07954,11.700000000001154,-77.70000000000054
2016-01-24,1.08568,1.07882,1.07913,1.08484,6.00000000000156,57.10000000000104
2016-01-25,1.08744,1.08186,1.08486,1.08702,7.300000000001194,21.600000000001618
2016-01-26,1.09163,1.08506,1.0869,1.08928,28.799999999999937,23.800000000000487
2016-01-27,1.09675,1.08696,1.08912,1.09404,13.399999999998968,49.199999999998134
2016-01-28,1.09485,1.08099,1.09382,1.0828,23.199999999998777,-110.2000000000003
2016-01-31,1.09127,1.08149,1.08302,1.08878,10.900000000000354,57.59999999999987
2016-02-01,1.09398,1.08836,1.08878,1.09182,9.500000000000064,30.399999999999316
2016-02-02,1.11454,1.09036,1.09163,1.11025,24.800000000000377,186.1999999999986
2016-02-03,1.12392,1.10695,1.11027,1.1209,21.500000000000963,106.29999999999917
2016-02-04,1.12449,1.11088,1.1209,1.11541,41.999999999999815,-54.89999999999995
2016-02-07,1.12158,1.10864,1.11408,1.1192,16.399999999998638,51.20000000000013
2016-02-08,1.13381,1.11623,1.1192,1.12909,23.200000000000998,98.89999999999955
2016-02-09,1.13114,1.11602,1.12902,1.12926,24.300000000001543,2.4000000000001798
2016-02-10,1.13765,1.12738,1.12899,1.1322,27.200000000000557,32.10000000000157
2016-02-11,1.13336,1.1214,1.13223,1.1253,19.599999999999618,-69.30000000000103
2016-02-14,1.12497,1.11278,1.12346,1.11523,13.000000000000789,-82.2999999999996
2016-02-15,1.1193,1.11241,1.11527,1.11427,11.400000000001409,-9.999999999998899
2016-02-16,1.11789,1.11058,1.11431,1.11274,13.600000000000279,-15.699999999998493
2016-02-17,1.11495,1.10709,1.11253,1.11064,9.699999999999154,-18.899999999999473
2016-02-18,1.11394,1.10667,1.11051,1.11273,16.100000000001113,22.199999999998887
2016-02-21,1.11244,1.1003,1.11089,1.1028,8.500000000000174,-80.89999999999931
2016-02-22,1.10525,1.099,1.10284,1.1019,9.299999999998754,-9.399999999999409
2016-02-23,1.10462,1.09572,1.10184,1.10132,14.099999999999113,-5.199999999998539
2016-02-24,1.105,1.09866,1.10121,1.10184,10.600000000000609,6.299999999999084
2016-02-25,1.10682,1.09116,1.10184,1.09292,16.299999999997983,-89.20000000000039
2016-02-28,1.09624,1.08593,1.0912,1.08723,12.999999999998568,-39.70000000000029
2016-02-29,1.08936,1.08341,1.08721,1.08657,15.000000000000568,-6.399999999999739
2016-03-01,1.08811,1.08254,1.08653,1.08669,14.899999999999913,1.5999999999993797
2016-03-02,1.09728,1.08535,1.08674,1.09542,23.699999999999832,86.80000000000021
2016-03-03,1.10435,1.09031,1.09539,1.10028,32.999999999998586,48.899999999998386
2016-03-06,1.10258,1.094,1.09884,1.10131,9.799999999999809,24.699999999999722
2016-03-07,1.10579,1.09935,1.10132,1.10102,9.899999999998244,-2.9999999999996696
2016-03-08,1.10348,1.0946,1.10102,1.09979,16.100000000001113,-12.300000000000644
2016-03-09,1.12179,1.08221,1.0998,1.11768,70.60000000000066,178.79999999999896
2016-03-10,1.12096,1.10803,1.11768,1.11537,22.600000000001508,-23.100000000000342
2016-03-13,1.11757,1.10778,1.11372,1.11019,15.799999999999148,-35.30000000000033
2016-03-14,1.11249,1.10721,1.11009,1.11082,17.000000000000348,7.299999999998974
2016-03-15,1.12427,1.10578,1.11082,1.12219,55.30000000000035,113.70000000000103
2016-03-16,1.13425,1.12055,1.1222,1.13175,16.300000000000203,95.49999999999947
2016-03-17,1.13368,1.12559,1.13175,1.12693,15.300000000000313,-48.200000000000465
2016-03-20,1.12847,1.12343,1.12637,1.12409,12.099999999999334,-22.800000000000598
2016-03-21,1.12601,1.11881,1.12409,1.12161,14.000000000000679,-24.800000000000377
2016-03-22,1.12234,1.11593,1.12172,1.11802,8.900000000000574,-37.00000000000037
2016-03-23,1.11875,1.11442,1.11802,1.11742,12.100000000001554,-5.999999999999339
2016-03-24,1.11805,1.11533,1.11744,1.11622,10.900000000000354,-12.199999999999989
2016-03-27,1.122,1.11528,1.11604,1.11958,11.800000000001809,35.400000000000986
2016-03-28,1.13033,1.11688,1.1196,1.12907,50.39999999999934,94.7000000000009
2016-03-29,1.13651,1.12833,1.12907,1.13367,16.300000000000203,45.999999999999375
2016-03-30,1.14119,1.13101,1.13362,1.13783,18.099999999998673,42.099999999998246
2016-03-31,1.14378,1.13347,1.13782,1.1394,40.200000000001346,15.799999999999148
2016-04-03,1.14126,1.13573,1.14,1.13892,9.700000000001374,-10.799999999999699
2016-04-04,1.14051,1.13359,1.13888,1.13831,17.199999999999438,-5.699999999999594
2016-04-05,1.14315,1.13267,1.13823,1.13989,25.999999999999357,16.599999999999948
2016-04-06,1.14538,1.13376,1.13989,1.13777,18.800000000001038,-21.200000000001218
2016-04-07,1.14193,1.13489,1.13765,1.13919,14.400000000001079,15.399999999998748
2016-04-10,1.14472,1.13721,1.1413,1.14062,15.399999999998748,-6.800000000000139
2016-04-11,1.14648,1.13458,1.14062,1.13857,24.399999999999977,-20.499999999998852
2016-04-12,1.13911,1.1268,1.13857,1.12728,18.299999999999983,-112.90000000000022
2016-04-13,1.12946,1.12337,1.12724,1.1266,23.800000000000487,-6.399999999999739
2016-04-14,1.1317,1.12458,1.12665,1.12834,13.799999999999368,16.899999999999693
2016-04-17,1.1332,1.12736,1.13008,1.13114,9.900000000000464,10.600000000000609
2016-04-18,1.13845,1.13034,1.13101,1.13568,9.999999999998899,46.69999999999952
2016-04-19,1.13877,1.12905,1.13568,1.12964,10.600000000000609,-60.40000000000045
2016-04-20,1.13987,1.12696,1.12954,1.12875,50.799999999999734,-7.900000000000684
2016-04-21,1.13088,1.12177,1.12872,1.12177,15.899999999999803,-69.50000000000011
2016-04-24,1.12781,1.12177,1.12177,1.12668,9.399999999999409,49.099999999999696
2016-04-25,1.13397,1.12562,1.12624,1.12958,18.299999999999983,33.40000000000121
2016-04-26,1.13611,1.12714,1.12952,1.13224,68.20000000000049,27.199999999998337
2016-04-27,1.13677,1.12958,1.13224,1.13513,18.400000000000638,28.900000000000592
2016-04-28,1.14593,1.13472,1.13473,1.14509,23.699999999999832,103.59999999999926
2016-05-01,1.15357,1.14481,1.14596,1.15343,17.399999999998528,74.69999999999865
2016-05-02,1.1616,1.14955,1.15317,1.14958,13.700000000000934,-35.89999999999982
2016-05-03,1.15292,1.14664,1.14958,1.14862,21.299999999999653,-9.600000000000719
2016-05-04,1.14936,1.1386,1.14864,1.14047,15.199999999999658,-81.7000000000001
2016-05-05,1.14787,1.13866,1.14045,1.14034,44.49999999999843,-1.100000000000545
2016-05-08,1.14197,1.13752,1.13959,1.13819,12.099999999999334,-14.000000000000679
2016-05-09,1.14097,1.13586,1.13828,1.13719,11.499999999999844,-10.900000000000354
2016-05-10,1.14465,1.13691,1.13719,1.14259,12.299999999998423,54.00000000000071
2016-05-11,1.14292,1.13704,1.14258,1.13757,9.00000000000123,-50.09999999999959
2016-05-12,1.13795,1.12829,1.13754,1.13081,25.500000000000522,-67.29999999999903
2016-05-15,1.13422,1.13019,1.13114,1.13191,9.999999999998899,7.699999999999374
2016-05-16,1.13482,1.13019,1.13198,1.13103,14.899999999999913,-9.500000000000064
2016-05-17,1.13161,1.12142,1.1311,1.12151,35.49999999999942,-95.89999999999988
2016-05-18,1.12298,1.11799,1.12154,1.12024,18.499999999999073,-13.000000000000789
2016-05-19,1.1237,1.11963,1.12022,1.12226,11.699999999998933,20.400000000000418
2016-05-22,1.12428,1.11875,1.1206,1.12192,12.699999999998823,13.199999999999878
2016-05-23,1.12268,1.11325,1.12192,1.11384,9.600000000000719,-80.80000000000086
2016-05-24,1.11668,1.11288,1.114,1.11523,8.399999999999519,12.299999999998423
2016-05-25,1.12166,1.11494,1.11526,1.11919,17.500000000001403,39.29999999999989
2016-05-26,1.12006,1.11103,1.11923,1.11108,18.400000000000638,-81.49999999999879
2016-05-29,1.11447,1.10977,1.11127,1.11387,5.299999999999194,25.999999999999357
2016-05-30,1.11733,1.11221,1.11369,1.11296,8.199999999998209,-7.300000000001194
2016-05-31,1.11939,1.11141,1.11295,1.11863,27.000000000001467,56.79999999999907
2016-06-01,1.12202,1.11452,1.11873,1.1148,30.300000000000882,-39.29999999999989
2016-06-02,1.13737,1.11367,1.11511,1.13664,71.4999999999999,215.3000000000005
2016-06-05,1.13925,1.13257,1.13538,1.13533,30.599999999998406,-0.5000000000010552
2016-06-06,1.13803,1.13388,1.13527,1.1355,9.600000000000719,2.2999999999995246
2016-06-07,1.14105,1.13542,1.13556,1.13942,7.399999999999629,38.60000000000197
2016-06-08,1.14155,1.13055,1.13917,1.13138,9.499999999997844,-77.89999999999964
2016-06-09,1.13213,1.12453,1.1314,1.12486,9.599999999998499,-65.3999999999999
2016-06-12,1.13028,1.12321,1.12488,1.129,14.699999999998603,41.199999999999015
2016-06-13,1.12982,1.11889,1.12898,1.12068,11.499999999999844,-83.00000000000196
2016-06-14,1.12985,1.11898,1.1207,1.12584,40.299999999999784,51.399999999999224
2016-06-15,1.12948,1.11308,1.12569,1.12236,27.200000000000557,-33.30000000000055
2016-06-16,1.12962,1.12214,1.12237,1.12744,16.099999999998893,50.69999999999908
2016-06-19,1.13826,1.13021,1.13291,1.13111,12.100000000001554,-18.000000000000238
2016-06-20,1.13494,1.12396,1.13115,1.12396,24.599999999999067,-71.90000000000029
2016-06-21,1.13376,1.12366,1.1239,1.12943,14.100000000001334,55.30000000000035
2016-06-22,1.14214,1.12939,1.12956,1.13845,21.400000000000308,88.90000000000065
2016-06-23,1.14283,1.09116,1.13854,1.11162,59.59999999999965,-269.20000000000056
2016-06-26,1.10835,1.09706,1.1007,1.10223,20.500000000001073,15.300000000000313
2016-06-27,1.11116,1.10101,1.10229,1.1062,14.199999999999768,39.100000000000804
2016-06-28,1.11305,1.10492,1.10627,1.1123,13.900000000000023,60.2999999999998
2016-06-29,1.11542,1.10243,1.11227,1.11036,44.899999999998826,-19.100000000000783
2016-06-30,1.11694,1.10719,1.1104,1.11338,15.900000000002024,29.799999999999827
2016-07-03,1.11594,1.10977,1.11312,1.11522,10.399999999999299,20.999999999999908
2016-07-04,1.11851,1.10622,1.11533,1.10754,31.70000000000117,-77.89999999999964
2016-07-05,1.11116,1.1029,1.10738,1.10971,13.700000000000934,23.299999999999432
2016-07-06,1.1107,1.10523,1.10975,1.10608,12.399999999999078,-36.70000000000062
2016-07-07,1.11202,1.10019,1.10603,1.10518,69.50000000000011,-8.500000000000174
2016-07-10,1.10746,1.10157,1.10475,1.10563,11.499999999999844,8.799999999999919
2016-07-11,1.11258,1.1052,1.10562,1.1058,13.199999999999878,1.7999999999984695
2016-07-12,1.11198,1.10417,1.10573,1.10891,14.399999999998858,31.799999999999606
2016-07-13,1.11647,1.10873,1.10883,1.11176,22.300000000001763,29.300000000000992
2016-07-14,1.11488,1.10241,1.11169,1.10279,22.100000000000453,-89.00000000000131
2016-07-17,1.10841,1.10374,1.10469,1.10741,17.599999999999838,27.200000000000557
2016-07-18,1.10803,1.09998,1.10741,1.10195,9.299999999998754,-54.60000000000021
2016-07-19,1.10295,1.09814,1.10187,1.10134,17.400000000000748,-5.299999999999194
2016-07-20,1.10595,1.09795,1.1014,1.10243,27.900000000000702,10.300000000000864
2016-07-21,1.10408,1.09555,1.1024,1.09729,14.999999999998348,-51.09999999999948
2016-07-24,1.09987,1.09519,1.09725,1.09943,8.799999999999919,21.799999999998487
2016-07-25,1.10296,1.09781,1.09933,1.09853,13.199999999999878,-7.999999999999119
2016-07-26,1.10649,1.09611,1.09842,1.10573,31.800000000001827,73.1000000000015
2016-07-27,1.11193,1.10518,1.10573,1.10736,15.400000000000968,16.299999999997983
2016-07-28,1.11972,1.10722,1.10749,1.11737,30.799999999999716,98.79999999999889
2016-07-31,1.11832,1.1155,1.11725,1.1161,5.9000000000009045,-11.499999999999844
2016-08-01,1.12337,1.11575,1.11605,1.12208,10.700000000001264,60.2999999999998
2016-08-02,1.12267,1.11406,1.12212,1.1148,15.500000000001624,-73.19999999999993
2016-08-03,1.11561,1.11139,1.11484,1.11272,11.200000000000099,-21.200000000001218
2016-08-04,1.11612,1.10458,1.11266,1.1085,50.39999999999934,-41.59999999999941
2016-08-07,1.11049,1.1072,1.10785,1.10872,8.099999999999774,8.699999999999264
2016-08-08,1.11225,1.10704,1.10875,1.11145,15.000000000000568,27.000000000001467
2016-08-09,1.119,1.11121,1.11144,1.11753,15.300000000000313,60.89999999999929
2016-08-10,1.11918,1.11351,1.11752,1.1136,7.4000000000018495,-39.20000000000145
2016-08-11,1.12212,1.11312,1.11363,1.1161,24.699999999999722,24.700000000001943
2016-08-14,1.12036,1.11533,1.11673,1.11829,5.999999999999339,15.600000000000058
2016-08-15,1.13224,1.11772,1.11822,1.12776,25.200000000000777,95.40000000000104
2016-08-16,1.13157,1.12405,1.1277,1.12879,28.600000000000847,10.900000000000354
2016-08-17,1.13662,1.12846,1.12872,1.1353,13.799999999999368,65.8000000000003
2016-08-18,1.13595,1.1304,1.1353,1.13228,9.799999999999809,-30.200000000000227
2016-08-21,1.13305,1.12709,1.13071,1.13196,6.800000000000139,12.499999999999734
2016-08-22,1.1355,1.13032,1.13192,1.13039,8.900000000000574,-15.300000000000313
2016-08-23,1.13113,1.12451,1.13045,1.12633,15.899999999999803,-41.199999999999015
2016-08-24,1.12973,1.12592,1.12632,1.12839,8.399999999999519,20.700000000000163
2016-08-25,1.13409,1.11806,1.12805,1.1195,62.699999999999974,-85.50000000000057
2016-08-28,1.12076,1.11579,1.11777,1.11877,14.199999999999768,10.000000000001119
2016-08-29,1.11921,1.1132,1.11882,1.11399,9.099999999999664,-48.2999999999989
2016-08-30,1.11654,1.1123,1.11406,1.11573,7.4000000000018495,16.700000000000603
2016-08-31,1.1205,1.11276,1.11567,1.11942,16.100000000001113,37.50000000000142
2016-09-01,1.12521,1.11502,1.11939,1.1153,82.09999999999829,-40.90000000000149
2016-09-04,1.11821,1.11391,1.11559,1.11475,7.300000000001194,-8.40000000000174
2016-09-05,1.1263,1.11407,1.11444,1.12554,26.100000000000012,110.99999999999888
2016-09-06,1.12712,1.12287,1.1253,1.12368,18.699999999998163,-16.199999999999548
2016-09-07,1.13269,1.12344,1.12369,1.12593,35.400000000000986,22.400000000000198
2016-09-08,1.1285,1.11984,1.12589,1.123,13.699999999998713,-28.900000000000592
2016-09-11,1.12679,1.12102,1.12344,1.12337,31.799999999999606,-0.700000000000145
2016-09-12,1.12602,1.12037,1.12334,1.12184,11.200000000000099,-15.000000000000568
2016-09-13,1.12739,1.12097,1.12182,1.12472,12.499999999999734,28.999999999999027
2016-09-14,1.12837,1.12189,1.12475,1.12409,25.100000000000122,-6.599999999998829
2016-09-15,1.12499,1.11494,1.12415,1.11543,22.699999999999942,-87.20000000000061
2016-09-18,1.11978,1.11502,1.11502,1.11735,8.999999999999009,23.300000000001653
2016-09-19,1.12132,1.11491,1.11733,1.11493,8.60000000000083,-23.999999999999577
2016-09-20,1.11965,1.11229,1.11501,1.11867,53.49999999999966,36.599999999999966
2016-09-21,1.12572,1.11848,1.11872,1.12063,14.799999999999258,19.100000000000783
2016-09-22,1.12403,1.11938,1.12069,1.12235,12.700000000001044,16.599999999999948
2016-09-25,1.1279,1.12211,1.12274,1.1252,8.999999999999009,24.599999999999067
2016-09-26,1.12586,1.1191,1.12526,1.12146,7.099999999999884,-38.000000000000256
2016-09-27,1.12369,1.11817,1.12115,1.12161,11.499999999999844,4.599999999999049
2016-09-28,1.12496,1.11967,1.12162,1.12213,9.799999999999809,5.1000000000001044
2016-09-29,1.12506,1.11532,1.12203,1.1238,15.300000000000313,17.699999999998273
2016-10-02,1.12432,1.12051,1.12283,1.12102,8.699999999999264,-18.100000000000893
2016-10-03,1.12388,1.1138,1.12096,1.12023,39.70000000000029,-7.299999999998974
2016-10-04,1.12332,1.11896,1.12021,1.12039,20.599999999999508,1.80000000000069
2016-10-05,1.12124,1.11399,1.1204,1.11497,16.099999999998893,-54.30000000000046
2016-10-06,1.1205,1.11042,1.11488,1.1199,35.89999999999982,50.19999999999803
2016-10-09,1.12027,1.11313,1.11772,1.11375,11.000000000001009,-39.70000000000029
2016-10-10,1.11422,1.10488,1.11364,1.10517,8.500000000000174,-84.69999999999978
2016-10-11,1.10676,1.10043,1.10521,1.10049,15.199999999999658,-47.20000000000057
2016-10-12,1.10574,1.09852,1.10059,1.10547,8.900000000000574,48.799999999999955
2016-10-13,1.10582,1.09687,1.10541,1.09688,14.199999999999768,-85.29999999999927
2016-10-16,1.10077,1.09637,1.09665,1.09977,6.399999999999739,31.200000000000117
2016-10-17,1.10261,1.097,1.09982,1.09794,11.499999999999844,-18.800000000001038
2016-10-18,1.10047,1.09549,1.09789,1.09724,7.200000000000539,-6.500000000000394
2016-10-19,1.10393,1.09158,1.09726,1.0927,28.399999999999537,-45.59999999999897
2016-10-20,1.09295,1.08593,1.09279,1.08822,10.40000000000152,-45.69999999999963
2016-10-23,1.08995,1.08595,1.08794,1.08805,7.300000000001194,1.100000000000545
2016-10-24,1.09049,1.08509,1.08808,1.08858,8.999999999999009,5.00000000000167
2016-10-25,1.09468,1.08742,1.08861,1.09072,17.500000000001403,21.099999999998342
2016-10-26,1.09421,1.08826,1.09068,1.08949,10.600000000000609,-11.900000000000244
2016-10-27,1.09916,1.0893,1.08955,1.09853,14.600000000000168,89.79999999999988
2016-10-30,1.09909,1.09359,1.09892,1.09797,14.600000000000168,-9.500000000000064
2016-10-31,1.1069,1.09599,1.09796,1.10542,10.600000000000609,74.60000000000022
2016-11-01,1.11229,1.10495,1.10547,1.1095,18.999999999997907,40.299999999999784
2016-11-02,1.11258,1.10596,1.10965,1.11042,10.799999999999699,7.699999999999374
2016-11-03,1.11412,1.10798,1.11036,1.11378,18.500000000001293,34.19999999999979
2016-11-06,1.11103,1.10275,1.10582,1.1038,13.099999999999223,-20.200000000001328
2016-11-07,1.10669,1.10087,1.10394,1.10241,7.200000000000539,-15.300000000000313
2016-11-08,1.12991,1.09068,1.10243,1.09085,35.80000000000139,-115.79999999999924
2016-11-09,1.09535,1.08648,1.09073,1.08906,10.099999999999554,-16.700000000000603
2016-11-10,1.09233,1.08302,1.08906,1.08562,14.300000000000423,-34.399999999998876
2016-11-13,1.08396,1.0709,1.08378,1.07356,13.499999999999623,-102.19999999999897
2016-11-14,1.08164,1.0714,1.07351,1.07198,23.400000000000087,-15.300000000000313
2016-11-15,1.07593,1.06661,1.07201,1.06899,20.600000000001728,-30.199999999998006
2016-11-16,1.07454,1.06199,1.06899,1.06242,24.599999999999067,-65.70000000000186
2016-11-17,1.0643,1.05689,1.06233,1.05868,16.499999999999293,-36.49999999999931
2016-11-20,1.0649,1.05784,1.05911,1.06275,17.199999999999438,36.40000000000087
2016-11-21,1.06578,1.05834,1.0627,1.06244,9.500000000000064,-2.5999999999992696
2016-11-22,1.06435,1.0526,1.06234,1.05513,10.399999999999299,-72.10000000000161
2016-11-23,1.05851,1.0518,1.055,1.05504,12.400000000001299,0.40000000000040004
2016-11-24,1.06273,1.05383,1.05495,1.05904,14.000000000000679,40.89999999999927
2016-11-27,1.06854,1.05635,1.06083,1.06135,14.899999999999913,5.20000000000076
2016-11-28,1.06542,1.0565,1.06126,1.06472,10.099999999999554,34.600000000000186
2016-11-29,1.06665,1.05527,1.06468,1.05866,20.199999999999108,-60.20000000000137
2016-11-30,1.06686,1.05844,1.05868,1.06593,15.400000000000968,72.49999999999979
2016-12-01,1.06898,1.06251,1.06582,1.06602,26.800000000000157,1.9999999999997797
2016-12-04,1.07961,1.05045,1.06633,1.07631,56.100000000001145,99.800000000001
2016-12-05,1.07853,1.06982,1.07624,1.07159,13.400000000001189,-46.500000000000426
2016-12-06,1.07684,1.07098,1.07166,1.07518,14.300000000000423,35.199999999999676
2016-12-07,1.08732,1.05971,1.07515,1.06121,85.39999999999992,-139.40000000000063
2016-12-08,1.06298,1.05309,1.06123,1.05589,9.00000000000123,-53.399999999999004
2016-12-11,1.06516,1.05251,1.05294,1.06346,9.600000000000719,105.20000000000084
2016-12-12,1.0667,1.06037,1.0633,1.0625,17.999999999998018,-7.999999999999119
2016-12-13,1.06699,1.04962,1.0624,1.0533,66.8000000000002,-91.00000000000108
2016-12-14,1.05391,1.03664,1.05324,1.04129,21.800000000000708,-119.49999999999905
2016-12-15,1.04739,1.04007,1.04123,1.04485,14.699999999998603,36.19999999999956
2016-12-18,1.04793,1.03925,1.04389,1.04002,11.900000000000244,-38.7000000000004
2016-12-19,1.04178,1.03522,1.04009,1.03862,11.399999999999189,-14.699999999998603
2016-12-20,1.0451,1.03823,1.03859,1.04227,13.400000000001189,36.800000000001276
2016-12-21,1.04993,1.04221,1.04221,1.0437,19.500000000001183,14.899999999999913
2016-12-22,1.04685,1.04263,1.0437,1.0452,7.599999999998719,14.999999999998348
2016-12-25,1.04675,1.04426,1.04551,1.04652,14.199999999999768,10.099999999999554
2016-12-26,1.04631,1.04322,1.04526,1.04553,6.499999999998174,2.6999999999999247
2016-12-27,1.04797,1.03719,1.04541,1.0411,8.900000000000574,-43.100000000000364
2016-12-28,1.04938,1.04075,1.04107,1.04882,15.099999999999003,77.50000000000145
2016-12-29,1.06534,1.04834,1.04876,1.05224,71.30000000000081,34.800000000001496
2017-01-01,1.0523,1.04496,1.05155,1.04517,12.499999999999734,-63.80000000000052
2017-01-02,1.049,1.03406,1.04534,1.04048,14.199999999999768,-48.599999999998644
2017-01-03,1.04998,1.03899,1.04049,1.04875,18.299999999999983,82.60000000000156
2017-01-04,1.06151,1.04805,1.04862,1.06046,19.000000000000128,118.3999999999985
2017-01-05,1.06214,1.05249,1.06043,1.05306,72.80000000000175,-73.69999999999877
2017-01-08,1.05829,1.05108,1.05284,1.05717,13.099999999999223,43.29999999999945
2017-01-09,1.0627,1.05508,1.05732,1.05518,10.80000000000192,-21.400000000000308
2017-01-10,1.06228,1.04537,1.05523,1.05804,31.29999999999855,28.100000000002012
2017-01-11,1.06847,1.05714,1.0581,1.06109,13.999999999998458,29.90000000000048
2017-01-12,1.06765,1.05962,1.061,1.06425,39.59999999999964,32.49999999999975
2017-01-15,1.06358,1.05793,1.06047,1.05982,15.300000000000313,-6.500000000000394
2017-01-16,1.07197,1.05963,1.0598,1.07107,17.700000000000493,112.69999999999891
2017-01-17,1.07152,1.06272,1.071,1.06272,11.099999999999444,-82.79999999999843
2017-01-18,1.06765,1.05892,1.0625,1.06635,23.299999999999432,38.49999999999909
2017-01-19,1.07094,1.0625,1.06618,1.06988,21.199999999998997,37.00000000000037
2017-01-22,1.07689,1.06935,1.07004,1.07635,10.300000000000864,63.09999999999816
2017-01-23,1.07747,1.07203,1.07635,1.07297,7.800000000000029,-33.799999999999386
2017-01-24,1.07697,1.07112,1.07287,1.07458,9.900000000000464,17.100000000001003
2017-01-25,1.07654,1.06576,1.0746,1.06818,11.999999999998678,-64.20000000000093
2017-01-26,1.07249,1.06581,1.06802,1.06963,21.500000000000963,16.100000000001113
2017-01-29,1.07402,1.06201,1.07204,1.06924,11.700000000001154,-28.000000000001357
2017-01-30,1.08121,1.06848,1.06919,1.07972,19.599999999999618,105.29999999999929
2017-01-31,1.08073,1.07316,1.07961,1.07658,30.700000000001282,-30.29999999999866
2017-02-01,1.08287,1.07557,1.07661,1.07577,10.799999999999699,-8.40000000000174
2017-02-02,1.07976,1.07069,1.07565,1.07825,55.600000000000094,25.999999999999357
2017-02-05,1.07912,1.07055,1.07869,1.07488,10.000000000001119,-38.09999999999869
2017-02-06,1.07499,1.0656,1.07484,1.06828,8.799999999999919,-65.60000000000122
2017-02-07,1.07137,1.06406,1.06815,1.06975,8.399999999999519,16.00000000000046
2017-02-08,1.07095,1.06508,1.06974,1.06538,12.300000000000644,-43.5999999999992
2017-02-09,1.06675,1.06076,1.06531,1.06386,9.999999999998899,-14.499999999999513
2017-02-12,1.06582,1.05919,1.06263,1.05968,9.600000000000719,-29.50000000000008
2017-02-13,1.06333,1.05607,1.05976,1.05763,21.400000000000308,-21.299999999999653
2017-02-14,1.06093,1.05213,1.0576,1.05987,23.699999999999832,22.699999999999942
2017-02-15,1.06792,1.05909,1.0599,1.06718,9.700000000001374,72.79999999999953
2017-02-16,1.06764,1.06051,1.06709,1.06127,7.900000000000684,-58.20000000000158
2017-02-19,1.06328,1.06031,1.06056,1.0611,6.299999999999084,5.399999999999849
2017-02-20,1.06152,1.05256,1.06111,1.05347,7.600000000000939,-76.40000000000092
2017-02-21,1.05739,1.04937,1.05353,1.05565,35.00000000000058,21.199999999998997
2017-02-22,1.05951,1.05375,1.0556,1.05813,9.799999999999809,25.299999999999212
2017-02-23,1.06177,1.05563,1.05803,1.05611,10.099999999999554,-19.199999999999218
2017-02-26,1.06305,1.05513,1.05609,1.05858,10.499999999999954,24.900000000001032
2017-02-27,1.063,1.05691,1.0586,1.05752,12.499999999999734,-10.799999999999699
2017-02-28,1.05891,1.05141,1.05737,1.05447,13.199999999999878,-28.999999999999027
2017-03-01,1.05516,1.04949,1.05448,1.05052,7.999999999999119,-39.600000000001856
2017-03-02,1.06238,1.05019,1.05041,1.06205,16.599999999999948,116.39999999999873
2017-03-05,1.06398,1.05746,1.06067,1.05798,13.400000000001189,-26.900000000000812
2017-03-06,1.06025,1.05581,1.05787,1.0566,6.800000000000139,-12.700000000001044
2017-03-07,1.0574,1.05347,1.05653,1.05388,18.800000000001038,-26.500000000000412
2017-03-08,1.06149,1.0525,1.05385,1.05748,23.899999999998922,36.300000000000225
2017-03-09,1.06992,1.0572,1.05751,1.06731,25.500000000000522,98.00000000000031
2017-03-12,1.07142,1.0652,1.06759,1.06523,7.199999999998319,-23.600000000001398
2017-03-13,1.06625,1.06,1.06516,1.06034,10.099999999999554,-48.200000000000465
2017-03-14,1.07399,1.06029,1.06031,1.07336,49.300000000001006,130.50000000000006
2017-03-15,1.07701,1.07056,1.07324,1.07653,8.899999999998354,32.90000000000015
2017-03-16,1.07824,1.07274,1.0764,1.07374,15.499999999999403,-26.600000000001067
2017-03-19,1.07773,1.07249,1.07314,1.0739,7.800000000000029,7.600000000000939
2017-03-20,1.08191,1.0719,1.07386,1.08098,12.499999999999734,71.20000000000016
2017-03-21,1.08247,1.07758,1.08097,1.07963,8.099999999999774,-13.399999999998968
2017-03-22,1.08048,1.0768,1.07959,1.07819,9.799999999999809,-14.000000000000679
2017-03-23,1.08178,1.07601,1.07816,1.0798,10.200000000000209,16.40000000000086
2017-03-26,1.09061,1.08269,1.0836,1.08641,8.20000000000043,28.100000000002012
2017-03-27,1.08725,1.0799,1.08638,1.08123,11.699999999998933,-51.49999999999988
2017-03-28,1.08263,1.07397,1.08109,1.07646,20.000000000000018,-46.30000000000134
2017-03-29,1.07693,1.06717,1.07638,1.06745,10.900000000000354,-89.29999999999882
2017-03-30,1.07016,1.065,1.06742,1.06522,11.999999999998678,-21.999999999999797
2017-04-02,1.0681,1.06421,1.06611,1.0669,8.799999999999919,7.900000000000684
2017-04-03,1.06769,1.06356,1.0669,1.06718,9.500000000000064,2.80000000000058
2017-04-04,1.06889,1.06349,1.06717,1.06629,16.300000000000203,-8.799999999999919
2017-04-05,1.0684,1.06289,1.06614,1.06437,12.700000000001044,-17.700000000000493
2017-04-06,1.06662,1.05805,1.06434,1.05821,32.999999999998586,-61.299999999999685
2017-04-09,1.06066,1.05697,1.05855,1.05948,6.40000000000196,9.299999999998754
2017-04-10,1.063,1.05785,1.0595,1.06043,8.099999999999774,9.299999999998754
2017-04-11,1.06748,1.05887,1.06024,1.06625,13.900000000000023,60.09999999999849
2017-04-12,1.06776,1.0609,1.06621,1.06117,7.699999999999374,-50.400000000001555
2017-04-13,1.06294,1.06055,1.06112,1.06104,10.999999999998789,-0.8000000000008001
2017-04-16,1.06705,1.06024,1.06149,1.06419,12.199999999999989,26.999999999999247
2017-04-17,1.07358,1.06369,1.0641,1.07297,22.200000000001108,88.69999999999933
2017-04-18,1.07367,1.07,1.07299,1.07093,7.800000000000029,-20.600000000001728
2017-04-19,1.07773,1.07082,1.07092,1.07165,12.700000000001044,7.299999999998974
2017-04-20,1.07379,1.06821,1.07156,1.07238,11.399999999999189,8.20000000000043
2017-04-23,1.09181,1.08206,1.09169,1.08663,17.999999999998018,-50.60000000000065
2017-04-24,1.095,1.08512,1.08663,1.09241,23.300000000001653,57.800000000001184
2017-04-25,1.09507,1.08558,1.09237,1.09027,15.500000000001624,-20.999999999999908
2017-04-26,1.09328,1.08517,1.09028,1.08708,31.600000000000517,-31.999999999998696
2017-04-27,1.09472,1.08569,1.08709,1.08926,14.400000000001079,21.700000000000053
2017-04-30,1.09238,1.08839,1.09097,1.08971,10.799999999999699,-12.600000000000389
2017-05-01,1.0933,1.08877,1.08967,1.09287,5.699999999999594,32.00000000000092
2017-05-02,1.09369,1.08826,1.09284,1.08838,20.499999999998852,-44.6000000000013
2017-05-03,1.0987,1.08748,1.08839,1.09843,13.800000000001589,100.40000000000049
2017-05-04,1.09997,1.09445,1.09838,1.09985,17.20000000000166,14.700000000000824
2017-05-07,1.10211,1.09162,1.10173,1.09229,11.699999999998933,-94.40000000000114
2017-05-08,1.09334,1.08634,1.09225,1.08723,16.899999999999693,-50.200000000000244
2017-05-09,1.08979,1.08532,1.08719,1.08672,8.20000000000043,-4.700000000001925
2017-05-10,1.08929,1.08391,1.08654,1.08604,12.700000000001044,-5.00000000000167
2017-05-11,1.09341,1.08556,1.08588,1.09292,14.300000000000423,70.39999999999935
2017-05-14,1.09895,1.09225,1.09286,1.0975,7.499999999998064,46.39999999999978
2017-05-15,1.10972,1.09723,1.09733,1.10809,7.200000000000539,107.60000000000103
2017-05-16,1.1162,1.10791,1.10805,1.11594,7.0000000000014495,78.89999999999952
2017-05-17,1.11717,1.10757,1.11563,1.11013,12.600000000000389,-54.99999999999838
2017-05-18,1.12119,1.10963,1.11013,1.12063,11.499999999999844,104.99999999999955
2017-05-21,1.12633,1.11614,1.11932,1.1237,12.099999999999334,43.799999999998285
2017-05-22,1.12682,1.11751,1.12354,1.11818,19.299999999999873,-53.600000000000314
2017-05-23,1.12199,1.11684,1.11813,1.12178,14.800000000001479,36.49999999999931
2017-05-24,1.12502,1.11936,1.12171,1.12098,7.500000000000284,-7.299999999998974
2017-05-25,1.12344,1.11605,1.12087,1.11809,12.799999999999478,-27.800000000000047
2017-05-28,1.11898,1.11615,1.11716,1.11623,6.200000000000649,-9.299999999998754
2017-05-29,1.1205,1.11096,1.11614,1.11837,44.29999999999934,22.300000000001763
2017-05-30,1.1252,1.11645,1.11841,1.12423,11.099999999999444,58.20000000000158
2017-05-31,1.12565,1.1202,1.12427,1.12106,10.700000000001264,-32.10000000000157
2017-06-01,1.1285,1.12049,1.12118,1.12809,29.200000000000337,69.09999999999971
2017-06-04,1.12837,1.12341,1.12704,1.12519,6.899999999998574,-18.500000000001293
2017-06-05,1.12837,1.12404,1.12529,1.12758,6.399999999999739,22.900000000001253
2017-06-06,1.12821,1.12039,1.12758,1.12552,25.800000000000267,-20.599999999999508
2017-06-07,1.12689,1.11946,1.1255,1.12125,28.599999999998627,-42.49999999999865
2017-06-08,1.1237,1.11663,1.12117,1.11941,27.999999999999137,-17.599999999999838
2017-06-11,1.1232,1.11918,1.12058,1.12037,16.500000000001513,-2.0999999999982144
2017-06-12,1.12249,1.11852,1.12037,1.12098,12.300000000000644,6.099999999999994
2017-06-13,1.12957,1.11931,1.12098,1.12167,35.60000000000008,6.899999999998574
2017-06-14,1.12285,1.11319,1.12162,1.11431,11.099999999999444,-73.1000000000015
2017-06-15,1.12015,1.11384,1.11431,1.11948,7.500000000000284,51.70000000000119
2017-06-18,1.12127,1.1143,1.12072,1.11465,11.499999999999844,-60.7000000000002
2017-06-19,1.11649,1.11187,1.11464,1.1133,10.300000000000864,-13.400000000001189
2017-06-20,1.11688,1.11274,1.11326,1.11668,7.900000000000684,34.19999999999979
2017-06-21,1.11779,1.11393,1.11656,1.11509,5.5000000000005045,-14.700000000000824
2017-06-22,1.12088,1.11451,1.11512,1.11926,10.40000000000152,41.400000000000325
2017-06-25,1.12198,1.11717,1.11979,1.11811,7.4000000000018495,-16.80000000000126
2017-06-26,1.13493,1.11789,1.11813,1.13382,17.199999999999438,156.8999999999998
2017-06-27,1.13905,1.12914,1.13366,1.1375,78.20000000000161,38.40000000000066
2017-06-28,1.14453,1.13742,1.1375,1.14394,21.800000000000708,64.4
2017-06-29,1.1445,1.13921,1.14387,1.14257,12.199999999999989,-12.999999999998568
2017-07-02,1.14265,1.13551,1.14168,1.13636,11.600000000000499,-53.19999999999992
2017-07-03,1.1377,1.13363,1.13629,1.13435,10.100000000001774,-19.400000000000528
2017-07-04,1.13685,1.13122,1.13445,1.13507,24.399999999999977,6.200000000000649
2017-07-05,1.14245,1.13298,1.13497,1.14228,12.000000000000899,73.09999999999928
2017-07-06,1.14399,1.13796,1.14228,1.13982,47.80000000000007,-24.599999999999067
2017-07-09,1.14179,1.13816,1.13976,1.13989,5.999999999999339,1.2999999999996348
2017-07-10,1.14797,1.13827,1.13973,1.14662,23.699999999999832,68.90000000000063
2017-07-11,1.14893,1.13916,1.14659,1.14107,30.000000000001137,-55.19999999999969
2017-07-12,1.14559,1.13705,1.14108,1.13966,22.500000000000853,-14.200000000001989
2017-07-13,1.14716,1.13914,1.13965,1.14681,28.200000000000447,71.60000000000055
2017-07-16,1.1487,1.14346,1.14705,1.14776,9.799999999999809,7.099999999999884
2017-07-17,1.15831,1.14715,1.14776,1.15533,20.299999999999763,75.70000000000077
2017-07-18,1.1556,1.15099,1.15512,1.15139,6.300000000001305,-37.30000000000011
2017-07-19,1.16579,1.14791,1.15134,1.163,33.39999999999898,116.60000000000004
2017-07-20,1.16829,1.16189,1.16287,1.16597,14.600000000000168,30.999999999998806
2017-07-23,1.16841,1.16259,1.1663,1.16408,7.900000000000684,-22.199999999998887
2017-07-24,1.1712,1.16307,1.16405,1.16452,13.199999999999878,4.699999999999704
2017-07-25,1.17398,1.16129,1.16452,1.17329,26.200000000000667,87.69999999999945
2017-07-26,1.17765,1.165,1.17336,1.1674,24.399999999999977,-59.59999999999965
2017-07-27,1.17638,1.1671,1.16748,1.1747,22.200000000001108,72.20000000000005
2017-07-30,1.18455,1.1723,1.17457,1.18403,18.400000000000638,94.60000000000024
2017-07-31,1.18442,1.1785,1.18403,1.17999,15.499999999999403,-40.399999999998215
2017-08-01,1.19101,1.17935,1.17997,1.18535,26.599999999998847,53.7999999999994
2017-08-02,1.18931,1.18305,1.18544,1.18684,15.600000000000058,13.999999999998458
2017-08-03,1.1889,1.17281,1.18684,1.17716,28.799999999999937,-96.7999999999991
2017-08-06,1.18141,1.17697,1.17712,1.17948,15.800000000001369,23.600000000001398
2017-08-07,1.18237,1.17151,1.17933,1.17509,14.400000000001079,-42.40000000000022
2017-08-08,1.17638,1.16888,1.17473,1.17573,20.999999999999908,9.999999999998899
2017-08-09,1.17848,1.1704,1.17573,1.177,13.200000000002099,12.700000000001044
2017-08-10,1.18468,1.17486,1.17707,1.18197,45.199999999998575,48.99999999999905
2017-08-13,1.18382,1.177,1.18207,1.17783,9.999999999998899,-42.40000000000022
2017-08-14,1.17927,1.16871,1.17782,1.1733,27.399999999999647,-45.2000000000008
2017-08-15,1.17785,1.16816,1.17334,1.17655,27.399999999999647,32.099999999999355
2017-08-16,1.17897,1.1662,1.17658,1.17216,35.60000000000008,-44.19999999999868
2017-08-17,1.17744,1.17083,1.17216,1.17574,17.20000000000166,35.799999999999166
2017-08-20,1.18279,1.17312,1.17549,1.18145,11.699999999998933,59.59999999999965
2017-08-21,1.18241,1.1745,1.18146,1.17602,8.099999999999774,-54.3999999999989
2017-08-22,1.18231,1.17399,1.17605,1.18051,22.800000000000598,44.599999999999085
2017-08-23,1.18176,1.1784,1.18055,1.17983,5.999999999999339,-7.200000000000539
2017-08-24,1.19413,1.17733,1.17975,1.19213,43.80000000000051,123.79999999999836
2017-08-27,1.19837,1.19169,1.19422,1.19783,8.700000000001484,36.099999999998914
2017-08-28,1.207,1.19459,1.19772,1.19713,22.299999999999542,-5.899999999998684
2017-08-29,1.19842,1.18804,1.19706,1.18825,28.799999999999937,-88.09999999999985
2017-08-30,1.19124,1.1823,1.18828,1.19088,27.800000000000047,25.999999999999357
2017-08-31,1.19795,1.18496,1.19079,1.18602,59.70000000000031,-47.699999999999406
2017-09-03,1.19219,1.18729,1.18798,1.18935,10.700000000001264,13.699999999998713
2017-09-04,1.19405,1.18681,1.18934,1.1912,20.100000000000673,18.599999999999728
2017-09-05,1.19501,1.19027,1.19118,1.19149,26.100000000000012,3.1000000000003247
2017-09-06,1.20591,1.19139,1.19149,1.20213,91.80000000000189,106.39999999999984
2017-09-07,1.2092,1.20145,1.20201,1.20333,19.099999999998563,13.199999999999878
2017-09-10,1.20294,1.19478,1.20164,1.19511,10.699999999999044,-65.30000000000146
2017-09-11,1.19781,1.19262,1.19508,1.19655,11.499999999999844,14.700000000000824
2017-09-12,1.19946,1.1873,1.19648,1.18852,12.400000000001299,-79.59999999999967
2017-09-13,1.1922,1.18379,1.18832,1.19171,55.50000000000166,33.90000000000004
2017-09-14,1.1987,1.19007,1.19164,1.19427,23.800000000000487,26.299999999999102
2017-09-17,1.19691,1.19149,1.19194,1.19533,8.699999999999264,33.90000000000004
2017-09-18,1.20066,1.19488,1.19506,1.19924,35.09999999999902,41.80000000000072
2017-09-19,1.20329,1.18612,1.19922,1.18908,48.09999999999981,-101.40000000000038
2017-09-20,1.19536,1.18655,1.18903,1.194,15.799999999999148,49.69999999999919
2017-09-21,1.20044,1.1936,1.19396,1.19466,13.900000000000023,7.0000000000014495
2017-09-24,1.19364,1.18321,1.1897,1.18473,14.899999999999913,-49.69999999999919
2017-09-25,1.18614,1.17572,1.18463,1.17917,17.899999999999583,-54.60000000000021
2017-09-26,1.17949,1.1717,1.17918,1.17439,10.599999999998388,-47.8999999999985
2017-09-27,1.1804,1.17211,1.17434,1.17847,8.60000000000083,41.29999999999967
2017-09-28,1.18323,1.17724,1.17842,1.18121,21.099999999998342,27.900000000000702
2017-10-01,1.18147,1.173,1.17903,1.17313,16.799999999999038,-59.00000000000016
2017-10-02,1.17733,1.16959,1.17306,1.17416,12.799999999999478,11.000000000001009
2017-10-03,1.17875,1.17346,1.17411,1.17573,13.600000000000279,16.199999999999548
2017-10-04,1.17787,1.1699,1.17575,1.17096,16.700000000000603,-47.900000000000716
2017-10-05,1.17386,1.16691,1.17101,1.17281,21.799999999998487,17.999999999998018
2017-10-08,1.17558,1.17195,1.17271,1.17394,6.399999999999739,12.300000000000644
2017-10-09,1.18254,1.17376,1.17392,1.18073,21.400000000000308,68.09999999999982
2017-10-10,1.18691,1.17951,1.18071,1.1857,14.600000000000168,49.9000000000005
2017-10-11,1.18796,1.18269,1.18564,1.18284,8.799999999999919,-28.000000000001357
2017-10-12,1.18746,1.18052,1.18284,1.18189,37.199999999999456,-9.499999999997844
2017-10-15,1.18196,1.17805,1.18101,1.17947,13.399999999998968,-15.399999999998748
2017-10-16,1.17998,1.17359,1.17947,1.17654,6.800000000000139,-29.300000000000992
2017-10-17,1.18053,1.17301,1.17648,1.17859,14.399999999998858,21.100000000000563
2017-10-18,1.18579,1.17679,1.17859,1.18508,13.399999999998968,64.89999999999884
2017-10-19,1.18578,1.17624,1.18512,1.17837,14.199999999999768,-67.50000000000034
2017-10-22,1.17773,1.17249,1.17622,1.17477,8.199999999998209,-14.499999999999513
2017-10-23,1.17926,1.17427,1.17474,1.17593,22.699999999999942,11.900000000000244
2017-10-24,1.18177,1.17529,1.17596,1.18122,10.699999999999044,52.60000000000042
2017-10-25,1.18366,1.16405,1.18117,1.16493,26.399999999999757,-162.40000000000032
2017-10-26,1.16568,1.15743,1.16491,1.16059,35.60000000000008,-43.199999999998795
2017-10-29,1.16577,1.15937,1.16071,1.16489,8.799999999999919,41.80000000000072
2017-10-30,1.16612,1.1625,1.16487,1.16442,7.599999999998719,-4.500000000000615
2017-10-31,1.1657,1.16062,1.1644,1.16173,14.199999999999768,-26.700000000001722
2017-11-01,1.16872,1.16128,1.16169,1.16569,10.999999999998789,40.000000000000036
2017-11-02,1.16902,1.1599,1.16569,1.16055,31.799999999999606,-51.399999999999224
2017-11-05,1.16237,1.15802,1.16134,1.16089,8.500000000000174,-4.500000000000615
2017-11-06,1.16153,1.15541,1.16081,1.15853,12.799999999999478,-22.799999999998377
2017-11-07,1.1611,1.1579,1.1586,1.15937,8.299999999998864,7.699999999999374
2017-11-08,1.16546,1.15855,1.15939,1.16402,12.000000000000899,46.30000000000134
2017-11-09,1.16777,1.16228,1.16391,1.16624,7.099999999999884,23.299999999999432
2017-11-12,1.1675,1.16373,1.16559,1.16659,7.200000000000539,10.000000000001119
2017-11-13,1.18048,1.16613,1.16657,1.17966,12.099999999999334,130.89999999999824
2017-11-14,1.18606,1.17848,1.17964,1.17895,14.499999999999513,-6.900000000000794
2017-11-15,1.18007,1.1757,1.17896,1.17689,8.399999999999519,-20.700000000000163
2017-11-16,1.18216,1.17653,1.17691,1.17895,10.900000000000354,20.400000000000418
2017-11-19,1.18086,1.17222,1.17852,1.17307,15.400000000000968,-54.499999999999545
2017-11-20,1.17575,1.1713,1.17313,1.17366,11.900000000000244,5.299999999999194
2017-11-21,1.18268,1.17314,1.17368,1.18207,9.40000000000163,83.89999999999898
2017-11-22,1.18558,1.1813,1.18205,1.18482,8.500000000000174,27.69999999999939
2017-11-23,1.19441,1.18367,1.18478,1.19304,7.099999999999884,82.60000000000156
2017-11-26,1.19611,1.18955,1.19244,1.18968,14.099999999999113,-27.599999999998737
2017-11-27,1.19199,1.18269,1.18963,1.18379,10.300000000000864,-58.400000000000674
2017-11-28,1.18827,1.18168,1.1838,1.18454,9.100000000001884,7.399999999999629
2017-11-29,1.19313,1.18088,1.18456,1.19024,14.000000000000679,56.79999999999907
2017-11-30,1.19402,1.18508,1.19029,1.1894,17.499999999999183,-8.900000000000574
2017-12-03,1.18785,1.18291,1.18604,1.1864,8.999999999999009,3.5999999999991594
2017-12-04,1.18767,1.18007,1.18644,1.18251,12.700000000001044,-39.29999999999989
2017-12-05,1.18478,1.17805,1.18246,1.1794,8.500000000000174,-30.600000000000627
2017-12-06,1.18145,1.17717,1.17938,1.17719,11.799999999999589,-21.900000000001363
2017-12-07,1.17766,1.173,1.17719,1.17705,21.499999999998742,-1.40000000000029
2017-12-10,1.18115,1.17622,1.17635,1.17679,9.799999999999809,4.3999999999999595
2017-12-11,1.17926,1.17175,1.17677,1.17399,9.200000000000319,-27.800000000000047
2017-12-12,1.18315,1.17294,1.17404,1.18244,22.999999999999687,83.99999999999963
2017-12-13,1.18624,1.17706,1.18242,1.17767,17.000000000000348,-47.50000000000032
2017-12-14,1.18121,1.1747,1.17765,1.1747,7.699999999999374,-29.50000000000008
2017-12-17,1.1834,1.17371,1.17418,1.17801,9.300000000000974,38.3
2017-12-18,1.18486,1.17764,1.17799,1.18382,8.799999999999919,58.30000000000002
2017-12-19,1.19017,1.18288,1.18384,1.18699,8.099999999999774,31.49999999999986
2017-12-20,1.18893,1.18493,1.18695,1.18721,11.800000000001809,2.60000000000149
2017-12-21,1.18746,1.18169,1.18713,1.18597,14.100000000001334,-11.600000000000499
2017-12-25,1.18786,1.18464,1.18678,1.18564,16.100000000001113,-11.399999999999189
2017-12-26,1.19103,1.18547,1.1856,1.18892,5.699999999999594,33.199999999999896
2017-12-27,1.19589,1.1886,1.1886,1.19412,10.499999999999954,55.19999999999969
2017-12-28,1.20255,1.19355,1.19415,1.20005,9.399999999999409,59.00000000000016
2018-01-01,1.20812,1.20017,1.20037,1.20569,8.60000000000083,53.19999999999992
2018-01-02,1.20659,1.20013,1.20571,1.20129,9.200000000000319,-44.200000000000905
2018-01-03,1.20889,1.20044,1.20135,1.20668,9.399999999999409,53.300000000000566
2018-01-04,1.20827,1.20205,1.20666,1.20297,33.60000000000029,-36.89999999999971
2018-01-07,1.20522,1.19557,1.2026,1.19657,7.500000000000284,-60.2999999999998
2018-01-08,1.19756,1.19156,1.19667,1.19352,6.200000000000649,-31.49999999999986
2018-01-09,1.20177,1.19231,1.19353,1.19458,14.300000000000423,10.499999999999954
2018-01-10,1.20589,1.19293,1.19456,1.20308,34.30000000000044,85.19999999999861
2018-01-11,1.22186,1.203,1.20306,1.22,28.999999999999027,169.39999999999955
2018-01-14,1.22964,1.21875,1.21923,1.22623,34.09999999999913,69.99999999999895
2018-01-15,1.22829,1.21952,1.22621,1.22595,20.700000000000163,-2.5999999999992696
2018-01-16,1.2323,1.21769,1.22585,1.21844,28.900000000000592,-74.10000000000139
2018-01-17,1.22646,1.21645,1.21833,1.22368,13.599999999998058,53.500000000001876
2018-01-18,1.22952,1.22147,1.22366,1.22173,13.700000000000934,-19.299999999999873
2018-01-21,1.22704,1.22138,1.22683,1.22581,7.999999999999119,-10.200000000000209
2018-01-22,1.23061,1.2223,1.2258,1.2297,15.899999999999803,39.00000000000014
2018-01-23,1.24148,1.22915,1.2297,1.24068,16.899999999999693,109.7999999999999
2018-01-24,1.25375,1.23638,1.24069,1.23942,37.499999999999204,-12.700000000001044
2018-01-25,1.24935,1.23689,1.2393,1.24245,24.100000000000232,31.49999999999986
2018-01-28,1.24322,1.23365,1.24256,1.23811,20.800000000000818,-44.500000000000654
2018-01-29,1.24538,1.23352,1.23808,1.24009,12.800000000001699,20.099999999998452
2018-01-30,1.24747,1.2387,1.24008,1.24131,31.30000000000077,12.299999999998423
2018-01-31,1.25225,1.23853,1.24126,1.25076,11.499999999999844,95.00000000000064
2018-02-01,1.2518,1.24088,1.25074,1.24543,22.999999999999687,-53.099999999999255
2018-02-04,1.24747,1.23625,1.24349,1.2365,23.899999999998922,-69.90000000000052
2018-02-05,1.24344,1.23137,1.23651,1.23755,25.599999999998957,10.399999999999299
2018-02-06,1.24059,1.22458,1.23756,1.22621,13.499999999999623,-113.49999999999972
2018-02-07,1.22949,1.22121,1.22621,1.22455,13.199999999999878,-16.599999999999948
2018-02-08,1.22868,1.22055,1.22453,1.22492,11.099999999999444,3.900000000001125
2018-02-11,1.22971,1.22349,1.22479,1.229,9.200000000000319,42.10000000000047
2018-02-12,1.2371,1.22844,1.22895,1.23499,8.700000000001484,60.40000000000045
2018-02-13,1.24651,1.2276,1.23496,1.24489,52.599999999998204,99.29999999999994
2018-02-14,1.25103,1.24479,1.24489,1.25101,11.300000000000754,61.19999999999904
2018-02-15,1.2555,1.23932,1.25034,1.24029,14.499999999999513,-100.50000000000114
2018-02-18,1.2435,1.2369,1.24013,1.24062,10.299999999998644,4.900000000001015
2018-02-19,1.24121,1.232,1.2405,1.2337,8.999999999999009,-67.99999999999918
2018-02-20,1.23597,1.22809,1.2336,1.22817,17.199999999999438,-54.30000000000046
2018-02-21,1.23518,1.22597,1.22815,1.2329,35.09999999999902,47.50000000000032
2018-02-22,1.23367,1.22798,1.23286,1.22928,8.500000000000174,-35.80000000000139
2018-02-25,1.23547,1.22777,1.22907,1.23163,10.600000000000609,25.599999999998957
2018-02-26,1.23462,1.22215,1.23159,1.2232,15.700000000000713,-83.89999999999898
2018-02-27,1.22415,1.21877,1.22316,1.21923,8.099999999999774,-39.29999999999989
2018-02-28,1.22727,1.21544,1.21922,1.2265,16.499999999999293,72.79999999999953
2018-03-01,1.23358,1.22513,1.2262,1.23149,10.999999999998789,52.90000000000017
2018-03-04,1.23636,1.2269,1.23323,1.23355,12.600000000000389,3.1999999999987594
2018-03-05,1.24198,1.2328,1.23343,1.24028,14.499999999999513,68.50000000000023
2018-03-06,1.24447,1.23847,1.24026,1.24095,12.399999999999078,6.900000000000794
2018-03-07,1.24458,1.2298,1.24093,1.231,27.599999999998737,-99.29999999999994
2018-03-08,1.23342,1.2273,1.23097,1.23041,20.499999999998852,-5.599999999998939
2018-03-11,1.23453,1.22903,1.2311,1.23325,10.999999999998789,21.499999999998742
2018-03-12,1.24073,1.23144,1.23322,1.23899,19.200000000001438,57.70000000000053
2018-03-13,1.24124,1.23471,1.23883,1.2366,16.00000000000046,-22.300000000001763
2018-03-14,1.23835,1.23002,1.23658,1.23038,9.700000000001374,-61.99999999999983
2018-03-15,1.2336,1.22601,1.2303,1.2287,7.299999999998974,-16.00000000000046
2018-03-18,1.23586,1.2258,1.22829,1.23338,26.89999999999859,50.89999999999817
2018-03-19,1.23544,1.22396,1.23339,1.22403,9.40000000000163,-93.60000000000035
2018-03-20,1.23498,1.22392,1.22396,1.23382,46.39999999999978,98.5999999999998
2018-03-21,1.23881,1.22852,1.23382,1.23015,9.900000000000464,-36.6999999999984
2018-03-22,1.2373,1.22996,1.23013,1.23509,10.699999999999044,49.600000000000755
2018-03-25,1.24614,1.23486,1.23486,1.24426,11.300000000000754,93.99999999999852
2018-03-26,1.24762,1.23721,1.24426,1.24018,8.799999999999919,-40.79999999999862
2018-03-27,1.24216,1.23001,1.24017,1.23069,9.899999999998244,-94.79999999999933
2018-03-28,1.23352,1.22837,1.23067,1.22998,9.299999999998754,-6.899999999998574
2018-03-29,1.23302,1.22928,1.22988,1.23215,14.400000000001079,22.699999999999942
2018-04-01,1.23447,1.2282,1.23186,1.23008,11.799999999999589,-17.799999999998928
2018-04-02,1.23361,1.22534,1.23003,1.22692,14.700000000000824,-31.09999999999946
2018-04-03,1.23144,1.22568,1.22687,1.22767,19.800000000000928,8.00000000000134
2018-04-04,1.22899,1.22183,1.22764,1.22389,8.799999999999919,-37.50000000000142
2018-04-05,1.22905,1.2215,1.22394,1.22793,23.100000000000342,39.89999999999938
2018-04-08,1.233,1.22601,1.22835,1.23202,12.900000000000134,36.6999999999984
2018-04-09,1.23771,1.23027,1.23183,1.23548,31.29999999999855,36.49999999999931
2018-04-10,1.23958,1.23467,1.23547,1.23663,11.899999999998023,11.599999999998278
2018-04-11,1.23795,1.22995,1.23653,1.23252,17.100000000001003,-40.099999999998474
2018-04-12,1.23458,1.23069,1.2325,1.23283,8.500000000000174,3.300000000001635
2018-04-15,1.23943,1.23217,1.23316,1.23783,14.700000000000824,46.69999999999952
2018-04-16,1.24135,1.2336,1.23779,1.23682,10.399999999999299,-9.699999999999154
2018-04-17,1.23969,1.23417,1.23682,1.23731,17.700000000000493,4.899999999998794
2018-04-18,1.24001,1.2329,1.23747,1.23443,11.499999999999844,-30.400000000001537
2018-04-19,1.23528,1.22497,1.23442,1.22853,20.300000000001983,-58.900000000001725
2018-04-22,1.22892,1.21972,1.22716,1.22078,10.599999999998388,-63.80000000000052
2018-04-23,1.22447,1.21818,1.22071,1.22315,8.799999999999919,24.399999999999977
2018-04-24,1.22385,1.21596,1.2231,1.21602,8.799999999999919,-70.79999999999976
2018-04-25,1.22097,1.20962,1.216,1.21029,27.200000000000557,-57.099999999998815
2018-04-26,1.21326,1.20552,1.21022,1.21281,16.599999999999948,25.899999999998702
2018-04-29,1.21387,1.20642,1.21225,1.20764,12.199999999999989,-46.10000000000003
2018-04-30,1.20838,1.19813,1.20757,1.19919,9.099999999999664,-83.80000000000054
2018-05-01,1.20313,1.19378,1.19917,1.19497,19.299999999999873,-41.999999999999815
2018-05-02,1.20086,1.19475,1.19497,1.19877,14.000000000000679,37.99999999999804
2018-05-03,1.19955,1.19102,1.19866,1.1957,33.60000000000029,-29.600000000000737
2018-05-06,1.19776,1.18976,1.19553,1.19216,9.300000000000974,-33.69999999999873
2018-05-07,1.19385,1.18379,1.19212,1.18638,11.000000000001009,-57.40000000000079
2018-05-08,1.18967,1.18225,1.1862,1.18499,9.100000000001884,-12.099999999999334
2018-05-09,1.19463,1.18426,1.18498,1.19144,29.69999999999917,64.60000000000133
2018-05-10,1.19677,1.18911,1.19137,1.19412,7.600000000000939,27.500000000000302
2018-05-13,1.1996,1.19261,1.19405,1.19266,6.099999999999994,-13.900000000000023
2018-05-14,1.1938,1.18201,1.19257,1.18371,13.900000000000023,-88.59999999999869
2018-05-15,1.18537,1.17635,1.1837,1.18069,12.000000000000899,-30.09999999999957
2018-05-16,1.18372,1.17765,1.18061,1.1794,9.900000000000464,-12.099999999999334
2018-05-17,1.18221,1.17497,1.17924,1.17684,8.500000000000174,-23.999999999999577
2018-05-20,1.17953,1.17164,1.17703,1.17908,9.300000000000974,20.499999999998852
2018-05-21,1.18295,1.17562,1.17896,1.1778,10.799999999999699,-11.600000000000499
2018-05-22,1.17893,1.16757,1.1777,1.16955,30.100000000001792,-81.49999999999879
2018-05-23,1.17503,1.16905,1.16945,1.17187,10.200000000000209,24.199999999998667
2018-05-24,1.17334,1.16454,1.1717,1.16495,15.699999999998493,-67.50000000000034
2018-05-27,1.17283,1.16072,1.16843,1.16229,9.900000000000464,-61.40000000000035
2018-05-28,1.16394,1.151,1.16229,1.15395,15.799999999999148,-83.40000000000015
2018-05-29,1.16759,1.15187,1.1534,1.16628,35.199999999999676,128.8
2018-05-30,1.1724,1.1641,1.1663,1.16924,16.80000000000126,29.400000000001647
2018-05-31,1.17176,1.16167,1.16898,1.16578,25.600000000001177,-31.999999999998696
2018-06-03,1.17443,1.16558,1.16579,1.16976,7.999999999999119,39.69999999999807
2018-06-04,1.17319,1.16524,1.16976,1.17174,29.09999999999968,19.800000000000928
2018-06-05,1.17956,1.17106,1.17165,1.1774,30.69999999999906,57.49999999999922
2018-06-06,1.18397,1.17716,1.1774,1.17987,10.099999999999554,24.699999999999722
2018-06-07,1.18103,1.1727,1.17975,1.17667,9.900000000000464,-30.799999999999716
2018-06-10,1.18203,1.17708,1.17722,1.17833,8.500000000000174,11.100000000001664
2018-06-11,1.18088,1.17331,1.17815,1.17445,20.299999999999763,-37.00000000000037
2018-06-12,1.18009,1.17253,1.17443,1.17908,23.499999999998522,46.49999999999821
2018-06-13,1.18516,1.15629,1.17907,1.1565,44.200000000000905,-225.6999999999998
2018-06-14,1.16268,1.15432,1.15646,1.1608,29.799999999999827,43.400000000000105
2018-06-17,1.16242,1.15652,1.15865,1.16222,8.599999999998609,35.70000000000073
2018-06-18,1.16441,1.15307,1.16223,1.15873,13.900000000000023,-35.00000000000058
2018-06-19,1.15998,1.15367,1.15872,1.15698,30.600000000000627,-17.400000000000748
2018-06-20,1.16333,1.15082,1.15673,1.1603,20.299999999999763,35.70000000000073
2018-06-21,1.16748,1.15978,1.1599,1.16521,22.099999999998232,53.10000000000148
2018-06-24,1.17129,1.16284,1.16619,1.17031,10.499999999999954,41.199999999999015
2018-06-25,1.172,1.16348,1.1702,1.16466,9.399999999999409,-55.39999999999878
2018-06-26,1.16718,1.15405,1.1645,1.15533,15.499999999999403,-91.70000000000122
2018-06-27,1.16005,1.1527,1.15515,1.15675,11.399999999999189,16.00000000000046
2018-06-28,1.169,1.15579,1.15667,1.16815,31.90000000000026,114.79999999999934
2018-07-01,1.16892,1.1591,1.1676,1.16385,12.600000000000389,-37.499999999999204
2018-07-02,1.16728,1.16202,1.16382,1.1655,11.799999999999589,16.799999999999038
2018-07-03,1.16816,1.16304,1.16543,1.16553,26.100000000000012,0.9999999999998899
2018-07-04,1.172,1.16498,1.1655,1.16899,12.300000000000644,34.899999999999935
2018-07-05,1.17671,1.16798,1.16884,1.17449,25.499999999998302,56.49999999999933
2018-07-08,1.17906,1.17326,1.17413,1.175,11.499999999999844,8.700000000001484
2018-07-09,1.17623,1.16901,1.1749,1.17439,9.399999999999409,-5.1000000000001044
2018-07-10,1.17579,1.16653,1.17439,1.16729,27.900000000000702,-71.00000000000107
2018-07-11,1.16954,1.16497,1.16714,1.16702,10.900000000000354,-1.2000000000012
2018-07-12,1.16866,1.16126,1.16697,1.16828,12.499999999999734,13.099999999999223
2018-07-15,1.17251,1.16755,1.16879,1.17107,7.099999999999884,22.800000000000598
2018-07-16,1.17444,1.16494,1.17102,1.16606,15.899999999999803,-49.59999999999853
2018-07-17,1.16648,1.16019,1.16594,1.16375,7.899999999998464,-21.899999999999142
2018-07-18,1.16784,1.15747,1.16363,1.16408,27.89999999999848,4.500000000000615
2018-07-19,1.17386,1.16261,1.164,1.17195,16.899999999999693,79.50000000000124
2018-07-22,1.17498,1.16835,1.17243,1.16914,6.200000000000649,-32.90000000000015
2018-07-23,1.17166,1.16543,1.16906,1.16875,21.799999999998487,-3.1000000000003247
2018-07-24,1.17385,1.1664,1.16858,1.17278,13.799999999999368,41.999999999999815
2018-07-25,1.17435,1.16402,1.17276,1.16421,15.700000000000713,-85.50000000000057
2018-07-26,1.16643,1.16202,1.16417,1.16526,11.900000000000244,10.900000000000354
2018-07-29,1.17185,1.16478,1.1657,1.17039,7.900000000000684,46.90000000000083
2018-07-30,1.17457,1.16835,1.17035,1.16897,11.799999999999589,-13.799999999999368
2018-07-31,1.16994,1.16572,1.16891,1.16593,11.200000000000099,-29.799999999999827
2018-08-01,1.16674,1.15814,1.16586,1.15834,7.900000000000684,-75.1999999999997
2018-08-02,1.16104,1.15601,1.15828,1.15656,15.499999999999403,-17.199999999999438
2018-08-05,1.15702,1.153,1.15676,1.15531,7.200000000000539,-14.499999999999513
2018-08-06,1.16081,1.1549,1.15529,1.15982,5.399999999999849,45.30000000000145
2018-08-07,1.16281,1.15731,1.15977,1.16095,6.399999999999739,11.799999999999589
2018-08-08,1.16193,1.15258,1.16091,1.15265,7.600000000000939,-82.60000000000156
2018-08-09,1.15362,1.13879,1.15256,1.14105,34.899999999999935,-115.10000000000132
2018-08-12,1.14325,1.1365,1.13702,1.14099,12.399999999999078,39.70000000000029
2018-08-13,1.14292,1.13299,1.14102,1.13434,11.600000000000499,-66.8000000000002
2018-08-14,1.13548,1.13009,1.13419,1.13444,19.900000000001583,2.4999999999986144
2018-08-15,1.14088,1.13356,1.13436,1.13762,13.600000000000279,32.600000000000406
2018-08-16,1.14446,1.13661,1.1375,1.14358,19.299999999999873,60.80000000000085
2018-08-19,1.14848,1.13941,1.14373,1.14793,15.600000000000058,41.999999999999815
2018-08-20,1.1601,1.14786,1.14788,1.15698,37.80000000000116,90.99999999999886
2018-08-21,1.16228,1.15531,1.15697,1.15961,18.500000000001293,26.399999999999757
2018-08-22,1.15998,1.15296,1.15948,1.1537,11.200000000000099,-57.800000000001184
2018-08-23,1.16395,1.15346,1.15373,1.16197,26.600000000001067,82.40000000000025
2018-08-26,1.16934,1.15944,1.16139,1.16774,8.099999999999774,63.50000000000078
2018-08-27,1.17331,1.16624,1.16772,1.16942,8.999999999999009,16.999999999998128
2018-08-28,1.17098,1.16519,1.1693,1.1707,14.400000000001079,14.000000000000679
2018-08-29,1.1718,1.16416,1.17054,1.16704,16.40000000000086,-34.999999999998366
2018-08-30,1.169,1.15844,1.16704,1.15973,10.900000000000354,-73.1000000000015
2018-09-02,1.16278,1.15887,1.1595,1.16175,9.699999999999154,22.500000000000853
2018-09-03,1.16197,1.15299,1.16177,1.15812,10.300000000000864,-36.49999999999931
2018-09-04,1.16398,1.15424,1.15793,1.16289,18.499999999999073,49.600000000000755
2018-09-05,1.1659,1.16052,1.16284,1.1623,11.000000000001009,-5.399999999999849
2018-09-06,1.16492,1.15504,1.16214,1.15511,30.49999999999997,-70.2999999999987
2018-09-09,1.16156,1.1526,1.15463,1.15908,14.600000000000168,44.500000000000654
2018-09-10,1.16437,1.15654,1.15905,1.1604,12.300000000000644,13.500000000001844
2018-09-11,1.16493,1.15698,1.16038,1.16259,17.400000000000748,22.100000000000453
2018-09-12,1.17008,1.1609,1.16259,1.16895,22.600000000001508,63.59999999999921
2018-09-13,1.17215,1.16199,1.16893,1.16231,14.499999999999513,-66.2000000000007
2018-09-16,1.16979,1.16177,1.16228,1.16829,13.300000000000534,60.100000000000705
2018-09-17,1.17243,1.1652,1.16814,1.16635,12.100000000001554,-17.899999999999583
2018-09-18,1.17147,1.165,1.16633,1.16722,15.099999999999003,8.899999999998354
2018-09-19,1.17843,1.16685,1.1671,1.17764,15.899999999999803,105.39999999999993
2018-09-20,1.18025,1.17325,1.17762,1.17465,13.499999999999623,-29.69999999999917
2018-09-23,1.18148,1.1724,1.17442,1.17476,20.499999999998852,3.4000000000000696
2018-09-24,1.17923,1.17308,1.17466,1.1766,16.599999999999948,19.400000000000528
2018-09-25,1.17976,1.17259,1.17644,1.1738,27.999999999999137,-26.399999999999757
2018-09-26,1.1757,1.16389,1.1738,1.16399,16.599999999999948,-98.09999999999874
2018-09-27,1.1651,1.15699,1.16399,1.16017,7.500000000000284,-38.200000000001566
2018-09-30,1.16243,1.15631,1.16165,1.15777,20.200000000001328,-38.800000000001056
2018-10-01,1.158,1.15053,1.15772,1.15454,14.799999999999258,-31.800000000001827
2018-10-02,1.15934,1.14642,1.15454,1.14766,25.999999999999357,-68.79999999999997
2018-10-03,1.15424,1.14632,1.14754,1.15139,15.600000000000058,38.49999999999909
2018-10-04,1.15492,1.14838,1.15131,1.15216,25.900000000000922,8.500000000000174
2018-10-07,1.15293,1.14599,1.15203,1.14908,17.799999999998928,-29.50000000000008
2018-10-08,1.1503,1.14322,1.14901,1.14899,14.100000000001334,-0.20000000000131024
2018-10-09,1.15452,1.14798,1.14884,1.1518,8.899999999998354,29.599999999998516
2018-10-10,1.15992,1.15186,1.1519,1.15931,24.399999999999977,74.10000000000139
2018-10-11,1.16104,1.15345,1.15826,1.1557,10.900000000000354,-25.600000000001177
2018-10-14,1.1606,1.15386,1.15386,1.15787,9.200000000000319,40.099999999998474
2018-10-15,1.1621,1.1566,1.15781,1.15736,11.399999999999189,-4.500000000000615
2018-10-16,1.15804,1.14958,1.15724,1.15003,8.099999999999774,-72.09999999999938
2018-10-17,1.15273,1.14494,1.14995,1.14522,19.799999999998708,-47.30000000000123
2018-10-18,1.15343,1.1433,1.14516,1.15117,14.199999999999768,60.100000000000705
2018-10-21,1.15499,1.14556,1.15139,1.14639,12.600000000000389,-49.999999999998934
2018-10-22,1.14932,1.14391,1.1463,1.14698,10.699999999999044,6.800000000000139
2018-10-23,1.14762,1.13789,1.14695,1.13914,28.900000000000592,-78.09999999999873
2018-10-24,1.14322,1.1356,1.13906,1.1374,17.80000000000115,-16.599999999999948
2018-10-25,1.14206,1.13355,1.13735,1.13996,11.299999999998533,26.100000000000012
2018-10-28,1.14163,1.13605,1.13908,1.13718,9.700000000001374,-19.000000000000128
2018-10-29,1.13877,1.13403,1.13717,1.13433,7.300000000001194,-28.399999999999537
2018-10-30,1.13599,1.13018,1.13427,1.13103,11.000000000001009,-32.399999999999096
2018-10-31,1.14241,1.13053,1.13106,1.14078,9.300000000000974,97.1999999999995
2018-11-01,1.14557,1.13719,1.14071,1.13857,15.199999999999658,-21.399999999998087
2018-11-04,1.1424,1.13535,1.13848,1.1406,17.899999999999583,21.200000000001218
2018-11-05,1.14377,1.13914,1.14055,1.14259,6.900000000000794,20.400000000000418
2018-11-06,1.14996,1.13947,1.14254,1.14247,30.89999999999815,-0.6999999999979245
2018-11-07,1.14463,1.13512,1.14246,1.13623,12.799999999999478,-62.29999999999958
2018-11-08,1.13687,1.13161,1.13624,1.13329,7.399999999999629,-29.50000000000008
2018-11-11,1.13303,1.12154,1.13223,1.12167,21.800000000000708,-105.60000000000124
2018-11-12,1.12934,1.1216,1.12173,1.12873,9.099999999999664,70.00000000000117
2018-11-13,1.13472,1.12632,1.12872,1.1307,19.800000000000928,19.800000000000928
2018-11-14,1.13622,1.12704,1.13071,1.13253,18.899999999999473,18.199999999999328
2018-11-15,1.142,1.13213,1.13253,1.14145,12.300000000000644,89.20000000000039
2018-11-18,1.14643,1.13937,1.14116,1.14517,10.099999999999554,40.10000000000069
2018-11-19,1.14723,1.13585,1.14519,1.13695,11.099999999999444,-82.40000000000025
2018-11-20,1.14244,1.1362,1.13692,1.13807,21.500000000000963,11.499999999999844
2018-11-21,1.14337,1.13794,1.13808,1.14008,16.00000000000046,20.000000000000018
2018-11-22,1.14208,1.13269,1.14015,1.1335,17.400000000000748,-66.50000000000045
2018-11-25,1.13835,1.13248,1.1339,1.13263,11.499999999999844,-12.699999999998823
2018-11-26,1.13438,1.12772,1.13262,1.12903,15.999999999998238,-35.89999999999982
2018-11-27,1.13869,1.1267,1.12903,1.13658,24.500000000000632,75.49999999999946
2018-11-28,1.14014,1.13485,1.13658,1.13925,18.400000000000638,26.700000000001722
2018-11-29,1.14002,1.13053,1.1391,1.13148,9.80000000000203,-76.1999999999996
2018-12-02,1.13795,1.13192,1.135,1.13518,13.299999999998313,1.80000000000069
2018-12-03,1.14183,1.13182,1.13515,1.13408,9.899999999998244,-10.700000000001264
2018-12-04,1.13609,1.13105,1.13405,1.1344,17.100000000001003,3.5000000000007248
2018-12-05,1.14121,1.13207,1.13433,1.13715,14.899999999999913,28.200000000000447
2018-12-06,1.14234,1.13602,1.13707,1.13762,33.69999999999873,5.5000000000005045
2018-12-09,1.14425,1.13503,1.13901,1.13547,11.600000000000499,-35.400000000000986
2018-12-10,1.13999,1.13062,1.13545,1.13152,7.900000000000684,-39.29999999999989
2018-12-11,1.13871,1.13144,1.13144,1.13678,27.399999999999647,53.399999999999004
2018-12-12,1.13932,1.1331,1.13672,1.13596,21.100000000000563,-7.599999999998719
2018-12-13,1.13649,1.12696,1.13606,1.13036,13.799999999999368,-57.000000000000384
2018-12-16,1.13577,1.12967,1.13008,1.13472,8.900000000000574,46.39999999999978
2018-12-17,1.14022,1.13366,1.13474,1.13595,11.300000000000754,12.099999999999334
2018-12-18,1.14392,1.13591,1.13594,1.13752,32.40000000000131,15.800000000001369
2018-12-19,1.14859,1.13704,1.13748,1.14451,11.799999999999589,70.2999999999987
2018-12-20,1.14739,1.13559,1.14454,1.13684,16.500000000001513,-76.99999999999818
2018-12-23,1.14384,1.13604,1.13692,1.13988,15.899999999999803,29.600000000000737
2018-12-24,1.1417,1.13894,1.13976,1.13988,14.399999999998858,1.1999999999989797
2018-12-25,1.14198,1.13428,1.13901,1.13507,19.100000000000783,-39.400000000000546
2018-12-26,1.1454,1.13504,1.13507,1.14285,14.400000000001079,77.79999999999899
2018-12-27,1.14727,1.14247,1.14285,1.14414,10.699999999999044,12.900000000000134
2018-12-30,1.14674,1.14213,1.14331,1.14644,13.900000000000023,31.29999999999855
2019-01-01,1.14967,1.1325,1.14598,1.13432,17.399999999998528,-116.60000000000004
2019-01-02,1.1411,1.13092,1.13423,1.13924,37.99999999999804,50.09999999999959
2019-01-03,1.14189,1.13456,1.13924,1.13943,41.59999999999941,1.8999999999991246
2019-01-06,1.14826,1.13954,1.13955,1.1474,7.800000000000029,78.49999999999912
2019-01-07,1.14844,1.14222,1.1474,1.14406,11.999999999998678,-33.39999999999898
2019-01-08,1.15578,1.1437,1.14406,1.15417,22.400000000000198,101.09999999999842
2019-01-09,1.15697,1.14844,1.15419,1.14994,12.300000000000644,-42.50000000000087
2019-01-10,1.15403,1.1458,1.14994,1.14656,11.900000000000244,-33.799999999999386
2019-01-13,1.1482,1.14506,1.14589,1.14679,18.000000000000238,8.999999999999009
2019-01-14,1.14896,1.13819,1.14679,1.14121,12.000000000000899,-55.79999999999919
2019-01-15,1.14248,1.13777,1.14119,1.13911,10.200000000000209,-20.799999999998597
2019-01-16,1.14059,1.137,1.13911,1.1388,13.600000000000279,-3.1000000000003247
2019-01-17,1.14103,1.13532,1.1388,1.13614,10.300000000000864,-26.600000000001067
2019-01-20,1.1391,1.13567,1.13603,1.13658,9.599999999998499,5.499999999998284
2019-01-21,1.13739,1.13361,1.13658,1.13595,7.099999999999884,-6.299999999999084
2019-01-22,1.13942,1.13505,1.13594,1.13808,12.000000000000899,21.400000000000308
2019-01-23,1.13913,1.12892,1.13804,1.1302,29.799999999999827,-78.39999999999847
2019-01-24,1.14176,1.13004,1.13011,1.14032,10.399999999999299,102.10000000000052
2019-01-27,1.14436,1.139,1.14005,1.14271,12.100000000001554,26.599999999998847
2019-01-28,1.14501,1.14111,1.14257,1.14307,10.599999999998388,4.999999999999449
2019-01-29,1.15016,1.14062,1.14308,1.14786,44.10000000000025,47.80000000000007
2019-01-30,1.15141,1.14356,1.14786,1.14467,9.299999999998754,-31.90000000000026
2019-01-31,1.14884,1.14343,1.14468,1.14547,24.599999999999067,7.900000000000684
2019-02-03,1.14603,1.14244,1.14503,1.14353,5.60000000000116,-15.000000000000568
2019-02-04,1.14404,1.14011,1.14353,1.14054,6.800000000000139,-29.89999999999826
2019-02-05,1.14094,1.13608,1.14054,1.13618,5.800000000000249,-43.600000000001415
2019-02-06,1.13683,1.13244,1.13615,1.1339,8.199999999998209,-22.500000000000853
2019-02-07,1.13508,1.13207,1.13383,1.13207,8.20000000000043,-17.599999999999838
2019-02-10,1.13298,1.12672,1.13186,1.12754,9.00000000000123,-43.20000000000101
2019-02-11,1.13396,1.12577,1.12752,1.13251,10.200000000000209,49.89999999999828
2019-02-12,1.13414,1.12601,1.13251,1.12602,13.799999999999368,-64.89999999999884
2019-02-13,1.13098,1.1249,1.12601,1.12947,23.100000000000342,34.600000000000186
2019-02-14,1.13061,1.1234,1.12949,1.12925,16.599999999999948,-2.4000000000001798
2019-02-17,1.13338,1.12889,1.12906,1.13081,5.5000000000005045,17.500000000001403
2019-02-18,1.13574,1.12755,1.13079,1.134,8.500000000000174,32.099999999999355
2019-02-19,1.13711,1.13249,1.134,1.13359,14.600000000000168,-4.099999999997994
2019-02-20,1.13663,1.13202,1.13359,1.13333,16.899999999999693,-2.60000000000149
2019-02-21,1.13556,1.13161,1.13323,1.13319,11.600000000000499,-0.40000000000040004
2019-02-24,1.13675,1.13281,1.1334,1.13568,5.299999999999194,22.800000000000598
2019-02-25,1.14027,1.1345,1.1357,1.13888,9.600000000000719,31.799999999999606
2019-02-26,1.14036,1.13622,1.13887,1.13693,10.80000000000192,-19.400000000000528
2019-02-27,1.14197,1.13595,1.13691,1.13704,16.700000000000603,1.2999999999996348
2019-02-28,1.14085,1.13533,1.13706,1.13633,12.599999999998168,-7.299999999998974
2019-03-03,1.13826,1.1309,1.13811,1.13394,6.399999999999739,-41.700000000000074
2019-03-04,1.13408,1.12895,1.13394,1.13073,12.199999999999989,-32.099999999999355
2019-03-05,1.13245,1.12855,1.13072,1.13061,14.499999999999513,-1.100000000000545
2019-03-06,1.13202,1.11764,1.13059,1.11929,28.300000000001102,-113.00000000000088
2019-03-07,1.12461,1.11852,1.11929,1.12311,21.599999999999397,38.200000000001566
2019-03-09,1.1236,1.12304,1.12316,1.12336,1.8999999999991246,1.9999999999997797
2019-03-10,1.12583,1.12217,1.12335,1.12488,10.899999999998133,15.300000000000313
2019-03-11,1.13049,1.12472,1.12488,1.1288,13.300000000000534,39.199999999999235
2019-03-12,1.13385,1.12773,1.12879,1.13304,11.200000000000099,42.50000000000087
2019-03-13,1.13375,1.1294,1.13304,1.13042,5.599999999998939,-26.200000000000667
2019-03-14,1.13443,1.13,1.13044,1.1324,9.199999999998099,19.600000000001838
2019-03-16,1.13269,1.13201,1.13201,1.13216,4.699999999999704,1.500000000000945
2019-03-17,1.13589,1.13189,1.1322,1.13353,9.300000000000974,13.299999999998313
2019-03-18,1.13615,1.13336,1.13353,1.13496,6.200000000000649,14.300000000000423
2019-03-19,1.1448,1.13354,1.13496,1.14242,34.70000000000084,74.60000000000022
2019-03-20,1.14373,1.13425,1.14241,1.13733,7.200000000000539,-50.799999999999734
2019-03-21,1.13905,1.12732,1.13733,1.13004,42.29999999999956,-72.90000000000019
2019-03-23,1.13011,1.12883,1.12892,1.1294,7.800000000000029,4.8000000000003595
2019-03-24,1.13314,1.12889,1.12941,1.13129,12.299999999998423,18.799999999998818
2019-03-25,1.13259,1.12632,1.1313,1.12701,8.300000000001084,-42.899999999999054
2019-03-26,1.12855,1.12421,1.12702,1.12514,8.300000000001084,-18.799999999998818
2019-03-27,1.12612,1.12135,1.12513,1.12261,8.999999999999009,-25.199999999998557
2019-03-28,1.12466,1.12098,1.12264,1.12179,9.200000000000319,-8.500000000000174
2019-03-31,1.12498,1.12039,1.12254,1.12122,13.800000000001589,-13.199999999999878
2019-04-01,1.1216,1.11836,1.1212,1.1204,12.900000000000134,-7.999999999999119
2019-04-02,1.12547,1.12,1.12043,1.1232,7.200000000000539,27.69999999999939
2019-04-03,1.12475,1.12059,1.12321,1.12199,10.099999999999554,-12.199999999999989
2019-04-04,1.12472,1.12099,1.12198,1.12142,18.199999999999328,-5.599999999998939
2019-04-07,1.12744,1.12118,1.12138,1.12616,8.300000000001084,47.80000000000007
2019-04-08,1.12842,1.12549,1.12604,1.12612,5.799999999998029,0.8000000000008001
2019-04-09,1.12876,1.12294,1.12614,1.12731,10.399999999999299,11.700000000001154
2019-04-10,1.12873,1.12498,1.1273,1.12513,7.200000000000539,-21.700000000000053
2019-04-11,1.13239,1.12511,1.12513,1.12976,7.900000000000684,46.30000000000134
2019-04-14,1.13209,1.12975,1.13035,1.1303,5.800000000000249,-0.4999999999988347
2019-04-15,1.13139,1.12797,1.1303,1.12804,8.599999999998609,-22.600000000001508
2019-04-16,1.13237,1.12788,1.12804,1.12944,12.499999999999734,14.000000000000679
2019-04-17,1.13039,1.12261,1.12933,1.12279,25.500000000000522,-65.3999999999999
2019-04-18,1.12476,1.12263,1.12295,1.12408,6.300000000001305,11.300000000000754
2019-04-21,1.1262,1.12357,1.12408,1.12566,5.599999999998939,15.800000000001369
2019-04-22,1.12612,1.11921,1.12568,1.12268,6.499999999998174,-30.000000000001137
2019-04-23,1.12265,1.11406,1.12264,1.11519,16.20000000000177,-74.50000000000179
2019-04-24,1.11623,1.11178,1.11518,1.11309,8.40000000000174,-20.900000000001473
2019-04-25,1.11739,1.11111,1.11283,1.11429,23.100000000000342,14.600000000000168
2019-04-28,1.11869,1.11441,1.11441,1.11854,8.500000000000174,41.30000000000189
2019-04-29,1.1229,1.11757,1.11854,1.12145,10.600000000000609,29.09999999999968
2019-04-30,1.12647,1.1187,1.12141,1.11953,23.500000000000743,-18.800000000001038
2019-05-01,1.1219,1.11707,1.1195,1.11714,6.900000000000794,-23.599999999999177
2019-05-02,1.12047,1.1135,1.11714,1.12007,14.399999999998858,29.29999999999877
2019-05-05,1.12092,1.11672,1.11799,1.1198,12.700000000001044,18.099999999998673
2019-05-06,1.12178,1.11666,1.1198,1.11912,8.20000000000043,-6.800000000000139
2019-05-07,1.12136,1.11827,1.11899,1.11909,9.500000000000064,0.9999999999998899
2019-05-08,1.12509,1.11734,1.11909,1.12138,12.799999999999478,22.900000000001253
2019-05-09,1.12536,1.12115,1.12123,1.12329,13.000000000000789,20.599999999999508
2019-05-12,1.12635,1.12216,1.1232,1.12216,11.499999999999844,-10.399999999999299
2019-05-13,1.12439,1.12011,1.12211,1.12033,17.700000000000493,-17.799999999998928
2019-05-14,1.12245,1.11779,1.12033,1.12008,36.399999999998656,-2.500000000000835
2019-05-15,1.12238,1.11662,1.12009,1.11736,9.099999999999664,-27.300000000001212
2019-05-16,1.11841,1.11551,1.11735,1.11563,5.899999999998684,-17.20000000000166
2019-05-19,1.11748,1.11506,1.11598,1.11655,4.999999999999449,5.699999999999594
2019-05-20,1.1188,1.11419,1.11652,1.11604,20.400000000000418,-4.8000000000003595
2019-05-21,1.11802,1.11485,1.11593,1.11501,5.299999999999194,-9.200000000000319
2019-05-22,1.11875,1.1107,1.11498,1.11815,12.499999999999734,31.69999999999895
2019-05-23,1.12121,1.11733,1.11819,1.12043,10.599999999998388,22.400000000000198
2019-05-26,1.12151,1.11869,1.12108,1.1191,5.699999999999594,-19.800000000000928
2019-05-27,1.11983,1.11592,1.1191,1.11598,9.900000000000464,-31.200000000000117
2019-05-28,1.11724,1.11243,1.11598,1.1131,7.300000000001194,-28.799999999999937
2019-05-29,1.11433,1.1116,1.11305,1.11291,5.9000000000009045,-1.40000000000029
2019-05-30,1.11797,1.11251,1.11285,1.11678,8.099999999999774,39.300000000002115
2019-06-02,1.12619,1.11601,1.11607,1.12414,11.200000000000099,80.70000000000022
2019-06-03,1.12774,1.12267,1.12414,1.12515,29.09999999999968,10.100000000001774
2019-06-04,1.13065,1.122,1.12515,1.12208,18.099999999998673,-30.700000000001282
2019-06-05,1.1309,1.12008,1.12204,1.12753,40.800000000000836,54.89999999999995
2019-06-06,1.13477,1.12512,1.12752,1.13334,36.49999999999931,58.19999999999936
2019-06-09,1.13308,1.12902,1.1322,1.13113,7.200000000000539,-10.700000000001264
2019-06-10,1.13374,1.13013,1.13109,1.1326,19.799999999998708,15.100000000001224
2019-06-11,1.13434,1.12824,1.13253,1.12871,16.499999999999293,-38.19999999999935
2019-06-12,1.13037,1.12683,1.12871,1.12761,10.499999999999954,-11.000000000001009
2019-06-13,1.12891,1.12024,1.12761,1.1205,18.499999999999073,-71.0999999999995
2019-06-16,1.1247,1.12037,1.12089,1.12178,10.099999999999554,8.900000000000574
2019-06-17,1.12428,1.11813,1.12178,1.11936,21.499999999998742,-24.200000000000887
2019-06-18,1.12542,1.11871,1.11926,1.12259,20.400000000000418,33.30000000000055
2019-06-19,1.13173,1.12255,1.12255,1.12916,9.199999999998099,66.10000000000005
2019-06-20,1.13777,1.1283,1.12913,1.13679,19.400000000000528,76.6
2019-06-23,1.14039,1.13662,1.13695,1.13978,11.399999999999189,28.300000000001102
2019-06-24,1.14119,1.13442,1.13979,1.13651,23.800000000000487,-32.80000000000172
2019-06-25,1.13913,1.13474,1.13651,1.13678,6.6000000000010495,2.6999999999999247
2019-06-26,1.13814,1.13477,1.13676,1.13689,11.799999999999589,1.2999999999996348
2019-06-27,1.13933,1.13506,1.13689,1.13681,11.900000000000244,-0.7999999999985796
2019-06-30,1.1371,1.1281,1.13595,1.12851,13.700000000000934,-74.40000000000113
2019-07-01,1.13215,1.12751,1.1285,1.12847,23.100000000000342,-0.2999999999997449
2019-07-02,1.13123,1.12686,1.12842,1.12774,13.499999999999623,-6.800000000000139
2019-07-03,1.12951,1.12731,1.12777,1.12847,5.999999999999339,7.0000000000014495
2019-07-04,1.12877,1.12073,1.12837,1.12235,22.800000000000598,-60.20000000000137
2019-07-07,1.12344,1.12069,1.12215,1.12142,3.9999999999995595,-7.299999999998974
2019-07-08,1.12187,1.11933,1.12141,1.12078,3.9999999999995595,-6.299999999999084
2019-07-09,1.12643,1.12018,1.12076,1.12503,23.199999999998777,42.69999999999996
2019-07-10,1.12857,1.12451,1.12503,1.12529,15.999999999998238,2.5999999999992696
2019-07-11,1.12748,1.12381,1.12529,1.12698,5.300000000001415,16.900000000001913
2019-07-14,1.12838,1.12532,1.12666,1.12577,5.40000000000207,-8.900000000000574
2019-07-15,1.12634,1.12018,1.12574,1.12103,12.199999999999989,-47.09999999999992
2019-07-16,1.12335,1.11997,1.12102,1.12242,5.00000000000167,14.000000000000679
2019-07-17,1.12804,1.12051,1.12237,1.12765,18.100000000000893,52.799999999999514
2019-07-18,1.1282,1.12033,1.12766,1.12192,11.399999999999189,-57.40000000000079
2019-07-21,1.12253,1.12062,1.1215,1.12094,5.9000000000009045,-5.599999999998939
2019-07-22,1.12096,1.11457,1.12093,1.11517,5.699999999999594,-57.59999999999987
2019-07-23,1.11558,1.11269,1.11516,1.11399,15.600000000000058,-11.699999999998933
2019-07-24,1.11877,1.11013,1.114,1.11462,22.400000000000198,6.199999999998429
2019-07-25,1.11509,1.1112,1.1146,1.11247,11.699999999998933,-21.299999999999653
2019-07-28,1.11509,1.11128,1.11246,1.11443,6.399999999999739,19.700000000000273
2019-07-29,1.1161,1.11321,1.11443,1.11545,6.399999999999739,10.200000000000209
2019-07-30,1.1162,1.106,1.11548,1.10749,28.799999999999937,-79.89999999999941
2019-07-31,1.10958,1.10268,1.10749,1.10847,14.400000000001079,9.799999999999809
2019-08-01,1.11164,1.10696,1.10849,1.11057,12.700000000001044,20.800000000000818
2019-08-04,1.1213,1.11033,1.11042,1.12033,9.700000000001374,99.10000000000085
2019-08-05,1.12497,1.11675,1.12034,1.1198,9.099999999999664,-5.399999999999849
2019-08-06,1.12417,1.11791,1.1198,1.1198,11.900000000000244,0.0
2019-08-07,1.12323,1.11769,1.11974,1.11802,32.099999999999355,-17.199999999999438
2019-08-08,1.12229,1.1178,1.11801,1.11969,10.200000000000209,16.80000000000126
2019-08-11,1.12306,1.11619,1.11978,1.12131,15.499999999999403,15.300000000000313
2019-08-12,1.12285,1.11701,1.12129,1.1171,14.399999999998858,-41.89999999999916
2019-08-13,1.11908,1.11305,1.11708,1.11377,8.20000000000043,-33.10000000000146
2019-08-14,1.11583,1.10913,1.1138,1.11065,15.099999999999003,-31.49999999999986
2019-08-15,1.11121,1.10662,1.11065,1.10899,18.799999999998818,-16.599999999999948
2019-08-18,1.11137,1.1076,1.10925,1.10778,13.600000000000279,-14.700000000000824
2019-08-19,1.11066,1.10655,1.10773,1.10998,8.699999999999264,22.499999999998632
2019-08-20,1.1107,1.10804,1.10981,1.10845,18.100000000000893,-13.600000000000279
2019-08-21,1.1113,1.10635,1.10844,1.10799,15.000000000000568,-4.500000000000615
2019-08-22,1.11532,1.10516,1.10798,1.1136,15.799999999999148,56.199999999999584
2019-08-25,1.11639,1.10942,1.11507,1.11008,10.40000000000152,-49.9000000000005
2019-08-26,1.11159,1.10855,1.11004,1.10901,7.500000000000284,-10.299999999998644
2019-08-27,1.10978,1.10733,1.10895,1.1077,5.699999999999594,-12.500000000001954
2019-08-28,1.1093,1.10419,1.1077,1.10563,24.800000000000377,-20.700000000000163
2019-08-29,1.10603,1.09632,1.10563,1.0988,20.100000000000673,-68.29999999999892
2019-09-01,1.09962,1.0958,1.09893,1.09682,7.399999999999629,-21.100000000000563
2019-09-02,1.09786,1.0926,1.09684,1.09726,20.999999999999908,4.199999999998649
2019-09-03,1.10383,1.09684,1.09726,1.10348,11.999999999998678,62.20000000000114
2019-09-04,1.10847,1.10166,1.10348,1.1034,10.699999999999044,-0.8000000000008001
2019-09-05,1.10572,1.10201,1.1034,1.1025,17.199999999999438,-8.999999999999009
2019-09-08,1.1068,1.10153,1.1026,1.10477,17.499999999999183,21.700000000000053
2019-09-09,1.10595,1.10305,1.10474,1.10432,10.200000000000209,-4.20000000000087
2019-09-10,1.10555,1.09851,1.1043,1.10102,7.399999999999629,-32.7999999999995
2019-09-11,1.10871,1.09268,1.10102,1.10643,51.79999999999963,54.09999999999915
2019-09-12,1.11094,1.10554,1.10643,1.10707,9.099999999999664,6.399999999999739
2019-09-15,1.10863,1.09932,1.10732,1.09991,5.699999999999594,-74.10000000000139
2019-09-16,1.10744,1.09901,1.09984,1.10725,17.999999999998018,74.10000000000139
2019-09-17,1.10755,1.10136,1.10723,1.10298,20.599999999999508,-42.49999999999865
2019-09-18,1.10735,1.10229,1.10298,1.10408,6.199999999998429,10.999999999998789
2019-09-19,1.10676,1.09961,1.10406,1.10169,10.200000000000209,-23.699999999999832
2019-09-22,1.10253,1.09661,1.10136,1.09925,15.100000000001224,-21.099999999998342
2019-09-23,1.1024,1.09837,1.09927,1.10193,10.900000000000354,26.600000000001067
2019-09-24,1.10228,1.09374,1.10192,1.09413,6.500000000000394,-77.89999999999964
2019-09-25,1.09672,1.09087,1.09409,1.09187,9.40000000000163,-22.200000000001108
2019-09-26,1.09586,1.09046,1.09187,1.09367,9.200000000000319,18.000000000000238
2019-09-29,1.09478,1.08847,1.09419,1.08991,16.100000000001113,-42.800000000000615
2019-09-30,1.09428,1.0879,1.08991,1.09311,24.300000000001543,32.00000000000092
2019-10-01,1.09636,1.0904,1.09314,1.0959,7.399999999999629,27.600000000000957
2019-10-02,1.09992,1.09408,1.09584,1.09627,26.900000000000812,4.300000000001525
2019-10-03,1.0999,1.0957,1.09627,1.0976,24.800000000000377,13.299999999998313
2019-10-06,1.10004,1.09619,1.09803,1.09703,7.200000000000539,-10.000000000001119
2019-10-07,1.09958,1.09409,1.09703,1.0956,15.699999999998493,-14.300000000000423
2019-10-08,1.099,1.09507,1.0956,1.0971,8.20000000000043,15.000000000000568
2019-10-09,1.10337,1.09699,1.09704,1.1005,11.400000000001409,34.600000000000186
2019-10-10,1.10626,1.10007,1.10049,1.10329,7.399999999999629,28.000000000001357
2019-10-13,1.10426,1.10128,1.10316,1.10248,5.1000000000001044,-6.800000000000139
2019-10-14,1.10459,1.09912,1.1025,1.1032,14.700000000000824,6.999999999999229
2019-10-15,1.10855,1.10223,1.10319,1.1071,23.999999999999577,39.100000000000804
2019-10-16,1.11398,1.1065,1.1071,1.11234,15.499999999999403,52.400000000001334
2019-10-17,1.11719,1.11145,1.11236,1.11703,7.399999999999629,46.69999999999952
2019-10-20,1.11793,1.11386,1.11607,1.11487,5.700000000001815,-11.999999999998678
2019-10-21,1.11568,1.11176,1.11487,1.11243,16.100000000001113,-24.399999999999977
2019-10-22,1.11405,1.11061,1.11242,1.11297,4.999999999999449,5.5000000000005045
2019-10-23,1.11627,1.1093,1.11296,1.11037,16.499999999999293,-25.899999999998702
2019-10-24,1.11229,1.10729,1.11036,1.1079,5.699999999999594,-24.599999999999067
2019-10-26,1.10807,1.10774,1.108,1.10792,2.700000000002145,-0.8000000000008001
2019-10-27,1.11065,1.1076,1.10793,1.10992,4.999999999999449,19.899999999999363
2019-10-28,1.11183,1.10735,1.10994,1.1112,6.399999999999739,12.600000000000389
2019-10-29,1.11533,1.10801,1.11119,1.11523,15.899999999999803,40.40000000000043
2019-10-30,1.11755,1.11314,1.11523,1.11519,8.299999999998864,-0.40000000000040004
2019-10-31,1.11718,1.11281,1.11519,1.11641,21.400000000000308,12.199999999999989
2019-11-03,1.11753,1.11247,1.11684,1.11272,5.1000000000001044,-41.20000000000124
2019-11-04,1.11401,1.10635,1.11269,1.10742,9.600000000000719,-52.69999999999886
2019-11-05,1.10928,1.10651,1.10742,1.10658,5.599999999998939,-8.40000000000174
2019-11-06,1.10914,1.1036,1.10658,1.10497,7.399999999999629,-16.099999999998893
2019-11-07,1.10554,1.10167,1.10492,1.10176,5.20000000000076,-31.599999999998296
2019-11-10,1.1043,1.10163,1.1023,1.10323,4.20000000000087,9.299999999998754
2019-11-11,1.10385,1.10025,1.10323,1.10088,5.899999999998684,-23.499999999998522
2019-11-12,1.10203,1.09953,1.10089,1.10053,5.9000000000009045,-3.5999999999991594
2019-11-13,1.10274,1.0989,1.10052,1.10204,7.900000000000684,15.199999999999658
2019-11-14,1.10569,1.10145,1.10202,1.10494,3.8000000000004697,29.200000000000337
2019-11-17,1.10899,1.10487,1.10489,1.10718,4.60000000000127,22.900000000001253
2019-11-18,1.10839,1.10626,1.10711,1.1078,3.8000000000004697,6.899999999998574
2019-11-19,1.10813,1.1053,1.10777,1.10723,5.800000000000249,-5.399999999999849
2019-11-20,1.10969,1.10522,1.10723,1.10581,7.900000000000684,-14.199999999999768
2019-11-21,1.10872,1.10143,1.1058,1.10179,13.099999999999223,-40.099999999998474
2019-11-24,1.10321,1.10035,1.1017,1.10126,5.999999999999339,-4.3999999999999595
2019-11-25,1.10256,1.10071,1.10115,1.10194,5.9000000000009045,7.899999999998464
2019-11-26,1.10246,1.09922,1.10194,1.09989,6.6000000000010495,-20.499999999998852
2019-11-27,1.10179,1.09986,1.09987,1.10067,5.499999999998284,8.00000000000134
2019-11-28,1.10282,1.09811,1.10059,1.1015,6.899999999998574,9.099999999999664
2019-12-01,1.10907,1.10029,1.10229,1.10784,17.700000000000493,55.49999999999944
2019-12-02,1.10934,1.1066,1.10782,1.10809,4.599999999999049,2.6999999999999247
2019-12-03,1.11161,1.10666,1.10809,1.10775,16.40000000000086,-3.4000000000000696
2019-12-04,1.1108,1.10772,1.10772,1.11042,4.500000000000615,26.999999999999247
2019-12-05,1.11097,1.10398,1.11042,1.10543,29.399999999999427,-49.9000000000005
2019-12-08,1.10779,1.10533,1.1058,1.10635,4.60000000000127,5.5000000000005045
2019-12-09,1.10977,1.10626,1.10638,1.10919,4.60000000000127,28.099999999999792
2019-12-10,1.11448,1.10701,1.10914,1.11294,10.499999999999954,38.000000000000256
2019-12-11,1.11541,1.11029,1.11294,1.11286,12.499999999999734,-0.8000000000008001
2019-12-12,1.11995,1.11032,1.11285,1.11174,52.60000000000042,-11.099999999999444
2019-12-15,1.11581,1.11225,1.1128,1.11435,7.899999999998464,15.499999999999403
2019-12-16,1.11746,1.11293,1.11433,1.11487,15.000000000000568,5.399999999999849
2019-12-17,1.11541,1.11105,1.11483,1.11127,4.500000000000615,-35.60000000000008
2019-12-18,1.11442,1.11072,1.11126,1.11199,7.500000000000284,7.300000000001194
2019-12-19,1.11248,1.10662,1.11194,1.10769,6.599999999998829,-42.49999999999865
2019-12-22,1.10958,1.10699,1.1081,1.10895,3.8000000000004697,8.500000000000174
2019-12-23,1.10938,1.1069,1.10895,1.10879,3.5999999999991594,-1.6000000000016001
2019-12-24,1.10885,1.1073,1.10876,1.10821,5.299999999999194,-5.5000000000005045
2019-12-25,1.11088,1.10821,1.10885,1.10974,2.9999999999996696,8.900000000000574
2019-12-26,1.11883,1.10964,1.10973,1.11713,5.40000000000207,73.99999999999851
2019-12-29,1.12207,1.11718,1.11736,1.11985,9.099999999999664,24.900000000001032
2019-12-30,1.12391,1.11974,1.11985,1.12076,6.200000000000649,9.099999999999664
2020-01-01,1.12245,1.11635,1.1212,1.11722,7.199999999998319,-39.799999999998725
2020-01-02,1.11798,1.11249,1.11722,1.11548,14.399999999998858,-17.400000000000748
2020-01-05,1.12055,1.11571,1.11656,1.11968,4.599999999999049,31.200000000000117
2020-01-06,1.11975,1.11335,1.1196,1.11526,7.200000000000539,-43.400000000000105
2020-01-07,1.11682,1.11016,1.11529,1.11053,17.499999999999183,-47.59999999999876
2020-01-08,1.11204,1.10924,1.11053,1.11051,4.799999999998139,-0.1999999999990898
2020-01-09,1.11291,1.1085,1.11051,1.11165,18.000000000000238,11.399999999999189
2020-01-12,1.11469,1.11125,1.11141,1.11338,6.299999999999084,19.700000000000273
2020-01-13,1.11444,1.11045,1.11338,1.11274,9.499999999997844,-6.399999999999739
2020-01-14,1.11634,1.11185,1.11284,1.11495,8.500000000000174,21.100000000000563
2020-01-15,1.11727,1.11279,1.11492,1.11358,7.699999999999374,-13.399999999998968
2020-01-16,1.11425,1.10862,1.11358,1.1089,5.999999999999339,-46.800000000000175
2020-01-19,1.11023,1.10766,1.1091,1.10944,3.900000000001125,3.4000000000000696
2020-01-20,1.11179,1.10809,1.10934,1.10819,5.60000000000116,-11.499999999999844
2020-01-21,1.10984,1.107,1.10816,1.1092,4.900000000001015,10.399999999999299
2020-01-22,1.11087,1.10362,1.1092,1.10542,17.099999999998783,-37.799999999998946
2020-01-23,1.10617,1.10195,1.10542,1.10224,6.500000000000394,-31.799999999999606
2020-01-26,1.10375,1.10096,1.10318,1.10184,7.300000000001194,-13.400000000001189
2020-01-27,1.10252,1.09978,1.10185,1.1022,4.100000000000215,3.5000000000007248
2020-01-28,1.10276,1.09923,1.10219,1.10098,4.799999999998139,-12.099999999999334
2020-01-29,1.10393,1.10069,1.10097,1.10312,7.099999999999884,21.500000000000963
2020-01-30,1.10954,1.10168,1.10312,1.10944,6.399999999999739,63.19999999999881
2020-02-02,1.10939,1.10356,1.10939,1.10593,11.399999999999189,-34.600000000000186
2020-02-03,1.10641,1.10328,1.1059,1.10434,5.5000000000005045,-15.600000000000058
2020-02-04,1.10479,1.09937,1.10436,1.09989,9.600000000000719,-44.69999999999974
2020-02-05,1.10138,1.09644,1.09989,1.09827,10.200000000000209,-16.199999999999548
2020-02-06,1.09849,1.09419,1.09827,1.09438,12.400000000001299,-38.90000000000171
2020-02-09,1.09574,1.09076,1.09439,1.09105,4.8000000000003595,-33.39999999999898
2020-02-10,1.09248,1.08913,1.09105,1.09143,6.999999999999229,3.7999999999982492
2020-02-11,1.09255,1.08654,1.09139,1.08728,8.099999999999774,-41.10000000000058
2020-02-12,1.08887,1.0834,1.08707,1.08408,6.6000000000010495,-29.90000000000048
2020-02-13,1.08611,1.08271,1.08408,1.08299,8.399999999999519,-10.900000000000354
2020-02-16,1.08509,1.08291,1.08406,1.08345,3.5999999999991594,-6.099999999999994
2020-02-17,1.08373,1.07854,1.08343,1.07907,9.500000000000064,-43.5999999999992
2020-02-18,1.08115,1.07822,1.07906,1.08022,5.1000000000001044,11.600000000000499
2020-02-19,1.08211,1.07778,1.08022,1.07838,6.699999999999484,-18.400000000000638
2020-02-20,1.08635,1.07843,1.07843,1.08456,12.700000000001044,61.299999999999685
2020-02-23,1.0872,1.0805,1.08145,1.08519,12.600000000000389,37.400000000000766
2020-02-24,1.08902,1.083,1.08519,1.08806,6.999999999999229,28.69999999999928
2020-02-25,1.09086,1.08549,1.08806,1.08813,10.499999999999954,0.700000000000145
2020-02-26,1.10064,1.08769,1.08812,1.09998,12.600000000000389,118.59999999999982
2020-02-27,1.1053,1.09509,1.09998,1.10251,17.899999999999583,25.300000000001432
2020-03-01,1.11845,1.10362,1.10423,1.11331,12.300000000000644,90.79999999999977
2020-03-02,1.12134,1.10953,1.11327,1.11716,60.80000000000085,38.899999999999494
2020-03-03,1.11875,1.10955,1.11715,1.11328,21.800000000000708,-38.7000000000004
2020-03-04,1.12447,1.11195,1.11328,1.12361,9.399999999999409,103.2999999999995
2020-03-05,1.13546,1.12112,1.12361,1.12804,22.999999999999687,44.29999999999934
2020-03-07,1.13567,1.1335,1.13473,1.1347,9.799999999999809,-0.2999999999997449
2020-03-08,1.14954,1.13397,1.13469,1.14368,67.30000000000125,89.90000000000053
2020-03-09,1.14578,1.12749,1.14464,1.12916,15.700000000000713,-154.8000000000016
2020-03-10,1.13667,1.12501,1.12916,1.12607,15.199999999999658,-30.90000000000037
2020-03-11,1.13336,1.1055,1.12604,1.11676,80.10000000000073,-92.79999999999956
2020-03-12,1.12213,1.1055,1.11672,1.10992,15.700000000000713,-67.99999999999918
2020-03-14,1.11996,1.10705,1.10705,1.119,32.40000000000131,119.49999999999905
2020-03-15,1.12366,1.10849,1.119,1.11788,19.700000000000273,-11.200000000000099
2020-03-16,1.11891,1.0955,1.11788,1.10076,21.999999999999797,-171.20000000000024
2020-03-17,1.10451,1.08016,1.10076,1.09126,18.500000000001293,-95.00000000000064
2020-03-18,1.09818,1.06543,1.09126,1.0662,35.70000000000073,-250.5999999999986
2020-03-19,1.08309,1.06375,1.06614,1.06929,40.40000000000043,31.49999999999986
2020-03-21,1.07044,1.06925,1.07011,1.06939,9.700000000001374,-7.199999999998319
2020-03-22,1.08279,1.06357,1.06942,1.07247,36.500000000001535,30.49999999999997
2020-03-23,1.08879,1.07239,1.07243,1.07829,23.499999999998522,58.59999999999977
2020-03-24,1.08938,1.07599,1.07812,1.08796,28.399999999999537,98.40000000000072
2020-03-25,1.10587,1.08698,1.08797,1.10291,19.399999999998307,149.39999999999952
2020-03-26,1.11473,1.09533,1.10292,1.11379,18.899999999999473,108.70000000000158
2020-03-29,1.11383,1.101,1.11172,1.10427,16.40000000000086,-74.49999999999957
2020-03-30,1.10545,1.09265,1.10427,1.10299,36.000000000000476,-12.800000000001699
2020-03-31,1.1039,1.09026,1.10286,1.09616,11.999999999998678,-66.99999999999929
2020-04-01,1.09684,1.08206,1.09619,1.08561,18.100000000000893,-105.80000000000034
2020-04-02,1.08645,1.07727,1.08557,1.07955,18.400000000000638,-60.19999999999914
2020-04-05,1.08354,1.07683,1.08082,1.0792,11.399999999999189,-16.199999999999548
2020-04-06,1.09263,1.07835,1.0792,1.08904,13.900000000000023,98.40000000000072
2020-04-07,1.09019,1.08299,1.08903,1.08564,14.699999999998603,-33.90000000000004
2020-04-08,1.09516,1.08409,1.08559,1.09285,11.399999999999189,72.60000000000045
2020-04-09,1.09524,1.09192,1.09286,1.09326,7.099999999999884,3.9999999999995595
2020-04-12,1.09678,1.08926,1.09482,1.0912,20.000000000000018,-36.19999999999956
2020-04-13,1.09871,1.09029,1.09109,1.09798,7.900000000000684,68.90000000000063
2020-04-14,1.09907,1.08564,1.09794,1.09066,9.399999999999409,-72.79999999999953
2020-04-15,1.09111,1.08166,1.09076,1.08386,9.899999999998244,-68.99999999999906
2020-04-16,1.08926,1.08119,1.08386,1.08711,10.799999999999699,32.49999999999975
2020-04-19,1.08967,1.08411,1.08748,1.08607,8.999999999999009,-14.099999999999113
2020-04-20,1.08802,1.08165,1.08611,1.08564,23.699999999999832,-4.699999999999704
2020-04-21,1.08852,1.08032,1.08563,1.08229,7.800000000000029,-33.40000000000121
2020-04-22,1.08466,1.0756,1.08226,1.0776,20.799999999998597,-46.60000000000109
2020-04-23,1.08294,1.07271,1.0776,1.08196,17.599999999999838,43.600000000001415
2020-04-26,1.08602,1.08112,1.08211,1.08286,8.20000000000043,7.500000000000284
2020-04-27,1.08884,1.08097,1.08282,1.08186,10.699999999999044,-9.599999999998499
2020-04-28,1.08856,1.08183,1.08186,1.08724,14.499999999999513,53.7999999999994
2020-04-29,1.09726,1.0833,1.08741,1.09539,21.999999999999797,79.80000000000098
2020-04-30,1.10187,1.09344,1.09539,1.09777,25.100000000000122,23.799999999998267
2020-05-03,1.09736,1.08956,1.09676,1.09058,9.200000000000319,-61.79999999999852
2020-05-04,1.09258,1.08258,1.09063,1.08377,13.000000000000789,-68.60000000000088
2020-05-05,1.08456,1.07819,1.08377,1.0793,8.500000000000174,-44.69999999999974
2020-05-06,1.08339,1.07665,1.07934,1.08331,17.599999999999838,39.70000000000029
2020-05-07,1.08756,1.08151,1.0834,1.08371,13.199999999999878,3.1000000000003247
2020-05-10,1.08504,1.08005,1.08265,1.08061,7.800000000000029,-20.399999999998197
2020-05-11,1.08851,1.07843,1.08059,1.08472,12.400000000001299,41.29999999999967
2020-05-12,1.08965,1.08116,1.08475,1.08176,18.199999999999328,-29.90000000000048
2020-05-13,1.08239,1.07748,1.08176,1.0804,12.099999999999334,-13.600000000000279
2020-05-14,1.08509,1.07888,1.08042,1.08183,12.799999999999478,14.100000000001334
2020-05-17,1.0927,1.07999,1.08088,1.09154,12.700000000001044,106.59999999999891
2020-05-18,1.09759,1.09021,1.09155,1.09221,9.200000000000319,6.599999999998829
2020-05-19,1.09989,1.09186,1.09219,1.09771,7.999999999999119,55.19999999999969
2020-05-20,1.10083,1.09371,1.09769,1.09484,12.800000000001699,-28.500000000000192
2020-05-21,1.09535,1.08852,1.09472,1.0898,6.099999999999994,-49.199999999998134
2020-05-24,1.09144,1.08706,1.08956,1.0895,4.8000000000003595,-0.6000000000017103
2020-05-25,1.09957,1.08919,1.0895,1.09816,9.699999999999154,86.60000000000112
2020-05-26,1.10307,1.0934,1.09812,1.10026,30.000000000001137,21.400000000000308
2020-05-27,1.10934,1.09916,1.10024,1.10767,10.700000000001264,74.29999999999825
2020-05-28,1.11451,1.10698,1.10767,1.11036,14.399999999998858,26.900000000000812
2020-05-31,1.1154,1.11004,1.11129,1.11353,12.800000000001699,22.400000000000198
2020-06-01,1.11959,1.11151,1.11353,1.11693,11.600000000000499,34.000000000000696
2020-06-02,1.12577,1.11667,1.1169,1.12328,14.799999999999258,63.80000000000052
2020-06-03,1.13623,1.11947,1.12325,1.1337,29.799999999999827,104.49999999999848
2020-06-04,1.13836,1.12784,1.13367,1.12911,19.799999999998708,-45.59999999999897
2020-06-07,1.13198,1.12682,1.12934,1.12937,12.599999999998168,0.2999999999997449
2020-06-08,1.13638,1.12409,1.12936,1.13395,15.100000000001224,45.900000000000944
2020-06-09,1.14224,1.13219,1.13395,1.13729,40.800000000000836,33.39999999999898
2020-06-10,1.14036,1.12885,1.13729,1.12989,13.900000000000023,-73.99999999999851
2020-06-11,1.13405,1.12125,1.12989,1.1255,17.400000000000748,-43.90000000000116
2020-06-14,1.13324,1.12262,1.12329,1.13228,13.900000000000023,89.90000000000053
2020-06-15,1.13532,1.12278,1.13228,1.12631,12.199999999999989,-59.70000000000031
2020-06-16,1.12939,1.12068,1.12629,1.12432,14.800000000001479,-19.700000000000273
2020-06-17,1.12613,1.11854,1.12428,1.12055,9.600000000000719,-37.30000000000011
2020-06-18,1.12542,1.1168,1.12054,1.11759,19.200000000001438,-29.50000000000008
2020-06-21,1.12698,1.11684,1.11835,1.12597,13.000000000000789,76.1999999999996
2020-06-22,1.13486,1.1233,1.12597,1.13074,14.199999999999768,47.70000000000163
2020-06-23,1.13257,1.12482,1.13073,1.12503,14.000000000000679,-57.000000000000384
2020-06-24,1.12597,1.11903,1.12503,1.1217,9.600000000000719,-33.30000000000055
2020-06-25,1.12393,1.11951,1.12181,1.1217,9.699999999999154,-1.100000000000545
2020-06-28,1.12879,1.12149,1.12149,1.1241,7.999999999999119,26.100000000000012
2020-06-29,1.12619,1.1191,1.12412,1.12336,12.099999999999334,-7.600000000000939
2020-06-30,1.12751,1.11848,1.1234,1.12507,10.100000000001774,16.700000000000603
2020-07-01,1.13026,1.12233,1.12507,1.12388,13.700000000000934,-11.900000000000244
2020-07-02,1.12518,1.12192,1.12391,1.12464,8.20000000000043,7.300000000001194
2020-07-05,1.13454,1.12411,1.12433,1.13089,11.600000000000499,65.599999999999
2020-07-06,1.13325,1.12588,1.13087,1.12727,9.099999999999664,-36.000000000000476
2020-07-07,1.13518,1.12623,1.12725,1.13293,8.699999999999264,56.79999999999907
2020-07-08,1.13706,1.12801,1.13292,1.12846,16.899999999999693,-44.599999999999085
2020-07-09,1.13247,1.12547,1.12845,1.1299,7.800000000000029,14.499999999999513
2020-07-12,1.13748,1.13008,1.13039,1.13435,7.599999999998719,39.59999999999964
2020-07-13,1.14086,1.13251,1.13431,1.13993,7.300000000001194,56.20000000000181
2020-07-14,1.1452,1.1391,1.1399,1.14113,14.300000000000423,12.300000000000644
2020-07-15,1.14417,1.13704,1.14113,1.13834,10.299999999998644,-27.900000000000702
2020-07-16,1.14436,1.13756,1.13832,1.14269,7.500000000000284,43.69999999999985
2020-07-19,1.14677,1.14023,1.14084,1.14472,13.900000000000023,38.79999999999883
2020-07-20,1.15398,1.14228,1.14472,1.15265,18.499999999999073,79.29999999999993
2020-07-21,1.16013,1.15068,1.15268,1.15695,17.700000000000493,42.69999999999996
2020-07-22,1.16268,1.15403,1.15693,1.15959,11.300000000000754,26.599999999998847
2020-07-23,1.1658,1.15812,1.15959,1.16546,14.100000000001334,58.700000000000415
2020-07-26,1.17813,1.16413,1.1643,1.1751,20.000000000000018,108.00000000000142
2020-07-27,1.17736,1.16987,1.17512,1.1715,12.400000000001299,-36.19999999999956
2020-07-28,1.18061,1.17118,1.17148,1.17907,16.399999999998638,75.89999999999986
2020-07-29,1.18482,1.17308,1.1791,1.18467,15.400000000000968,55.699999999998525
2020-07-30,1.19087,1.17617,1.18465,1.17753,13.700000000000934,-71.20000000000016
2020-08-02,1.17966,1.16959,1.17725,1.17617,15.000000000000568,-10.799999999999699
2020-08-03,1.18059,1.17211,1.17633,1.18028,12.999999999998568,39.49999999999898
2020-08-04,1.19048,1.17929,1.18026,1.18629,13.799999999999368,60.2999999999998
2020-08-05,1.1916,1.18179,1.18627,1.18763,15.499999999999403,13.600000000000279
2020-08-06,1.18828,1.17551,1.18763,1.17862,17.899999999999583,-90.09999999999962
2020-08-09,1.18006,1.17359,1.17886,1.17371,7.499999999998064,-51.49999999999988
2020-08-10,1.1808,1.17219,1.17373,1.17395,11.000000000001009,2.20000000000109
2020-08-11,1.1817,1.1711,1.17395,1.17835,20.899999999999253,43.999999999999595
2020-08-12,1.18641,1.17796,1.17835,1.18131,11.499999999999844,29.600000000000737
2020-08-13,1.18503,1.17817,1.18126,1.18414,10.599999999998388,28.799999999999937
2020-08-16,1.18809,1.18286,1.18389,1.18698,9.099999999999664,30.89999999999815
2020-08-17,1.19656,1.18658,1.18698,1.19305,19.700000000000273,60.7000000000002
2020-08-18,1.19526,1.18302,1.19306,1.18385,15.199999999999658,-92.0999999999994
2020-08-19,1.18686,1.18019,1.18396,1.18599,16.20000000000177,20.300000000001983
2020-08-20,1.18828,1.17541,1.18599,1.17949,15.799999999999148,-65.00000000000172
2020-08-23,1.18495,1.17841,1.17911,1.17873,9.00000000000123,-3.8000000000004697
2020-08-24,1.18435,1.17841,1.17871,1.18343,9.500000000000064,47.20000000000057
2020-08-25,1.18391,1.17721,1.1834,1.18298,9.300000000000974,-4.20000000000087
2020-08-26,1.19018,1.17623,1.18297,1.18215,28.999999999999027,-8.20000000000043
2020-08-27,1.19197,1.18109,1.18215,1.19018,12.600000000000389,80.29999999999981
2020-08-30,1.1966,1.1884,1.18998,1.19361,10.900000000000354,36.300000000000225
2020-08-31,1.20113,1.19013,1.19358,1.19113,24.999999999999467,-24.500000000000632
2020-09-01,1.19287,1.18221,1.19112,1.18547,9.299999999998754,-56.49999999999933
2020-09-02,1.18646,1.17889,1.18506,1.18512,10.099999999999554,0.5999999999994898
2020-09-03,1.18654,1.17809,1.18513,1.18371,21.700000000000053,-14.199999999999768
2020-09-06,1.18486,1.18117,1.18432,1.18133,9.00000000000123,-29.90000000000048
2020-09-07,1.18273,1.17654,1.18133,1.17737,10.499999999999954,-39.59999999999964
2020-09-08,1.18339,1.17527,1.17749,1.18025,30.799999999999716,27.600000000000957
2020-09-09,1.19175,1.18004,1.18026,1.18146,39.9000000000016,11.999999999998678
2020-09-10,1.18741,1.1813,1.18145,1.18453,9.200000000000319,30.800000000001937
2020-09-13,1.1888,1.18319,1.18348,1.18643,6.800000000000139,29.50000000000008
2020-09-14,1.19005,1.18395,1.18648,1.18462,7.300000000001194,-18.599999999999728
2020-09-15,1.18825,1.17876,1.18465,1.18155,18.199999999999328,-30.999999999998806
2020-09-16,1.18524,1.17373,1.18156,1.18477,10.399999999999299,32.10000000000157
2020-09-17,1.18705,1.1826,1.18476,1.18385,7.599999999998719,-9.099999999999664
2020-09-20,1.18717,1.17317,1.18369,1.17707,8.899999999998354,-66.19999999999848
2020-09-21,1.17735,1.16916,1.17707,1.17077,12.599999999998168,-62.99999999999972
2020-09-22,1.17188,1.16513,1.17074,1.16595,16.00000000000046,-47.8999999999985
2020-09-23,1.16869,1.16265,1.1659,1.16708,9.900000000000464,11.799999999999589
2020-09-24,1.1685,1.16121,1.16706,1.16277,11.099999999999444,-42.899999999999054
2020-09-27,1.16799,1.1615,1.16271,1.1665,7.800000000000029,37.900000000001825
2020-09-28,1.17455,1.16614,1.1665,1.17426,9.699999999999154,77.5999999999999
2020-09-29,1.17548,1.16847,1.1743,1.1721,12.399999999999078,-21.999999999999797
2020-09-30,1.17696,1.17171,1.1721,1.1746,9.500000000000064,25.000000000001688
2020-10-01,1.17489,1.16956,1.17489,1.17157,9.500000000000064,-33.199999999999896
2020-10-04,1.17975,1.17053,1.1711,1.17825,11.399999999999189,71.4999999999999
2020-10-05,1.18077,1.17317,1.17825,1.17334,13.399999999998968,-49.099999999999696
2020-10-06,1.17818,1.17249,1.17335,1.17604,6.200000000000649,26.900000000000812
2020-10-07,1.17816,1.17326,1.176,1.17582,10.200000000000209,-1.7999999999984695
2020-10-08,1.1831,1.17568,1.17587,1.18248,9.600000000000719,66.10000000000005
2020-10-11,1.18266,1.17867,1.18103,1.1812,5.899999999998684,1.7000000000000348
2020-10-12,1.18155,1.17304,1.1812,1.1744,8.599999999998609,-67.99999999999918
2020-10-13,1.1771,1.17199,1.17452,1.17452,6.699999999999484,0.0
2020-10-14,1.17578,1.16884,1.17452,1.17073,7.200000000000539,-37.8999999999996
2020-10-15,1.17462,1.16939,1.17073,1.17132,10.600000000000609,5.899999999998684
2020-10-18,1.17936,1.17031,1.17181,1.17695,9.900000000000464,51.399999999999224
2020-10-19,1.18407,1.17598,1.17695,1.18211,6.399999999999739,51.600000000000534
2020-10-20,1.18807,1.18209,1.18214,1.18598,9.500000000000064,38.40000000000066
2020-10-21,1.18668,1.18114,1.18569,1.18177,6.899999999998574,-39.199999999999235
2020-10-22,1.18648,1.17866,1.18177,1.18572,10.099999999999554,39.5000000000012
2020-10-24,1.18568,1.18515,1.18546,1.18558,3.300000000001635,1.2000000000012
2020-10-25,1.18605,1.18032,1.18569,1.18091,6.800000000000139,-47.80000000000007
2020-10-26,1.18387,1.17829,1.1808,1.17871,6.199999999998429,-20.900000000001473
2020-10-27,1.17879,1.17178,1.17871,1.17455,8.700000000001484,-41.59999999999941
2020-10-28,1.17587,1.16501,1.17451,1.16741,13.700000000000934,-70.99999999999883
2020-10-29,1.17042,1.164,1.1674,1.16431,10.300000000000864,-30.90000000000037
2020-11-01,1.16557,1.16221,1.16498,1.16404,6.199999999998429,-9.399999999999409
2020-11-02,1.17397,1.16318,1.16404,1.1715,9.399999999999409,74.60000000000022
2020-11-03,1.17704,1.16026,1.1715,1.17244,28.099999999999792,9.399999999999409
2020-11-04,1.18596,1.17107,1.17251,1.18268,9.699999999999154,101.70000000000013
2020-11-05,1.18908,1.17952,1.18268,1.187,27.600000000000957,43.20000000000101
2020-11-08,1.19199,1.17952,1.18898,1.18127,16.700000000000603,-77.09999999999883
2020-11-09,1.18432,1.17799,1.18124,1.18127,20.299999999999763,0.2999999999997449
2020-11-10,1.18327,1.17454,1.18127,1.17771,7.399999999999629,-35.60000000000008
2020-11-11,1.18231,1.17585,1.17771,1.18041,7.900000000000684,26.999999999999247
2020-11-12,1.18374,1.17989,1.18039,1.1831,8.099999999999774,27.099999999999902
2020-11-15,1.18689,1.18141,1.18411,1.18516,11.600000000000499,10.499999999999954
2020-11-16,1.18937,1.18425,1.18509,1.18612,6.500000000000394,10.300000000000864
2020-11-17,1.18908,1.18491,1.18607,1.18526,8.20000000000043,-8.099999999999774
2020-11-18,1.18825,1.18161,1.18526,1.18745,6.700000000001705,21.899999999999142
2020-11-19,1.18908,1.18498,1.18745,1.18544,5.60000000000116,-20.099999999998452
2020-11-22,1.1906,1.17997,1.18538,1.18399,12.900000000000134,-13.900000000000023
2020-11-23,1.18961,1.18361,1.18399,1.18905,9.099999999999664,50.599999999998424
2020-11-24,1.19297,1.18818,1.18922,1.19157,8.500000000000174,23.500000000000743
2020-11-25,1.19409,1.18852,1.19157,1.19127,5.20000000000076,-2.9999999999996696
2020-11-26,1.19641,1.19068,1.19125,1.1962,6.999999999999229,49.5000000000001
2020-11-29,1.1974,1.1961,1.19614,1.1968,5.099999999997884,6.6000000000010495
2020-11-30,1.20765,1.19353,1.19372,1.20692,19.499999999998963,132.000000000001
2020-12-01,1.21183,1.20399,1.20691,1.21132,13.199999999999878,44.10000000000025
2020-12-02,1.21746,1.2101,1.21151,1.21454,13.900000000000023,30.29999999999866
2020-12-03,1.21773,1.21101,1.21454,1.21202,11.099999999999444,-25.199999999998557
2020-12-06,1.21662,1.20784,1.21308,1.21091,9.699999999999154,-21.700000000000053
2020-12-07,1.21339,1.20953,1.21091,1.21022,10.699999999999044,-6.899999999998574
2020-12-08,1.21475,1.20587,1.21022,1.20799,8.60000000000083,-22.300000000001763
2020-12-09,1.21588,1.20748,1.20779,1.21398,26.100000000000012,61.9000000000014
2020-12-10,1.21629,1.21053,1.2136,1.21086,7.200000000000539,-27.399999999999647
2020-12-13,1.21767,1.21155,1.21367,1.21432,12.900000000000134,6.500000000000394
2020-12-14,1.21689,1.2121,1.21432,1.21505,14.199999999999768,7.299999999998974
2020-12-15,1.22121,1.2125,1.21489,1.21985,25.399999999999867,49.600000000000755
2020-12-16,1.22726,1.21898,1.21983,1.22656,15.899999999999803,67.30000000000125
2020-12-17,1.22718,1.22255,1.22676,1.22559,8.399999999999519,-11.700000000001154
2020-12-20,1.22529,1.21296,1.2221,1.22432,12.600000000000389,22.200000000001108
2020-12-21,1.2257,1.2152,1.22432,1.2161,11.399999999999189,-82.20000000000115
2020-12-22,1.2221,1.21538,1.2161,1.2185,10.900000000000354,23.999999999999577
2020-12-23,1.22156,1.21773,1.21845,1.21844,8.799999999999919,-0.10000000000065512
2020-12-24,1.22031,1.21709,1.21861,1.21922,9.300000000000974,6.099999999999994
2020-12-27,1.22502,1.21811,1.2186,1.2216,10.299999999998644,30.000000000001137
2020-12-28,1.2275,1.22073,1.2216,1.22478,8.20000000000043,31.799999999999606
2020-12-29,1.23101,1.22453,1.22455,1.22952,13.200000000002099,49.69999999999919
2020-12-30,1.23092,1.22091,1.22955,1.22153,11.000000000001009,-80.19999999999916
2021-01-03,1.23096,1.22296,1.22396,1.22473,10.899999999998133,7.7000000000015945
2021-01-04,1.23056,1.22432,1.22463,1.22957,9.700000000001374,49.399999999999444
2021-01-05,1.23494,1.22655,1.22946,1.23239,28.900000000000592,29.300000000000992
2021-01-06,1.23443,1.2245,1.23247,1.2271,12.600000000000389,-53.69999999999875
2021-01-07,1.22845,1.21929,1.22713,1.22174,17.900000000001803,-53.90000000000006
2021-01-10,1.22284,1.21321,1.22175,1.21496,12.799999999999478,-67.89999999999851
2021-01-11,1.22097,1.21371,1.21497,1.22062,8.00000000000134,56.49999999999933
2021-01-12,1.22227,1.21399,1.22064,1.21568,11.600000000000499,-49.59999999999853
2021-01-13,1.21784,1.2111,1.21568,1.2153,22.900000000001253,-3.8000000000004697
2021-01-14,1.21624,1.20747,1.2153,1.20748,10.000000000001119,-78.19999999999938
2021-01-17,1.20867,1.20535,1.20838,1.20749,5.5000000000005045,-8.900000000000574
2021-01-18,1.21448,1.20739,1.20748,1.21284,9.699999999999154,53.59999999999809
2021-01-19,1.21581,1.20767,1.21281,1.21044,9.600000000000719,-23.699999999999832
2021-01-20,1.2173,1.21032,1.21044,1.2164,13.399999999998968,59.59999999999965
2021-01-21,1.21894,1.21515,1.21564,1.21667,9.799999999999809,10.299999999998644
2021-01-24,1.21832,1.21158,1.21688,1.21363,8.999999999999009,-32.49999999999975
2021-01-25,1.21758,1.21076,1.21363,1.21597,12.099999999999334,23.400000000000087
2021-01-26,1.21696,1.20585,1.21598,1.21096,16.20000000000177,-50.200000000000244
2021-01-27,1.21424,1.20807,1.21083,1.21201,14.899999999999913,11.799999999999589
2021-01-28,1.2156,1.20944,1.21199,1.21298,12.300000000000644,9.900000000000464
2021-01-31,1.21363,1.2056,1.21297,1.20594,12.499999999999734,-70.30000000000092
2021-02-01,1.20877,1.20115,1.20594,1.20428,22.100000000000453,-16.599999999999948
2021-02-02,1.205,1.2004,1.20423,1.20351,7.399999999999629,-7.199999999998319
2021-02-03,1.20427,1.19574,1.20349,1.1962,10.599999999998388,-72.90000000000019
2021-02-04,1.20498,1.19522,1.19618,1.20481,15.799999999999148,86.29999999999916
2021-02-07,1.2066,1.20196,1.20375,1.20482,9.300000000000974,10.699999999999044
2021-02-08,1.21218,1.20469,1.20479,1.21172,10.099999999999554,69.2999999999988
2021-02-09,1.2144,1.21088,1.21168,1.21172,11.300000000000754,0.3999999999981796
2021-02-10,1.21494,1.21134,1.21172,1.21303,7.300000000001194,13.100000000001444
2021-02-11,1.2135,1.20815,1.21303,1.21177,8.099999999999774,-12.600000000000389
2021-02-14,1.21451,1.21167,1.21244,1.21274,5.699999999999594,2.9999999999996696
2021-02-15,1.21693,1.20949,1.21269,1.21053,7.899999999998464,-21.599999999999397
2021-02-16,1.2109,1.20232,1.21047,1.20372,14.100000000001334,-67.50000000000034
2021-02-17,1.20945,1.2033,1.20333,1.20908,7.999999999999119,57.49999999999922
2021-02-18,1.21444,1.20823,1.20908,1.21167,8.60000000000083,25.900000000000922
2021-02-21,1.21693,1.20911,1.21151,1.21551,9.300000000000974,40.000000000000036
2021-02-22,1.21801,1.21353,1.21551,1.21493,6.399999999999739,-5.800000000000249
2021-02-23,1.21745,1.21092,1.21493,1.21664,9.799999999999809,17.099999999998783
2021-02-24,1.22433,1.21559,1.2163,1.2174,17.80000000000115,11.000000000001009
2021-02-25,1.21841,1.20621,1.21718,1.20704,12.500000000001954,-101.40000000000038
2021-02-28,1.21011,1.20276,1.20702,1.20488,17.899999999999583,-21.400000000000308
2021-03-01,1.20943,1.19916,1.20488,1.20898,10.699999999999044,40.99999999999993
2021-03-02,1.21132,1.20427,1.20893,1.20627,16.599999999999948,-26.600000000001067
2021-03-03,1.20666,1.19615,1.20627,1.19692,11.999999999998678,-93.49999999999969
2021-03-04,1.19777,1.18932,1.19679,1.19128,28.500000000000192,-55.10000000000126
2021-03-07,1.19321,1.18442,1.19177,1.1846,10.000000000001119,-71.699999999999
2021-03-08,1.19156,1.18355,1.1846,1.19001,8.60000000000083,54.09999999999915
2021-03-09,1.19296,1.18688,1.19001,1.19284,14.600000000000168,28.29999999999888
2021-03-10,1.19899,1.19156,1.19283,1.19844,14.600000000000168,56.09999999999893
2021-03-11,1.19884,1.19099,1.19842,1.19476,8.599999999998609,-36.599999999999966
2021-03-13,1.19511,1.19439,1.19451,1.19489,4.300000000001525,3.8000000000004697
2021-03-14,1.19674,1.1911,1.19483,1.19275,7.200000000000539,-20.800000000000818
2021-03-15,1.19518,1.18819,1.19278,1.19008,14.099999999999113,-26.999999999999247
2021-03-16,1.19855,1.18861,1.19011,1.198,35.09999999999902,78.89999999999952
2021-03-17,1.19888,1.19061,1.198,1.19135,7.299999999998974,-66.50000000000045
2021-03-18,1.19371,1.18738,1.19135,1.19031,15.800000000001369,-10.399999999999299
2021-03-20,1.18822,1.18708,1.18712,1.18797,6.500000000000394,8.500000000000174
2021-03-21,1.19468,1.18744,1.18804,1.19348,8.500000000000174,54.400000000001114
2021-03-22,1.19407,1.18421,1.19348,1.18505,6.099999999999994,-84.3000000000016
2021-03-23,1.18517,1.18095,1.18501,1.18126,7.999999999999119,-37.499999999999204
2021-03-24,1.18277,1.17617,1.18127,1.17679,8.500000000000174,-44.800000000000395
2021-03-25,1.18049,1.17679,1.17686,1.17918,5.1000000000001044,23.199999999998777
2021-03-28,1.17939,1.17606,1.17917,1.17642,7.600000000000939,-27.500000000000302
2021-03-29,1.17737,1.17112,1.1764,1.17169,10.399999999999299,-47.09999999999992
2021-03-30,1.17598,1.1704,1.17168,1.17298,10.499999999999954,12.999999999998568
2021-03-31,1.17799,1.17125,1.17298,1.17759,6.500000000000394,46.10000000000003
2021-04-01,1.17866,1.1749,1.17759,1.17603,19.800000000000928,-15.600000000000058
2021-04-04,1.18194,1.17379,1.17544,1.18125,5.9000000000009045,58.09999999999871
2021-04-05,1.18776,1.17951,1.18125,1.1874,8.799999999999919,61.500000000000995
2021-04-06,1.19147,1.18608,1.1874,1.18657,9.100000000001884,-8.300000000001084
2021-04-07,1.19274,1.18609,1.18657,1.19124,7.300000000001194,46.70000000000174
2021-04-08,1.19201,1.18669,1.19121,1.18977,5.800000000000249,-14.400000000001079
2021-04-11,1.1919,1.1871,1.18903,1.19099,7.900000000000684,19.599999999999618
2021-04-12,1.19557,1.18776,1.19098,1.19474,21.500000000000963,37.59999999999985
2021-04-13,1.19872,1.1947,1.19473,1.19784,5.800000000000249,31.09999999999946
2021-04-14,1.19932,1.1956,1.19781,1.19655,9.200000000000319,-12.600000000000389
2021-04-15,1.19946,1.19503,1.1963,1.19805,5.5000000000005045,17.500000000001403
2021-04-18,1.2048,1.19424,1.19722,1.20367,11.899999999998023,64.50000000000067
2021-04-19,1.20797,1.20224,1.20363,1.20342,10.499999999999954,-2.100000000000435
2021-04-20,1.20436,1.19985,1.20337,1.20343,6.200000000000649,0.5999999999994898
2021-04-21,1.20694,1.19936,1.20344,1.20139,14.699999999998603,-20.500000000001073
2021-04-22,1.20999,1.20127,1.20138,1.20938,6.699999999999484,80.00000000000007
2021-04-25,1.21167,1.20608,1.20913,1.20838,8.60000000000083,-7.500000000000284
2021-04-26,1.20926,1.20567,1.20854,1.20891,5.299999999999194,3.6999999999998145
2021-04-27,1.21347,1.2056,1.20891,1.21242,18.899999999999473,35.100000000001245
2021-04-28,1.21498,1.21021,1.2124,1.21182,8.099999999999774,-5.800000000000249
2021-04-29,1.21265,1.20165,1.21173,1.20169,12.300000000000644,-100.40000000000049
2021-05-02,1.2076,1.2013,1.20309,1.20627,8.300000000001084,31.799999999999606
2021-05-03,1.20649,1.19989,1.20627,1.20116,21.700000000000053,-51.09999999999948
2021-05-04,1.20265,1.19859,1.20106,1.20036,10.499999999999954,-6.999999999999229
2021-05-05,1.20716,1.19929,1.20036,1.20645,5.299999999999194,60.89999999999929
2021-05-06,1.21713,1.20527,1.20647,1.21615,51.49999999999988,96.80000000000133
2021-05-09,1.21782,1.21276,1.21601,1.21282,8.799999999999919,-31.90000000000026
2021-05-10,1.21815,1.2123,1.21281,1.21467,10.900000000000354,18.599999999999728
2021-05-11,1.2152,1.20655,1.21467,1.20705,44.30000000000156,-76.1999999999996
2021-05-12,1.2106,1.20514,1.20724,1.20791,13.000000000000789,6.699999999999484
2021-05-13,1.21477,1.20708,1.20787,1.2142,16.700000000000603,63.29999999999947
2021-05-16,1.21687,1.21259,1.2145,1.21513,5.699999999999594,6.300000000001305
2021-05-17,1.22339,1.21489,1.21514,1.22219,5.999999999999339,70.5
2021-05-18,1.22451,1.21598,1.22219,1.21744,21.400000000000308,-47.50000000000032
2021-05-19,1.2229,1.21689,1.21744,1.22268,5.700000000001815,52.39999999999911
2021-05-20,1.22396,1.21607,1.2227,1.21778,13.900000000000023,-49.199999999998134
2021-05-23,1.22298,1.21722,1.21778,1.22151,9.300000000000974,37.30000000000011
2021-05-24,1.22664,1.22113,1.22146,1.22497,7.299999999998974,35.09999999999902
2021-05-25,1.22629,1.2182,1.22481,1.21922,6.800000000000139,-55.899999999999835
2021-05-26,1.22149,1.21751,1.21906,1.2193,8.20000000000043,2.4000000000001798
2021-05-27,1.22048,1.21325,1.21932,1.21905,10.399999999999299,-2.6999999999999247
2021-05-30,1.22042,1.21845,1.2199,1.21988,8.500000000000174,-0.1999999999990898
2021-05-31,1.22542,1.22116,1.22325,1.22126,14.800000000001479,-19.899999999999363
2021-06-01,1.22265,1.2164,1.22125,1.221,9.600000000000719,-2.4999999999986144
2021-06-02,1.22141,1.21181,1.22097,1.21265,13.299999999998313,-83.20000000000105
2021-06-03,1.21856,1.21039,1.21261,1.21644,30.49999999999997,38.3
2021-06-06,1.22017,1.21448,1.21601,1.21893,5.699999999999594,29.200000000000337
2021-06-07,1.21941,1.21642,1.21892,1.21726,6.800000000000139,-16.599999999999948
2021-06-08,1.22179,1.21711,1.21725,1.21775,5.1000000000001044,5.00000000000167
2021-06-09,1.21945,1.21433,1.21774,1.21751,28.600000000000847,-2.2999999999995246
2021-06-10,1.21929,1.20925,1.21751,1.21072,7.4000000000018495,-67.90000000000074
2021-06-13,1.21305,1.20942,1.21045,1.21195,6.6000000000010495,15.000000000000568
2021-06-14,1.21473,1.21013,1.21191,1.21261,8.399999999999519,6.999999999999229
2021-06-15,1.21347,1.19939,1.21257,1.1994,48.799999999999955,-131.69999999999905
2021-06-16,1.20062,1.18916,1.1994,1.19059,9.699999999999154,-88.09999999999985
2021-06-17,1.19249,1.18472,1.19057,1.18592,7.800000000000029,-46.49999999999821
2021-06-20,1.19213,1.18476,1.18542,1.1917,13.399999999998968,62.80000000000064
2021-06-21,1.19526,1.18808,1.19167,1.19407,13.300000000000534,23.999999999999577
2021-06-22,1.197,1.19113,1.19363,1.19255,12.400000000001299,-10.799999999999699
2021-06-23,1.19562,1.19176,1.19255,1.19316,6.200000000000649,6.099999999999994
2021-06-24,1.19751,1.19261,1.19312,1.19347,7.800000000000029,3.5000000000007248
2021-06-27,1.19444,1.19022,1.19296,1.1923,7.999999999999119,-6.6000000000010495
2021-06-28,1.19295,1.18775,1.19209,1.18953,9.600000000000719,-25.600000000001177
2021-06-29,1.1909,1.1845,1.18955,1.18558,14.499999999999513,-39.70000000000029
2021-06-30,1.18842,1.18373,1.1856,1.18492,6.499999999998174,-6.800000000000139
2021-07-01,1.18741,1.1807,1.18492,1.18622,20.999999999999908,13.000000000000789
2021-07-04,1.18804,1.18513,1.18598,1.1862,4.899999999998794,2.1999999999988695
2021-07-05,1.18951,1.18068,1.1862,1.18234,8.399999999999519,-38.599999999999746
2021-07-06,1.18364,1.17815,1.18231,1.179,14.800000000001479,-33.09999999999924
2021-07-07,1.18678,1.17834,1.179,1.18441,8.099999999999774,54.09999999999915
2021-07-08,1.1881,1.18249,1.18441,1.1871,6.500000000000394,26.900000000000812
2021-07-11,1.18802,1.1836,1.18751,1.18596,11.799999999999589,-15.500000000001624
2021-07-12,1.18751,1.17721,1.18594,1.17758,36.89999999999971,-83.59999999999923
2021-07-13,1.18387,1.17717,1.17756,1.18355,7.800000000000029,59.90000000000162
2021-07-14,1.18506,1.17962,1.1835,1.18118,5.399999999999849,-23.200000000000998
2021-07-15,1.18221,1.17921,1.18119,1.18047,7.600000000000939,-7.200000000000539
2021-07-18,1.18244,1.17636,1.18054,1.17967,6.399999999999739,-8.699999999999264
2021-07-19,1.18024,1.17555,1.17979,1.17801,7.800000000000029,-17.799999999998928
2021-07-20,1.18046,1.17518,1.17776,1.17939,6.800000000000139,16.300000000000203
2021-07-21,1.18304,1.17572,1.17892,1.17706,17.700000000000493,-18.599999999999728
2021-07-22,1.17865,1.17544,1.17706,1.17683,7.300000000001194,-2.2999999999995246
2021-07-25,1.18172,1.17632,1.17681,1.18026,8.500000000000174,34.50000000000175
2021-07-26,1.18409,1.17698,1.18027,1.18165,5.299999999999194,13.800000000001589
2021-07-27,1.18494,1.17721,1.1816,1.18432,40.70000000000018,27.200000000000557
2021-07-28,1.18927,1.18406,1.18432,1.1886,6.099999999999994,42.800000000000615
2021-07-29,1.19085,1.18515,1.18859,1.18667,8.300000000001084,-19.200000000001438
2021-08-01,1.18968,1.18587,1.18641,1.18675,8.500000000000174,3.4000000000000696
2021-08-02,1.18932,1.18535,1.18671,1.18632,4.999999999999449,-3.8999999999989043
2021-08-03,1.18996,1.18326,1.18632,1.18364,13.299999999998313,-26.800000000000157
2021-08-04,1.18572,1.1828,1.18364,1.18321,6.300000000001305,-4.299999999999304
2021-08-05,1.18357,1.17543,1.1832,1.17596,23.899999999998922,-72.40000000000136
2021-08-08,1.17689,1.17348,1.1758,1.17359,6.399999999999739,-22.100000000000453
2021-08-09,1.17427,1.17095,1.17359,1.17185,5.399999999999849,-17.399999999998528
2021-08-10,1.17541,1.17059,1.17185,1.17381,18.500000000001293,19.599999999999618
2021-08-11,1.17481,1.17236,1.17381,1.17291,7.600000000000939,-9.00000000000123
2021-08-12,1.18045,1.17283,1.17287,1.17933,5.20000000000076,64.5999999999991
2021-08-15,1.18007,1.17672,1.17934,1.17764,4.700000000001925,-17.000000000000348
2021-08-16,1.17846,1.17079,1.17763,1.17086,10.499999999999954,-67.69999999999942
2021-08-17,1.17427,1.16936,1.17088,1.17089,20.999999999999908,0.10000000000065512
2021-08-18,1.17166,1.16656,1.17088,1.16753,6.800000000000139,-33.499999999999645
2021-08-19,1.17044,1.16638,1.16753,1.16951,5.399999999999849,19.800000000000928
2021-08-22,1.17501,1.16925,1.16935,1.17439,6.500000000000394,50.400000000001555
2021-08-23,1.1765,1.17272,1.17439,1.17541,7.099999999999884,10.200000000000209
2021-08-24,1.17745,1.1726,1.17541,1.17711,5.699999999999594,17.000000000000348
2021-08-25,1.17789,1.17458,1.1771,1.17513,7.399999999999629,-19.700000000000273
2021-08-26,1.18022,1.17348,1.17515,1.1791,35.70000000000073,39.5000000000012
2021-08-29,1.18097,1.17827,1.17937,1.17964,5.300000000001415,2.6999999999999247
2021-08-30,1.1845,1.17936,1.17963,1.18079,10.000000000001119,11.600000000000499
2021-08-31,1.18571,1.17935,1.18082,1.1838,10.499999999999954,29.799999999999827
2021-09-01,1.1876,1.18342,1.18378,1.18744,4.3999999999999595,36.599999999999966
2021-09-02,1.1909,1.18655,1.18743,1.18773,29.200000000000337,2.9999999999996696
2021-09-05,1.18862,1.18557,1.1876,1.18683,3.4000000000000696,-7.699999999999374
2021-09-06,1.18851,1.18374,1.18679,1.18399,8.40000000000174,-27.999999999999137
2021-09-07,1.18511,1.18019,1.18358,1.1814,5.300000000001415,-21.800000000000708
2021-09-08,1.18412,1.18051,1.18139,1.18236,14.899999999999913,9.700000000001374
2021-09-09,1.1851,1.18092,1.18233,1.18101,4.999999999999449,-13.200000000002099
2021-09-12,1.18169,1.177,1.18111,1.181,5.1000000000001044,-1.100000000000545
2021-09-13,1.18458,1.18,1.18095,1.18017,22.600000000001508,-7.800000000000029
2021-09-14,1.18318,1.17991,1.18017,1.1816,6.800000000000139,14.300000000000423
2021-09-15,1.18204,1.17504,1.18157,1.17633,10.200000000000209,-52.39999999999911
2021-09-16,1.17888,1.17235,1.17679,1.17239,10.600000000000609,-43.999999999999595
2021-09-19,1.17364,1.17001,1.17288,1.17252,5.399999999999849,-3.5999999999991594
2021-09-20,1.17486,1.17147,1.17252,1.1724,9.40000000000163,-1.1999999999989797
2021-09-21,1.17555,1.16843,1.1724,1.16866,35.30000000000033,-37.400000000000766
2021-09-22,1.175,1.16834,1.16864,1.17384,11.799999999999589,52.00000000000094
2021-09-23,1.17476,1.17005,1.17383,1.17181,4.699999999999704,-20.199999999999108
2021-09-26,1.17261,1.16846,1.17253,1.16949,5.399999999999849,-30.400000000001537
2021-09-27,1.17031,1.16682,1.16944,1.16827,20.800000000000818,-11.700000000001154
2021-09-28,1.169,1.15894,1.16828,1.15968,9.999999999998899,-85.9999999999994
2021-09-29,1.16096,1.15624,1.15967,1.15752,8.099999999999774,-21.499999999998742
2021-09-30,1.16072,1.15628,1.15744,1.15923,10.799999999999699,17.899999999999583
2021-10-03,1.164,1.15876,1.15954,1.16189,5.299999999999194,23.500000000000743
2021-10-04,1.16218,1.15804,1.16188,1.15966,8.900000000000574,-22.200000000001108
2021-10-05,1.16028,1.15291,1.15963,1.15542,12.399999999999078,-42.10000000000047
2021-10-06,1.1572,1.15474,1.15542,1.1553,4.899999999998794,-1.1999999999989797
2021-10-07,1.15861,1.15413,1.1553,1.15721,19.899999999999363,19.100000000000783
2021-10-10,1.15867,1.15489,1.15674,1.15513,6.399999999999739,-16.100000000001113
2021-10-11,1.15703,1.15242,1.1551,1.15298,5.5000000000005045,-21.200000000001218
2021-10-12,1.15972,1.15287,1.15298,1.15939,7.900000000000684,64.10000000000026
2021-10-13,1.16242,1.15839,1.15907,1.15953,6.6000000000010495,4.599999999999049
2021-10-14,1.16185,1.15881,1.15953,1.15983,7.099999999999884,2.9999999999996696
2021-10-17,1.16223,1.15717,1.15903,1.16091,5.599999999998939,18.800000000001038
2021-10-18,1.16693,1.16078,1.16092,1.16312,6.699999999999484,21.999999999999797
2021-10-19,1.16586,1.16168,1.16308,1.16485,4.500000000000615,17.700000000000493
2021-10-20,1.16674,1.16194,1.16482,1.16215,6.499999999998174,-26.699999999999502
2021-10-21,1.16556,1.16198,1.16212,1.16395,7.699999999999374,18.299999999999983
2021-10-24,1.16649,1.15907,1.16382,1.1608,9.099999999999664,-30.200000000000227
2021-10-25,1.16257,1.15848,1.1608,1.15959,5.399999999999849,-12.100000000001554
2021-10-26,1.16259,1.15849,1.15959,1.16027,8.599999999998609,6.800000000000139
2021-10-27,1.16921,1.15821,1.16027,1.16785,13.799999999999368,75.80000000000142
2021-10-28,1.16899,1.1535,1.1678,1.15529,15.600000000000058,-125.10000000000021
2021-10-30,1.15637,1.15562,1.15576,1.15628,2.80000000000058,5.20000000000076
2021-10-31,1.1609,1.1546,1.15625,1.16034,7.800000000000029,40.89999999999927
2021-11-01,1.16133,1.15751,1.16044,1.1579,4.999999999999449,-25.399999999999867
2021-11-02,1.16162,1.15622,1.15789,1.16125,33.499999999999645,33.599999999998076
2021-11-03,1.16164,1.15282,1.16126,1.15539,8.399999999999519,-58.700000000000415
2021-11-04,1.15731,1.15132,1.15539,1.15631,18.599999999999728,9.200000000000319
2021-11-07,1.15949,1.15503,1.15566,1.15844,6.099999999999994,27.800000000000047
2021-11-08,1.16087,1.15698,1.15836,1.15927,6.099999999999994,9.099999999999664
2021-11-09,1.15952,1.14759,1.15912,1.14781,23.900000000001143,-113.09999999999931
2021-11-10,1.14875,1.14428,1.14778,1.14498,5.399999999999849,-27.999999999999137
2021-11-11,1.1462,1.14328,1.14488,1.14413,7.999999999999119,-7.499999999998064
2021-11-14,1.14638,1.13562,1.14473,1.1367,22.699999999999942,-80.29999999999981
2021-11-15,1.13856,1.13089,1.13665,1.13196,15.800000000001369,-46.89999999999861
2021-11-16,1.13321,1.12635,1.13188,1.13189,36.000000000000476,0.10000000000065512
2021-11-17,1.1374,1.13137,1.13181,1.1369,7.800000000000029,50.90000000000039
2021-11-18,1.13725,1.12499,1.1369,1.12794,18.199999999999328,-89.60000000000079
2021-11-21,1.12907,1.12306,1.12873,1.12356,20.199999999999108,-51.70000000000119
2021-11-22,1.1275,1.12259,1.12356,1.12469,10.699999999999044,11.300000000000754
2021-11-23,1.12552,1.11859,1.12465,1.11962,11.400000000001409,-50.299999999998676
2021-11-24,1.12296,1.11944,1.11957,1.12065,5.1000000000001044,10.799999999999699
2021-11-25,1.13301,1.12057,1.12064,1.13071,14.099999999999113,100.70000000000023
2021-11-28,1.13134,1.12583,1.13004,1.12888,7.500000000000284,-11.599999999998278
2021-11-29,1.13828,1.12349,1.12887,1.13367,22.100000000000453,47.999999999999154
2021-11-30,1.13596,1.13025,1.13354,1.13188,13.699999999998713,-16.599999999999948
2021-12-01,1.13476,1.12953,1.1318,1.13006,7.899999999998464,-17.399999999998528
2021-12-02,1.13333,1.12665,1.13,1.13117,42.49999999999865,11.700000000001154
2021-12-05,1.13129,1.12663,1.13046,1.12832,6.800000000000139,-21.400000000000308
2021-12-06,1.12984,1.12275,1.12812,1.12663,7.399999999999629,-14.899999999999913
2021-12-07,1.13547,1.12631,1.12662,1.13413,8.099999999999774,75.10000000000127
2021-12-08,1.13455,1.12783,1.13411,1.12923,8.399999999999519,-48.799999999999955
2021-12-09,1.13239,1.12651,1.12923,1.13146,21.700000000000053,22.299999999999542
2021-12-12,1.13192,1.126,1.131,1.12837,10.200000000000209,-26.299999999999102
2021-12-13,1.13238,1.12535,1.12811,1.12579,6.699999999999484,-23.199999999998777
2021-12-14,1.12991,1.12215,1.12579,1.1291,27.999999999999137,33.09999999999924
2021-12-15,1.13603,1.12811,1.12909,1.13292,14.099999999999113,38.3
2021-12-16,1.13488,1.1235,1.13293,1.1237,5.599999999998939,-92.30000000000072
2021-12-19,1.13037,1.12344,1.12371,1.12756,6.099999999999994,38.49999999999909
2021-12-20,1.13026,1.12607,1.12745,1.12823,9.099999999999664,7.800000000000029
2021-12-21,1.13423,1.12644,1.12824,1.13258,7.4000000000018495,43.400000000000105
2021-12-22,1.13422,1.129,1.1325,1.13262,8.20000000000043,1.1999999999989797
2021-12-23,1.13433,1.13031,1.13265,1.13102,12.900000000000134,-16.300000000000203
2021-12-26,1.13344,1.13028,1.13101,1.13258,13.099999999999223,15.699999999998493
2021-12-27,1.13331,1.12895,1.13255,1.1308,6.900000000000794,-17.499999999999183
2021-12-28,1.13688,1.12737,1.1308,1.13459,9.099999999999664,37.8999999999996
2021-12-29,1.13598,1.12984,1.13449,1.13248,7.7000000000015945,-20.100000000000673
2021-12-30,1.13863,1.13032,1.13248,1.13686,12.600000000000389,43.80000000000051
2022-01-02,1.13782,1.12797,1.1369,1.12965,11.000000000001009,-72.49999999999979
2022-01-03,1.13224,1.12721,1.12965,1.12861,10.40000000000152,-10.40000000000152
2022-01-04,1.13463,1.12769,1.12856,1.13116,13.099999999999223,25.999999999999357
2022-01-05,1.13318,1.12845,1.13117,1.12964,13.000000000000789,-15.300000000000313
2022-01-06,1.13647,1.12899,1.12964,1.13593,24.800000000000377,62.900000000001285
2022-01-09,1.13602,1.12847,1.13515,1.13235,14.199999999999768,-28.000000000001357
2022-01-10,1.13752,1.1313,1.13234,1.13659,7.099999999999884,42.50000000000087
2022-01-11,1.14526,1.13547,1.13659,1.14408,15.600000000000058,74.89999999999996
2022-01-12,1.14817,1.14357,1.14406,1.1454,8.399999999999519,13.399999999998968
2022-01-13,1.14827,1.13984,1.14535,1.1409,9.40000000000163,-44.500000000000654
2022-01-16,1.14344,1.13917,1.14118,1.14047,6.6000000000010495,-7.099999999999884
2022-01-17,1.14214,1.13146,1.14047,1.13253,7.099999999999884,-79.40000000000057
2022-01-18,1.13571,1.13187,1.13253,1.13418,6.199999999998429,16.499999999999293
2022-01-19,1.13688,1.13031,1.13414,1.13096,6.200000000000649,-31.799999999999606
2022-01-20,1.13596,1.13009,1.13096,1.13418,6.299999999999084,32.2
2022-01-23,1.1345,1.12904,1.13396,1.1324,9.600000000000719,-15.600000000000058
2022-01-24,1.13289,1.12631,1.1323,1.12997,5.599999999998939,-23.300000000001653
2022-01-25,1.13107,1.12354,1.12995,1.12408,16.80000000000126,-58.700000000000415
2022-01-26,1.12432,1.11312,1.12408,1.11424,12.499999999999734,-98.40000000000072
2022-01-27,1.11735,1.11213,1.11432,1.1145,11.099999999999444,1.80000000000069
2022-01-30,1.12478,1.1138,1.11422,1.12329,10.700000000001264,90.69999999999911
2022-01-31,1.12786,1.12209,1.12319,1.12719,13.600000000000279,40.000000000000036
2022-02-01,1.133,1.12665,1.12719,1.13022,11.600000000000499,30.300000000000882
2022-02-02,1.14514,1.12672,1.13022,1.1437,17.700000000000493,134.79999999999936
2022-02-03,1.14837,1.14115,1.14369,1.14477,23.499999999998522,10.799999999999699
2022-02-06,1.14646,1.14151,1.14638,1.14421,9.599999999998499,-21.700000000000053
2022-02-07,1.14487,1.13961,1.14415,1.14153,11.700000000001154,-26.200000000000667
2022-02-08,1.14477,1.14024,1.14153,1.14211,11.499999999999844,5.800000000000249
2022-02-09,1.14948,1.13748,1.14214,1.14272,33.499999999999645,5.800000000000249
2022-02-10,1.14298,1.13296,1.14267,1.13463,18.000000000000238,-80.40000000000047
2022-02-13,1.1369,1.12799,1.13369,1.13052,20.500000000001073,-31.70000000000117
2022-02-14,1.13681,1.12981,1.13043,1.13574,16.599999999999948,53.099999999999255
2022-02-15,1.13957,1.13449,1.13572,1.13718,10.399999999999299,14.600000000000168
2022-02-16,1.1386,1.1323,1.13717,1.13592,21.400000000000308,-12.499999999999734
2022-02-17,1.13769,1.1314,1.13584,1.13203,18.199999999999328,-38.09999999999869
2022-02-20,1.13905,1.13064,1.13186,1.13078,16.999999999998128,-10.80000000000192
2022-02-21,1.13667,1.1288,1.13074,1.1324,11.900000000000244,16.599999999999948
2022-02-22,1.13588,1.13011,1.13229,1.13027,7.800000000000029,-20.199999999999108
2022-02-23,1.13087,1.11062,1.13036,1.11914,15.199999999999658,-112.20000000000007
2022-02-24,1.12739,1.11659,1.11912,1.12719,21.999999999999797,80.70000000000022
2022-02-27,1.12464,1.11225,1.11237,1.12181,15.600000000000058,94.39999999999893
2022-02-28,1.12329,1.10896,1.12181,1.1124,15.000000000000568,-94.09999999999918
2022-03-01,1.11437,1.10573,1.11234,1.11179,28.500000000000192,-5.5000000000005045
2022-03-02,1.11215,1.10334,1.11179,1.10658,17.700000000000493,-52.100000000001586
2022-03-03,1.10677,1.08856,1.10655,1.09311,18.400000000000638,-134.39999999999895
2022-03-06,1.09325,1.08059,1.09199,1.08523,23.500000000000743,-67.60000000000099
2022-03-07,1.09582,1.08489,1.08515,1.08997,28.29999999999888,48.200000000000465
2022-03-08,1.10951,1.089,1.08964,1.1074,38.599999999999746,177.59999999999997
2022-03-09,1.11212,1.0976,1.10733,1.09849,51.20000000000013,-88.3999999999996
2022-03-10,1.10435,1.09018,1.09849,1.09099,21.199999999998997,-75.00000000000063
2022-03-12,1.09249,1.09155,1.09205,1.09178,4.8000000000003595,-2.6999999999999247
2022-03-13,1.09938,1.09005,1.09177,1.0944,19.899999999999363,26.300000000001322
2022-03-14,1.10196,1.0926,1.09438,1.09492,22.199999999998887,5.399999999999849
2022-03-15,1.10466,1.09492,1.09493,1.10311,37.50000000000142,81.80000000000076
2022-03-16,1.11375,1.10076,1.10309,1.10911,20.899999999999253,60.20000000000137
2022-03-17,1.11186,1.1003,1.1091,1.10492,11.499999999999844,-41.80000000000072
2022-03-19,1.10584,1.10503,1.10561,1.1051,4.900000000001015,-5.1000000000001044
2022-03-20,1.10701,1.10102,1.10504,1.10186,11.799999999999589,-31.799999999999606
2022-03-21,1.10457,1.09608,1.10184,1.10285,12.099999999999334,10.100000000001774
2022-03-22,1.10436,1.09639,1.10288,1.10072,8.00000000000134,-21.600000000001618
2022-03-23,1.10136,1.09659,1.10065,1.09964,20.299999999999763,-10.099999999999554
2022-03-24,1.10376,1.09797,1.0997,1.09805,9.399999999999409,-16.499999999999293
2022-03-27,1.09995,1.09446,1.09845,1.09838,16.500000000001513,-0.700000000000145
2022-03-28,1.1137,1.0969,1.09838,1.10855,22.899999999999032,101.70000000000013
2022-03-29,1.1171,1.10782,1.10855,1.11582,22.400000000000198,72.7000000000011
2022-03-30,1.11848,1.10608,1.11578,1.10662,20.299999999999763,-91.60000000000056
2022-03-31,1.1076,1.10279,1.1066,1.10427,14.099999999999113,-23.299999999999432
2022-04-03,1.10544,1.09603,1.10301,1.09696,9.399999999999409,-60.50000000000111
2022-04-04,1.09886,1.09,1.09689,1.09033,10.399999999999299,-65.599999999999
2022-04-05,1.09379,1.08745,1.09033,1.08945,24.100000000000232,-8.799999999999919
2022-04-06,1.09383,1.08644,1.08945,1.08769,23.900000000001143,-17.599999999999838
2022-04-07,1.08917,1.08364,1.08768,1.08744,14.199999999999768,-2.4000000000001798
2022-04-10,1.09332,1.08727,1.09202,1.08829,9.399999999999409,-37.30000000000011
2022-04-11,1.09036,1.08211,1.08829,1.08262,23.500000000000743,-56.70000000000064
2022-04-12,1.08942,1.08088,1.0826,1.08901,9.099999999999664,64.10000000000026
2022-04-13,1.09233,1.07575,1.08901,1.08281,28.300000000001102,-61.99999999999983
2022-04-14,1.08299,1.07964,1.08282,1.08057,16.40000000000086,-22.499999999998632
2022-04-17,1.08216,1.07698,1.08029,1.07804,7.600000000000939,-22.499999999998632
2022-04-18,1.08145,1.0761,1.07809,1.0788,7.899999999998464,7.099999999999884
2022-04-19,1.0867,1.07838,1.0788,1.08514,15.700000000000713,63.40000000000012
2022-04-20,1.09362,1.08234,1.08505,1.0832,19.500000000001183,-18.500000000001293
2022-04-21,1.08515,1.07707,1.0832,1.07947,12.799999999999478,-37.30000000000011
2022-04-24,1.08153,1.06966,1.08041,1.07114,22.900000000001253,-92.70000000000111
2022-04-25,1.07386,1.06356,1.0711,1.0637,11.799999999999589,-73.99999999999851
2022-04-26,1.06546,1.05145,1.06367,1.05575,21.800000000000708,-79.19999999999928
2022-04-27,1.05647,1.0471,1.05575,1.04981,20.700000000000163,-59.40000000000056
2022-04-28,1.05928,1.04911,1.0498,1.05409,18.000000000000238,42.899999999999054
2022-05-01,1.05682,1.04901,1.05444,1.05055,15.399999999998748,-38.899999999999494
2022-05-02,1.05776,1.04921,1.05055,1.0519,9.300000000000974,13.499999999999623
2022-05-03,1.06309,1.05059,1.0519,1.06199,33.60000000000029,100.89999999999932
2022-05-04,1.06417,1.04925,1.062,1.05405,12.299999999998423,-79.50000000000124
2022-05-05,1.05988,1.04826,1.05402,1.05452,34.4000000000011,4.999999999999449
2022-05-08,1.05924,1.04951,1.05398,1.05588,12.399999999999078,19.000000000000128
2022-05-09,1.05852,1.05253,1.0559,1.05285,10.499999999999954,-30.49999999999997
2022-05-10,1.05771,1.05017,1.05285,1.0511,38.200000000001566,-17.500000000001403
2022-05-11,1.05292,1.03539,1.05103,1.03783,19.200000000001438,-131.99999999999878
2022-05-12,1.04195,1.03496,1.03783,1.04116,11.000000000001009,33.30000000000055
2022-05-15,1.0443,1.03889,1.03952,1.04313,9.900000000000464,36.099999999998914
2022-05-16,1.05556,1.04284,1.04313,1.05466,16.099999999998893,115.30000000000041
2022-05-17,1.05636,1.04597,1.05461,1.04617,10.399999999999299,-84.40000000000003
2022-05-18,1.0607,1.04606,1.04617,1.05837,16.599999999999948,121.99999999999989
2022-05-19,1.0599,1.05328,1.05809,1.0561,10.099999999999554,-19.899999999999363
2022-05-22,1.06973,1.05552,1.05601,1.0689,18.800000000001038,128.9000000000007
2022-05-23,1.07485,1.06608,1.06882,1.07329,27.89999999999848,44.69999999999974
2022-05-24,1.07388,1.06421,1.07334,1.06763,14.700000000000824,-57.099999999998815
2022-05-25,1.07315,1.06624,1.06743,1.0724,11.000000000001009,49.69999999999919
2022-05-26,1.0765,1.06968,1.0724,1.07317,11.000000000001009,7.699999999999374
2022-05-29,1.07867,1.07261,1.07347,1.07764,10.399999999999299,41.700000000000074
2022-05-30,1.0779,1.06789,1.0776,1.0732,13.000000000000789,-43.999999999999595
2022-05-31,1.07393,1.06271,1.0732,1.06466,15.100000000001224,-85.39999999999992
2022-06-01,1.075,1.06444,1.06467,1.07451,12.099999999999334,98.40000000000072
2022-06-02,1.07643,1.0704,1.07447,1.07169,20.299999999999763,-27.800000000000047
2022-06-05,1.07518,1.06838,1.07167,1.06955,9.500000000000064,-21.199999999998997
2022-06-06,1.07142,1.06519,1.06954,1.07043,10.600000000000609,8.900000000000574
2022-06-07,1.07484,1.06713,1.07043,1.07157,10.999999999998789,11.399999999999189
2022-06-08,1.07738,1.0611,1.07158,1.06146,54.69999999999864,-101.19999999999906
2022-06-09,1.06422,1.05057,1.06146,1.05137,34.899999999999935,-100.90000000000154
2022-06-12,1.05201,1.03997,1.0513,1.04058,22.699999999999942,-107.19999999999841
2022-06-13,1.04846,1.0397,1.04068,1.04144,10.399999999999299,7.599999999998719
2022-06-14,1.05077,1.0359,1.04144,1.04416,43.80000000000051,27.200000000000557
2022-06-15,1.06014,1.03808,1.04416,1.05463,16.20000000000177,104.69999999999979
2022-06-16,1.05605,1.04444,1.05455,1.04934,12.199999999999989,-52.100000000001586
2022-06-19,1.05458,1.04729,1.04731,1.05084,8.799999999999919,35.30000000000033
2022-06-20,1.05824,1.05065,1.05085,1.053,9.399999999999409,21.499999999998742
2022-06-21,1.06057,1.04687,1.053,1.05645,12.799999999999478,34.49999999999953
2022-06-22,1.0581,1.04826,1.05645,1.05208,21.200000000001218,-43.69999999999985
2022-06-23,1.05712,1.0512,1.05208,1.05519,19.400000000000528,31.100000000001682
2022-06-26,1.0615,1.05457,1.05479,1.0582,13.000000000000789,34.10000000000135
2022-06-27,1.06061,1.05032,1.05821,1.05174,11.600000000000499,-64.70000000000198
2022-06-28,1.05354,1.04352,1.05174,1.04398,28.69999999999928,-77.5999999999999
2022-06-29,1.04887,1.03824,1.04398,1.04831,26.999999999999247,43.300000000001674
2022-06-30,1.04853,1.03658,1.04829,1.04262,18.700000000000383,-56.69999999999842
2022-07-03,1.04627,1.04142,1.04174,1.04201,8.799999999999919,2.6999999999999247
2022-07-04,1.04485,1.0235,1.04201,1.02645,15.400000000000968,-155.6000000000002
2022-07-05,1.02765,1.01614,1.02645,1.01797,21.400000000000308,-84.80000000000044
2022-07-06,1.02209,1.01439,1.01801,1.01568,14.899999999999913,-23.300000000001653
2022-07-07,1.01912,1.0072,1.01604,1.01822,26.699999999999502,21.799999999998487
2022-07-10,1.01834,1.00336,1.01697,1.00379,14.999999999998348,-131.7999999999997
2022-07-11,1.00738,0.99999,1.00378,1.00347,15.499999999999403,-3.0999999999981043
2022-07-12,1.01222,0.99979,1.0035,1.00555,52.69999999999886,20.499999999998852
2022-07-13,1.00597,0.99521,1.00555,1.00165,38.000000000001364,-39.00000000000014
2022-07-14,1.00979,1.00068,1.00158,1.00821,24.600000000001288,66.30000000000136
2022-07-17,1.02011,1.00785,1.00811,1.01413,12.199999999999989,60.19999999999914
2022-07-18,1.0269,1.01195,1.01412,1.02251,20.799999999998597,83.9000000000012
2022-07-19,1.02729,1.01553,1.02251,1.01771,27.69999999999939,-48.00000000000138
2022-07-20,1.02781,1.01531,1.01767,1.02285,55.600000000000094,51.79999999999963
2022-07-21,1.02553,1.01297,1.02286,1.02119,22.900000000001253,-16.700000000000603
2022-07-24,1.02578,1.01784,1.02083,1.02176,25.500000000000522,9.300000000000974
2022-07-25,1.025,1.01074,1.02189,1.01145,15.300000000000313,-104.40000000000005
2022-07-26,1.02206,1.00966,1.01138,1.01955,39.00000000000014,81.7000000000001
2022-07-27,1.02343,1.01138,1.01935,1.01966,24.599999999999067,3.1000000000003247
2022-07-28,1.02542,1.0146,1.0196,1.02248,19.199999999999218,28.799999999999937
2022-07-31,1.02751,1.02053,1.02098,1.02607,29.799999999999827,50.90000000000039
2022-08-01,1.02939,1.01633,1.02607,1.01652,11.600000000000499,-95.49999999999947
2022-08-02,1.02102,1.01226,1.01648,1.01643,18.299999999999983,-0.5000000000010552
2022-08-03,1.02537,1.01542,1.01642,1.0244,11.700000000001154,79.79999999999876
2022-08-04,1.0252,1.01415,1.02441,1.01825,62.19999999999892,-61.59999999999943
2022-08-07,1.02217,1.0159,1.01726,1.01946,9.399999999999409,21.999999999999797
2022-08-08,1.02472,1.01885,1.01946,1.02126,7.499999999998064,18.000000000000238
2022-08-09,1.03685,1.0202,1.02126,1.02988,76.69999999999844,86.1999999999985
2022-08-10,1.03642,1.02752,1.02987,1.0319,8.399999999999519,20.299999999999763
2022-08-11,1.03274,1.0238,1.0317,1.0259,16.099999999998893,-58.00000000000027
2022-08-14,1.02682,1.01544,1.02551,1.01592,12.399999999999078,-95.89999999999988
2022-08-15,1.01948,1.01225,1.01592,1.01702,9.300000000000974,11.000000000001009
2022-08-16,1.02029,1.01453,1.01702,1.01797,17.799999999998928,9.500000000000064
2022-08-17,1.01929,1.00795,1.0178,1.00868,12.400000000001299,-91.20000000000017
2022-08-18,1.00954,1.00318,1.0087,1.00326,6.899999999998574,-54.3999999999989
2022-08-21,1.00466,0.9926,1.00366,0.99427,10.900000000000354,-93.90000000000009
2022-08-22,1.00181,0.99002,0.99427,0.99688,26.100000000000012,26.100000000000012
2022-08-23,0.99993,0.99099,0.99686,0.99642,15.600000000000058,-4.3999999999999595
2022-08-24,1.00334,0.9949,0.99641,0.99737,15.500000000000513,9.599999999999609
2022-08-25,1.00898,0.99463,0.99739,0.99623,30.69999999999906,-11.600000000000499
2022-08-28,1.00291,0.99141,0.99657,0.99958,12.000000000000899,30.100000000000684
2022-08-29,1.00547,0.99818,0.99943,1.00129,19.800000000000928,18.599999999999728
2022-08-30,1.0079,0.99712,1.00128,1.00522,15.800000000001369,39.400000000000546
2022-08-31,1.00557,0.99107,1.00525,0.99431,21.300000000000765,-109.3999999999995
2022-09-01,1.00335,0.99427,0.99429,0.99515,47.50000000000032,8.599999999999719
2022-09-04,0.9944,0.98772,0.99285,0.99285,23.49999999999963,0.0
2022-09-05,0.99862,0.98638,0.99245,0.99029,15.699999999999603,-21.600000000000506
2022-09-06,1.00108,0.98756,0.9903,1.00033,11.200000000000099,100.29999999999984
2022-09-07,1.00294,0.99303,0.99989,0.99959,29.49999999999897,-2.9999999999996696
2022-09-08,1.01131,0.99949,0.9995,1.00425,12.399999999999078,47.50000000000032
2022-09-11,1.01977,1.00596,1.01039,1.01214,15.999999999998238,17.500000000001403
2022-09-12,1.0187,0.99662,1.01215,0.99671,75.00000000000063,-154.4000000000012
2022-09-13,1.00234,0.99554,0.99669,0.99791,20.60000000000062,12.199999999999989
2022-09-14,1.00177,0.99556,0.99791,0.99959,16.200000000000657,16.800000000000146
2022-09-15,1.00363,0.99448,0.99981,1.00146,10.299999999999754,16.500000000000405
2022-09-18,1.00291,0.99657,1.00072,1.00215,8.099999999999774,14.300000000000423
2022-09-19,1.00504,0.9955,1.00216,0.99706,11.700000000000044,-50.999999999999936
2022-09-20,0.9975,0.98128,0.99706,0.98368,40.49999999999998,-133.79999999999947
2022-09-21,0.99074,0.9808,0.98365,0.98342,16.300000000000203,-2.300000000000635
2022-09-22,0.98517,0.9668,0.98327,0.96885,26.59999999999996,-144.19999999999987
2022-09-25,0.97098,0.95503,0.96666,0.96085,54.799999999999294,-58.09999999999982
2022-09-26,0.96707,0.95689,0.96077,0.95931,14.100000000000223,-14.600000000000168
2022-09-27,0.97508,0.95357,0.9592,0.97323,47.30000000000012,140.29999999999987
2022-09-28,0.98158,0.96353,0.97322,0.98146,21.299999999999653,82.40000000000025
2022-09-29,0.98537,0.97346,0.98148,0.98013,38.0999999999998,-13.500000000000734
2022-10-02,0.98445,0.97525,0.97933,0.98248,15.200000000000768,31.49999999999986
2022-10-03,0.99995,0.9806,0.98248,0.99852,15.900000000000913,160.39999999999944
2022-10-04,0.99947,0.98346,0.99841,0.98821,25.399999999999867,-101.99999999999987
2022-10-05,0.99264,0.9788,0.98795,0.97896,12.799999999999478,-89.89999999999942
2022-10-06,0.98167,0.97259,0.97902,0.97388,49.000000000000156,-51.40000000000033
2022-10-09,0.97531,0.96815,0.97336,0.97018,42.69999999999996,-31.799999999999606
2022-10-10,0.97745,0.96698,0.97009,0.97054,11.999999999999789,4.499999999999504
2022-10-11,0.97346,0.96678,0.97039,0.97022,21.599999999999397,-1.7000000000000348
2022-10-12,0.98057,0.96315,0.97019,0.97739,86.89999999999975,71.99999999999984
2022-10-13,0.98086,0.9707,0.97739,0.97182,28.89999999999948,-55.69999999999964
2022-10-16,0.9852,0.97182,0.97201,0.98389,10.999999999999899,118.80000000000001
2022-10-17,0.98755,0.98124,0.98375,0.98558,9.799999999999809,18.299999999999983
2022-10-18,0.98721,0.97571,0.98543,0.97721,8.299999999999974,-82.20000000000005
2022-10-19,0.98454,0.97544,0.97715,0.97843,16.300000000000203,12.800000000000589
2022-10-20,0.98689,0.97048,0.9784,0.98613,28.799999999999937,77.29999999999903
2022-10-23,0.9899,0.98067,0.98712,0.98728,29.799999999999827,1.60000000000049
2022-10-24,0.99768,0.98484,0.98703,0.99646,14.399999999999968,94.3000000000005
2022-10-25,1.00885,0.99434,0.99646,1.00785,22.200000000001108,113.899999999999
2022-10-26,1.00934,0.99575,1.00771,0.99635,28.900000000000592,-113.60000000000147
2022-10-27,0.9998,0.99265,0.99635,0.99631,30.700000000000173,-0.3999999999992898
2022-10-29,0.9958,0.99459,0.99464,0.99566,7.099999999999884,10.200000000000209
2022-10-30,0.99656,0.98717,0.99567,0.98821,10.900000000000354,-74.60000000000022
2022-10-31,0.99539,0.98527,0.98823,0.98746,26.100000000000012,-7.700000000000484
2022-11-01,0.99757,0.98129,0.98747,0.98155,56.30000000000024,-59.19999999999925
2022-11-02,0.98394,0.97299,0.98149,0.97488,15.300000000000313,-66.10000000000005
2022-11-03,0.99664,0.97424,0.97483,0.9956,38.20000000000046,207.70000000000067
2022-11-06,1.0034,0.99001,0.99036,1.00182,13.200000000000989,114.59999999999914
2022-11-07,1.00963,0.99715,1.00184,1.00708,12.700000000001044,52.39999999999911
2022-11-08,1.0088,0.99927,1.00707,1.00091,26.699999999999502,-61.59999999999943
2022-11-09,1.02218,0.99354,1.00091,1.0208,108.80000000000001,198.89999999999964
2022-11-10,1.0364,1.0163,1.02033,1.03538,21.400000000000308,150.50000000000009
2022-11-13,1.03584,1.02713,1.03354,1.03258,14.799999999999258,-9.599999999998499
2022-11-14,1.04808,1.02799,1.03259,1.03478,37.199999999999456,21.900000000001363
2022-11-15,1.04384,1.03307,1.03465,1.0394,29.50000000000008,47.50000000000032
2022-11-16,1.04065,1.03051,1.03913,1.03643,21.800000000000708,-27.000000000001467
2022-11-17,1.03959,1.03134,1.03643,1.03235,13.599999999998058,-40.79999999999862
2022-11-20,1.0333,1.02227,1.03227,1.02387,10.100000000001774,-83.99999999999963
2022-11-21,1.03082,1.02375,1.02383,1.03036,17.000000000000348,65.29999999999924
2022-11-22,1.04048,1.02963,1.03026,1.03942,23.899999999998922,91.60000000000056
2022-11-23,1.04484,1.03816,1.03914,1.04071,11.599999999998278,15.700000000000713
2022-11-24,1.04291,1.03546,1.04071,1.03926,10.999999999998789,-14.499999999999513
2022-11-27,1.04967,1.033,1.03716,1.03385,19.000000000000128,-33.10000000000146
2022-11-28,1.03942,1.03197,1.03373,1.0328,14.700000000000824,-9.300000000000974
2022-11-29,1.04285,1.029,1.0328,1.04041,43.20000000000101,76.10000000000116
2022-11-30,1.05336,1.03929,1.04041,1.05209,25.599999999998957,116.79999999999913
2022-12-01,1.05448,1.0428,1.05156,1.05325,63.90000000000118,16.899999999999693
2022-12-04,1.05948,1.048,1.05303,1.04877,31.69999999999895,-42.599999999999305
2022-12-05,1.05326,1.04591,1.04877,1.04629,9.200000000000319,-24.800000000000377
2022-12-06,1.05496,1.04431,1.0462,1.05029,23.999999999999577,40.89999999999927
2022-12-07,1.05647,1.04895,1.05011,1.0554,13.799999999999368,52.899999999997945
2022-12-08,1.05881,1.05027,1.0554,1.05316,63.59999999999921,-22.399999999997977
2022-12-11,1.058,1.05057,1.05264,1.05352,10.40000000000152,8.799999999999919
2022-12-12,1.06731,1.05278,1.05355,1.06323,71.30000000000081,96.7999999999991
2022-12-13,1.0695,1.06187,1.06323,1.06811,45.59999999999897,48.799999999999955
2022-12-14,1.07361,1.05921,1.06793,1.06256,23.699999999999832,-53.70000000000097
2022-12-15,1.0663,1.05839,1.0625,1.05839,19.299999999999873,-41.10000000000058
2022-12-18,1.06578,1.05757,1.05895,1.06062,9.900000000000464,16.699999999998383
2022-12-19,1.06584,1.05788,1.06062,1.06232,22.100000000000453,17.000000000000348
2022-12-20,1.06455,1.05901,1.06231,1.06035,8.099999999999774,-19.600000000001838
2022-12-21,1.06593,1.0573,1.06035,1.05954,9.099999999999664,-8.099999999999774
2022-12-22,1.06328,1.05867,1.05954,1.06172,16.399999999998638,21.800000000000708
2022-12-25,1.06361,1.05979,1.06114,1.06361,31.799999999999606,24.699999999999722
2022-12-26,1.06694,1.06113,1.0636,1.06393,7.399999999999629,3.2999999999994145
2022-12-27,1.06742,1.06065,1.06398,1.06117,13.799999999999368,-28.099999999999792
2022-12-28,1.06902,1.06092,1.06113,1.06608,8.699999999999264,49.5000000000001
2022-12-29,1.07131,1.06385,1.06605,1.07054,12.099999999999334,44.90000000000105
2023-01-01,1.07087,1.06499,1.0697,1.06646,20.999999999999908,-32.40000000000131
2023-01-02,1.06833,1.05194,1.06646,1.05466,17.099999999998783,-118.00000000000033
2023-01-03,1.06354,1.05403,1.05461,1.06008,25.399999999999867,54.69999999999864
2023-01-04,1.06314,1.05148,1.06006,1.05202,30.000000000001137,-80.40000000000047
2023-01-05,1.0648,1.04823,1.05195,1.06413,48.50000000000021,121.8000000000008
2023-01-08,1.07605,1.06381,1.06406,1.07293,15.900000000002024,88.69999999999933
2023-01-09,1.07592,1.07119,1.07293,1.07322,15.699999999998493,2.900000000001235
2023-01-10,1.07762,1.07254,1.07322,1.07561,18.299999999999983,23.899999999998922
2023-01-11,1.08668,1.07297,1.07559,1.08516,46.500000000000426,95.69999999999857
2023-01-12,1.08679,1.07803,1.08476,1.08302,14.999999999998348,-17.399999999998528
2023-01-15,1.08741,1.08013,1.08288,1.08192,8.999999999999009,-9.600000000000719
2023-01-16,1.08693,1.07744,1.08196,1.07872,26.399999999999757,-32.40000000000131
2023-01-17,1.08873,1.07661,1.07872,1.07935,24.399999999999977,6.300000000001305
2023-01-18,1.08398,1.07821,1.07928,1.08308,13.800000000001589,38.000000000000256
2023-01-19,1.08587,1.08022,1.08267,1.08549,13.199999999999878,28.200000000000447
2023-01-22,1.09267,1.08461,1.08678,1.08713,13.499999999999623,3.4999999999985043
2023-01-23,1.08978,1.08349,1.0871,1.08848,21.599999999999397,13.799999999999368
2023-01-24,1.09236,1.08571,1.08848,1.09147,14.399999999998858,29.90000000000048
2023-01-25,1.09293,1.08505,1.09146,1.08916,23.999999999999577,-23.000000000001908
2023-01-26,1.09001,1.08377,1.08918,1.08649,10.799999999999699,-26.900000000000812
2023-01-29,1.09137,1.08389,1.08643,1.08488,17.100000000001003,-15.499999999999403
2023-01-30,1.08747,1.08019,1.08488,1.08621,28.29999999999888,13.299999999998313
2023-01-31,1.10009,1.0852,1.0861,1.09886,26.100000000000012,127.59999999999883
2023-02-01,1.10327,1.08851,1.09883,1.0909,18.199999999999328,-79.29999999999993
2023-02-02,1.09399,1.07924,1.09086,1.07929,82.69999999999999,-115.69999999999858
2023-02-05,1.07987,1.07092,1.0782,1.0725,10.000000000001119,-57.000000000000384
2023-02-06,1.07664,1.0669,1.07251,1.07248,20.700000000000163,-0.2999999999997449
2023-02-07,1.07607,1.07092,1.07247,1.07099,11.200000000000099,-14.799999999999258
2023-02-08,1.07907,1.07093,1.07099,1.07368,13.700000000000934,26.89999999999859
2023-02-09,1.07525,1.06661,1.07367,1.06754,11.699999999998933,-61.299999999999685
2023-02-12,1.07297,1.06553,1.06808,1.0721,7.7000000000015945,40.200000000001346
2023-02-13,1.08044,1.07066,1.0721,1.07362,45.70000000000185,15.199999999999658
2023-02-14,1.07443,1.06604,1.07361,1.0688,23.100000000000342,-48.09999999999981
2023-02-15,1.07222,1.06544,1.06871,1.06722,28.799999999999937,-14.899999999999913
2023-02-16,1.06982,1.06126,1.06728,1.06929,15.400000000000968,20.100000000000673
2023-02-19,1.07044,1.06704,1.06849,1.06844,4.599999999999049,-0.4999999999988347
2023-02-20,1.0698,1.06397,1.06839,1.06449,13.600000000000279,-39.00000000000014
2023-02-21,1.06638,1.05989,1.06487,1.06026,7.800000000000029,-46.10000000000003
2023-02-22,1.06275,1.0579,1.06031,1.0603,6.099999999999994,-0.10000000000065512
2023-02-23,1.06141,1.05359,1.05934,1.05469,8.900000000000574,-46.500000000000426
2023-02-26,1.06095,1.05328,1.05451,1.0608,7.399999999999629,62.89999999999907
2023-02-27,1.06406,1.05762,1.06088,1.05763,9.200000000000319,-32.49999999999975
2023-02-28,1.06913,1.05651,1.05727,1.06668,16.700000000000603,94.1000000000014
2023-03-01,1.06726,1.05764,1.0668,1.05957,16.899999999999693,-72.3000000000007
2023-03-02,1.06384,1.05924,1.05957,1.0635,6.299999999999084,39.29999999999989
2023-03-05,1.06942,1.06219,1.06266,1.06808,9.199999999998099,54.199999999999804
2023-03-06,1.06943,1.05471,1.06811,1.05491,9.40000000000163,-131.99999999999878
2023-03-07,1.05614,1.05241,1.05491,1.0543,8.099999999999774,-6.099999999999994
2023-03-08,1.059,1.05378,1.05416,1.05791,14.699999999998603,37.499999999999204
2023-03-09,1.06873,1.05738,1.05814,1.06368,13.099999999999223,55.39999999999878
2023-03-11,1.06968,1.0674,1.06808,1.0694,8.799999999999919,13.199999999999878
2023-03-12,1.07423,1.065,1.06811,1.07305,13.300000000000534,49.40000000000167
2023-03-13,1.07486,1.06787,1.07268,1.07312,45.30000000000145,4.3999999999999595
2023-03-14,1.07597,1.05158,1.07318,1.05766,13.100000000001444,-155.1999999999998
2023-03-15,1.06353,1.05728,1.0578,1.06099,24.899999999998812,31.90000000000026
2023-03-16,1.06852,1.06101,1.06122,1.06647,16.599999999999948,52.49999999999977
2023-03-19,1.07295,1.06311,1.06821,1.072,9.099999999999664,37.8999999999996
2023-03-20,1.07825,1.07038,1.07198,1.0767,7.900000000000684,47.20000000000057
2023-03-21,1.08925,1.0759,1.07674,1.08578,20.200000000001328,90.39999999999937
2023-03-22,1.09296,1.0824,1.08577,1.08397,11.200000000000099,-17.999999999998018
2023-03-23,1.0837,1.07131,1.08316,1.07589,18.299999999999983,-72.69999999999888
2023-03-26,1.07965,1.07449,1.07752,1.07957,9.099999999999664,20.499999999998852
2023-03-27,1.08485,1.07948,1.07977,1.08476,5.9000000000009045,49.9000000000005
2023-03-28,1.08713,1.08177,1.08438,1.08393,6.900000000000794,-4.499999999998394
2023-03-29,1.09262,1.08235,1.0843,1.09068,9.900000000000464,63.80000000000052
2023-03-30,1.09257,1.08368,1.09053,1.08386,14.799999999999258,-66.69999999999953
2023-04-02,1.09082,1.07882,1.08398,1.09,8.699999999999264,60.20000000000137
2023-04-03,1.09701,1.08828,1.09036,1.09545,14.300000000000423,50.90000000000039
2023-04-04,1.09695,1.08962,1.09542,1.09044,25.0999999999979,-49.79999999999984
2023-04-05,1.09375,1.08845,1.09057,1.09196,11.599999999998278,13.900000000000023
2023-04-06,1.09208,1.09156,1.09196,1.09194,1.40000000000029,-0.20000000000131024
2023-04-09,1.09171,1.08373,1.0898,1.08629,8.799999999999919,-35.100000000001245
2023-04-10,1.09279,1.08581,1.08597,1.0912,5.5000000000005045,52.29999999999846
2023-04-11,1.09988,1.09112,1.09112,1.09915,45.50000000000054,80.29999999999981
2023-04-12,1.10676,1.09767,1.09915,1.10464,11.799999999999589,54.89999999999995
2023-04-13,1.10758,1.09752,1.10461,1.09922,24.600000000001288,-53.90000000000006
2023-04-16,1.09997,1.09116,1.09888,1.09307,6.900000000000794,-58.10000000000093
2023-04-17,1.09828,1.09222,1.09268,1.09708,6.999999999999229,43.999999999999595
2023-04-18,1.0984,1.0926,1.09714,1.0954,6.900000000000794,-17.400000000000748
2023-04-19,1.09849,1.09334,1.09525,1.09671,21.500000000000963,14.600000000000168
2023-04-20,1.09936,1.0938,1.09684,1.09874,22.499999999998632,19.000000000000128
2023-04-23,1.10483,1.09658,1.09866,1.10431,7.900000000000684,56.49999999999933
2023-04-24,1.1067,1.09641,1.10447,1.09698,7.800000000000029,-74.89999999999996
2023-04-25,1.10858,1.09668,1.09708,1.10384,12.599999999998168,67.59999999999877
2023-04-26,1.10634,1.0992,1.10409,1.10273,8.500000000000174,-13.600000000000279
2023-04-27,1.10449,1.09723,1.10267,1.10193,12.099999999999334,-7.399999999999629
2023-04-30,1.10355,1.09653,1.10191,1.09694,18.599999999999728,-49.69999999999919
2023-05-01,1.10078,1.09422,1.09741,1.10057,11.599999999998278,31.600000000000517
2023-05-02,1.10916,1.09989,1.09989,1.10599,37.700000000000514,60.99999999999994
2023-05-03,1.10917,1.09952,1.10609,1.10146,26.100000000000012,-46.299999999999116
2023-05-04,1.10477,1.09667,1.1012,1.10162,39.400000000000546,4.20000000000087
2023-05-07,1.10535,1.10001,1.10213,1.10031,5.800000000000249,-18.20000000000155
2023-05-08,1.10042,1.09492,1.1004,1.09605,7.800000000000029,-43.50000000000076
2023-05-09,1.10068,1.09414,1.09547,1.09816,37.400000000000766,26.900000000000812
2023-05-10,1.09981,1.09,1.09861,1.09185,13.000000000000789,-67.60000000000099
2023-05-11,1.09354,1.08476,1.09154,1.08477,5.9000000000009045,-67.69999999999942
2023-05-14,1.08908,1.08478,1.0861,1.08743,13.800000000001589,13.299999999998313
2023-05-15,1.09046,1.0855,1.08731,1.08628,5.699999999999594,-10.300000000000864
2023-05-16,1.08736,1.08147,1.08617,1.08397,7.699999999999374,-21.999999999999797
2023-05-17,1.08479,1.07624,1.08379,1.07739,12.100000000001554,-63.999999999999616
2023-05-18,1.08249,1.076,1.0769,1.08019,7.099999999999884,32.90000000000015
2023-05-21,1.08298,1.07955,1.08062,1.08112,7.200000000000539,5.00000000000167
2023-05-22,1.08204,1.07601,1.08117,1.07674,8.60000000000083,-44.29999999999934
2023-05-23,1.08012,1.0748,1.07685,1.07492,7.200000000000539,-19.299999999999873
2023-05-24,1.07565,1.07073,1.075,1.07246,6.900000000000794,-25.399999999999867
2023-05-25,1.07572,1.07018,1.07259,1.07292,16.599999999999948,3.300000000001635
2023-05-28,1.07434,1.0708,1.07219,1.07091,5.399999999999849,-12.799999999999478
2023-05-29,1.07465,1.06725,1.07076,1.07343,11.099999999999444,26.700000000001722
2023-05-30,1.07356,1.06355,1.07321,1.06862,7.7000000000015945,-45.900000000000944
2023-05-31,1.07684,1.06617,1.06887,1.07615,16.299999999997983,72.79999999999953
2023-06-01,1.07789,1.0705,1.07603,1.07063,6.300000000001305,-54.00000000000071
2023-06-04,1.07207,1.06777,1.07098,1.07124,5.499999999998284,2.5999999999992696
2023-06-05,1.07328,1.06669,1.07119,1.06918,9.600000000000719,-20.100000000000673
2023-06-06,1.07396,1.06682,1.06924,1.06981,9.799999999999809,5.699999999999594
2023-06-07,1.07856,1.06966,1.06977,1.0779,12.300000000000644,81.2999999999997
2023-06-08,1.07851,1.07428,1.07807,1.0744,6.299999999999084,-36.70000000000062
2023-06-11,1.079,1.0733,1.07491,1.076,5.299999999999194,10.900000000000354
2023-06-12,1.08234,1.07546,1.07566,1.07929,33.09999999999924,36.300000000000225
2023-06-13,1.0864,1.07739,1.0789,1.08282,31.90000000000026,39.199999999999235
2023-06-14,1.09499,1.08036,1.08319,1.09448,19.399999999998307,112.899999999998
2023-06-15,1.09658,1.09217,1.0944,1.09351,10.799999999999699,-8.900000000000574
2023-06-18,1.09462,1.09099,1.09426,1.09183,4.899999999998794,-24.299999999999322
2023-06-19,1.09461,1.08996,1.09201,1.09171,5.300000000001415,-2.9999999999996696
2023-06-20,1.09909,1.09058,1.0917,1.09859,12.500000000001954,68.90000000000063
2023-06-21,1.10081,1.095,1.09842,1.0958,4.699999999999704,-26.199999999998447
2023-06-22,1.09585,1.08443,1.09548,1.0892,25.899999999998702,-62.80000000000064
2023-06-25,1.09199,1.08873,1.09042,1.09053,7.200000000000539,1.100000000000545
2023-06-26,1.09766,1.09021,1.09108,1.09625,6.800000000000139,51.699999999998965
2023-06-27,1.09621,1.08968,1.09602,1.09125,6.399999999999739,-47.699999999999406
2023-06-28,1.09414,1.08655,1.09125,1.08669,14.700000000000824,-45.600000000001195
2023-06-29,1.09224,1.08352,1.08623,1.09095,6.40000000000196,47.20000000000057
2023-07-02,1.09339,1.08702,1.09089,1.09119,20.299999999999763,3.00000000000189
2023-07-03,1.09163,1.08869,1.09124,1.08873,4.999999999999449,-25.100000000000122
2023-07-04,1.09078,1.08525,1.08779,1.0855,8.500000000000174,-22.900000000001253
2023-07-05,1.08977,1.08337,1.08535,1.08883,8.300000000001084,34.79999999999927
2023-07-06,1.09731,1.08669,1.08884,1.09675,31.799999999999606,79.09999999999862
2023-07-09,1.10014,1.09434,1.09593,1.10008,9.999999999998899,41.499999999998764
2023-07-10,1.10269,1.09783,1.09993,1.10062,8.099999999999774,6.899999999998574
2023-07-11,1.1138,1.10059,1.10081,1.11295,43.400000000000105,121.4000000000004
2023-07-12,1.12278,1.11268,1.11295,1.12258,7.999999999999119,96.29999999999805
2023-07-13,1.12448,1.12041,1.12242,1.12259,6.200000000000649,1.7000000000000348
2023-07-16,1.12487,1.12033,1.12273,1.12436,6.00000000000156,16.300000000000203
2023-07-17,1.12756,1.12089,1.1235,1.12301,11.700000000001154,-4.899999999998794
2023-07-18,1.124,1.11895,1.12274,1.12037,16.999999999998128,-23.699999999999832
2023-07-19,1.12291,1.11184,1.11972,1.11292,11.799999999999589,-68.00000000000139
2023-07-20,1.11449,1.11079,1.11347,1.11254,5.800000000000249,-9.299999999998754
2023-07-23,1.11469,1.10602,1.11197,1.10627,29.799999999999827,-56.99999999999817
2023-07-24,1.10868,1.10255,1.10626,1.10531,15.300000000000313,-9.500000000000064
2023-07-25,1.11047,1.10377,1.10512,1.10854,20.599999999999508,34.19999999999979
2023-07-26,1.11439,1.09662,1.10866,1.09749,21.599999999999397,-111.69999999999902
2023-07-27,1.10475,1.09435,1.09763,1.10125,19.199999999999218,36.19999999999956
2023-07-30,1.10458,1.09934,1.10206,1.09963,7.099999999999884,-24.299999999999322
2023-07-31,1.10028,1.09523,1.09961,1.09842,15.899999999999803,-11.900000000000244
2023-08-01,1.10192,1.09178,1.09842,1.09375,17.20000000000166,-46.69999999999952
2023-08-02,1.09628,1.09122,1.0937,1.0949,14.100000000001334,12.000000000000899
2023-08-03,1.10419,1.09349,1.09489,1.10029,43.69999999999985,54.00000000000071
2023-08-06,1.10151,1.09654,1.10141,1.1002,5.20000000000076,-12.099999999999334
2023-08-07,1.10111,1.0929,1.1002,1.09558,6.900000000000794,-46.200000000000685
2023-08-08,1.09953,1.09519,1.09558,1.09734,5.299999999999194,17.599999999999838
2023-08-09,1.1065,1.09673,1.09733,1.098,24.100000000000232,6.700000000001705
2023-08-10,1.10049,1.09429,1.09801,1.09433,15.099999999999003,-36.79999999999906
2023-08-13,1.096,1.08747,1.09493,1.09051,8.799999999999919,-44.19999999999868
2023-08-14,1.09524,1.08969,1.09051,1.09013,25.699999999999612,-3.8000000000004697
2023-08-15,1.09345,1.08714,1.09018,1.08787,8.20000000000043,-23.100000000000342
2023-08-16,1.0918,1.08563,1.08783,1.08715,15.399999999998748,-6.800000000000139
2023-08-17,1.08938,1.0845,1.08714,1.08678,6.399999999999739,-3.5999999999991594
2023-08-20,1.09136,1.08664,1.08672,1.08952,5.5000000000005045,28.000000000001357
2023-08-21,1.09303,1.08329,1.08952,1.08443,8.20000000000043,-50.90000000000039
2023-08-22,1.08713,1.08025,1.08443,1.08617,37.0999999999988,17.400000000000748
2023-08-23,1.08764,1.0805,1.08614,1.08097,7.999999999999119,-51.70000000000119
2023-08-24,1.08417,1.07658,1.08098,1.07906,21.599999999999397,-19.200000000001438
2023-08-27,1.08221,1.07933,1.07957,1.08183,5.1000000000001044,22.600000000001508
2023-08-28,1.08919,1.07822,1.08183,1.08793,25.100000000000122,60.99999999999994
2023-08-29,1.09454,1.08551,1.08789,1.09227,18.199999999999328,43.80000000000051
2023-08-30,1.09394,1.08351,1.09227,1.08426,12.300000000000644,-80.10000000000073
2023-08-31,1.08819,1.07716,1.08429,1.07717,28.300000000001102,-71.20000000000016
2023-09-03,1.08087,1.07716,1.07748,1.07939,7.299999999998974,19.100000000000783
2023-09-04,1.07982,1.07062,1.07939,1.07216,9.299999999998754,-72.3000000000007
2023-09-05,1.07488,1.07025,1.07214,1.07268,31.69999999999895,5.399999999999849
2023-09-06,1.07317,1.06861,1.07268,1.06961,12.000000000000899,-30.700000000001282
2023-09-07,1.07438,1.06941,1.06962,1.06974,5.299999999999194,1.1999999999989797
2023-09-10,1.07593,1.07075,1.07147,1.07497,7.599999999998719,35.00000000000058
2023-09-11,1.07692,1.07055,1.07497,1.07534,23.000000000001908,3.6999999999998145
2023-09-12,1.07648,1.0711,1.07529,1.07291,33.700000000000955,-23.800000000000487
2023-09-13,1.07521,1.06318,1.07287,1.06425,44.800000000000395,-86.20000000000073
2023-09-14,1.06877,1.06332,1.06421,1.06576,17.099999999998783,15.499999999999403
2023-09-17,1.06986,1.06546,1.06588,1.06913,5.599999999998939,32.49999999999975
2023-09-18,1.0718,1.0675,1.06912,1.06787,7.099999999999884,-12.499999999999734
2023-09-19,1.07368,1.06501,1.06785,1.06601,29.300000000000992,-18.400000000000638
2023-09-20,1.06734,1.06167,1.06598,1.06599,11.700000000001154,0.10000000000065512
2023-09-21,1.06716,1.0615,1.06599,1.06419,40.299999999999784,-18.000000000000238
2023-09-24,1.06555,1.05753,1.06513,1.05924,9.099999999999664,-58.89999999999951
2023-09-25,1.0609,1.0562,1.05923,1.05717,6.800000000000139,-20.599999999999508
2023-09-26,1.0574,1.0488,1.05714,1.05018,6.900000000000794,-69.60000000000078
2023-09-27,1.05788,1.0491,1.05017,1.05647,17.700000000000493,62.99999999999972
2023-09-28,1.06169,1.05579,1.05645,1.05694,12.399999999999078,4.900000000001015
2023-10-01,1.05919,1.04769,1.05672,1.04769,20.999999999999908,-90.30000000000094
2023-10-02,1.04933,1.04483,1.04769,1.04658,26.999999999999247,-11.099999999999444
2023-10-03,1.05321,1.04514,1.04656,1.05033,25.999999999999357,37.700000000000514
2023-10-04,1.05518,1.05,1.05033,1.05492,7.300000000001194,45.900000000000944
2023-10-05,1.05999,1.04824,1.05475,1.05828,40.99999999999993,35.30000000000033
2023-10-08,1.05742,1.05194,1.05529,1.0566,14.600000000000168,13.099999999999223
2023-10-09,1.06198,1.05542,1.05659,1.06048,12.800000000001699,38.90000000000171
2023-10-10,1.06346,1.05806,1.06047,1.06194,22.100000000000453,14.700000000000824
2023-10-11,1.06397,1.05257,1.06188,1.05277,30.400000000001537,-91.09999999999951
2023-10-12,1.05584,1.04954,1.05273,1.05073,13.099999999999223,-20.000000000000018
2023-10-15,1.05627,1.05025,1.05083,1.05597,8.00000000000134,51.40000000000144
2023-10-16,1.05948,1.05328,1.05597,1.05767,21.899999999999142,17.000000000000348
2023-10-17,1.05941,1.05231,1.05762,1.05362,6.099999999999994,-40.000000000000036
2023-10-18,1.06163,1.05282,1.0536,1.05819,26.100000000000012,45.89999999999872
2023-10-19,1.06035,1.05649,1.05815,1.05927,7.499999999998064,11.200000000000099
2023-10-22,1.06779,1.05714,1.0595,1.06689,7.899999999998464,73.89999999999786
2023-10-23,1.06942,1.0583,1.06686,1.05895,16.100000000001113,-79.09999999999862
2023-10-24,1.06067,1.05653,1.05893,1.05653,8.500000000000174,-23.999999999999577
2023-10-25,1.05691,1.05221,1.0565,1.05618,19.799999999998708,-3.20000000000098
2023-10-26,1.0597,1.05354,1.05618,1.05605,10.499999999999954,-1.2999999999996348
2023-10-28,1.05749,1.05616,1.05644,1.05657,8.60000000000083,1.2999999999996348
2023-10-29,1.0625,1.05471,1.05654,1.06151,9.699999999999154,49.69999999999919
2023-10-30,1.06748,1.05574,1.0615,1.05749,12.499999999999734,-40.10000000000069
2023-10-31,1.05806,1.05167,1.05749,1.05682,30.300000000000882,-6.699999999999484
2023-11-01,1.06675,1.05681,1.05683,1.06207,12.399999999999078,52.400000000001334
2023-11-02,1.07467,1.06146,1.06207,1.07295,40.399999999998215,108.80000000000001
2023-11-05,1.07562,1.07161,1.07232,1.07168,4.8000000000003595,-6.399999999999739
2023-11-06,1.07221,1.0664,1.07168,1.06992,6.200000000000649,-17.599999999999838
2023-11-07,1.0716,1.06593,1.06993,1.0708,6.00000000000156,8.699999999999264
2023-11-08,1.07254,1.06601,1.07079,1.06671,13.199999999999878,-40.79999999999862
2023-11-09,1.06927,1.0656,1.06671,1.06848,8.60000000000083,17.700000000000493
2023-11-12,1.07061,1.0665,1.06818,1.06975,6.099999999999994,15.700000000000713
2023-11-13,1.08875,1.06928,1.06975,1.08784,75.1999999999997,180.8999999999994
2023-11-14,1.08858,1.08315,1.08784,1.08461,16.80000000000126,-32.29999999999844
2023-11-15,1.08955,1.083,1.08461,1.08517,15.799999999999148,5.599999999998939
2023-11-16,1.09148,1.08247,1.08517,1.09138,7.399999999999629,62.10000000000049
2023-11-19,1.09517,1.08974,1.09095,1.09394,7.399999999999629,29.89999999999826
2023-11-20,1.09651,1.09001,1.09394,1.09101,7.900000000000684,-29.29999999999877
2023-11-21,1.09229,1.08522,1.091,1.08881,16.40000000000086,-21.899999999999142
2023-11-22,1.09303,1.08834,1.08875,1.09037,22.499999999998632,16.199999999999548
2023-11-23,1.09486,1.08949,1.09037,1.09341,7.099999999999884,30.399999999999316
2023-11-26,1.09592,1.09251,1.09438,1.09531,7.4000000000018495,9.300000000000974
2023-11-27,1.10088,1.09344,1.09528,1.09918,13.100000000001444,39.00000000000014
2023-11-28,1.10171,1.09601,1.09918,1.09686,13.300000000000534,-23.200000000000998
2023-11-29,1.09838,1.08794,1.09681,1.08865,17.399999999998528,-81.60000000000167
2023-11-30,1.09127,1.08287,1.08854,1.08788,18.799999999998818,-6.6000000000010495
2023-12-03,1.08948,1.0804,1.08771,1.08356,8.500000000000174,-41.499999999998764
2023-12-04,1.08474,1.07781,1.08351,1.07954,26.100000000000012,-39.70000000000029
2023-12-05,1.08047,1.07586,1.0795,1.07636,8.700000000001484,-31.399999999999206
2023-12-06,1.08175,1.07552,1.07631,1.07933,14.100000000001334,30.199999999998006
2023-12-07,1.08005,1.07236,1.07931,1.07592,42.800000000000615,-33.90000000000004
2023-12-10,1.07789,1.07415,1.07592,1.0764,7.099999999999884,4.8000000000003595
2023-12-11,1.08279,1.07586,1.0764,1.07937,42.69999999999996,29.69999999999917
2023-12-12,1.08965,1.07731,1.07937,1.08728,47.000000000001485,79.10000000000083
2023-12-13,1.10092,1.08707,1.08728,1.09915,19.100000000000783,118.70000000000047
2023-12-14,1.10036,1.08885,1.09915,1.08922,28.799999999999937,-99.29999999999994
2023-12-17,1.09311,1.0892,1.08973,1.09228,5.799999999998029,25.499999999998302
2023-12-18,1.09873,1.09148,1.09228,1.09805,6.699999999999484,57.70000000000053
2023-12-19,1.09843,1.09298,1.09808,1.09412,8.40000000000174,-39.59999999999964
2023-12-20,1.10125,1.09352,1.09394,1.10109,15.199999999999658,71.4999999999999
2023-12-21,1.10401,1.09938,1.10109,1.10135,14.199999999999768,2.60000000000149
2023-12-24,1.10202,1.09933,1.10108,1.10097,16.199999999999548,-1.100000000000545
2023-12-25,1.1045,1.10009,1.10009,1.10417,9.200000000000319,40.800000000000836
2023-12-26,1.11226,1.10286,1.10417,1.11044,8.699999999999264,62.699999999999974
2023-12-27,1.11394,1.10552,1.11047,1.10603,9.799999999999809,-44.39999999999999
2023-12-28,1.10842,1.10339,1.10595,1.10361,15.300000000000313,-23.400000000000087
2024-01-01,1.10447,1.09383,1.10427,1.09396,7.0000000000014495,-103.10000000000042
2024-01-02,1.09654,1.08929,1.09396,1.09206,20.999999999999908,-19.000000000000128
2024-01-03,1.09721,1.0916,1.09206,1.09441,9.399999999999409,23.500000000000743
2024-01-04,1.09984,1.08767,1.09441,1.09392,41.89999999999916,-4.900000000001015
2024-01-07,1.09788,1.09226,1.09386,1.09495,6.699999999999484,10.900000000000354
2024-01-08,1.09663,1.09103,1.09495,1.09307,6.800000000000139,-18.800000000001038
2024-01-09,1.09729,1.09228,1.09307,1.09722,10.999999999998789,41.50000000000098
2024-01-10,1.1,1.09302,1.09722,1.09717,47.600000000000975,-0.5000000000010552
2024-01-11,1.09868,1.09359,1.09715,1.09483,19.600000000001838,-23.200000000000998
2024-01-14,1.09675,1.09335,1.0948,1.09494,5.800000000000249,1.40000000000029
2024-01-15,1.0951,1.0862,1.09494,1.08714,20.999999999999908,-78.00000000000028
2024-01-16,1.08844,1.08445,1.08786,1.08818,16.40000000000086,3.1999999999987594
2024-01-17,1.09067,1.08466,1.08816,1.08757,15.100000000001224,-5.9000000000009045
2024-01-18,1.08983,1.08656,1.08757,1.0896,10.200000000000209,20.299999999999763
2024-01-21,1.09094,1.088,1.08906,1.08819,6.299999999999084,-8.699999999999264
2024-01-22,1.09162,1.08215,1.08816,1.0853,6.200000000000649,-28.600000000000847
2024-01-23,1.09323,1.08446,1.08529,1.08844,20.700000000000163,31.49999999999986
2024-01-24,1.09018,1.08216,1.08843,1.0846,20.899999999999253,-38.3
2024-01-25,1.08854,1.08128,1.08449,1.08504,17.899999999999583,5.5000000000005045
2024-01-28,1.085,1.07958,1.08468,1.08323,5.800000000000249,-14.500000000001734
2024-01-29,1.08573,1.08119,1.08307,1.08447,23.900000000001143,14.000000000000679
2024-01-30,1.08874,1.07949,1.08446,1.0818,36.200000000001786,-26.599999999998847
2024-01-31,1.08748,1.07799,1.0818,1.08712,20.699999999997942,53.19999999999992
2024-02-01,1.08974,1.07804,1.08712,1.07849,51.79999999999963,-86.30000000000138
2024-02-04,1.07861,1.07231,1.07854,1.07418,14.000000000000679,-43.600000000001415
2024-02-05,1.07623,1.07225,1.07418,1.0754,4.900000000001015,12.199999999999989
2024-02-06,1.07838,1.07492,1.07539,1.07704,6.500000000000394,16.499999999999293
2024-02-07,1.07889,1.07416,1.07704,1.07769,7.399999999999629,6.500000000000394
2024-02-08,1.07951,1.07621,1.07767,1.07821,20.299999999999763,5.399999999999849
2024-02-11,1.08055,1.07559,1.07767,1.07706,4.500000000000615,-6.099999999999994
2024-02-12,1.07985,1.07005,1.07702,1.07079,63.10000000000038,-62.3000000000018
2024-02-13,1.07344,1.06949,1.0708,1.0725,8.300000000001084,17.000000000000348
2024-02-14,1.07847,1.07246,1.0725,1.07718,25.699999999999612,46.800000000000175
2024-02-15,1.07874,1.07319,1.07718,1.07749,26.399999999999757,3.1000000000003247
2024-02-18,1.07894,1.07621,1.07718,1.07785,5.399999999999849,6.699999999999484
2024-02-19,1.08387,1.07615,1.0777,1.08072,4.599999999999049,30.199999999998006
2024-02-20,1.08243,1.07899,1.08071,1.08181,9.600000000000719,10.999999999998789
2024-02-21,1.08882,1.08026,1.08182,1.08222,28.599999999998627,3.9999999999995595
2024-02-22,1.08395,1.08117,1.08221,1.08174,5.799999999998029,-4.699999999999704
2024-02-25,1.08597,1.08126,1.08318,1.08504,8.300000000001084,18.599999999999728
2024-02-26,1.08659,1.0833,1.08504,1.08437,7.900000000000684,-6.699999999999484
2024-02-27,1.08465,1.07966,1.08437,1.08375,6.500000000000394,-6.200000000000649
2024-02-28,1.08558,1.07958,1.08376,1.08046,16.700000000000603,-33.00000000000081
2024-02-29,1.08432,1.07981,1.08046,1.08368,22.199999999998887,32.2
2024-03-03,1.08667,1.0835,1.08359,1.08549,3.7999999999982492,19.000000000000128
2024-03-04,1.0876,1.08403,1.08549,1.0856,27.200000000000557,1.0999999999983245
2024-03-05,1.09153,1.08421,1.0856,1.0898,9.300000000000974,42.00000000000203
2024-03-06,1.09491,1.08678,1.0898,1.09477,22.800000000000598,49.69999999999919
2024-03-07,1.09812,1.09183,1.09472,1.09348,44.69999999999974,-12.399999999999078
2024-03-09,1.09411,1.09375,1.09411,1.09393,3.2999999999994145,-1.7999999999984695
2024-03-10,1.0948,1.09145,1.09393,1.09258,4.60000000000127,-13.499999999999623
2024-03-11,1.09438,1.09023,1.0926,1.09258,33.30000000000055,-0.1999999999990898
2024-03-12,1.09638,1.09201,1.09258,1.09489,6.099999999999994,23.099999999998122
2024-03-13,1.09547,1.08806,1.09488,1.0885,11.700000000001154,-63.80000000000052
2024-03-14,1.08996,1.0873,1.08851,1.08869,5.1000000000001044,1.7999999999984695
2024-03-16,1.08905,1.08819,1.08905,1.08886,6.200000000000649,-1.900000000001345
2024-03-17,1.09061,1.08661,1.08885,1.08725,3.4000000000000696,-16.00000000000046
2024-03-18,1.08765,1.08347,1.08726,1.08649,7.4000000000018495,-7.699999999999374
2024-03-19,1.09229,1.08364,1.08653,1.09206,23.999999999999577,55.30000000000035
2024-03-20,1.09426,1.08554,1.09206,1.08605,13.599999999998058,-60.100000000000705
2024-03-21,1.08679,1.08017,1.08609,1.08065,8.60000000000083,-54.3999999999989
2024-03-23,1.08104,1.08068,1.08068,1.08075,2.4000000000001798,0.700000000000145
2024-03-24,1.08424,1.08021,1.08074,1.08365,5.599999999998939,29.09999999999968
2024-03-25,1.08643,1.08242,1.08364,1.08317,3.6999999999998145,-4.699999999999704
2024-03-26,1.0839,1.08108,1.0833,1.08258,4.299999999999304,-7.199999999998319
2024-03-27,1.0827,1.07751,1.08259,1.07893,11.300000000000754,-36.599999999999966
2024-03-28,1.08051,1.07678,1.07892,1.07898,13.700000000000934,0.5999999999994898
2024-03-31,1.07987,1.07309,1.07882,1.0743,15.399999999998748,-45.199999999998575
2024-04-01,1.0779,1.07246,1.07428,1.07691,8.399999999999519,26.300000000001322
2024-04-02,1.08368,1.0764,1.07691,1.08356,23.799999999998267,66.50000000000045
2024-04-03,1.08765,1.08312,1.08356,1.08367,4.3999999999999595,1.0999999999983245
2024-04-04,1.08479,1.07913,1.08361,1.08352,40.000000000000036,-0.8999999999992347
2024-04-07,1.08621,1.08208,1.08347,1.08587,4.299999999999304,23.999999999999577
2024-04-08,1.0885,1.08477,1.08587,1.08569,6.099999999999994,-1.7999999999984695
2024-04-09,1.08665,1.07288,1.08562,1.07421,58.499999999999105,-114.0999999999992
2024-04-10,1.07564,1.06992,1.07421,1.07254,23.200000000000998,-16.700000000000603
2024-04-11,1.07293,1.06226,1.07252,1.06385,6.099999999999994,-86.69999999999956
2024-04-14,1.06651,1.06202,1.06352,1.06241,18.700000000000383,-11.099999999999444
2024-04-15,1.06535,1.0601,1.06233,1.06187,11.600000000000499,-4.599999999999049
2024-04-16,1.06796,1.0606,1.06187,1.0672,9.999999999998899,53.29999999999835
2024-04-17,1.069,1.06413,1.06719,1.06431,9.199999999998099,-28.799999999999937
2024-04-18,1.06775,1.06104,1.06423,1.06526,6.699999999999484,10.300000000000864
2024-04-21,1.06706,1.06239,1.06495,1.06541,15.199999999999658,4.599999999999049
2024-04-22,1.07112,1.06385,1.06541,1.07002,34.699999999998624,46.10000000000003
2024-04-23,1.07142,1.06779,1.07004,1.06985,5.800000000000249,-1.900000000001345
2024-04-24,1.07402,1.06783,1.06985,1.07291,27.999999999999137,30.600000000000627
2024-04-25,1.07527,1.06738,1.07291,1.06911,23.999999999999577,-38.000000000000256
2024-04-28,1.07337,1.06898,1.06898,1.07205,7.299999999998974,30.69999999999906
2024-04-29,1.07353,1.06647,1.07202,1.06653,31.399999999999206,-54.89999999999995
2024-04-30,1.07326,1.06494,1.06643,1.07119,20.599999999999508,47.600000000000975
2024-05-01,1.07302,1.06742,1.07104,1.07243,7.600000000000939,13.900000000000023
2024-05-02,1.08124,1.07227,1.07244,1.07594,54.09999999999915,34.999999999998366
2024-05-05,1.07907,1.07553,1.076,1.07672,3.4000000000000696,7.199999999998319
2024-05-06,1.07873,1.07478,1.07667,1.07547,4.199999999998649,-12.000000000000899
2024-05-07,1.07574,1.0735,1.07538,1.07479,3.8000000000004697,-5.9000000000009045
2024-05-08,1.07844,1.07239,1.07477,1.0782,8.900000000000574,34.30000000000044
2024-05-09,1.079,1.07603,1.0782,1.07694,5.599999999998939,-12.600000000000389
2024-05-12,1.08068,1.07658,1.07721,1.07888,5.1000000000001044,16.700000000000603
2024-05-13,1.08256,1.07669,1.07897,1.08176,29.300000000000992,27.900000000000702
2024-05-14,1.0886,1.0813,1.08175,1.08843,37.799999999998946,66.8000000000002
2024-05-15,1.08949,1.08544,1.08842,1.08665,9.900000000000464,-17.700000000000493
2024-05-16,1.08784,1.08356,1.08665,1.08674,4.900000000001015,0.9000000000014552
2024-05-19,1.08844,1.0854,1.08664,1.08565,3.20000000000098,-9.900000000000464
2024-05-20,1.08747,1.08425,1.08562,1.08535,11.499999999999844,-2.6999999999999247
2024-05-21,1.08633,1.08174,1.08531,1.08224,6.6000000000010495,-30.69999999999906
2024-05-22,1.0861,1.08048,1.08221,1.08146,25.199999999998557,-7.499999999998064
2024-05-23,1.08578,1.08054,1.08145,1.0846,5.9000000000009045,31.49999999999986
2024-05-26,1.08674,1.08405,1.0845,1.08571,8.099999999999774,12.099999999999334
2024-05-27,1.0889,1.08521,1.08571,1.08563,5.9000000000009045,-0.7999999999985796
2024-05-28,1.08604,1.07999,1.08562,1.08011,10.40000000000152,-55.10000000000126
2024-05-29,1.08451,1.07883,1.08007,1.08316,7.899999999998464,30.89999999999815
2024-05-30,1.08822,1.08112,1.08316,1.0845,17.599999999999838,13.400000000001189
2024-06-02,1.09045,1.08278,1.08462,1.09039,13.399999999998968,57.70000000000053
2024-06-03,1.0916,1.0859,1.09039,1.08789,10.600000000000609,-24.999999999999467
2024-06-04,1.08915,1.08544,1.08785,1.08682,23.999999999999577,-10.300000000000864
2024-06-05,1.0902,1.08619,1.08681,1.08878,18.60000000000195,19.700000000000273
2024-06-06,1.09018,1.07993,1.08873,1.08017,57.19999999999948,-85.59999999999901
2024-06-09,1.07814,1.07327,1.07783,1.07648,8.60000000000083,-13.499999999999623
2024-06-10,1.07734,1.07194,1.07642,1.07403,5.800000000000249,-23.899999999998922
2024-06-11,1.08521,1.07346,1.07404,1.08087,49.89999999999828,68.29999999999892
2024-06-12,1.08163,1.07328,1.08076,1.07368,31.09999999999946,-70.79999999999976
2024-06-13,1.07449,1.06676,1.07361,1.07025,7.999999999999119,-33.60000000000029
2024-06-16,1.07378,1.06863,1.07028,1.07339,5.9000000000009045,31.100000000001682
2024-06-17,1.07615,1.07099,1.07336,1.07397,19.000000000000128,6.099999999999994
2024-06-18,1.07533,1.07248,1.07397,1.07422,4.700000000001925,2.4999999999986144
2024-06-19,1.07487,1.07016,1.07422,1.07016,5.5000000000005045,-40.599999999999525
2024-06-20,1.07205,1.0671,1.07014,1.06918,23.200000000000998,-9.600000000000719
2024-06-23,1.07463,1.06837,1.06849,1.07319,5.5000000000005045,47.000000000001485
2024-06-24,1.07441,1.06906,1.07316,1.07139,3.6999999999998145,-17.699999999998273
2024-06-25,1.07179,1.0666,1.07136,1.06799,5.20000000000076,-33.700000000000955
2024-06-26,1.07264,1.0677,1.06798,1.07031,10.799999999999699,23.300000000001653
2024-06-27,1.07246,1.06852,1.07031,1.07119,21.999999999999797,8.799999999999919
2024-06-30,1.07763,1.07197,1.07438,1.07402,15.300000000000313,-3.5999999999991594
2024-07-01,1.07471,1.071,1.07393,1.07446,14.400000000001079,5.299999999999194
2024-07-02,1.08168,1.07363,1.07443,1.07868,18.499999999999073,42.50000000000087
2024-07-03,1.08138,1.07833,1.07853,1.08101,2.9999999999996696,24.800000000000377
2024-07-04,1.08426,1.07993,1.08101,1.0837,40.99999999999993,26.900000000000812
2024-07-07,1.0845,1.07998,1.08014,1.0823,9.900000000000464,21.599999999999397
2024-07-08,1.08333,1.08054,1.0824,1.08127,6.499999999998174,-11.300000000000754
2024-07-09,1.08305,1.08108,1.08125,1.08295,2.900000000001235,17.000000000000348
2024-07-10,1.08999,1.08254,1.08292,1.08678,47.50000000000032,38.599999999999746
2024-07-11,1.09113,1.08614,1.08673,1.09054,13.700000000000934,38.10000000000091
2024-07-14,1.09222,1.08818,1.08852,1.08938,9.00000000000123,8.60000000000083
2024-07-15,1.09054,1.08715,1.08938,1.0899,16.80000000000126,5.20000000000076
2024-07-16,1.0948,1.0895,1.08984,1.09386,7.300000000001194,40.200000000001346
2024-07-17,1.0941,1.08935,1.09384,1.08964,7.600000000000939,-41.999999999999815
2024-07-18,1.09017,1.08756,1.08956,1.08779,5.699999999999594,-17.700000000000493
2024-07-21,1.09027,1.0873,1.08861,1.08908,4.899999999998794,4.699999999999704
2024-07-22,1.08967,1.08438,1.08908,1.08533,4.799999999998139,-37.50000000000142
2024-07-23,1.08664,1.08256,1.08528,1.08397,10.699999999999044,-13.099999999999223
2024-07-24,1.08699,1.08282,1.08396,1.0845,16.500000000001513,5.399999999999849
2024-07-25,1.08681,1.0842,1.08448,1.08547,12.399999999999078,9.899999999998244
2024-07-28,1.087,1.08028,1.08553,1.08212,5.5000000000005045,-34.10000000000135
2024-07-29,1.08356,1.07982,1.08203,1.08151,7.7000000000015945,-5.20000000000076
2024-07-30,1.08493,1.08019,1.08144,1.08256,12.899999999997913,11.200000000000099
2024-07-31,1.08354,1.07774,1.08256,1.07911,13.699999999998713,-34.49999999999953
2024-08-01,1.09265,1.07818,1.07911,1.09098,42.29999999999956,118.70000000000047
2024-08-04,1.10088,1.08923,1.09225,1.09505,16.799999999999038,28.000000000001357
2024-08-05,1.09631,1.09037,1.095,1.09313,7.900000000000684,-18.700000000000383
2024-08-06,1.09366,1.09053,1.09299,1.0922,4.8000000000003595,-7.899999999998464
2024-08-07,1.09451,1.08814,1.0921,1.09181,9.399999999999409,-2.900000000001235
2024-08-08,1.09313,1.0909,1.09174,1.09167,7.699999999999374,-0.700000000000145
2024-08-11,1.09393,1.091,1.09142,1.09312,5.499999999998284,17.000000000000348
2024-08-12,1.09996,1.09137,1.09303,1.09916,16.199999999999548,61.299999999999685
2024-08-13,1.10473,1.09754,1.09916,1.10125,17.499999999999183,20.900000000001473
2024-08-14,1.10154,1.09495,1.10124,1.09724,31.200000000000117,-40.000000000000036
2024-08-15,1.10296,1.09703,1.09713,1.10211,8.799999999999919,49.79999999999984
2024-08-18,1.10863,1.10227,1.10265,1.10848,8.20000000000043,58.30000000000002
2024-08-19,1.11304,1.10719,1.10843,1.11294,6.300000000001305,45.100000000000136
2024-08-20,1.1174,1.10992,1.1129,1.11493,15.300000000000313,20.299999999999763
2024-08-21,1.11646,1.1098,1.11491,1.11118,13.099999999999223,-37.30000000000011
2024-08-22,1.12008,1.11055,1.1111,1.1191,18.100000000000893,80.00000000000007
2024-08-25,1.12015,1.115,1.11854,1.11609,5.60000000000116,-24.500000000000632
2024-08-26,1.11905,1.11501,1.11605,1.11836,4.8000000000003595,23.100000000000342
2024-08-27,1.11852,1.1105,1.11834,1.11194,7.099999999999884,-63.999999999999616
2024-08-28,1.11399,1.10556,1.11193,1.10771,23.400000000000087,-42.200000000001125
2024-08-29,1.1095,1.10438,1.10766,1.10456,8.799999999999919,-31.000000000001027
2024-09-01,1.10773,1.10419,1.10462,1.1069,4.899999999998794,22.800000000000598
2024-09-02,1.10727,1.10263,1.1069,1.10431,17.300000000000093,-25.900000000000922
2024-09-03,1.10951,1.10363,1.1043,1.10818,19.599999999999618,38.79999999999883
2024-09-04,1.11197,1.10746,1.10817,1.11102,14.399999999998858,28.49999999999797
2024-09-05,1.11556,1.10656,1.111,1.10825,50.799999999999734,-27.500000000000302
2024-09-08,1.1091,1.10335,1.10781,1.10342,6.500000000000394,-43.89999999999894
2024-09-09,1.10496,1.10151,1.10334,1.10193,6.500000000000394,-14.099999999999113
2024-09-10,1.10549,1.10019,1.10189,1.10117,27.900000000000702,-7.200000000000539
2024-09-11,1.1075,1.10055,1.10111,1.10741,14.400000000001079,62.99999999999972
2024-09-12,1.11017,1.10703,1.10739,1.10732,5.699999999999594,-0.700000000000145
2024-09-15,1.11374,1.10743,1.10757,1.11325,5.299999999999194,56.80000000000129
2024-09-16,1.11461,1.11109,1.1132,1.11134,16.399999999998638,-18.599999999999728
2024-09-17,1.11891,1.10966,1.11128,1.11184,52.30000000000068,5.599999999998939
2024-09-18,1.11787,1.10683,1.11184,1.11611,14.799999999999258,42.69999999999996
2024-09-19,1.11818,1.1136,1.11611,1.11626,7.200000000000539,1.500000000000945
2024-09-22,1.11672,1.10831,1.1158,1.11109,21.399999999998087,-47.09999999999992
2024-09-23,1.11809,1.11033,1.11107,1.11794,6.399999999999739,68.69999999999932
2024-09-24,1.1214,1.11215,1.11791,1.11325,11.399999999999189,-46.599999999998865
2024-09-25,1.11893,1.11257,1.11322,1.11764,15.700000000000713,44.19999999999868
2024-09-26,1.1203,1.11248,1.11763,1.11619,20.299999999999763,-14.399999999998858
2024-09-29,1.12089,1.11136,1.11582,1.11345,12.199999999999989,-23.699999999999832
2024-09-30,1.11439,1.10458,1.11344,1.10675,21.400000000000308,-66.90000000000084
2024-10-01,1.10828,1.10325,1.10668,1.1044,8.299999999998864,-22.800000000000598
2024-10-02,1.1049,1.10082,1.1044,1.10293,15.099999999999003,-14.700000000000824
2024-10-03,1.10395,1.09512,1.10292,1.09739,62.99999999999972,-55.29999999999813
2024-10-06,1.09868,1.09542,1.0962,1.09731,8.60000000000083,11.099999999999444
2024-10-07,1.09971,1.09608,1.09723,1.09798,5.899999999998684,7.500000000000284
2024-10-08,1.09809,1.09362,1.09782,1.09376,4.999999999999449,-40.599999999999525
2024-10-09,1.09548,1.09,1.09368,1.09286,45.399999999999885,-8.20000000000043
2024-10-10,1.09537,1.09116,1.09299,1.09353,18.800000000001038,5.399999999999849
2024-10-13,1.09366,1.08881,1.0931,1.09082,7.800000000000029,-22.800000000000598
2024-10-14,1.09167,1.08819,1.09078,1.089,4.8000000000003595,-17.80000000000115
2024-10-15,1.09014,1.08532,1.08883,1.08618,6.6000000000010495,-26.500000000000412
2024-10-16,1.08737,1.0811,1.08611,1.08307,25.500000000000522,-30.399999999999316
2024-10-17,1.08694,1.08252,1.08308,1.08655,4.199999999998649,34.699999999998624
2024-10-20,1.08717,1.08111,1.08605,1.08149,2.8999999999990145,-45.59999999999897
2024-10-21,1.0838,1.07926,1.08149,1.07967,7.199999999998319,-18.20000000000155
2024-10-22,1.08066,1.07612,1.07964,1.07804,6.200000000000649,-15.999999999998238
2024-10-23,1.08298,1.07706,1.07804,1.08274,21.700000000000053,46.99999999999926
2024-10-24,1.08392,1.0793,1.0827,1.07945,5.800000000000249,-32.49999999999975
2024-10-27,1.08276,1.07819,1.07938,1.0814,7.200000000000539,20.199999999999108
2024-10-28,1.08263,1.07688,1.08143,1.08153,21.300000000001873,1.0000000000021103
2024-10-29,1.08713,1.08079,1.08153,1.08572,14.899999999999913,41.89999999999916
2024-10-30,1.08881,1.08441,1.08581,1.08821,17.000000000000348,23.999999999999577
2024-10-31,1.09057,1.08317,1.0882,1.08327,37.10000000000102,-49.300000000001006
2024-11-03,1.09147,1.08699,1.08778,1.08767,6.699999999999484,-1.100000000000545
2024-11-04,1.09365,1.08724,1.08757,1.09294,16.599999999999948,53.70000000000097
2024-11-05,1.09369,1.06824,1.09235,1.07269,18.299999999999983,-196.6000000000001
2024-11-06,1.08247,1.07129,1.07271,1.08038,18.000000000000238,76.69999999999844
2024-11-07,1.08048,1.06868,1.08038,1.07182,7.800000000000029,-85.59999999999901
2024-11-10,1.07277,1.06286,1.07093,1.06533,9.100000000001884,-55.99999999999827
2024-11-11,1.06631,1.05951,1.06534,1.06216,7.300000000001194,-31.799999999999606
2024-11-12,1.0654,1.05556,1.06208,1.05622,28.399999999999537,-58.59999999999977
2024-11-13,1.05825,1.0496,1.05617,1.05299,17.300000000000093,-31.799999999999606
2024-11-14,1.0593,1.05163,1.05299,1.05394,22.800000000000598,9.500000000000064
2024-11-17,1.06071,1.0528,1.0528,1.05979,5.800000000000249,69.90000000000052
2024-11-18,1.0601,1.05233,1.05979,1.05937,13.700000000000934,-4.20000000000087
2024-11-19,1.06097,1.05068,1.05931,1.05435,12.100000000001554,-49.600000000000755
2024-11-20,1.05548,1.04622,1.0543,1.04738,14.900000000002134,-69.20000000000037
2024-11-21,1.04981,1.03325,1.04735,1.04193,41.50000000000098,-54.199999999999804
2024-11-24,1.05303,1.0449,1.04806,1.04942,14.600000000000168,13.600000000000279
2024-11-25,1.05447,1.0425,1.04928,1.04873,14.099999999999113,-5.5000000000005045
2024-11-26,1.05876,1.04744,1.04868,1.05657,25.899999999998702,78.89999999999952
2024-11-27,1.05692,1.05275,1.05654,1.05511,11.399999999999189,-14.300000000000423
2024-11-28,1.05971,1.05414,1.05511,1.05748,12.000000000000899,23.699999999999832
2024-12-01,1.05733,1.04607,1.05711,1.04971,17.099999999998783,-74.00000000000074
2024-12-02,1.0535,1.04807,1.04966,1.05062,11.700000000001154,9.600000000000719
2024-12-03,1.05439,1.04723,1.05065,1.05114,23.599999999999177,4.899999999998794
2024-12-04,1.05896,1.05077,1.051,1.0584,13.199999999999878,74.00000000000074
2024-12-05,1.06298,1.05423,1.05839,1.05673,28.099999999999792,-16.599999999999948
2024-12-08,1.05944,1.0532,1.05544,1.05531,9.600000000000719,-1.2999999999996348
2024-12-09,1.0568,1.04984,1.05529,1.05268,6.999999999999229,-26.100000000000012
2024-12-10,1.05393,1.04802,1.05261,1.04933,22.100000000000453,-32.7999999999995
2024-12-11,1.05308,1.04637,1.04935,1.04663,14.499999999999513,-27.200000000000557
2024-12-12,1.05241,1.04531,1.04653,1.05017,12.099999999999334,36.40000000000087
2024-12-15,1.05247,1.04745,1.04854,1.05094,13.099999999999223,23.999999999999577
2024-12-16,1.05343,1.0479,1.05094,1.04903,9.199999999998099,-19.100000000000783
2024-12-17,1.05127,1.03439,1.04904,1.03513,35.799999999999166,-139.09999999999866
2024-12-18,1.04222,1.03472,1.03507,1.03605,11.099999999999444,9.799999999999809
2024-12-19,1.04474,1.03429,1.03599,1.04254,13.700000000000934,65.50000000000055
2024-12-22,1.04452,1.03842,1.04308,1.04044,8.20000000000043,-26.399999999999757
2024-12-23,1.04098,1.03835,1.04043,1.03912,11.499999999999844,-13.099999999999223
2024-12-24,1.04106,1.0386,1.0386,1.04004,9.399999999999409,14.400000000001079
2024-12-25,1.04301,1.03905,1.04012,1.04222,9.00000000000123,20.999999999999908
2024-12-26,1.0444,1.04049,1.04174,1.04225,7.7000000000015945,5.099999999997884
2024-12-29,1.04583,1.03717,1.04247,1.04069,12.799999999999478,-17.80000000000115
2024-12-30,1.04243,1.0344,1.04069,1.03531,7.399999999999629,-53.7999999999994
2025-01-01,1.03756,1.02237,1.03503,1.0264,37.8999999999996,-86.29999999999916
2025-01-02,1.03099,1.02612,1.0264,1.03066,8.500000000000174,42.599999999999305
2025-01-05,1.04367,1.02932,1.03015,1.03895,40.60000000000174,88.0000000000014
2025-01-06,1.04343,1.03394,1.03893,1.03394,20.800000000000818,-49.89999999999828
2025-01-07,1.03575,1.02731,1.03395,1.03178,13.600000000000279,-21.700000000000053
2025-01-08,1.03214,1.02836,1.03178,1.0299,5.999999999999339,-18.799999999998818
2025-01-09,1.03118,1.02127,1.0299,1.024,63.19999999999881,-59.00000000000016
2025-01-12,1.02499,1.01772,1.02357,1.02441,17.300000000000093,8.399999999999519
2025-01-13,1.03086,1.02371,1.02441,1.03076,30.999999999998806,63.49999999999856
2025-01-14,1.03544,1.0259,1.03074,1.0288,45.100000000000136,-19.400000000000528
2025-01-15,1.03149,1.02604,1.02892,1.0299,18.400000000000638,9.799999999999809
2025-01-16,1.03306,1.02652,1.02996,1.0271,15.999999999998238,-28.600000000000847
2025-01-19,1.04342,1.02663,1.02792,1.04155,42.10000000000047,136.3000000000003
2025-01-20,1.04353,1.0342,1.04156,1.04253,28.399999999999537,9.699999999999154
2025-01-21,1.04573,1.03921,1.04228,1.04077,23.500000000000743,-15.100000000001224
2025-01-22,1.04378,1.03719,1.04072,1.04148,19.000000000000128,7.599999999998719
2025-01-23,1.05213,1.04115,1.0414,1.04919,11.900000000000244,77.89999999999964
2025-01-26,1.0533,1.04539,1.04763,1.04911,9.500000000000064,14.799999999999258
2025-01-27,1.04932,1.04137,1.04911,1.04298,22.199999999998887,-61.299999999999685
2025-01-28,1.04434,1.03822,1.04298,1.04207,23.500000000000743,-9.099999999999664
2025-01-29,1.04677,1.03861,1.04203,1.03879,18.599999999999728,-32.399999999999096
2025-01-30,1.0434,1.03496,1.03879,1.03602,24.999999999999467,-27.700000000001612
2025-02-02,1.03497,1.02103,1.02327,1.03425,31.90000000000026,109.7999999999999
2025-02-03,1.03874,1.02721,1.03423,1.03783,19.100000000000783,36.000000000000476
2025-02-04,1.04424,1.03696,1.03783,1.04021,15.700000000000713,23.800000000000487
2025-02-05,1.04058,1.03523,1.0402,1.03827,11.200000000000099,-19.299999999999873
2025-02-06,1.04124,1.03049,1.03826,1.0326,49.999999999998934,-56.59999999999998
2025-02-09,1.03363,1.02839,1.02918,1.03062,7.200000000000539,14.400000000001079
2025-02-10,1.03813,1.02919,1.03061,1.03609,15.899999999999803,54.799999999999294
2025-02-11,1.04298,1.03168,1.03603,1.03821,44.29999999999934,21.800000000000708
2025-02-12,1.04668,1.03727,1.03818,1.04626,26.800000000000157,80.79999999999865
2025-02-13,1.0514,1.0447,1.04625,1.04913,14.600000000000168,28.799999999999937
2025-02-16,1.05062,1.04667,1.04858,1.0484,4.999999999999449,-1.80000000000069
2025-02-17,1.04862,1.0435,1.04835,1.04459,7.900000000000684,-37.59999999999985
2025-02-18,1.04613,1.04009,1.04453,1.0422,9.999999999998899,-23.299999999999432
2025-02-19,1.05033,1.04163,1.0422,1.05002,6.300000000001305,78.19999999999938
2025-02-20,1.05054,1.04492,1.05001,1.0457,22.900000000001253,-43.100000000000364
2025-02-23,1.05282,1.04527,1.04706,1.04671,9.200000000000319,-3.5000000000007248
2025-02-24,1.05191,1.0456,1.04671,1.05124,6.099999999999994,45.29999999999923
2025-02-25,1.05287,1.04747,1.05116,1.04844,14.699999999998603,-27.200000000000557
2025-02-26,1.04922,1.03966,1.04843,1.03978,16.199999999999548,-86.50000000000047
2025-02-27,1.04198,1.03597,1.03974,1.03747,13.199999999999878,-22.700000000002163
2025-03-02,1.05036,1.03883,1.04032,1.04856,17.60000000000206,82.40000000000025
2025-03-03,1.06272,1.04708,1.04849,1.06253,14.700000000000824,140.40000000000052
2025-03-04,1.07965,1.06018,1.06254,1.07857,20.799999999998597,160.2999999999999
2025-03-05,1.08534,1.07655,1.07854,1.07818,28.799999999999937,-3.60000000000138
2025-03-06,1.08884,1.07757,1.0782,1.08292,35.29999999999811,47.20000000000057
2025-03-08,1.08399,1.08269,1.08312,1.08388,4.60000000000127,7.599999999998719
2025-03-09,1.08744,1.08051,1.08388,1.08342,36.79999999999906,-4.599999999999049
2025-03-10,1.09471,1.08329,1.08341,1.0911,18.099999999998673,76.89999999999975
2025-03-11,1.09314,1.08755,1.0911,1.08859,42.40000000000022,-25.100000000000122
2025-03-12,1.0897,1.08222,1.08858,1.08514,18.499999999999073,-34.4000000000011
2025-03-13,1.09125,1.08304,1.08514,1.08765,16.500000000001513,25.100000000000122
2025-03-15,1.08809,1.08759,1.08766,1.08801,2.5999999999992696,3.4999999999985043
2025-03-16,1.09297,1.08685,1.08809,1.09212,19.499999999998963,40.299999999999784
2025-03-17,1.09545,1.08924,1.09211,1.0944,17.80000000000115,22.900000000001253
2025-03-18,1.09458,1.08603,1.09437,1.0904,24.300000000001543,-39.70000000000029
2025-03-19,1.09171,1.08145,1.09041,1.08539,9.300000000000974,-50.200000000000244
2025-03-20,1.08611,1.0797,1.08545,1.08121,10.599999999998388,-42.40000000000022
2025-03-22,1.08173,1.08115,1.0813,1.0817,2.6999999999999247,4.00000000000178
2025-03-23,1.08579,1.07813,1.08167,1.07995,16.00000000000046,-17.199999999999438
2025-03-24,1.083,1.07767,1.07994,1.07908,6.700000000001705,-8.599999999998609
2025-03-25,1.08025,1.07344,1.0791,1.07362,14.600000000000168,-54.799999999999294
2025-03-26,1.0821,1.07328,1.07363,1.07969,8.500000000000174,60.59999999999954
2025-03-27,1.08447,1.07644,1.07971,1.08237,18.100000000000893,26.600000000001067
2025-03-30,1.08492,1.07838,1.08228,1.08151,25.900000000000922,-7.699999999999374
2025-03-31,1.08299,1.07782,1.08139,1.07929,16.700000000000603,-20.999999999999908
2025-04-01,1.09242,1.078,1.07911,1.0849,60.49999999999889,57.89999999999962
2025-04-02,1.11462,1.08047,1.08382,1.1051,53.999999999998494,212.79999999999967
2025-04-03,1.11076,1.09242,1.1051,1.09573,34.000000000000696,-93.69999999999878
2025-04-06,1.10498,1.08792,1.08894,1.09054,36.300000000000225,16.00000000000046
2025-04-07,1.09916,1.08886,1.09017,1.09534,13.499999999999623,51.699999999998965
2025-04-08,1.10948,1.09132,1.09514,1.09451,47.900000000000716,-6.299999999999084
2025-04-09,1.12414,1.09427,1.09451,1.11969,30.999999999998806,251.7999999999998
2025-04-10,1.14736,1.11888,1.11976,1.13554,87.09999999999995,157.79999999999905
2025-04-13,1.14244,1.12956,1.13108,1.13496,15.700000000000713,38.79999999999883
2025-04-14,1.13789,1.12639,1.13495,1.12814,14.999999999998348,-68.09999999999982
2025-04-15,1.14127,1.1279,1.12814,1.13985,18.799999999998818,117.10000000000109
2025-04-16,1.1409,1.13349,1.13978,1.13639,16.099999999998893,-33.90000000000004
2025-04-17,1.13972,1.13578,1.13615,1.13901,21.299999999999653,28.600000000000847
2025-04-20,1.15729,1.13925,1.13946,1.15128,32.600000000000406,118.20000000000164
2025-04-21,1.1547,1.14172,1.15129,1.14195,13.900000000000023,-93.39999999999904
2025-04-22,1.14399,1.13077,1.14195,1.13123,21.199999999998997,-107.20000000000063
2025-04-23,1.13975,1.13109,1.13122,1.13854,17.099999999998783,73.20000000000215
2025-04-24,1.13924,1.13155,1.13854,1.13628,9.700000000001374,-22.600000000001508
2025-04-27,1.14248,1.13292,1.13636,1.14179,15.199999999999658,54.30000000000046
2025-04-28,1.14218,1.137,1.14179,1.13855,20.999999999999908,-32.40000000000131
2025-04-29,1.13994,1.1317,1.13823,1.13274,16.499999999999293,-54.89999999999995
2025-04-30,1.13409,1.12657,1.13272,1.12878,22.799999999998377,-39.400000000000546
2025-05-01,1.13808,1.1274,1.12878,1.12946,28.900000000000592,6.800000000000139
2025-05-04,1.13646,1.12905,1.12987,1.1313,16.300000000000203,14.300000000000423
2025-05-05,1.13808,1.12797,1.13125,1.1367,13.300000000000534,54.499999999999545
2025-05-06,1.1378,1.12917,1.13671,1.12998,13.500000000001844,-67.30000000000125
2025-05-07,1.13361,1.12118,1.12999,1.12254,14.199999999999768,-74.49999999999957
2025-05-08,1.12928,1.11964,1.12254,1.1246,12.299999999998423,20.599999999999508
2025-05-11,1.12426,1.10651,1.119,1.10844,33.90000000000004,-105.59999999999903
2025-05-12,1.11946,1.10833,1.10845,1.11844,17.700000000000493,99.90000000000165
2025-05-13,1.12655,1.11645,1.11844,1.1173,18.599999999999728,-11.400000000001409
2025-05-14,1.12279,1.11669,1.11694,1.11854,16.499999999999293,16.00000000000046
2025-05-15,1.12195,1.11308,1.11862,1.11612,9.900000000000464,-24.999999999999467
2025-05-18,1.12879,1.11711,1.11749,1.12406,9.500000000000064,65.69999999999965
2025-05-19,1.12858,1.12178,1.12373,1.12818,10.799999999999699,44.500000000000654
2025-05-20,1.13628,1.12798,1.12814,1.13279,9.999999999998899,46.500000000000426
2025-05-21,1.13448,1.12558,1.13274,1.12782,25.200000000000777,-49.20000000000036
2025-05-22,1.13754,1.12768,1.1278,1.13592,42.800000000000615,81.20000000000127
2025-05-25,1.14185,1.13585,1.13617,1.13838,8.999999999999009,22.100000000000453
2025-05-26,1.14071,1.1323,1.13837,1.13291,13.399999999998968,-54.60000000000021
2025-05-27,1.13454,1.12837,1.13242,1.12915,9.900000000000464,-32.69999999999884
2025-05-28,1.13843,1.12103,1.12914,1.13649,20.499999999998852,73.49999999999967
2025-05-29,1.13897,1.13123,1.13647,1.13453,13.099999999999223,-19.400000000000528
2025-06-01,1.14498,1.13435,1.13439,1.14419,15.499999999999403,98.00000000000031
2025-06-02,1.14544,1.13639,1.14383,1.13699,17.300000000000093,-68.39999999999958
2025-06-03,1.14344,1.13568,1.13693,1.14144,22.400000000000198,45.100000000000136
2025-06-04,1.14948,1.14045,1.14143,1.14444,21.299999999999653,30.09999999999957
2025-06-05,1.14572,1.13715,1.14438,1.13935,21.700000000000053,-50.299999999998676
2025-06-08,1.14391,1.13864,1.13952,1.14183,9.900000000000464,23.099999999998122
2025-06-09,1.14475,1.13729,1.14183,1.14217,9.40000000000163,3.4000000000000696
2025-06-10,1.14994,1.14052,1.14207,1.14872,39.00000000000014,66.50000000000045
2025-06-11,1.16311,1.14837,1.14854,1.15834,34.899999999999935,98.00000000000031
2025-06-12,1.16143,1.1489,1.15807,1.15457,13.399999999998968,-34.999999999998366
2025-06-15,1.16147,1.15238,1.15309,1.15589,9.900000000000464,28.000000000001357
2025-06-16,1.15796,1.14745,1.15589,1.14794,15.100000000001224,-79.50000000000124
2025-06-17,1.153,1.14608,1.14794,1.14776,32.2,-1.80000000000069
2025-06-18,1.14999,1.14461,1.14777,1.14942,8.60000000000083,16.500000000001513
2025-06-19,1.15439,1.14914,1.14942,1.15189,11.399999999999189,24.699999999999722
2025-06-22,1.15814,1.14533,1.14602,1.15741,14.300000000000423,113.90000000000012
2025-06-23,1.16417,1.1574,1.1574,1.16089,12.199999999999989,34.899999999999935
2025-06-24,1.1665,1.15898,1.16081,1.16583,5.599999999998939,50.200000000000244
2025-06-25,1.17449,1.16533,1.16574,1.16999,12.099999999999334,42.50000000000087
2025-06-26,1.17539,1.16806,1.17,1.17162,13.099999999999223,16.20000000000177
2025-06-29,1.17881,1.17075,1.17287,1.17869,10.900000000000354,58.19999999999936
2025-06-30,1.18298,1.17611,1.17865,1.18059,16.00000000000046,19.400000000000528
2025-07-01,1.18098,1.17467,1.18053,1.17983,29.600000000000737,-7.0000000000014495
2025-07-02,1.181,1.17169,1.17981,1.17564,61.099999999998374,-41.700000000000074
2025-07-03,1.17873,1.17524,1.1756,1.17719,5.20000000000076,15.899999999999803
2025-07-06,1.17901,1.16868,1.17793,1.17077,18.100000000000893,-71.59999999999833
2025-07-07,1.1765,1.16825,1.17075,1.17246,8.100000000001994,17.100000000001003
2025-07-08,1.17291,1.16895,1.17241,1.172,8.80000000000214,-4.100000000000215
2025-07-09,1.17494,1.16623,1.172,1.17002,9.699999999999154,-19.799999999998708
2025-07-10,1.17138,1.16645,1.16997,1.16852,10.40000000000152,-14.499999999999513
2025-07-13,1.16978,1.16541,1.16658,1.1664,8.60000000000083,-1.7999999999984695
2025-07-14,1.16925,1.15927,1.16635,1.16005,20.599999999999508,-62.99999999999972
2025-07-15,1.17212,1.15623,1.15999,1.16377,58.499999999999105,37.799999999998946
2025-07-16,1.16424,1.15566,1.1639,1.15955,22.600000000001508,-43.499999999998536
2025-07-17,1.16716,1.15901,1.15956,1.16207,7.299999999998974,25.100000000000122
2025-07-20,1.17166,1.16145,1.16236,1.16908,9.500000000000064,67.19999999999837
2025-07-21,1.17607,1.16788,1.16908,1.17538,9.200000000000319,63.00000000000195
2025-07-22,1.17751,1.17109,1.17537,1.17678,18.999999999997907,14.099999999999113
2025-07-23,1.17887,1.17303,1.17679,1.17465,10.999999999998789,-21.400000000000308
2025-07-24,1.17609,1.17028,1.17465,1.17396,17.100000000001003,-6.900000000000794
2025-07-27,1.177,1.1585,1.17552,1.15876,8.799999999999919,-167.59999999999886
2025-07-28,1.15989,1.15188,1.15867,1.15453,13.900000000000023,-41.400000000000325
2025-07-29,1.15725,1.14008,1.15444,1.1404,23.899999999998922,-140.3999999999983
2025-07-30,1.14606,1.14014,1.1404,1.14139,9.700000000001374,9.899999999998244
2025-07-31,1.15969,1.13915,1.14126,1.1583,59.899999999999395,170.40000000000165
2025-08-03,1.15963,1.15497,1.1591,1.15691,9.600000000000719,-21.899999999999142
2025-08-04,1.15876,1.15277,1.1569,1.15748,20.199999999999108,5.800000000000249
2025-08-05,1.16683,1.15642,1.15741,1.16594,11.100000000001664,85.29999999999927
2025-08-06,1.16986,1.16108,1.16583,1.16646,15.400000000000968,6.300000000001305
2025-08-07,1.16792,1.16287,1.16639,1.16368,6.6000000000010495,-27.099999999999902
2025-08-10,1.16754,1.159,1.16444,1.16149,9.500000000000064,-29.50000000000008
2025-08-11,1.16971,1.15986,1.16145,1.16739,48.09999999999981,59.39999999999834
2025-08-12,1.17301,1.16689,1.16739,1.17051,5.9000000000009045,31.200000000000117
2025-08-13,1.1715,1.16309,1.17051,1.16473,32.2,-57.79999999999896
2025-08-14,1.17151,1.16458,1.1647,1.17026,8.40000000000174,55.600000000000094
2025-08-17,1.17157,1.16561,1.17101,1.16602,7.099999999999884,-49.9000000000005
2025-08-18,1.16928,1.1639,1.16598,1.16464,7.900000000000684,-13.400000000001189
2025-08-19,1.16736,1.16221,1.16459,1.16506,7.200000000000539,4.699999999999704
2025-08-20,1.16626,1.1601,1.16505,1.16052,16.300000000000203,-45.29999999999923
2025-08-21,1.17425,1.15828,1.16047,1.17148,65.09999999999793,110.10000000000187
2025-08-24,1.17259,1.16028,1.17203,1.16161,7.900000000000684,-104.19999999999874
2025-08-25,1.16652,1.16021,1.1616,1.16419,24.299999999999322,25.900000000000922
2025-08-26,1.16475,1.1574,1.16417,1.16381,10.799999999999699,-3.5999999999991594
2025-08-27,1.16972,1.16289,1.1638,1.16827,10.300000000000864,44.69999999999974
2025-08-28,1.17089,1.16507,1.16817,1.16826,8.299999999998864,0.9000000000014552
2025-08-31,1.17362,1.16845,1.16935,1.17106,6.6000000000010495,17.100000000001003
2025-09-01,1.1718,1.16127,1.17106,1.16395,16.700000000000603,-71.0999999999995
2025-09-02,1.1682,1.16081,1.16395,1.16612,16.80000000000126,21.700000000000053
2025-09-03,1.16694,1.16298,1.16612,1.16494,14.500000000001734,-11.799999999999589
2025-09-04,1.17593,1.16461,1.16493,1.17141,51.49999999999988,64.80000000000041
2025-09-07,1.17654,1.17036,1.17111,1.17629,5.399999999999849,51.79999999999963
2025-09-08,1.17799,1.17036,1.1762,1.17078,21.300000000001873,-54.199999999999804
2025-09-09,1.17306,1.16824,1.17073,1.16946,35.199999999999676,-12.700000000001044
2025-09-10,1.1746,1.16589,1.16945,1.17337,50.69999999999908,39.199999999999235
2025-09-11,1.17475,1.17013,1.17326,1.17301,5.499999999998284,-2.4999999999986144
2025-09-14,1.17744,1.1716,1.17303,1.17609,5.399999999999849,30.600000000000627
2025-09-15,1.18783,1.17572,1.17606,1.18668,11.499999999999844,106.19999999999851
2025-09-16,1.19186,1.18077,1.18657,1.18122,34.79999999999927,-53.49999999999966
2025-09-17,1.18482,1.175,1.1812,1.17856,14.899999999999913,-26.399999999999757
2025-09-18,1.17925,1.17286,1.17841,1.17405,8.599999999998609,-43.5999999999992
2025-09-21,1.18034,1.17262,1.17449,1.18025,6.999999999999229,57.59999999999987
2025-09-22,1.18199,1.17787,1.18026,1.18149,10.900000000000354,12.299999999998423
2025-09-23,1.1819,1.1728,1.18138,1.17374,6.699999999999484,-76.40000000000092
2025-09-24,1.17538,1.16454,1.17367,1.16654,21.899999999999142,-71.30000000000081
2025-09-25,1.17072,1.16568,1.16653,1.17005,8.900000000000574,35.199999999999676
2025-09-28,1.17544,1.16986,1.16986,1.1726,9.00000000000123,27.400000000001867
2025-09-29,1.17615,1.17119,1.17254,1.17328,8.099999999999774,7.4000000000018495
2025-09-30,1.17785,1.17154,1.17325,1.17294,30.09999999999957,-3.0999999999981043
2025-10-01,1.17583,1.16829,1.17268,1.17154,7.199999999998319,-11.399999999999189
2025-10-02,1.17591,1.1713,1.17154,1.17382,11.500000000002064,22.800000000000598
2025-10-05,1.17307,1.16516,1.17209,1.17104,21.799999999998487,-10.499999999999954
2025-10-06,1.17144,1.16474,1.17104,1.16563,6.699999999999484,-54.10000000000137
2025-10-07,1.1661,1.15983,1.16559,1.16274,15.699999999998493,-28.49999999999797
2025-10-08,1.1648,1.1542,1.16275,1.15635,10.799999999999699,-63.999999999999616
2025-10-09,1.16305,1.15551,1.15634,1.16149,15.099999999999003,51.49999999999988
2025-10-12,1.16297,1.15574,1.16138,1.15691,8.700000000001484,-44.69999999999974
2025-10-13,1.16148,1.15423,1.1569,1.16059,14.699999999998603,36.89999999999971
2025-10-14,1.16476,1.16017,1.1606,1.16466,5.699999999999594,40.599999999999525
2025-10-15,1.16941,1.16418,1.16461,1.16867,6.6000000000010495,40.60000000000174
2025-10-16,1.17283,1.16496,1.16864,1.16509,10.299999999998644,-35.49999999999942
2025-10-19,1.16753,1.16382,1.16646,1.16412,6.00000000000156,-23.400000000000087
2025-10-20,1.1655,1.15975,1.16413,1.15994,7.599999999998719,-41.900000000001384
2025-10-21,1.16224,1.15767,1.15988,1.161,7.099999999999884,11.200000000000099
2025-10-22,1.162,1.15853,1.161,1.16179,5.399999999999849,7.900000000000684
2025-10-23,1.1649,1.16008,1.16177,1.16266,37.199999999999456,8.900000000000574
2025-10-25,1.16362,1.16259,1.16346,1.16287,5.399999999999849,-5.899999999998684
2025-10-26,1.1652,1.16176,1.16295,1.16447,5.299999999999194,15.199999999999658
2025-10-27,1.16686,1.16255,1.16448,1.16515,6.999999999999229,6.699999999999484
2025-10-28,1.1666,1.15773,1.16521,1.16024,31.89999999999804,-49.70000000000141
2025-10-29,1.16374,1.1547,1.16022,1.15678,6.700000000001705,-34.4000000000011
2025-10-30,1.15775,1.15214,1.15678,1.1537,5.300000000001415,-30.799999999999716
2025-11-02,1.15413,1.1505,1.15294,1.15196,8.60000000000083,-9.799999999999809
2025-11-03,1.15334,1.14729,1.1519,1.14818,5.60000000000116,-37.199999999999456
2025-11-04,1.14978,1.14687,1.14816,1.14917,17.099999999998783,10.099999999999554
2025-11-05,1.15522,1.14905,1.14917,1.15466,6.099999999999994,54.89999999999995
2025-11-06,1.1591,1.15294,1.15463,1.15656,6.399999999999739,19.299999999999873
2025-11-09,1.15829,1.15409,1.15562,1.15568,16.799999999999038,0.5999999999994898
2025-11-10,1.16057,1.15468,1.15563,1.1582,7.899999999998464,25.699999999999612
2025-11-11,1.15977,1.15627,1.15818,1.15932,5.9000000000009045,11.399999999999189
2025-11-12,1.16559,1.15789,1.15933,1.16324,6.299999999999084,39.100000000000804
2025-11-13,1.16536,1.1606,1.16323,1.16172,5.800000000000249,-15.099999999999003
2025-11-16,1.16244,1.15818,1.16143,1.15912,4.20000000000087,-23.100000000000342
2025-11-17,1.16076,1.15713,1.15906,1.15803,5.399999999999849,-10.300000000000864
2025-11-18,1.15971,1.15178,1.15804,1.15369,11.200000000000099,-43.499999999998536
2025-11-19,1.15499,1.15013,1.15367,1.15274,33.09999999999924,-9.299999999998754
2025-11-20,1.15524,1.14909,1.15273,1.15155,14.499999999999513,-11.799999999999589
2025-11-23,1.15503,1.15018,1.15128,1.15205,4.299999999999304,7.699999999999374
2025-11-24,1.15859,1.15114,1.15203,1.15697,22.499999999998632,49.399999999999444
2025-11-25,1.16008,1.1547,1.15696,1.15945,11.700000000001154,24.900000000001032
2025-11-26,1.16132,1.15763,1.15945,1.15949,5.800000000000249,0.3999999999981796
2025-11-27,1.16075,1.1555,1.15949,1.15973,8.799999999999919,2.4000000000001798
2025-11-30,1.16522,1.15893,1.1594,1.16092,5.5000000000005045,15.199999999999658
2025-12-01,1.16258,1.1591,1.16089,1.16233,8.500000000000174,14.400000000001079
2025-12-02,1.16775,1.16204,1.16233,1.16706,10.200000000000209,47.29999999999901
2025-12-03,1.16819,1.16409,1.16705,1.1644,15.700000000000713,-26.49999999999819
2025-12-04,1.16717,1.16279,1.16439,1.16388,5.300000000001415,-5.1000000000001044
2025-12-07,1.16718,1.16163,1.16373,1.16369,8.700000000001484,-0.40000000000040004
2025-12-08,1.16571,1.16149,1.1637,1.16273,13.800000000001589,-9.699999999999154
2025-12-09,1.16997,1.16214,1.16266,1.16948,25.699999999999612,68.20000000000049
2025-12-10,1.17627,1.16821,1.16948,1.17376,6.399999999999739,42.79999999999839
2025-12-11,1.17497,1.17195,1.17377,1.17396,6.099999999999994,1.8999999999991246
2025-12-14,1.17688,1.17264,1.17358,1.17521,9.099999999999664,16.300000000000203
2025-12-15,1.1804,1.1735,1.17518,1.17463,18.199999999999328,-5.499999999998284
2025-12-16,1.1758,1.1703,1.1746,1.17401,6.200000000000649,-5.9000000000009045
2025-12-17,1.17627,1.17123,1.174,1.17217,28.300000000001102,-18.299999999999983
2025-12-18,1.17377,1.17021,1.17212,1.17103,4.500000000000615,-10.900000000000354
2025-12-21,1.17693,1.17058,1.17149,1.17612,5.1000000000001044,46.30000000000134
2025-12-22,1.18021,1.17536,1.1761,1.1794,8.20000000000043,33.00000000000081
2025-12-23,1.18079,1.17726,1.17936,1.1778,5.199999999998539,-15.600000000000058
2025-12-24,1.17835,1.17663,1.17777,1.17752,9.999999999998899,-2.500000000000835
2025-12-25,1.17966,1.17615,1.17755,1.1768,6.499999999998174,-7.500000000000284
2025-12-28,1.1789,1.17493,1.17631,1.17718,7.0000000000014495,8.699999999999264
2025-12-29,1.17797,1.17431,1.17713,1.17475,6.999999999999229,-23.800000000000487
2025-12-30,1.17592,1.17199,1.17476,1.17455,7.500000000000284,-2.100000000000435
