week_key,high_day,high_dow,high_day_name,low_day,low_dow,low_day_name,weekly_range_pips,high_first,low_first,same_day,year,weekly_return,bullish
2000-W22,2000-06-01,3,Thursday,2000-05-30,1,Tuesday,346.99999999999955,False,True,False,2000,181.00000000000006,True
2000-W23,2000-06-07,2,Wednesday,2000-06-05,0,Monday,248.00000000000045,False,True,False,2000,60.99999999999994,True
2000-W24,2000-06-18,6,Sunday,2000-06-14,2,Wednesday,190.00000000000017,False,True,False,2000,29.000000000000135,True
2000-W25,2000-06-19,0,Monday,2000-06-25,6,Sunday,318.0000000000005,True,False,False,2000,-199.99999999999906,False
2000-W26,2000-06-29,3,Thursday,2000-06-26,0,Monday,237.00000000000054,False,True,False,2000,151.00000000000003,True
2000-W27,2000-07-05,2,Wednesday,2000-07-06,3,Thursday,139.00000000000023,True,False,False,2000,48.00000000000026,True
2000-W28,2000-07-10,0,Monday,2000-07-13,3,Thursday,251.0000000000001,True,False,False,2000,-182.99999999999983,False
2000-W29,2000-07-20,3,Thursday,2000-07-18,1,Tuesday,191.00000000000006,False,True,False,2000,-32.00000000000092,False
2000-W30,2000-07-25,1,Tuesday,2000-07-30,6,Sunday,225.99999999999955,True,False,False,2000,-66.99999999999929,False
2000-W31,2000-07-31,0,Monday,2000-08-02,2,Wednesday,295.9999999999996,True,False,False,2000,-195.99999999999952,False
2000-W32,2000-08-10,3,Thursday,2000-08-08,1,Tuesday,180.00000000000017,False,True,False,2000,-10.999999999999899,False
2000-W33,2000-08-17,3,Thursday,2000-08-20,6,Sunday,171.00000000000003,True,False,False,2000,-43.999999999999595,False
2000-W34,2000-08-24,3,Thursday,2000-08-22,1,Tuesday,162.9999999999998,False,True,False,2000,-13.999999999999568,False
2000-W35,2000-09-03,6,Sunday,2000-08-30,2,Wednesday,199.00000000000028,False,True,False,2000,-7.000000000000339,False
2000-W36,2000-09-04,0,Monday,2000-09-10,6,Sunday,423.00000000000006,True,False,False,2000,-407.9999999999995,False
2000-W37,2000-09-13,2,Wednesday,2000-09-17,6,Sunday,209.00000000000028,True,False,False,2000,-34.000000000000696,False
2000-W38,2000-09-21,3,Thursday,2000-09-19,1,Tuesday,506.99999999999966,False,True,False,2000,214.99999999999963,True
2000-W39,2000-09-26,1,Tuesday,2000-09-25,0,Monday,154.99999999999957,False,True,False,2000,19.000000000000128,True
2000-W40,2000-10-02,0,Monday,2000-10-05,3,Thursday,119.00000000000021,True,False,False,2000,-81.99999999999986,False
2000-W41,2000-10-10,1,Tuesday,2000-10-15,6,Sunday,302.00000000000006,True,False,False,2000,-181.00000000000006,False
2000-W42,2000-10-17,1,Tuesday,2000-10-17,1,Tuesday,252.0,False,False,True,2000,-133.9999999999997,False
2000-W43,2000-10-29,6,Sunday,2000-10-25,2,Wednesday,301.00000000000017,False,True,False,2000,46.99999999999926,True
2000-W44,2000-11-02,3,Thursday,2000-10-30,0,Monday,382.0000000000001,False,True,False,2000,211.00000000000009,True
2000-W45,2000-11-09,3,Thursday,2000-11-08,2,Wednesday,187.0000000000005,False,True,False,2000,-49.000000000000156,False
2000-W46,2000-11-14,1,Tuesday,2000-11-19,6,Sunday,168.99999999999915,True,False,False,2000,-60.99999999999994,False
2000-W47,2000-11-20,0,Monday,2000-11-23,3,Thursday,159.00000000000026,True,False,False,2000,15.000000000000568,True
2000-W48,2000-12-03,6,Sunday,2000-11-27,0,Monday,426.9999999999996,False,True,False,2000,352.0000000000001,True
2000-W49,2000-12-06,2,Wednesday,2000-12-10,6,Sunday,224.99999999999966,True,False,False,2000,-100.99999999999997,False
2000-W50,2000-12-17,6,Sunday,2000-12-12,1,Tuesday,300.0000000000003,False,True,False,2000,180.00000000000017,True
2000-W51,2000-12-21,3,Thursday,2000-12-18,0,Monday,377.0000000000007,False,True,False,2000,276.0000000000007,True
2000-W52,2000-12-28,3,Thursday,2000-12-27,2,Wednesday,141.99999999999991,False,True,False,2000,77.0000000000004,True
2001-W01,2001-01-04,3,Thursday,2001-01-03,2,Wednesday,330.0000000000003,False,True,False,2001,2.00000000000089,True
2001-W02,2001-01-08,0,Monday,2001-01-09,1,Tuesday,114.99999999999955,True,False,False,2001,-71.00000000000107,False
2001-W04,2001-01-22,0,Monday,2001-01-24,2,Wednesday,334.00000000000097,True,False,False,2001,-218.9999999999992,False
2001-W05,2001-01-31,2,Wednesday,2001-01-29,0,Monday,300.0000000000003,False,True,False,2001,205.99999999999952,True
2001-W06,2001-02-05,0,Monday,2001-02-08,3,Thursday,253.99999999999977,True,False,False,2001,-63.999999999999616,False
2001-W07,2001-02-12,0,Monday,2001-02-14,2,Wednesday,302.99999999999994,True,False,False,2001,-97.00000000000043,False
2001-W08,2001-02-19,0,Monday,2001-02-21,2,Wednesday,223.99999999999974,True,False,False,2001,-112.99999999999977,False
2001-W09,2001-03-01,3,Thursday,2001-02-26,0,Monday,298.0000000000005,False,True,False,2001,183.99999999999972,True
2001-W10,2001-03-08,3,Thursday,2001-03-05,0,Monday,121.99999999999989,False,True,False,2001,-6.999999999999229,False
2001-W11,2001-03-12,0,Monday,2001-03-15,3,Thursday,388.00000000000057,True,False,False,2001,-291.00000000000017,False
2001-W12,2001-03-20,1,Tuesday,2001-03-21,2,Wednesday,299.0000000000004,True,False,False,2001,-27.000000000000355,False
2001-W13,2001-03-26,0,Monday,2001-04-01,6,Sunday,247.99999999999932,True,False,False,2001,-162.9999999999998,False
2001-W14,2001-04-04,2,Wednesday,2001-04-02,0,Monday,298.0000000000005,False,True,False,2001,171.99999999999994,True
2001-W15,2001-04-09,0,Monday,2001-04-10,1,Tuesday,181.00000000000006,True,False,False,2001,-81.99999999999986,False
2001-W16,2001-04-22,6,Sunday,2001-04-17,1,Tuesday,363.9999999999999,False,True,False,2001,91.99999999999986,True
2001-W17,2001-04-26,3,Thursday,2001-04-29,6,Sunday,204.00000000000085,True,False,False,2001,-108.00000000000031,False
2001-W18,2001-05-03,3,Thursday,2001-04-30,0,Monday,151.99999999999991,False,True,False,2001,37.00000000000037,True
2001-W19,2001-05-09,2,Wednesday,2001-05-13,6,Sunday,203.99999999999974,True,False,False,2001,-165.0000000000007,False
2001-W20,2001-05-16,2,Wednesday,2001-05-14,0,Monday,142.9999999999998,False,True,False,2001,30.999999999999915,True
2001-W21,2001-05-21,0,Monday,2001-05-23,2,Wednesday,279.00000000000034,True,False,False,2001,-183.99999999999972,False
2001-W22,2001-05-28,0,Monday,2001-05-31,3,Thursday,180.00000000000017,True,False,False,2001,-133.9999999999997,False
2001-W23,2001-06-05,1,Tuesday,2001-06-10,6,Sunday,155.99999999999946,True,False,False,2001,-30.999999999999915,False
2001-W24,2001-06-14,3,Thursday,2001-06-11,0,Monday,258.00000000000045,False,True,False,2001,178.99999999999915,True
2001-W25,2001-06-24,6,Sunday,2001-06-19,1,Tuesday,129.00000000000023,False,True,False,2001,-13.999999999999568,False
2001-W26,2001-06-26,1,Tuesday,2001-06-27,2,Wednesday,227.99999999999932,True,False,False,2001,-126.00000000000055,False
2001-W27,2001-07-08,6,Sunday,2001-07-05,3,Thursday,162.9999999999998,False,True,False,2001,40.000000000000036,True
2001-W28,2001-07-10,1,Tuesday,2001-07-09,0,Monday,151.99999999999991,False,True,False,2001,20.999999999999908,True
2001-W29,2001-07-19,3,Thursday,2001-07-16,0,Monday,293.99999999999983,False,True,False,2001,159.00000000000026,True
2001-W30,2001-07-25,2,Wednesday,2001-07-23,0,Monday,135.00000000000068,False,True,False,2001,55.000000000000604,True
2001-W31,2001-08-02,3,Thursday,2001-07-30,0,Monday,147.99999999999923,False,True,False,2001,72.99999999999973,True
2001-W32,2001-08-12,6,Sunday,2001-08-07,1,Tuesday,266.0000000000007,False,True,False,2001,144.99999999999957,True
2001-W33,2001-08-19,6,Sunday,2001-08-13,0,Monday,263.9999999999998,False,True,False,2001,179.99999999999906,True
2001-W34,2001-08-21,1,Tuesday,2001-08-23,3,Thursday,163.99999999999972,True,False,False,2001,-31.999999999999808,False
2001-W35,2001-08-30,3,Thursday,2001-08-27,0,Monday,169.00000000000026,False,True,False,2001,-37.99999999999915,False
2001-W36,2001-09-09,6,Sunday,2001-09-05,2,Wednesday,252.0,False,True,False,2001,-88.0000000000003,False
2001-W37,2001-09-16,6,Sunday,2001-09-10,0,Monday,377.99999999999943,False,True,False,2001,258.00000000000045,True
2001-W38,2001-09-18,1,Tuesday,2001-09-20,3,Thursday,237.99999999999932,True,False,False,2001,-70.99999999999996,False
2001-W39,2001-09-24,0,Monday,2001-09-30,6,Sunday,186.0000000000006,True,False,False,2001,5.999999999999339,True
2001-W40,2001-10-07,6,Sunday,2001-10-02,1,Tuesday,118.00000000000033,False,True,False,2001,36.000000000000476,True
2001-W41,2001-10-08,0,Monday,2001-10-14,6,Sunday,161.00000000000003,True,False,False,2001,-122.99999999999977,False
2001-W42,2001-10-15,0,Monday,2001-10-21,6,Sunday,216.9999999999994,True,False,False,2001,-167.00000000000048,False
2001-W43,2001-10-28,6,Sunday,2001-10-22,0,Monday,181.99999999999994,False,True,False,2001,129.00000000000023,True
2001-W44,2001-10-29,0,Monday,2001-11-04,6,Sunday,156.99999999999937,True,False,False,2001,-69.00000000000017,False
2001-W45,2001-11-06,1,Tuesday,2001-11-11,6,Sunday,134.0000000000008,True,False,False,2001,-34.999999999999474,False
2001-W46,2001-11-12,0,Monday,2001-11-18,6,Sunday,169.00000000000026,True,False,False,2001,-148.00000000000034,False
2001-W47,2001-11-19,0,Monday,2001-11-20,1,Tuesday,89.00000000000018,True,False,False,2001,13.999999999999568,True
2001-W48,2001-12-02,6,Sunday,2001-11-26,0,Monday,199.00000000000028,False,True,False,2001,110.99999999999999,True
2001-W49,2001-12-04,1,Tuesday,2001-12-09,6,Sunday,252.0,True,False,False,2001,-5.999999999999339,False
2001-W50,2001-12-16,6,Sunday,2001-12-10,0,Monday,264.0000000000009,False,True,False,2001,113.99999999999966,True
2001-W51,2001-12-18,1,Tuesday,2001-12-23,6,Sunday,379.9999999999992,True,False,False,2001,-251.0000000000001,False
2001-W52,2001-12-30,6,Sunday,2001-12-25,1,Tuesday,239.0000000000003,False,True,False,2001,111.99999999999987,True
2002-W01,2002-01-01,1,Tuesday,2002-01-06,6,Sunday,255.0000000000008,True,False,False,2002,25.000000000000576,True
2002-W02,2002-01-08,1,Tuesday,2002-01-08,1,Tuesday,175.9999999999995,False,False,True,2002,10.000000000000009,True
2002-W03,2002-01-14,0,Monday,2002-01-15,1,Tuesday,141.99999999999991,True,False,False,2002,-109.00000000000021,False
2002-W04,2002-01-22,1,Tuesday,2002-01-27,6,Sunday,314.9999999999997,True,False,False,2002,-212.99999999999986,False
2002-W05,2002-01-29,1,Tuesday,2002-01-28,0,Monday,116.00000000000054,False,True,False,2002,80.00000000000007,True
2002-W06,2002-02-04,0,Monday,2002-02-05,1,Tuesday,92.99999999999974,True,False,False,2002,-37.00000000000037,False
2002-W08,2002-02-18,0,Monday,2002-02-18,0,Monday,117.99999999999922,False,False,True,2002,-17.000000000000348,False
2002-W09,2002-02-25,0,Monday,2002-02-25,0,Monday,107.00000000000043,False,False,True,2002,7.000000000000339,True
2002-W10,2002-03-06,2,Wednesday,2002-03-04,0,Monday,128.00000000000034,False,True,False,2002,57.99999999999916,True
2002-W11,2002-03-17,6,Sunday,2002-03-11,0,Monday,123.99999999999966,False,True,False,2002,74.00000000000074,True
2002-W12,2002-03-20,2,Wednesday,2002-03-24,6,Sunday,105.99999999999943,True,False,False,2002,-53.9999999999996,False
2002-W13,2002-03-31,6,Sunday,2002-03-31,6,Sunday,109.00000000000021,False,False,True,2002,33.00000000000081,True
2002-W14,2002-04-02,1,Tuesday,2002-04-07,6,Sunday,93.99999999999964,True,False,False,2002,-60.00000000000006,False
2002-W15,2002-04-09,1,Tuesday,2002-04-08,0,Monday,89.00000000000018,False,True,False,2002,48.00000000000026,True
2002-W16,2002-04-17,2,Wednesday,2002-04-15,0,Monday,123.99999999999966,False,True,False,2002,90.99999999999997,True
2002-W17,2002-04-28,6,Sunday,2002-04-22,0,Monday,182.99999999999983,False,True,False,2002,144.0000000000008,True
2002-W18,2002-05-05,6,Sunday,2002-04-29,0,Monday,192.99999999999983,False,True,False,2002,144.99999999999957,True
2002-W19,2002-05-06,0,Monday,2002-05-07,1,Tuesday,151.00000000000003,True,False,False,2002,-70.00000000000006,False
2002-W20,2002-05-19,6,Sunday,2002-05-14,1,Tuesday,232.9999999999999,False,True,False,2002,95.00000000000064,True
2002-W21,2002-05-21,1,Tuesday,2002-05-20,0,Monday,114.99999999999955,False,True,False,2002,-10.999999999999899,False
2002-W22,2002-06-02,6,Sunday,2002-05-27,0,Monday,213.99999999999974,False,True,False,2002,209.9999999999991,True
2002-W23,2002-06-09,6,Sunday,2002-06-04,1,Tuesday,132.99999999999977,False,True,False,2002,26.00000000000047,True
2002-W24,2002-06-11,1,Tuesday,2002-06-10,0,Monday,100.99999999999997,False,True,False,2002,-2.9999999999996696,False
2002-W25,2002-06-23,6,Sunday,2002-06-17,0,Monday,380.00000000000034,False,True,False,2002,257.00000000000057,True
2002-W26,2002-06-30,6,Sunday,2002-06-24,0,Monday,312.00000000000006,False,True,False,2002,205.99999999999952,True
2002-W27,2002-07-01,0,Monday,2002-07-07,6,Sunday,174.9999999999996,True,False,False,2002,-14.999999999999458,False
2002-W28,2002-07-14,6,Sunday,2002-07-09,1,Tuesday,231.0000000000012,False,True,False,2002,124.00000000000078,True
2002-W29,2002-07-18,3,Thursday,2002-07-15,0,Monday,176.0000000000006,False,True,False,2002,53.999999999998494,True
2002-W30,2002-07-22,0,Monday,2002-07-28,6,Sunday,318.0000000000016,True,False,False,2002,-274.9999999999997,False
2002-W31,2002-08-01,3,Thursday,2002-07-31,2,Wednesday,192.99999999999983,False,True,False,2002,-9.000000000000119,False
2002-W32,2002-08-05,0,Monday,2002-08-05,0,Monday,185.9999999999995,False,False,True,2002,-8.00000000000023,False
2002-W33,2002-08-13,1,Tuesday,2002-08-14,2,Wednesday,146.00000000000057,True,False,False,2002,-29.000000000000135,False
2002-W34,2002-08-20,1,Tuesday,2002-08-22,3,Thursday,183.99999999999972,True,False,False,2002,-41.999999999999815,False
2002-W35,2002-08-28,2,Wednesday,2002-08-26,0,Monday,181.00000000000006,False,True,False,2002,123.99999999999966,True
2002-W36,2002-09-04,2,Wednesday,2002-09-08,6,Sunday,211.00000000000009,True,False,False,2002,-48.00000000000026,False
2002-W37,2002-09-12,3,Thursday,2002-09-15,6,Sunday,175.9999999999995,True,False,False,2002,-102.99999999999976,False
2002-W38,2002-09-19,3,Thursday,2002-09-16,0,Monday,272.0,False,True,False,2002,92.99999999999974,True
2002-W39,2002-09-29,6,Sunday,2002-09-25,2,Wednesday,168.00000000000037,False,True,False,2002,95.00000000000064,True
2002-W40,2002-10-02,2,Wednesday,2002-10-06,6,Sunday,130.0000000000001,True,False,False,2002,-40.99999999999993,False
2002-W41,2002-10-09,2,Wednesday,2002-10-07,0,Monday,163.99999999999972,False,True,False,2002,40.99999999999993,True
2002-W42,2002-10-14,0,Monday,2002-10-20,6,Sunday,199.00000000000028,True,False,False,2002,-137.00000000000045,False
2002-W43,2002-10-27,6,Sunday,2002-10-21,0,Monday,128.00000000000034,False,True,False,2002,111.99999999999987,True
2002-W44,2002-10-31,3,Thursday,2002-10-28,0,Monday,196.9999999999994,False,True,False,2002,135.99999999999946,True
2002-W45,2002-11-10,6,Sunday,2002-11-05,1,Tuesday,230.0000000000013,False,True,False,2002,125.99999999999945,True
2002-W46,2002-11-12,1,Tuesday,2002-11-14,3,Thursday,123.99999999999966,True,False,False,2002,-14.999999999998348,False
2002-W47,2002-11-18,0,Monday,2002-11-24,6,Sunday,248.99999999999923,True,False,False,2002,-171.00000000000114,False
2002-W48,2002-12-01,6,Sunday,2002-12-01,6,Sunday,120.00000000000011,False,False,True,2002,51.000000000001044,True
2002-W49,2002-12-05,3,Thursday,2002-12-02,0,Monday,174.9999999999996,False,True,False,2002,133.9999999999997,True
2002-W50,2002-12-12,3,Thursday,2002-12-10,1,Tuesday,199.00000000000028,False,True,False,2002,120.00000000000011,True
2002-W51,2002-12-16,0,Monday,2002-12-18,2,Wednesday,127.00000000000156,True,False,False,2002,37.00000000000037,True
2002-W52,2002-12-29,6,Sunday,2002-12-23,0,Monday,236.99999999999832,False,True,False,2002,223.99999999999974,True
2003-W01,2002-12-30,0,Monday,2003-01-01,2,Wednesday,165.9999999999995,True,False,False,2003,-23.999999999999577,False
2003-W02,2003-01-12,6,Sunday,2003-01-07,1,Tuesday,223.99999999999974,False,True,False,2003,75.00000000000063,True
2003-W03,2003-01-19,6,Sunday,2003-01-14,1,Tuesday,184.9999999999996,False,True,False,2003,138.00000000000034,True
2003-W04,2003-01-26,6,Sunday,2003-01-20,0,Monday,275.0000000000008,False,True,False,2003,168.99999999999915,True
2003-W05,2003-01-28,1,Tuesday,2003-02-02,6,Sunday,208.0000000000015,True,False,False,2003,-61.99999999999983,False
2003-W06,2003-02-04,1,Tuesday,2003-02-09,6,Sunday,211.0000000000012,True,False,False,2003,-55.000000000000604,False
2003-W07,2003-02-12,2,Wednesday,2003-02-10,0,Monday,194.00000000000085,False,True,False,2003,11.999999999998678,True
2003-W08,2003-02-20,3,Thursday,2003-02-18,1,Tuesday,182.99999999999983,False,True,False,2003,76.00000000000051,True
2003-W09,2003-03-02,6,Sunday,2003-02-25,1,Tuesday,171.00000000000114,False,True,False,2003,95.99999999999831,True
2003-W10,2003-03-06,3,Thursday,2003-03-03,0,Monday,189.99999999999906,False,True,False,2003,164.00000000000193,True
2003-W11,2003-03-10,0,Monday,2003-03-16,6,Sunday,495.000000000001,True,False,False,2003,-436.00000000000085,False
2003-W12,2003-03-23,6,Sunday,2003-03-20,3,Thursday,173.00000000000094,False,True,False,2003,14.000000000000679,True
2003-W13,2003-03-30,6,Sunday,2003-03-25,1,Tuesday,310.99999999999903,False,True,False,2003,276.0000000000007,True
2003-W14,2003-04-01,1,Tuesday,2003-04-06,6,Sunday,399.00000000000045,True,False,False,2003,-214.99999999999852,False
2003-W15,2003-04-09,2,Wednesday,2003-04-07,0,Monday,187.9999999999993,False,True,False,2003,69.99999999999895,True
2003-W16,2003-04-16,2,Wednesday,2003-04-14,0,Monday,241.0000000000001,False,True,False,2003,98.00000000000031,True
2003-W17,2003-04-27,6,Sunday,2003-04-21,0,Monday,229.00000000000142,False,True,False,2003,115.00000000000065,True
2003-W18,2003-05-04,6,Sunday,2003-04-28,0,Monday,370.0000000000014,False,True,False,2003,302.99999999999994,True
2003-W19,2003-05-11,6,Sunday,2003-05-05,0,Monday,348.00000000000165,False,True,False,2003,266.99999999999943,True
2003-W20,2003-05-18,6,Sunday,2003-05-15,3,Thursday,367.99999999999943,False,True,False,2003,94.00000000000075,True
2003-W21,2003-05-25,6,Sunday,2003-05-19,0,Monday,244.99999999999966,False,True,False,2003,190.00000000000128,True
2003-W22,2003-05-26,0,Monday,2003-06-01,6,Sunday,284.9999999999997,True,False,False,2003,-105.99999999999943,False
2003-W23,2003-06-04,2,Wednesday,2003-06-04,2,Wednesday,258.00000000000045,False,False,True,2003,-47.999999999999154,False
2003-W24,2003-06-15,6,Sunday,2003-06-10,1,Tuesday,272.00000000000114,False,True,False,2003,111.0000000000011,True
2003-W25,2003-06-16,0,Monday,2003-06-22,6,Sunday,359.00000000000045,True,False,False,2003,-274.0000000000009,False
2003-W26,2003-06-24,1,Tuesday,2003-06-26,3,Thursday,225.00000000000188,True,False,False,2003,-55.000000000000604,False
2003-W27,2003-06-30,0,Monday,2003-07-06,6,Sunday,295.0000000000008,True,False,False,2003,-194.00000000000085,False
2003-W28,2003-07-09,2,Wednesday,2003-07-13,6,Sunday,150.99999999999892,True,False,False,2003,-42.9999999999997,False
2003-W29,2003-07-20,6,Sunday,2003-07-15,1,Tuesday,246.00000000000176,False,True,False,2003,71.99999999999874,True
2003-W30,2003-07-24,3,Thursday,2003-07-21,0,Monday,242.0,False,True,False,2003,153.99999999999858,True
2003-W31,2003-07-28,0,Monday,2003-07-31,3,Thursday,403.9999999999999,True,False,False,2003,-136.99999999999824,False
2003-W32,2003-08-05,1,Tuesday,2003-08-10,6,Sunday,161.00000000000003,True,False,False,2003,1.9999999999997797,True
2003-W34,2003-08-18,0,Monday,2003-08-21,3,Thursday,313.99999999999875,True,False,False,2003,-276.0000000000007,False
2003-W35,2003-08-31,6,Sunday,2003-08-25,0,Monday,221.99999999999997,False,True,False,2003,103.99999999999964,True
2003-W36,2003-09-07,6,Sunday,2003-09-02,1,Tuesday,364.9999999999998,False,True,False,2003,106.99999999999932,True
2003-W37,2003-09-11,3,Thursday,2003-09-08,0,Monday,269.0000000000015,False,True,False,2003,217.0000000000005,True
2003-W38,2003-09-21,6,Sunday,2003-09-16,1,Tuesday,364.9999999999998,False,True,False,2003,176.0000000000006,True
2003-W39,2003-09-28,6,Sunday,2003-09-28,6,Sunday,206.00000000000173,False,False,True,2003,134.99999999999847,True
2003-W40,2003-10-01,2,Wednesday,2003-10-05,6,Sunday,235.00000000000077,True,False,False,2003,111.0000000000011,True
2003-W41,2003-10-08,2,Wednesday,2003-10-12,6,Sunday,205.99999999999952,True,False,False,2003,-2.9999999999996696,False
2003-W42,2003-10-13,0,Monday,2003-10-16,3,Thursday,221.99999999999997,True,False,False,2003,-69.00000000000128,False
2003-W43,2003-10-23,3,Thursday,2003-10-20,0,Monday,241.0000000000001,False,True,False,2003,111.0000000000011,True
2003-W44,2003-10-29,2,Wednesday,2003-11-02,6,Sunday,327.99999999999943,True,False,False,2003,-288.99999999999926,False
2003-W45,2003-11-06,3,Thursday,2003-11-06,3,Thursday,167.0000000000016,False,False,True,2003,29.000000000001247,True
2003-W46,2003-11-16,6,Sunday,2003-11-10,0,Monday,403.9999999999999,False,True,False,2003,277.00000000000057,True
2003-W47,2003-11-18,1,Tuesday,2003-11-17,0,Monday,244.99999999999966,False,True,False,2003,20.000000000000018,True
2003-W48,2003-11-30,6,Sunday,2003-11-24,0,Monday,288.99999999999926,False,True,False,2003,205.99999999999952,True
2003-W49,2003-12-07,6,Sunday,2003-12-01,0,Monday,295.99999999999847,False,True,False,2003,238.9999999999981,True
2003-W50,2003-12-14,6,Sunday,2003-12-10,2,Wednesday,208.99999999999918,False,True,False,2003,97.9999999999981,True
2003-W51,2003-12-21,6,Sunday,2003-12-16,1,Tuesday,152.00000000000102,False,True,False,2003,80.99999999999996,True
2003-W52,2003-12-28,6,Sunday,2003-12-22,0,Monday,122.0000000000021,False,True,False,2003,98.00000000000031,True
2004-W01,2004-01-04,6,Sunday,2003-12-29,0,Monday,217.0000000000005,False,True,False,2004,184.9999999999996,True
2004-W02,2004-01-11,6,Sunday,2004-01-07,2,Wednesday,338.0000000000005,False,True,False,2004,72.99999999999862,True
2004-W03,2004-01-12,0,Monday,2004-01-18,6,Sunday,462.00000000000017,True,False,False,2004,-395.9999999999986,False
2004-W04,2004-01-22,3,Thursday,2004-01-19,0,Monday,429.99999999999926,False,True,False,2004,105.99999999999943,True
2004-W05,2004-01-27,1,Tuesday,2004-01-29,3,Thursday,357.9999999999983,True,False,False,2004,-39.00000000000014,False
2004-W06,2004-02-08,6,Sunday,2004-02-02,0,Monday,346.99999999999955,False,True,False,2004,277.00000000000057,True
2004-W07,2004-02-12,3,Thursday,2004-02-10,1,Tuesday,244.000000000002,False,True,False,2004,74.00000000000074,True
2004-W08,2004-02-17,1,Tuesday,2004-02-22,6,Sunday,476.9999999999985,True,False,False,2004,-216.00000000000063,False
2004-W09,2004-02-23,0,Monday,2004-02-26,3,Thursday,340.0000000000003,True,False,False,2004,-98.00000000000031,False
2004-W10,2004-03-07,6,Sunday,2004-03-02,1,Tuesday,432.00000000000125,False,True,False,2004,-55.000000000000604,False
2004-W11,2004-03-08,0,Monday,2004-03-10,2,Wednesday,293.000000000001,True,False,False,2004,-139.00000000000023,False
2004-W12,2004-03-17,2,Wednesday,2004-03-16,1,Tuesday,260.0000000000002,False,True,False,2004,75.00000000000063,True
2004-W13,2004-03-22,0,Monday,2004-03-28,6,Sunday,318.0000000000005,True,False,False,2004,-179.00000000000028,False
2004-W14,2004-03-31,2,Wednesday,2004-04-04,6,Sunday,403.0,True,False,False,2004,-139.00000000000023,False
2004-W15,2004-04-07,2,Wednesday,2004-04-05,0,Monday,236.00000000000065,False,True,False,2004,58.00000000000027,True
2004-W16,2004-04-12,0,Monday,2004-04-13,1,Tuesday,212.99999999999875,True,False,False,2004,-53.999999999998494,False
2004-W17,2004-04-19,0,Monday,2004-04-25,6,Sunday,254.00000000000088,True,False,False,2004,-147.99999999999923,False
2004-W18,2004-04-29,3,Thursday,2004-04-28,2,Wednesday,208.99999999999918,False,True,False,2004,84.99999999999952,True
2004-W19,2004-05-04,1,Tuesday,2004-05-09,6,Sunday,366.99999999999955,True,False,False,2004,-88.99999999999908,False
2004-W20,2004-05-16,6,Sunday,2004-05-12,2,Wednesday,285.9999999999996,False,True,False,2004,187.00000000000162,True
2004-W21,2004-05-20,3,Thursday,2004-05-19,2,Wednesday,176.0000000000006,False,True,False,2004,-17.999999999998018,False
2004-W22,2004-05-27,3,Thursday,2004-05-24,0,Monday,309.99999999999915,False,True,False,2004,181.00000000000006,True
2004-W23,2004-06-06,6,Sunday,2004-06-03,3,Thursday,198.0000000000004,False,True,False,2004,122.99999999999977,True
2004-W24,2004-06-07,0,Monday,2004-06-13,6,Sunday,398.00000000000057,True,False,False,2004,-262.9999999999999,False
2004-W25,2004-06-14,0,Monday,2004-06-17,3,Thursday,194.00000000000085,True,False,False,2004,59.00000000000016,True
2004-W26,2004-06-27,6,Sunday,2004-06-23,2,Wednesday,187.00000000000162,False,True,False,2004,69.99999999999895,True
2004-W27,2004-07-04,6,Sunday,2004-06-29,1,Tuesday,262.9999999999999,False,True,False,2004,100.00000000000009,True
2004-W28,2004-07-11,6,Sunday,2004-07-05,0,Monday,173.00000000000094,False,True,False,2004,117.99999999999811,True
2004-W29,2004-07-18,6,Sunday,2004-07-12,0,Monday,161.99999999999991,False,True,False,2004,27.999999999999137,True
2004-W30,2004-07-19,0,Monday,2004-07-25,6,Sunday,365.99999999999966,True,False,False,2004,-294.9999999999986,False
2004-W31,2004-07-26,0,Monday,2004-07-28,2,Wednesday,197.0000000000005,True,False,False,2004,-121.0,False
2004-W32,2004-08-05,3,Thursday,2004-08-03,1,Tuesday,322.00000000000006,False,True,False,2004,248.00000000000156,True
2004-W33,2004-08-15,6,Sunday,2004-08-12,3,Thursday,202.99999999999986,False,True,False,2004,89.99999999999898,True
2004-W34,2004-08-16,0,Monday,2004-08-22,6,Sunday,258.00000000000045,True,False,False,2004,-215.00000000000074,False
2004-W35,2004-08-23,0,Monday,2004-08-29,6,Sunday,160.00000000000014,True,False,False,2004,-77.0000000000004,False
2004-W36,2004-08-31,1,Tuesday,2004-09-02,3,Thursday,178.00000000000037,True,False,False,2004,19.000000000000128,True
2004-W37,2004-09-09,3,Thursday,2004-09-07,1,Tuesday,283.99999999999983,False,True,False,2004,190.99999999999895,True
2004-W38,2004-09-13,0,Monday,2004-09-15,2,Wednesday,173.00000000000094,True,False,False,2004,-85.9999999999994,False
2004-W39,2004-09-23,3,Thursday,2004-09-20,0,Monday,194.99999999999852,False,True,False,2004,121.0,True
2004-W40,2004-09-29,2,Wednesday,2004-10-03,6,Sunday,184.9999999999996,True,False,False,2004,-20.000000000000018,False
2004-W41,2004-10-07,3,Thursday,2004-10-05,1,Tuesday,183.99999999999972,False,True,False,2004,86.9999999999993,True
2004-W42,2004-10-17,6,Sunday,2004-10-12,1,Tuesday,306.9999999999995,False,True,False,2004,113.00000000000088,True
2004-W43,2004-10-24,6,Sunday,2004-10-18,0,Monday,373.99999999999875,False,True,False,2004,311.9999999999989,True
2004-W44,2004-10-25,0,Monday,2004-10-27,2,Wednesday,210.99999999999898,True,False,False,2004,-61.99999999999983,False
2004-W45,2004-11-07,6,Sunday,2004-11-02,1,Tuesday,330.9999999999991,False,True,False,2004,163.99999999999972,True
2004-W46,2004-11-09,1,Tuesday,2004-11-09,1,Tuesday,156.00000000000057,False,False,True,2004,32.999999999998586,True
2004-W47,2004-11-17,2,Wednesday,2004-11-15,0,Monday,153.0000000000009,False,True,False,2004,95.99999999999831,True
2004-W48,2004-11-25,3,Thursday,2004-11-22,0,Monday,351.999999999999,False,True,False,2004,235.00000000000077,True
2004-W49,2004-12-02,3,Thursday,2004-11-29,0,Monday,228.00000000000153,False,True,False,2004,123.99999999999966,True
2004-W50,2004-12-06,0,Monday,2004-12-09,3,Thursday,326.9999999999995,True,False,False,2004,-97.00000000000043,False
2004-W51,2004-12-14,1,Tuesday,2004-12-15,2,Wednesday,239.0000000000003,True,False,False,2004,84.99999999999952,True
2004-W52,2004-12-26,6,Sunday,2004-12-21,1,Tuesday,296.0000000000007,False,True,False,2004,225.00000000000188,True
2004-W53,2004-12-29,2,Wednesday,2005-01-02,6,Sunday,225.99999999999955,True,False,False,2004,-154.0000000000008,False
2005-W01,2005-01-03,0,Monday,2005-01-06,3,Thursday,468.99999999999943,True,False,False,2005,-390.99999999999915,False
2005-W02,2005-01-11,1,Tuesday,2005-01-13,3,Thursday,236.99999999999832,True,False,False,2005,-10.000000000001119,False
2005-W03,2005-01-18,1,Tuesday,2005-01-19,2,Wednesday,195.00000000000074,True,False,False,2005,-5.999999999999339,False
2005-W04,2005-01-26,2,Wednesday,2005-01-24,0,Monday,178.00000000000037,False,True,False,2005,-20.000000000000018,False
2005-W05,2005-02-01,1,Tuesday,2005-02-06,6,Sunday,359.9999999999981,True,False,False,2005,-280.0000000000002,False
2005-W06,2005-02-13,6,Sunday,2005-02-07,0,Monday,255.99999999999847,False,True,False,2005,217.0000000000005,True
2005-W07,2005-02-16,2,Wednesday,2005-02-14,0,Monday,135.99999999999835,False,True,False,2005,91.99999999999875,True
2005-W08,2005-02-27,6,Sunday,2005-02-21,0,Monday,223.99999999999974,False,True,False,2005,159.00000000000026,True
2005-W09,2005-03-03,3,Thursday,2005-03-01,1,Tuesday,164.9999999999996,False,True,False,2005,-15.000000000000568,False
2005-W10,2005-03-10,3,Thursday,2005-03-07,0,Monday,271.00000000000125,False,True,False,2005,143.9999999999997,True
2005-W11,2005-03-15,1,Tuesday,2005-03-20,6,Sunday,298.0000000000005,True,False,False,2005,-210.99999999999898,False
2005-W12,2005-03-21,0,Monday,2005-03-27,6,Sunday,364.9999999999998,True,False,False,2005,-271.9999999999989,False
2005-W13,2005-03-31,3,Thursday,2005-04-03,6,Sunday,237.00000000000054,True,False,False,2005,-42.9999999999997,False
2005-W14,2005-04-10,6,Sunday,2005-04-04,0,Monday,201.99999999999994,False,True,False,2005,123.00000000000199,True
2005-W15,2005-04-17,6,Sunday,2005-04-13,2,Wednesday,277.00000000000057,False,True,False,2005,54.00000000000071,True
2005-W16,2005-04-20,2,Wednesday,2005-04-24,6,Sunday,169.99999999999903,True,False,False,2005,-16.00000000000046,False
2005-W17,2005-04-25,0,Monday,2005-05-01,6,Sunday,176.0000000000006,True,False,False,2005,-137.00000000000045,False
2005-W18,2005-05-04,2,Wednesday,2005-05-08,6,Sunday,200.00000000000017,True,False,False,2005,-20.000000000000018,False
2005-W19,2005-05-10,1,Tuesday,2005-05-15,6,Sunday,328.9999999999993,True,False,False,2005,-220.0000000000002,False
2005-W20,2005-05-17,1,Tuesday,2005-05-19,3,Thursday,154.99999999999847,True,False,False,2005,-52.00000000000094,False
2005-W21,2005-05-23,0,Monday,2005-05-29,6,Sunday,162.9999999999998,True,False,False,2005,-101.99999999999987,False
2005-W22,2005-05-30,0,Monday,2005-05-31,1,Tuesday,326.9999999999995,True,False,False,2005,-218.00000000000043,False
2005-W23,2005-06-07,1,Tuesday,2005-06-12,6,Sunday,325.9999999999996,True,False,False,2005,-149.99999999999903,False
2005-W24,2005-06-16,3,Thursday,2005-06-14,1,Tuesday,268.99999999999926,False,True,False,2005,37.00000000000037,True
2005-W25,2005-06-21,1,Tuesday,2005-06-23,3,Thursday,222.99999999999986,True,False,False,2005,12.999999999998568,True
2005-W26,2005-06-27,0,Monday,2005-07-03,6,Sunday,283.99999999999983,True,False,False,2005,-270.00000000000136,False
2005-W27,2005-07-10,6,Sunday,2005-07-04,0,Monday,218.00000000000043,False,True,False,2005,165.9999999999995,True
2005-W28,2005-07-11,0,Monday,2005-07-17,6,Sunday,233.000000000001,True,False,False,2005,-21.999999999999797,False
2005-W29,2005-07-20,2,Wednesday,2005-07-18,0,Monday,301.00000000000017,False,True,False,2005,4.999999999999449,True
2005-W30,2005-07-31,6,Sunday,2005-07-26,1,Tuesday,283.99999999999983,False,True,False,2005,121.0,True
2005-W31,2005-08-03,2,Wednesday,2005-08-02,1,Tuesday,252.99999999999878,False,True,False,2005,171.00000000000114,True
2005-W32,2005-08-11,3,Thursday,2005-08-08,0,Monday,154.99999999999847,False,True,False,2005,16.00000000000046,True
2005-W33,2005-08-15,0,Monday,2005-08-18,3,Thursday,245.99999999999955,True,False,False,2005,-140.0000000000001,False
2005-W34,2005-08-28,6,Sunday,2005-08-23,1,Tuesday,185.00000000000182,False,True,False,2005,6.999999999999229,True
2005-W35,2005-09-01,3,Thursday,2005-08-29,0,Monday,418.00000000000057,False,True,False,2005,286.9999999999995,True
2005-W36,2005-09-06,1,Tuesday,2005-09-11,6,Sunday,265.99999999999955,True,False,False,2005,-242.9999999999999,False
2005-W37,2005-09-13,1,Tuesday,2005-09-18,6,Sunday,231.0000000000012,True,False,False,2005,-140.0000000000001,False
2005-W38,2005-09-21,2,Wednesday,2005-09-25,6,Sunday,260.0000000000002,True,False,False,2005,-65.99999999999939,False
2005-W39,2005-09-29,3,Thursday,2005-10-02,6,Sunday,190.00000000000128,True,False,False,2005,-154.0000000000008,False
2005-W40,2005-10-05,2,Wednesday,2005-10-03,0,Monday,303.99999999999983,False,True,False,2005,143.00000000000202,True
2005-W41,2005-10-16,6,Sunday,2005-10-12,2,Wednesday,206.9999999999994,False,True,False,2005,-48.00000000000138,False
2005-W42,2005-10-20,3,Thursday,2005-10-18,1,Tuesday,202.99999999999986,False,True,False,2005,-40.99999999999993,False
2005-W43,2005-10-26,2,Wednesday,2005-10-24,0,Monday,235.00000000000077,False,True,False,2005,11.000000000001009,True
2005-W44,2005-11-01,1,Tuesday,2005-11-06,6,Sunday,308.99999999999926,True,False,False,2005,-184.9999999999996,False
2005-W45,2005-11-07,0,Monday,2005-11-13,6,Sunday,141.99999999999991,True,False,False,2005,-113.99999999999855,False
2005-W46,2005-11-20,6,Sunday,2005-11-14,0,Monday,198.0000000000004,False,True,False,2005,38.000000000000256,True
2005-W47,2005-11-27,6,Sunday,2005-11-27,6,Sunday,220.99999999999787,False,False,True,2005,120.00000000000011,True
2005-W48,2005-11-28,0,Monday,2005-12-01,3,Thursday,199.99999999999795,True,False,False,2005,-60.00000000000006,False
2005-W49,2005-12-11,6,Sunday,2005-12-07,2,Wednesday,278.9999999999981,False,True,False,2005,161.99999999999991,True
2005-W50,2005-12-13,1,Tuesday,2005-12-12,0,Monday,199.00000000000028,False,True,False,2005,49.000000000001265,True
2005-W51,2005-12-19,0,Monday,2005-12-20,1,Tuesday,212.00000000000108,True,False,False,2005,-127.99999999999923,False
2005-W52,2005-12-27,1,Tuesday,2005-12-27,1,Tuesday,120.00000000000011,False,False,True,2005,3.9999999999995595,True
2006-W01,2006-01-05,3,Thursday,2006-01-02,0,Monday,366.99999999999955,False,True,False,2006,275.0000000000008,True
2006-W02,2006-01-15,6,Sunday,2006-01-11,2,Wednesday,167.99999999999926,False,True,False,2006,37.99999999999804,True
2006-W03,2006-01-22,6,Sunday,2006-01-19,3,Thursday,272.00000000000114,False,True,False,2006,179.00000000000028,True
2006-W04,2006-01-24,1,Tuesday,2006-01-29,6,Sunday,260.0000000000002,True,False,False,2006,-208.99999999999918,False
2006-W05,2006-01-30,0,Monday,2006-02-05,6,Sunday,243.99999999999977,True,False,False,2006,-124.99999999999956,False
2006-W06,2006-02-09,3,Thursday,2006-02-12,6,Sunday,146.99999999999935,True,False,False,2006,-60.99999999999994,False
2006-W07,2006-02-19,6,Sunday,2006-02-15,2,Wednesday,125.99999999999945,False,True,False,2006,40.99999999999993,True
2006-W08,2006-02-22,2,Wednesday,2006-02-26,6,Sunday,143.9999999999997,True,False,False,2006,-94.99999999999842,False
2006-W09,2006-03-05,6,Sunday,2006-02-27,0,Monday,258.00000000000045,False,True,False,2006,170.99999999999892,True
2006-W10,2006-03-06,0,Monday,2006-03-09,3,Thursday,163.99999999999972,True,False,False,2006,-57.000000000000384,False
2006-W11,2006-03-16,3,Thursday,2006-03-13,0,Monday,265.0000000000019,False,True,False,2006,197.99999999999818,True
2006-W12,2006-03-20,0,Monday,2006-03-23,3,Thursday,211.99999999999886,True,False,False,2006,-144.99999999999957,False
2006-W13,2006-03-30,3,Thursday,2006-03-28,1,Tuesday,198.0000000000004,False,True,False,2006,126.99999999999933,True
2006-W14,2006-04-05,2,Wednesday,2006-04-09,6,Sunday,258.00000000000045,True,False,False,2006,-26.999999999999247,False
2006-W15,2006-04-16,6,Sunday,2006-04-11,1,Tuesday,221.99999999999997,False,True,False,2006,139.00000000000023,True
2006-W16,2006-04-23,6,Sunday,2006-04-17,0,Monday,188.0000000000015,False,True,False,2006,141.0,True
2006-W17,2006-04-30,6,Sunday,2006-04-24,0,Monday,323.99999999999983,False,True,False,2006,193.9999999999986,True
2006-W18,2006-05-07,6,Sunday,2006-05-01,0,Monday,225.99999999999955,False,True,False,2006,122.0000000000021,True
2006-W19,2006-05-14,6,Sunday,2006-05-08,0,Monday,308.99999999999926,False,True,False,2006,85.00000000000173,True
2006-W20,2006-05-16,1,Tuesday,2006-05-18,3,Thursday,225.99999999999955,True,False,False,2006,69.99999999999895,True
2006-W21,2006-05-23,1,Tuesday,2006-05-25,3,Thursday,190.99999999999895,True,False,False,2006,-115.99999999999832,False
2006-W22,2006-06-04,6,Sunday,2006-05-31,2,Wednesday,257.00000000000057,False,True,False,2006,153.99999999999858,True
2006-W23,2006-06-05,0,Monday,2006-06-11,6,Sunday,367.00000000000176,True,False,False,2006,-316.00000000000074,False
2006-W24,2006-06-15,3,Thursday,2006-06-12,0,Monday,140.0000000000001,False,True,False,2006,-16.00000000000046,False
2006-W25,2006-06-21,2,Wednesday,2006-06-22,3,Thursday,201.00000000000006,True,False,False,2006,6.999999999999229,True
2006-W26,2006-07-02,6,Sunday,2006-06-27,1,Tuesday,305.9999999999996,False,True,False,2006,217.0000000000005,True
2006-W27,2006-07-06,3,Thursday,2006-07-04,1,Tuesday,155.00000000000068,False,True,False,2006,-69.99999999999895,False
2006-W28,2006-07-10,0,Monday,2006-07-16,6,Sunday,268.99999999999926,True,False,False,2006,-213.00000000000097,False
2006-W29,2006-07-23,6,Sunday,2006-07-18,1,Tuesday,251.00000000000122,False,True,False,2006,116.00000000000054,True
2006-W30,2006-07-30,6,Sunday,2006-07-25,1,Tuesday,223.99999999999974,False,True,False,2006,129.999999999999,True
2006-W31,2006-08-03,3,Thursday,2006-07-31,0,Monday,189.99999999999906,False,True,False,2006,71.00000000000107,True
2006-W32,2006-08-09,2,Wednesday,2006-08-13,6,Sunday,207.00000000000162,True,False,False,2006,-122.99999999999977,False
2006-W33,2006-08-20,6,Sunday,2006-08-14,0,Monday,243.99999999999977,False,True,False,2006,178.00000000000037,True
2006-W34,2006-08-21,0,Monday,2006-08-24,3,Thursday,172.00000000000105,True,False,False,2006,-116.00000000000054,False
2006-W35,2006-08-30,2,Wednesday,2006-08-28,0,Monday,126.99999999999933,False,True,False,2006,92.99999999999864,True
2006-W36,2006-09-04,0,Monday,2006-09-10,6,Sunday,222.0000000000022,True,False,False,2006,-169.00000000000136,False
2006-W37,2006-09-13,2,Wednesday,2006-09-17,6,Sunday,125.00000000000178,True,False,False,2006,4.999999999999449,True
2006-W38,2006-09-21,3,Thursday,2006-09-18,0,Monday,179.00000000000028,False,True,False,2006,42.9999999999997,True
2006-W39,2006-09-25,0,Monday,2006-09-28,3,Thursday,122.99999999999977,True,False,False,2006,-9.999999999998899,False
2006-W40,2006-10-02,0,Monday,2006-10-05,3,Thursday,194.99999999999852,True,False,False,2006,-138.00000000000034,False
2006-W41,2006-10-09,0,Monday,2006-10-12,3,Thursday,130.00000000000122,True,False,False,2006,-63.999999999999616,False
2006-W42,2006-10-18,2,Wednesday,2006-10-17,1,Tuesday,142.9999999999998,False,True,False,2006,20.000000000000018,True
2006-W43,2006-10-26,3,Thursday,2006-10-23,0,Monday,225.00000000000188,False,True,False,2006,173.9999999999986,True
2006-W44,2006-10-31,1,Tuesday,2006-10-30,0,Monday,120.00000000000011,False,True,False,2006,-1.9999999999997797,False
2006-W45,2006-11-09,3,Thursday,2006-11-06,0,Monday,178.00000000000037,False,True,False,2006,82.99999999999974,True
2006-W46,2006-11-13,0,Monday,2006-11-16,3,Thursday,108.00000000000142,True,False,False,2006,8.00000000000134,True
2006-W47,2006-11-26,6,Sunday,2006-11-20,0,Monday,373.99999999999875,False,True,False,2006,314.99999999999864,True
2006-W48,2006-12-03,6,Sunday,2006-11-27,0,Monday,247.99999999999932,False,True,False,2006,209.00000000000142,True
2006-W49,2006-12-07,3,Thursday,2006-12-10,6,Sunday,236.00000000000065,True,False,False,2006,-103.99999999999964,False
2006-W50,2006-12-11,0,Monday,2006-12-17,6,Sunday,240.00000000000023,True,False,False,2006,-140.0000000000001,False
2006-W51,2006-12-19,1,Tuesday,2006-12-18,0,Monday,161.99999999999991,False,True,False,2006,43.999999999999595,True
2006-W52,2006-12-28,3,Thursday,2006-12-25,0,Monday,114.00000000000077,False,True,False,2006,61.99999999999983,True
2007-W01,2007-01-01,0,Monday,2007-01-07,6,Sunday,323.99999999999983,True,False,False,2007,-211.0000000000012,False
2007-W02,2007-01-08,0,Monday,2007-01-11,3,Thursday,187.00000000000162,True,False,False,2007,-86.9999999999993,False
2007-W03,2007-01-18,3,Thursday,2007-01-17,2,Wednesday,104.99999999999955,False,True,False,2007,15.999999999998238,True
2007-W04,2007-01-22,0,Monday,2007-01-25,3,Thursday,167.99999999999926,True,False,False,2007,6.00000000000156,True
2007-W05,2007-02-01,3,Thursday,2007-02-04,6,Sunday,151.9999999999988,True,False,False,2007,-27.000000000001467,False
2007-W06,2007-02-08,3,Thursday,2007-02-05,0,Monday,130.9999999999989,False,True,False,2007,40.000000000000036,True
2007-W07,2007-02-14,2,Wednesday,2007-02-12,0,Monday,216.9999999999983,False,True,False,2007,189.0000000000014,True
2007-W08,2007-02-25,6,Sunday,2007-02-21,2,Wednesday,117.00000000000044,False,True,False,2007,31.999999999998696,True
2007-W09,2007-02-26,0,Monday,2007-03-04,6,Sunday,187.00000000000162,True,False,False,2007,-98.00000000000031,False
2007-W10,2007-03-11,6,Sunday,2007-03-05,0,Monday,119.00000000000021,False,True,False,2007,98.00000000000031,True
2007-W11,2007-03-15,3,Thursday,2007-03-12,0,Monday,181.99999999999994,False,True,False,2007,112.000000000001,True
2007-W12,2007-03-21,2,Wednesday,2007-03-25,6,Sunday,156.99999999999824,True,False,False,2007,25.999999999999357,True
2007-W13,2007-03-29,3,Thursday,2007-03-29,3,Thursday,112.000000000001,False,False,True,2007,38.000000000000256,True
2007-W14,2007-04-04,2,Wednesday,2007-04-03,1,Tuesday,122.99999999999977,False,True,False,2007,-13.000000000000789,False
2007-W15,2007-04-15,6,Sunday,2007-04-09,0,Monday,225.99999999999955,False,True,False,2007,181.99999999999994,True
2007-W16,2007-04-19,3,Thursday,2007-04-16,0,Monday,113.00000000000088,False,True,False,2007,40.000000000000036,True
2007-W17,2007-04-26,3,Thursday,2007-04-23,0,Monday,132.000000000001,False,True,False,2007,68.99999999999906,True
2007-W18,2007-04-30,0,Monday,2007-05-03,3,Thursday,138.00000000000034,True,False,False,2007,-43.999999999999595,False
2007-W19,2007-05-07,0,Monday,2007-05-10,3,Thursday,157.00000000000048,True,False,False,2007,-58.00000000000027,False
2007-W20,2007-05-14,0,Monday,2007-05-20,6,Sunday,172.99999999999872,True,False,False,2007,-77.0000000000004,False
2007-W21,2007-05-22,1,Tuesday,2007-05-24,3,Thursday,90.0000000000012,True,False,False,2007,-12.000000000000899,False
2007-W22,2007-05-28,0,Monday,2007-05-31,3,Thursday,126.00000000000166,True,False,False,2007,35.00000000000058,True
2007-W23,2007-06-04,0,Monday,2007-06-07,3,Thursday,232.99999999999875,True,False,False,2007,-131.99999999999878,False
2007-W24,2007-06-17,6,Sunday,2007-06-12,1,Tuesday,156.00000000000057,False,True,False,2007,54.99999999999838,True
2007-W25,2007-06-24,6,Sunday,2007-06-20,2,Wednesday,100.99999999999997,False,True,False,2007,48.00000000000138,True
2007-W26,2007-07-01,6,Sunday,2007-06-26,1,Tuesday,224.000000000002,False,True,False,2007,160.00000000000014,True
2007-W27,2007-07-04,2,Wednesday,2007-07-05,3,Thursday,92.00000000000097,True,False,False,2007,3.9999999999995595,True
2007-W28,2007-07-12,3,Thursday,2007-07-09,0,Monday,220.0000000000002,False,True,False,2007,147.99999999999923,True
2007-W29,2007-07-22,6,Sunday,2007-07-17,1,Tuesday,93.00000000000085,False,True,False,2007,31.000000000001027,True
2007-W30,2007-07-23,0,Monday,2007-07-29,6,Sunday,242.9999999999999,True,False,False,2007,-112.000000000001,False
2007-W31,2007-08-05,6,Sunday,2007-07-31,1,Tuesday,203.00000000000207,False,True,False,2007,97.00000000000043,True
2007-W32,2007-08-07,1,Tuesday,2007-08-12,6,Sunday,221.00000000000009,True,False,False,2007,-178.00000000000037,False
2007-W33,2007-08-13,0,Monday,2007-08-15,2,Wednesday,264.99999999999966,True,False,False,2007,-138.00000000000034,False
2007-W34,2007-08-23,3,Thursday,2007-08-21,1,Tuesday,238.00000000000043,False,True,False,2007,170.99999999999892,True
2007-W35,2007-08-30,3,Thursday,2007-08-28,1,Tuesday,155.00000000000068,False,True,False,2007,-20.999999999999908,False
2007-W36,2007-09-09,6,Sunday,2007-09-03,0,Monday,264.99999999999966,False,True,False,2007,179.00000000000028,True
2007-W37,2007-09-12,2,Wednesday,2007-09-10,0,Monday,150.00000000000125,False,True,False,2007,66.99999999999929,True
2007-W38,2007-09-23,6,Sunday,2007-09-17,0,Monday,302.99999999999994,False,True,False,2007,218.00000000000043,True
2007-W39,2007-09-30,6,Sunday,2007-09-24,0,Monday,219.99999999999798,False,True,False,2007,145.99999999999946,True
2007-W40,2007-10-01,0,Monday,2007-10-04,3,Thursday,204.99999999999963,True,False,False,2007,-181.99999999999994,False
2007-W41,2007-10-14,6,Sunday,2007-10-08,0,Monday,227.00000000000165,False,True,False,2007,153.0000000000009,True
2007-W42,2007-10-21,6,Sunday,2007-10-21,6,Sunday,223.99999999999974,False,False,True,2007,-26.000000000001577,False
2007-W43,2007-10-28,6,Sunday,2007-10-22,0,Monday,268.99999999999926,False,True,False,2007,245.00000000000188,True
2007-W44,2007-11-01,3,Thursday,2007-10-29,0,Monday,155.00000000000068,False,True,False,2007,47.000000000001485,True
2007-W45,2007-11-08,3,Thursday,2007-11-05,0,Monday,284.9999999999997,False,True,False,2007,63.999999999999616,True
2007-W46,2007-11-13,1,Tuesday,2007-11-12,0,Monday,204.99999999999963,False,True,False,2007,130.9999999999989,True
2007-W47,2007-11-22,3,Thursday,2007-11-19,0,Monday,332.0000000000012,False,True,False,2007,208.0000000000015,True
2007-W48,2007-11-26,0,Monday,2007-12-02,6,Sunday,289.0000000000015,True,False,False,2007,-204.99999999999963,False
2007-W49,2007-12-04,1,Tuesday,2007-12-05,2,Wednesday,243.99999999999977,True,False,False,2007,46.00000000000159,True
2007-W50,2007-12-10,0,Monday,2007-12-16,6,Sunday,420.0000000000004,True,False,False,2007,-311.00000000000125,False
2007-W51,2007-12-17,0,Monday,2007-12-19,2,Wednesday,125.99999999999945,True,False,False,2007,-4.999999999999449,False
2007-W52,2007-12-30,6,Sunday,2007-12-25,1,Tuesday,335.00000000000085,False,True,False,2007,173.00000000000094,True
2008-W01,2008-01-03,3,Thursday,2008-01-01,1,Tuesday,229.9999999999991,False,True,False,2008,77.0000000000004,True
2008-W02,2008-01-13,6,Sunday,2008-01-08,1,Tuesday,274.0000000000009,False,True,False,2008,174.00000000000082,True
2008-W03,2008-01-14,0,Monday,2008-01-20,6,Sunday,500.00000000000045,True,False,False,2008,-416.0000000000008,False
2008-W04,2008-01-27,6,Sunday,2008-01-21,0,Monday,432.9999999999989,False,True,False,2008,326.9999999999995,True
2008-W05,2008-01-31,3,Thursday,2008-01-28,0,Monday,210.0000000000013,False,True,False,2008,48.00000000000138,True
2008-W06,2008-02-04,0,Monday,2008-02-06,2,Wednesday,398.00000000000057,True,False,False,2008,-314.00000000000097,False
2008-W07,2008-02-14,3,Thursday,2008-02-11,0,Monday,212.00000000000108,False,True,False,2008,138.00000000000034,True
2008-W08,2008-02-21,3,Thursday,2008-02-19,1,Tuesday,245.99999999999955,False,True,False,2008,175.0000000000007,True
2008-W09,2008-03-02,6,Sunday,2008-02-25,0,Monday,495.000000000001,False,True,False,2008,372.99999999999886,True
2008-W10,2008-03-06,3,Thursday,2008-03-04,1,Tuesday,315.00000000000085,False,True,False,2008,141.99999999999991,True
2008-W11,2008-03-16,6,Sunday,2008-03-10,0,Monday,621.0000000000005,False,True,False,2008,385.99999999999966,True
2008-W12,2008-03-17,0,Monday,2008-03-23,6,Sunday,489.9999999999993,True,False,False,2008,-305.9999999999996,False
2008-W13,2008-03-30,6,Sunday,2008-03-24,0,Monday,486.99999999999966,False,True,False,2008,364.9999999999998,True
2008-W14,2008-03-31,0,Monday,2008-04-02,2,Wednesday,279.00000000000034,True,False,False,2008,-77.0000000000004,False
2008-W15,2008-04-09,2,Wednesday,2008-04-13,6,Sunday,244.99999999999966,True,False,False,2008,118.00000000000033,True
2008-W16,2008-04-16,2,Wednesday,2008-04-17,3,Thursday,272.00000000000114,True,False,False,2008,82.99999999999974,True
2008-W17,2008-04-21,0,Monday,2008-04-24,3,Thursday,463.99999999999994,True,False,False,2008,-257.99999999999824,False
2008-W18,2008-04-28,0,Monday,2008-05-01,3,Thursday,302.99999999999994,True,False,False,2008,-160.00000000000014,False
2008-W19,2008-05-05,0,Monday,2008-05-07,2,Wednesday,309.0000000000015,True,False,False,2008,56.0000000000005,True
2008-W20,2008-05-18,6,Sunday,2008-05-13,1,Tuesday,236.99999999999832,False,True,False,2008,-40.99999999999993,False
2008-W21,2008-05-21,2,Wednesday,2008-05-19,0,Monday,309.99999999999915,False,True,False,2008,255.99999999999847,True
2008-W22,2008-05-26,0,Monday,2008-05-29,3,Thursday,357.0000000000006,True,False,False,2008,-234.99999999999855,False
2008-W23,2008-06-08,6,Sunday,2008-06-04,2,Wednesday,480.00000000000045,False,True,False,2008,107.9999999999992,True
2008-W24,2008-06-09,0,Monday,2008-06-12,3,Thursday,349.9999999999992,True,False,False,2008,-168.99999999999915,False
2008-W25,2008-06-19,3,Thursday,2008-06-16,0,Monday,190.99999999999895,False,True,False,2008,41.999999999999815,True
2008-W26,2008-06-29,6,Sunday,2008-06-23,0,Monday,344.9999999999998,False,True,False,2008,238.00000000000043,True
2008-W27,2008-07-02,2,Wednesday,2008-07-06,6,Sunday,297.00000000000057,True,False,False,2008,-27.999999999999137,False
2008-W28,2008-07-13,6,Sunday,2008-07-07,0,Monday,334.99999999999864,False,True,False,2008,180.00000000000017,True
2008-W29,2008-07-14,0,Monday,2008-07-16,2,Wednesday,254.00000000000088,True,False,False,2008,14.000000000000679,True
2008-W30,2008-07-21,0,Monday,2008-07-23,2,Wednesday,316.00000000000074,True,False,False,2008,-181.00000000000006,False
2008-W31,2008-07-28,0,Monday,2008-07-31,3,Thursday,242.0,True,False,False,2008,-161.00000000000003,False
2008-W32,2008-08-04,0,Monday,2008-08-10,6,Sunday,699.0000000000007,True,False,False,2008,-668.9999999999995,False
2008-W33,2008-08-12,1,Tuesday,2008-08-14,3,Thursday,323.99999999999983,True,False,False,2008,-217.0000000000005,False
2008-W34,2008-08-21,3,Thursday,2008-08-18,0,Monday,278.00000000000045,False,True,False,2008,59.00000000000016,True
2008-W35,2008-08-27,2,Wednesday,2008-08-25,0,Monday,242.0,False,True,False,2008,-135.00000000000068,False
2008-W36,2008-09-01,0,Monday,2008-09-07,6,Sunday,564.0,True,False,False,2008,-488.99999999999943,False
2008-W37,2008-09-14,6,Sunday,2008-09-10,2,Wednesday,599.9999999999983,False,True,False,2008,117.00000000000044,True
2008-W38,2008-09-21,6,Sunday,2008-09-15,0,Monday,794.0000000000014,False,True,False,2008,532.999999999999,True
2008-W39,2008-09-22,0,Monday,2008-09-28,6,Sunday,523.0000000000001,True,False,False,2008,-343.0,False
2008-W40,2008-09-29,0,Monday,2008-10-05,6,Sunday,992.9999999999994,True,False,False,2008,-933.9999999999993,False
2008-W41,2008-10-08,2,Wednesday,2008-10-09,3,Thursday,525.9999999999998,True,False,False,2008,81.99999999999986,True
2008-W42,2008-10-13,0,Monday,2008-10-19,6,Sunday,481.00000000000034,True,False,False,2008,-241.0000000000001,False
2008-W43,2008-10-20,0,Monday,2008-10-26,6,Sunday,1023.0000000000006,True,False,False,2008,-845.0000000000002,False
2008-W44,2008-10-29,2,Wednesday,2008-10-27,0,Monday,968.0,False,True,False,2008,150.99999999999892,True
2008-W45,2008-11-04,1,Tuesday,2008-11-03,0,Monday,590.0000000000016,False,True,False,2008,105.99999999999943,True
2008-W46,2008-11-12,2,Wednesday,2008-11-12,2,Wednesday,467.99999999999955,False,False,True,2008,-99.99999999999787,False
2008-W47,2008-11-23,6,Sunday,2008-11-20,3,Thursday,532.0000000000014,False,True,False,2008,302.99999999999994,True
2008-W48,2008-11-24,0,Monday,2008-11-30,6,Sunday,499.00000000000057,True,False,False,2008,-342.00000000000006,False
2008-W49,2008-12-07,6,Sunday,2008-12-03,2,Wednesday,417.99999999999835,False,True,False,2008,353.99999999999875,True
2008-W50,2008-12-14,6,Sunday,2008-12-08,0,Monday,923.0000000000005,False,True,False,2008,728.9999999999997,True
2008-W51,2008-12-17,2,Wednesday,2008-12-15,0,Monday,1089.9999999999998,False,True,False,2008,257.00000000000057,True
2008-W52,2008-12-28,6,Sunday,2008-12-23,1,Tuesday,448.0000000000017,False,True,False,2008,-17.000000000000348,False
2009-W01,2008-12-29,0,Monday,2009-01-04,6,Sunday,676.000000000001,True,False,False,2009,-292.00000000000114,False
2009-W02,2009-01-07,2,Wednesday,2009-01-11,6,Sunday,509.00000000000165,True,False,False,2009,-273.9999999999987,False
2009-W03,2009-01-18,6,Sunday,2009-01-14,2,Wednesday,360.00000000000034,False,True,False,2009,-291.00000000000125,False
2009-W04,2009-01-25,6,Sunday,2009-01-22,3,Thursday,443.00000000000006,False,True,False,2009,121.0,True
2009-W05,2009-01-26,0,Monday,2009-02-01,6,Sunday,623.0000000000002,True,False,False,2009,-344.9999999999998,False
2009-W06,2009-02-08,6,Sunday,2009-02-05,3,Thursday,346.0000000000019,False,True,False,2009,159.00000000000026,True
2009-W07,2009-02-09,0,Monday,2009-02-11,2,Wednesday,352.0000000000012,True,False,False,2009,-201.99999999999994,False
2009-W08,2009-02-22,6,Sunday,2009-02-17,1,Tuesday,477.9999999999984,False,True,False,2009,-108.99999999999909,False
2009-W09,2009-02-24,1,Tuesday,2009-03-01,6,Sunday,354.00000000000097,True,False,False,2009,-117.00000000000044,False
2009-W10,2009-03-05,3,Thursday,2009-03-03,1,Tuesday,298.0000000000005,False,True,False,2009,35.00000000000058,True
2009-W11,2009-03-15,6,Sunday,2009-03-09,0,Monday,491.9999999999991,False,True,False,2009,355.9999999999985,True
2009-W12,2009-03-18,2,Wednesday,2009-03-16,0,Monday,807.0000000000022,False,True,False,2009,665.9999999999999,True
2009-W13,2009-03-23,0,Monday,2009-03-29,6,Sunday,565.0,True,False,False,2009,-433.9999999999988,False
2009-W14,2009-04-05,6,Sunday,2009-03-31,1,Tuesday,416.0000000000008,False,True,False,2009,218.00000000000043,True
2009-W15,2009-04-06,0,Monday,2009-04-09,3,Thursday,329.00000000000153,True,False,False,2009,-48.00000000000138,False
2009-W16,2009-04-13,0,Monday,2009-04-19,6,Sunday,493.0000000000012,True,False,False,2009,-446.9999999999996,False
2009-W17,2009-04-23,3,Thursday,2009-04-21,1,Tuesday,416.0000000000008,False,True,False,2009,118.00000000000033,True
2009-W18,2009-05-03,6,Sunday,2009-04-27,0,Monday,460.0000000000004,False,True,False,2009,366.99999999999955,True
2009-W19,2009-05-10,6,Sunday,2009-05-05,1,Tuesday,423.00000000000006,False,True,False,2009,176.0000000000006,True
2009-W20,2009-05-12,1,Tuesday,2009-05-17,6,Sunday,298.0000000000005,True,False,False,2009,-20.000000000000018,False
2009-W21,2009-05-21,3,Thursday,2009-05-18,0,Monday,521.0000000000003,False,True,False,2009,452.999999999999,True
2009-W22,2009-05-31,6,Sunday,2009-05-27,2,Wednesday,453.0000000000012,False,True,False,2009,142.9999999999998,True
2009-W23,2009-06-02,1,Tuesday,2009-06-07,6,Sunday,532.999999999999,True,False,False,2009,-261.0000000000001,False
2009-W24,2009-06-10,2,Wednesday,2009-06-14,6,Sunday,422.00000000000017,True,False,False,2009,-95.99999999999831,False
2009-W25,2009-06-18,3,Thursday,2009-06-15,0,Monday,263.9999999999998,False,True,False,2009,62.99999999999972,True
2009-W26,2009-06-23,1,Tuesday,2009-06-22,0,Monday,308.99999999999926,False,True,False,2009,215.9999999999984,True
2009-W27,2009-06-30,1,Tuesday,2009-07-05,6,Sunday,324.9999999999997,True,False,False,2009,-97.9999999999981,False
2009-W28,2009-07-08,2,Wednesday,2009-07-07,1,Tuesday,237.00000000000054,False,True,False,2009,-6.00000000000156,False
2009-W29,2009-07-19,6,Sunday,2009-07-13,0,Monday,338.0000000000005,False,True,False,2009,252.0000000000011,True
2009-W30,2009-07-26,6,Sunday,2009-07-22,2,Wednesday,179.00000000000028,False,True,False,2009,0.0,False
2009-W31,2009-08-02,6,Sunday,2009-07-28,1,Tuesday,437.9999999999984,False,True,False,2009,182.99999999999983,True
2009-W32,2009-08-04,1,Tuesday,2009-08-09,6,Sunday,342.00000000000006,True,False,False,2009,-274.0000000000009,False
2009-W33,2009-08-12,2,Wednesday,2009-08-16,6,Sunday,282.0,True,False,False,2009,-58.00000000000027,False
2009-W34,2009-08-20,3,Thursday,2009-08-17,0,Monday,307.9999999999994,False,True,False,2009,221.00000000000009,True
2009-W35,2009-08-26,2,Wednesday,2009-08-25,1,Tuesday,199.00000000000028,False,True,False,2009,29.000000000001247,True
2009-W36,2009-08-31,0,Monday,2009-08-31,0,Monday,201.00000000000006,False,False,True,2009,0.9999999999998899,True
2009-W37,2009-09-13,6,Sunday,2009-09-07,0,Monday,323.99999999999983,False,True,False,2009,285.9999999999996,True
2009-W38,2009-09-16,2,Wednesday,2009-09-14,0,Monday,204.99999999999963,False,True,False,2009,60.99999999999994,True
2009-W39,2009-09-22,1,Tuesday,2009-09-27,6,Sunday,278.00000000000045,True,False,False,2009,-59.00000000000016,False
2009-W40,2009-09-29,1,Tuesday,2009-10-01,3,Thursday,193.00000000000094,True,False,False,2009,24.999999999999467,True
2009-W41,2009-10-07,2,Wednesday,2009-10-05,0,Monday,171.00000000000114,False,True,False,2009,127.00000000000156,True
2009-W42,2009-10-15,3,Thursday,2009-10-12,0,Monday,204.99999999999963,False,True,False,2009,191.99999999999883,True
2009-W43,2009-10-25,6,Sunday,2009-10-25,6,Sunday,218.00000000000043,False,False,True,2009,-85.9999999999994,False
2009-W44,2009-10-26,0,Monday,2009-10-28,2,Wednesday,243.99999999999977,True,False,False,2009,-100.00000000000009,False
2009-W45,2009-11-08,6,Sunday,2009-11-02,0,Monday,394.000000000001,False,True,False,2009,222.99999999999986,True
2009-W46,2009-11-10,1,Tuesday,2009-11-11,2,Wednesday,227.99999999999932,True,False,False,2009,-27.999999999999137,False
2009-W47,2009-11-16,0,Monday,2009-11-19,3,Thursday,198.0000000000004,True,False,False,2009,-10.000000000001119,False
2009-W48,2009-11-24,1,Tuesday,2009-11-26,3,Thursday,314.99999999999864,True,False,False,2009,42.9999999999997,True
2009-W49,2009-12-02,2,Wednesday,2009-12-06,6,Sunday,384.9999999999998,True,False,False,2009,-178.00000000000037,False
2009-W50,2009-12-07,0,Monday,2009-12-10,3,Thursday,281.0000000000001,True,False,False,2009,-168.99999999999915,False
2009-W51,2009-12-14,0,Monday,2009-12-17,3,Thursday,402.0000000000001,True,False,False,2009,-381.0000000000002,False
2009-W52,2009-12-23,2,Wednesday,2009-12-21,0,Monday,201.00000000000006,False,True,False,2009,101.99999999999987,True
2009-W53,2009-12-28,0,Monday,2010-01-03,6,Sunday,201.00000000000006,True,False,False,2009,35.00000000000058,True
2010-W01,2010-01-10,6,Sunday,2010-01-07,3,Thursday,293.000000000001,False,True,False,2010,100.00000000000009,True
2010-W02,2010-01-12,1,Tuesday,2010-01-17,6,Sunday,243.99999999999977,True,False,False,2010,-129.00000000000134,False
2010-W03,2010-01-18,0,Monday,2010-01-20,2,Wednesday,383.9999999999999,True,False,False,2010,-232.99999999999875,False
2010-W04,2010-01-25,0,Monday,2010-01-31,6,Sunday,326.9999999999995,True,False,False,2010,-219.0000000000003,False
2010-W05,2010-02-02,1,Tuesday,2010-02-04,3,Thursday,440.0000000000004,True,False,False,2010,-283.99999999999983,False
2010-W06,2010-02-08,0,Monday,2010-02-11,3,Thursday,307.9999999999994,True,False,False,2010,-51.000000000001044,False
2010-W07,2010-02-16,1,Tuesday,2010-02-18,3,Thursday,345.99999999999966,True,False,False,2010,-3.9999999999995595,False
2010-W08,2010-02-22,0,Monday,2010-02-24,2,Wednesday,241.0000000000001,True,False,False,2010,-35.99999999999825,False
2010-W09,2010-03-02,1,Tuesday,2010-03-01,0,Monday,299.0000000000004,False,True,False,2010,71.99999999999874,True
2010-W10,2010-03-11,3,Thursday,2010-03-08,0,Monday,259.00000000000034,False,True,False,2010,41.999999999999815,True
2010-W11,2010-03-16,1,Tuesday,2010-03-21,6,Sunday,354.99999999999864,True,False,False,2010,-119.00000000000021,False
2010-W12,2010-03-22,0,Monday,2010-03-24,2,Wednesday,302.00000000000006,True,False,False,2010,-74.99999999999841,False
2010-W13,2010-03-31,2,Wednesday,2010-03-30,1,Tuesday,206.9999999999994,False,True,False,2010,2.9999999999996696,True
2010-W14,2010-04-11,6,Sunday,2010-04-07,2,Wednesday,409.99999999999926,False,True,False,2010,107.9999999999992,True
2010-W15,2010-04-13,1,Tuesday,2010-04-18,6,Sunday,262.9999999999999,True,False,False,2010,-102.99999999999976,False
2010-W16,2010-04-19,0,Monday,2010-04-22,3,Thursday,320.0000000000003,True,False,False,2010,-106.99999999999932,False
2010-W17,2010-04-26,0,Monday,2010-04-27,1,Tuesday,302.00000000000006,True,False,False,2010,-187.00000000000162,False
2010-W18,2010-05-03,0,Monday,2010-05-05,2,Wednesday,694.999999999999,True,False,False,2010,-405.9999999999997,False
2010-W19,2010-05-10,0,Monday,2010-05-16,6,Sunday,568.9999999999995,True,False,False,2010,-391.99999999999903,False
2010-W20,2010-05-20,3,Thursday,2010-05-18,1,Tuesday,527.9999999999995,False,True,False,2010,-22.999999999999687,False
2010-W21,2010-05-27,3,Thursday,2010-05-26,2,Wednesday,299.0000000000004,False,True,False,2010,-66.00000000000162,False
2010-W22,2010-05-31,0,Monday,2010-06-06,6,Sunday,477.00000000000074,True,False,False,2010,-383.0,False
2010-W23,2010-06-13,6,Sunday,2010-06-07,0,Monday,396.0000000000008,False,True,False,2010,297.00000000000057,True
2010-W24,2010-06-20,6,Sunday,2010-06-14,0,Monday,300.0000000000003,False,True,False,2010,90.0000000000012,True
2010-W25,2010-06-27,6,Sunday,2010-06-22,1,Tuesday,187.9999999999993,False,True,False,2010,-36.000000000000476,False
2010-W26,2010-07-01,3,Thursday,2010-06-28,0,Monday,459.9999999999982,False,True,False,2010,262.0,True
2010-W27,2010-07-08,3,Thursday,2010-07-05,0,Monday,248.99999999999923,False,True,False,2010,59.00000000000016,True
2010-W28,2010-07-15,3,Thursday,2010-07-12,0,Monday,484.0,False,True,False,2010,346.99999999999955,True
2010-W29,2010-07-19,0,Monday,2010-07-20,1,Tuesday,296.0000000000007,True,False,False,2010,50.99999999999882,True
2010-W30,2010-08-01,6,Sunday,2010-07-26,0,Monday,242.9999999999999,False,True,False,2010,184.9999999999996,True
2010-W31,2010-08-05,3,Thursday,2010-08-04,2,Wednesday,214.99999999999852,False,True,False,2010,41.999999999999815,True
2010-W32,2010-08-09,0,Monday,2010-08-15,6,Sunday,499.99999999999824,True,False,False,2010,-394.000000000001,False
2010-W33,2010-08-17,1,Tuesday,2010-08-22,6,Sunday,275.0000000000008,True,False,False,2010,-169.99999999999903,False
2010-W34,2010-08-26,3,Thursday,2010-08-23,0,Monday,191.00000000000117,False,True,False,2010,5.999999999999339,True
2010-W35,2010-09-05,6,Sunday,2010-08-30,0,Monday,294.0000000000009,False,True,False,2010,212.00000000000108,True
2010-W36,2010-09-12,6,Sunday,2010-09-09,3,Thursday,247.99999999999932,False,True,False,2010,7.999999999999119,True
2010-W37,2010-09-16,3,Thursday,2010-09-13,0,Monday,330.0000000000014,False,True,False,2010,179.00000000000028,True
2010-W38,2010-09-26,6,Sunday,2010-09-20,0,Monday,448.9999999999994,False,True,False,2010,391.99999999999903,True
2010-W39,2010-10-03,6,Sunday,2010-09-27,0,Monday,424.99999999999983,False,True,False,2010,231.0000000000012,True
2010-W40,2010-10-06,2,Wednesday,2010-10-04,0,Monday,392.00000000000125,False,True,False,2010,191.99999999999883,True
2010-W41,2010-10-14,3,Thursday,2010-10-11,0,Monday,383.9999999999999,False,True,False,2010,59.00000000000016,True
2010-W42,2010-10-24,6,Sunday,2010-10-19,1,Tuesday,382.0000000000001,False,True,False,2010,32.00000000000092,True
2010-W43,2010-10-31,6,Sunday,2010-10-26,1,Tuesday,277.00000000000057,False,True,False,2010,-72.00000000000095,False
2010-W44,2010-11-03,2,Wednesday,2010-11-01,0,Monday,400.00000000000034,False,True,False,2010,25.999999999999357,True
2010-W45,2010-11-08,0,Monday,2010-11-14,6,Sunday,410.99999999999915,True,False,False,2010,-332.99999999999886,False
2010-W46,2010-11-21,6,Sunday,2010-11-15,0,Monday,339.0000000000004,False,True,False,2010,39.00000000000014,True
2010-W47,2010-11-22,0,Monday,2010-11-28,6,Sunday,568.9999999999995,True,False,False,2010,-504.0,False
2010-W48,2010-12-02,3,Thursday,2010-11-29,0,Monday,468.99999999999943,False,True,False,2010,182.99999999999983,True
2010-W49,2010-12-12,6,Sunday,2010-12-08,2,Wednesday,268.99999999999926,False,True,False,2010,83.99999999999963,True
2010-W50,2010-12-13,0,Monday,2010-12-19,6,Sunday,405.00000000000205,True,False,False,2010,-259.00000000000034,False
2010-W51,2010-12-20,0,Monday,2010-12-22,2,Wednesday,147.00000000000156,True,False,False,2010,34.000000000000696,True
2010-W52,2010-12-30,3,Thursday,2010-12-28,1,Tuesday,340.0000000000003,False,True,False,2010,195.00000000000074,True
2011-W01,2011-01-03,0,Monday,2011-01-09,6,Sunday,559.9999999999983,True,False,False,2011,-408.0000000000017,False
2011-W02,2011-01-13,3,Thursday,2011-01-10,0,Monday,551.9999999999992,False,True,False,2011,343.0,True
2011-W03,2011-01-23,6,Sunday,2011-01-17,0,Monday,433.00000000000114,False,True,False,2011,343.0,True
2011-W04,2011-01-26,2,Wednesday,2011-01-30,6,Sunday,186.99999999999937,True,False,False,2011,56.0000000000005,True
2011-W05,2011-02-01,1,Tuesday,2011-02-06,6,Sunday,352.99999999999886,True,False,False,2011,-110.99999999999888,False
2011-W06,2011-02-08,1,Tuesday,2011-02-13,6,Sunday,316.00000000000074,True,False,False,2011,-95.00000000000064,False
2011-W07,2011-02-20,6,Sunday,2011-02-14,0,Monday,254.99999999999855,False,True,False,2011,189.99999999999906,True
2011-W08,2011-02-27,6,Sunday,2011-02-21,0,Monday,330.9999999999991,False,True,False,2011,126.00000000000166,True
2011-W09,2011-03-06,6,Sunday,2011-03-01,1,Tuesday,292.9999999999988,False,True,False,2011,161.99999999999991,True
2011-W10,2011-03-13,6,Sunday,2011-03-10,3,Thursday,250.999999999999,False,True,False,2011,22.999999999999687,True
2011-W11,2011-03-20,6,Sunday,2011-03-14,0,Monday,384.9999999999998,False,True,False,2011,233.000000000001,True
2011-W12,2011-03-21,0,Monday,2011-03-27,6,Sunday,227.00000000000165,True,False,False,2011,-136.99999999999824,False
2011-W13,2011-04-03,6,Sunday,2011-03-28,0,Monday,221.99999999999997,False,True,False,2011,133.99999999999858,True
2011-W14,2011-04-07,3,Thursday,2011-04-04,0,Monday,337.0000000000006,False,True,False,2011,214.00000000000085,True
2011-W15,2011-04-12,1,Tuesday,2011-04-17,6,Sunday,363.0,True,False,False,2011,-201.99999999999994,False
2011-W16,2011-04-20,2,Wednesday,2011-04-18,0,Monday,443.99999999999994,False,True,False,2011,343.9999999999999,True
2011-W17,2011-05-01,6,Sunday,2011-04-25,0,Monday,408.9999999999994,False,True,False,2011,251.00000000000122,True
2011-W18,2011-05-03,1,Tuesday,2011-05-08,6,Sunday,686.0,True,False,False,2011,-465.0000000000021,False
2011-W19,2011-05-10,1,Tuesday,2011-05-15,6,Sunday,374.9999999999987,True,False,False,2011,-210.0000000000013,False
2011-W20,2011-05-19,3,Thursday,2011-05-22,6,Sunday,375.9999999999986,True,False,False,2011,-108.99999999999909,False
2011-W21,2011-05-26,3,Thursday,2011-05-23,0,Monday,322.00000000000006,False,True,False,2011,234.99999999999855,True
2011-W22,2011-06-05,6,Sunday,2011-05-30,0,Monday,379.00000000000045,False,True,False,2011,293.000000000001,True
2011-W23,2011-06-06,0,Monday,2011-06-12,6,Sunday,375.0000000000009,True,False,False,2011,-161.99999999999991,False
2011-W24,2011-06-13,0,Monday,2011-06-15,2,Wednesday,423.99999999999994,True,False,False,2011,-108.00000000000142,False
2011-W25,2011-06-21,1,Tuesday,2011-06-26,6,Sunday,339.0000000000004,True,False,False,2011,-17.999999999998018,False
2011-W26,2011-07-03,6,Sunday,2011-06-27,0,Monday,341.00000000000017,False,True,False,2011,252.99999999999878,True
2011-W27,2011-07-04,0,Monday,2011-07-10,6,Sunday,566.9999999999998,True,False,False,2011,-508.99999999999943,False
2011-W28,2011-07-13,2,Wednesday,2011-07-11,0,Monday,445.9999999999997,False,True,False,2011,80.99999999999996,True
2011-W29,2011-07-21,3,Thursday,2011-07-18,0,Monday,368.9999999999993,False,True,False,2011,264.99999999999966,True
2011-W30,2011-07-26,1,Tuesday,2011-07-31,6,Sunday,350.9999999999991,True,False,False,2011,-126.99999999999933,False
2011-W31,2011-08-07,6,Sunday,2011-08-04,3,Thursday,377.0000000000007,False,True,False,2011,-73.00000000000084,False
2011-W32,2011-08-14,6,Sunday,2011-08-10,2,Wednesday,372.99999999999886,False,True,False,2011,266.99999999999943,True
2011-W33,2011-08-16,1,Tuesday,2011-08-18,3,Thursday,258.00000000000045,True,False,False,2011,-84.99999999999952,False
2011-W34,2011-08-28,6,Sunday,2011-08-24,2,Wednesday,221.00000000000009,False,True,False,2011,153.0000000000009,True
2011-W35,2011-08-29,0,Monday,2011-09-04,6,Sunday,473.0000000000012,True,False,False,2011,-413.00000000000114,False
2011-W36,2011-09-05,0,Monday,2011-09-11,6,Sunday,746.9999999999999,True,False,False,2011,-419.00000000000045,False
2011-W37,2011-09-14,2,Wednesday,2011-09-12,0,Monday,378.00000000000057,False,True,False,2011,1.9999999999997797,True
2011-W38,2011-09-20,1,Tuesday,2011-09-25,6,Sunday,425.9999999999997,True,False,False,2011,-152.00000000000102,False
2011-W39,2011-09-27,1,Tuesday,2011-10-02,6,Sunday,522.0000000000002,True,False,False,2011,-354.99999999999864,False
2011-W40,2011-10-09,6,Sunday,2011-10-03,0,Monday,552.9999999999991,False,True,False,2011,468.00000000000176,True
2011-W41,2011-10-16,6,Sunday,2011-10-10,0,Monday,348.9999999999993,False,True,False,2011,93.99999999999852,True
2011-W42,2011-10-23,6,Sunday,2011-10-17,0,Monday,303.99999999999983,False,True,False,2011,190.00000000000128,True
2011-W43,2011-10-26,2,Wednesday,2011-10-25,1,Tuesday,450.00000000000153,False,True,False,2011,-70.00000000000117,False
2011-W44,2011-10-31,0,Monday,2011-10-31,0,Monday,262.0,False,False,True,2011,-81.99999999999986,False
2011-W45,2011-11-08,1,Tuesday,2011-11-09,2,Wednesday,373.99999999999875,True,False,False,2011,-142.9999999999998,False
2011-W46,2011-11-14,0,Monday,2011-11-16,2,Wednesday,219.0000000000003,True,False,False,2011,-144.99999999999957,False
2011-W47,2011-11-21,0,Monday,2011-11-24,3,Thursday,356.00000000000074,True,False,False,2011,-167.99999999999926,False
2011-W48,2011-12-01,3,Thursday,2011-11-29,1,Tuesday,288.99999999999926,False,True,False,2011,80.39999999999824,True
2011-W49,2011-12-07,2,Wednesday,2011-12-11,6,Sunday,296.3999999999989,True,False,False,2011,-213.69999999999888,False
2011-W50,2011-12-12,0,Monday,2011-12-13,1,Tuesday,290.59999999999866,True,False,False,2011,-191.30000000000092,False
2011-W51,2011-12-20,1,Tuesday,2011-12-19,0,Monday,202.89999999999918,False,True,False,2011,62.699999999999974,True
2011-W52,2011-12-26,0,Monday,2011-12-28,2,Wednesday,224.89999999999898,True,False,False,2011,-124.10000000000032,False
2012-W01,2012-01-02,0,Monday,2012-01-08,6,Sunday,410.9000000000007,True,False,False,2012,-169.6999999999993,False
2012-W02,2012-01-12,3,Thursday,2012-01-15,6,Sunday,252.30000000000086,True,False,False,2012,-97.59999999999991,False
2012-W03,2012-01-22,6,Sunday,2012-01-16,0,Monday,403.2999999999998,False,True,False,2012,348.9999999999993,True
2012-W04,2012-01-26,3,Thursday,2012-01-24,1,Tuesday,302.8999999999993,False,True,False,2012,127.20000000000064,True
2012-W05,2012-01-31,1,Tuesday,2012-01-31,1,Tuesday,192.00000000000105,False,False,True,2012,-13.399999999998968,False
2012-W06,2012-02-08,2,Wednesday,2012-02-06,0,Monday,231.70000000000135,False,True,False,2012,56.100000000001145,True
2012-W07,2012-02-19,6,Sunday,2012-02-15,2,Wednesday,302.3999999999982,False,True,False,2012,57.000000000000384,True
2012-W08,2012-02-23,3,Thursday,2012-02-20,0,Monday,299.4000000000008,False,True,False,2012,153.80000000000172,True
2012-W09,2012-02-28,1,Tuesday,2012-03-04,6,Sunday,325.1999999999988,True,False,False,2012,-180.8999999999994,False
2012-W10,2012-03-07,2,Wednesday,2012-03-11,6,Sunday,212.20000000000016,True,False,False,2012,-62.29999999999958,False
2012-W11,2012-03-18,6,Sunday,2012-03-14,2,Wednesday,261.1999999999992,False,True,False,2012,84.19999999999872,True
2012-W12,2012-03-25,6,Sunday,2012-03-21,2,Wednesday,233.6999999999989,False,True,False,2012,120.09999999999854,True
2012-W13,2012-03-26,0,Monday,2012-03-28,2,Wednesday,133.09999999999934,True,False,False,2012,-38.599999999999746,False
2012-W14,2012-04-02,0,Monday,2012-04-08,6,Sunday,334.1000000000016,True,False,False,2012,-214.60000000000034,False
2012-W15,2012-04-11,2,Wednesday,2012-04-15,6,Sunday,217.99999999999818,True,False,False,2012,36.19999999999956,True
2012-W16,2012-04-19,3,Thursday,2012-04-17,1,Tuesday,169.5000000000002,False,True,False,2012,14.199999999999768,True
2012-W17,2012-04-26,3,Thursday,2012-04-23,0,Monday,125.20000000000087,False,True,False,2012,82.40000000000025,True
2012-W18,2012-04-30,0,Monday,2012-05-06,6,Sunday,328.3999999999998,True,False,False,2012,-188.49999999999812,False
2012-W19,2012-05-07,0,Monday,2012-05-13,6,Sunday,243.99999999999977,True,False,False,2012,-227.39999999999984,False
2012-W20,2012-05-14,0,Monday,2012-05-17,3,Thursday,226.89999999999878,True,False,False,2012,-6.399999999999739,False
2012-W21,2012-05-21,0,Monday,2012-05-24,3,Thursday,323.59999999999945,True,False,False,2012,-275.69999999999874,False
2012-W22,2012-05-28,0,Monday,2012-05-31,3,Thursday,286.2000000000009,True,False,False,2012,-42.19999999999891,False
2012-W23,2012-06-10,6,Sunday,2012-06-04,0,Monday,258.7000000000006,False,True,False,2012,-15.700000000000713,False
2012-W24,2012-06-17,6,Sunday,2012-06-11,0,Monday,305.200000000001,False,True,False,2012,93.79999999999944,True
2012-W25,2012-06-19,1,Tuesday,2012-06-24,6,Sunday,271.79999999999984,True,False,False,2012,-72.39999999999912,False
2012-W26,2012-06-28,3,Thursday,2012-06-27,2,Wednesday,285.30000000000166,False,True,False,2012,73.59999999999812,True
2012-W27,2012-07-02,0,Monday,2012-07-08,6,Sunday,370.90000000000066,True,False,False,2012,-261.89999999999935,False
2012-W28,2012-07-09,0,Monday,2012-07-12,3,Thursday,171.39999999999932,True,False,False,2012,-39.89999999999938,False
2012-W29,2012-07-18,2,Wednesday,2012-07-22,6,Sunday,254.40000000000128,True,False,False,2012,-155.40000000000109,False
2012-W30,2012-07-26,3,Thursday,2012-07-23,0,Monday,347.6999999999997,False,True,False,2012,143.9999999999997,True
2012-W31,2012-08-05,6,Sunday,2012-08-01,2,Wednesday,309.3999999999997,False,True,False,2012,140.49999999999895,True
2012-W32,2012-08-06,0,Monday,2012-08-09,3,Thursday,200.499999999999,True,False,False,2012,-68.90000000000063,False
2012-W33,2012-08-13,0,Monday,2012-08-15,2,Wednesday,129.89999999999836,True,False,False,2012,13.199999999999878,True
2012-W34,2012-08-22,2,Wednesday,2012-08-20,0,Monday,247.19999999999854,False,True,False,2012,153.49999999999974,True
2012-W35,2012-08-30,3,Thursday,2012-08-27,0,Monday,172.30000000000078,False,True,False,2012,94.00000000000075,True
2012-W36,2012-09-06,3,Thursday,2012-09-04,1,Tuesday,315.70000000000095,False,True,False,2012,165.6000000000013,True
2012-W37,2012-09-16,6,Sunday,2012-09-10,0,Monday,416.6000000000003,False,True,False,2012,359.1000000000011,True
2012-W38,2012-09-17,0,Monday,2012-09-23,6,Sunday,230.4000000000017,True,False,False,2012,-186.1999999999986,False
2012-W39,2012-09-24,0,Monday,2012-09-30,6,Sunday,166.99999999999937,True,False,False,2012,-42.90000000000127,False
2012-W40,2012-10-04,3,Thursday,2012-10-02,1,Tuesday,194.09999999999928,False,True,False,2012,80.0999999999985,True
2012-W41,2012-10-11,3,Thursday,2012-10-10,2,Wednesday,166.10000000000014,False,True,False,2012,-19.400000000000528,False
2012-W42,2012-10-16,1,Tuesday,2012-10-15,0,Monday,196.6000000000001,False,True,False,2012,111.30000000000084,True
2012-W43,2012-10-22,0,Monday,2012-10-25,3,Thursday,192.79999999999964,True,False,False,2012,-155.30000000000044,False
2012-W44,2012-10-30,1,Tuesday,2012-11-04,6,Sunday,253.30000000000075,True,False,False,2012,-108.30000000000118,False
2012-W45,2012-11-06,1,Tuesday,2012-11-08,3,Thursday,186.3999999999999,True,False,False,2012,-86.60000000000112,False
2012-W46,2012-11-18,6,Sunday,2012-11-12,0,Monday,158.19999999999945,False,True,False,2012,103.50000000000081,True
2012-W47,2012-11-22,3,Thursday,2012-11-20,1,Tuesday,254.2,False,True,False,2012,158.40000000000077,True
2012-W48,2012-12-02,6,Sunday,2012-11-27,1,Tuesday,195.70000000000087,False,True,False,2012,81.60000000000167,True
2012-W49,2012-12-04,1,Tuesday,2012-12-06,3,Thursday,249.8,True,False,False,2012,-112.79999999999957,False
2012-W50,2012-12-16,6,Sunday,2012-12-10,0,Monday,259.8999999999996,False,True,False,2012,223.19999999999897,True
2012-W51,2012-12-18,1,Tuesday,2012-12-17,0,Monday,152.40000000000143,False,True,False,2012,27.300000000001212,True
2012-W52,2012-12-26,2,Wednesday,2012-12-27,3,Thursday,117.59999999999992,True,False,False,2012,-17.100000000001003,False
2013-W01,2013-01-01,1,Tuesday,2013-01-03,3,Thursday,301.9000000000016,True,False,False,2013,-88.40000000000181,False
2013-W02,2013-01-13,6,Sunday,2013-01-08,1,Tuesday,367.2999999999993,False,True,False,2013,265.50000000000074,True
2013-W03,2013-01-17,3,Thursday,2013-01-15,1,Tuesday,141.49999999999886,False,True,False,2013,-68.20000000000049,False
2013-W04,2013-01-24,3,Thursday,2013-01-22,1,Tuesday,214.60000000000034,False,True,False,2013,141.89999999999924,True
2013-W05,2013-01-31,3,Thursday,2013-01-28,0,Monday,296.49999999999955,False,True,False,2013,58.400000000000674,True
2013-W06,2013-02-04,0,Monday,2013-02-07,3,Thursday,244.10000000000042,True,False,False,2013,-108.5999999999987,False
2013-W07,2013-02-12,1,Tuesday,2013-02-14,3,Thursday,213.60000000000045,True,False,False,2013,-54.99999999999838,False
2013-W08,2013-02-19,1,Tuesday,2013-02-24,6,Sunday,386.1999999999988,True,False,False,2013,-288.6000000000011,False
2013-W09,2013-02-27,2,Wednesday,2013-02-28,3,Thursday,195.29999999999825,True,False,False,2013,-36.800000000001276,False
2013-W10,2013-03-07,3,Thursday,2013-03-07,3,Thursday,179.00000000000028,False,False,True,2013,20.000000000000018,True
2013-W11,2013-03-14,3,Thursday,2013-03-17,6,Sunday,225.20000000000095,True,False,False,2013,-89.60000000000079,False
2013-W12,2013-03-24,6,Sunday,2013-03-24,6,Sunday,218.09999999999886,False,False,True,2013,-103.10000000000042,False
2013-W13,2013-03-25,0,Monday,2013-03-26,1,Tuesday,138.49999999999918,True,False,False,2013,-4.500000000000615,False
2013-W14,2013-04-04,3,Thursday,2013-04-03,2,Wednesday,294.20000000000005,False,True,False,2013,160.70000000000027,True
2013-W15,2013-04-10,2,Wednesday,2013-04-08,0,Monday,133.2,False,True,False,2013,26.100000000000012,True
2013-W16,2013-04-15,0,Monday,2013-04-16,1,Tuesday,200.00000000000017,True,False,False,2013,29.799999999999827,True
2013-W17,2013-04-28,6,Sunday,2013-04-23,1,Tuesday,161.99999999999991,False,True,False,2013,32.49999999999975,True
2013-W18,2013-04-30,1,Tuesday,2013-05-02,3,Thursday,209.79999999999998,True,False,False,2013,-22.500000000000853,False
2013-W19,2013-05-07,1,Tuesday,2013-05-09,3,Thursday,258.8999999999997,True,False,False,2013,-101.59999999999947,False
2013-W20,2013-05-13,0,Monday,2013-05-16,3,Thursday,232.59999999999837,True,False,False,2013,-92.4999999999998,False
2013-W21,2013-05-21,1,Tuesday,2013-05-22,2,Wednesday,176.60000000000008,True,False,False,2013,48.200000000000465,True
2013-W22,2013-06-02,6,Sunday,2013-05-28,1,Tuesday,269.5000000000003,False,True,False,2013,144.90000000000114,True
2013-W23,2013-06-05,2,Wednesday,2013-06-03,0,Monday,263.4000000000003,False,True,False,2013,180.79999999999873,True
2013-W24,2013-06-12,2,Wednesday,2013-06-10,0,Monday,157.80000000000126,False,True,False,2013,109.29999999999885,True
2013-W25,2013-06-18,1,Tuesday,2013-06-23,6,Sunday,357.80000000000143,True,False,False,2013,-247.1000000000001,False
2013-W26,2013-06-24,0,Monday,2013-06-25,1,Tuesday,165.70000000000195,True,False,False,2013,-55.79999999999919,False
2013-W27,2013-07-01,0,Monday,2013-07-04,3,Thursday,272.00000000000114,True,False,False,2013,-194.59999999999812,False
2013-W28,2013-07-10,2,Wednesday,2013-07-08,0,Monday,450.80000000000007,False,True,False,2013,191.60000000000065,True
2013-W29,2013-07-21,6,Sunday,2013-07-15,0,Monday,167.2999999999991,False,True,False,2013,124.29999999999941,True
2013-W30,2013-07-25,3,Thursday,2013-07-22,0,Monday,133.40000000000128,False,True,False,2013,77.0000000000004,True
2013-W31,2013-07-30,1,Tuesday,2013-08-01,3,Thursday,155.10000000000136,True,False,False,2013,-4.20000000000087,False
2013-W32,2013-08-07,2,Wednesday,2013-08-05,0,Monday,154.0000000000008,False,True,False,2013,41.50000000000098,True
2013-W33,2013-08-15,3,Thursday,2013-08-14,2,Wednesday,174.09999999999926,False,True,False,2013,34.50000000000175,True
2013-W34,2013-08-19,0,Monday,2013-08-21,2,Wednesday,153.7999999999995,True,False,False,2013,34.09999999999913,True
2013-W35,2013-08-26,0,Monday,2013-08-29,3,Thursday,224.80000000000055,True,False,False,2013,-177.00000000000048,False
2013-W36,2013-09-08,6,Sunday,2013-09-05,3,Thursday,176.0000000000006,False,True,False,2013,63.29999999999947,True
2013-W37,2013-09-15,6,Sunday,2013-09-09,0,Monday,155.1999999999998,False,True,False,2013,78.79999999999887,True
2013-W38,2013-09-18,2,Wednesday,2013-09-16,0,Monday,243.30000000000186,False,True,False,2013,158.90000000000182,True
2013-W39,2013-09-26,3,Thursday,2013-09-24,1,Tuesday,102.40000000000026,False,True,False,2013,33.30000000000055,True
2013-W40,2013-10-02,2,Wednesday,2013-10-01,1,Tuesday,141.10000000000068,False,True,False,2013,56.69999999999842,True
2013-W41,2013-10-07,0,Monday,2013-10-08,1,Tuesday,121.20000000000131,True,False,False,2013,-19.800000000000928,False
2013-W42,2013-10-17,3,Thursday,2013-10-15,1,Tuesday,231.09999999999962,False,True,False,2013,119.70000000000036,True
2013-W43,2013-10-24,3,Thursday,2013-10-21,0,Monday,169.9000000000006,False,True,False,2013,104.50000000000071,True
2013-W44,2013-10-28,0,Monday,2013-11-03,6,Sunday,370.7000000000016,True,False,False,2013,-271.1000000000019,False
2013-W45,2013-11-05,1,Tuesday,2013-11-06,2,Wednesday,251.90000000000046,True,False,False,2013,-107.69999999999946,False
2013-W46,2013-11-17,6,Sunday,2013-11-11,0,Monday,182.500000000001,False,True,False,2013,99.50000000000125,True
2013-W47,2013-11-19,1,Tuesday,2013-11-20,2,Wednesday,179.3,True,False,False,2013,10.80000000000192,True
2013-W48,2013-11-28,3,Thursday,2013-11-25,0,Monday,106.20000000000074,False,True,False,2013,23.999999999999577,True
2013-W49,2013-12-08,6,Sunday,2013-12-02,0,Monday,221.00000000000009,False,True,False,2013,197.40000000000092,True
2013-W50,2013-12-10,1,Tuesday,2013-12-12,3,Thursday,100.99999999999997,True,False,False,2013,22.299999999999542,True
2013-W51,2013-12-17,1,Tuesday,2013-12-19,3,Thursday,186.3999999999999,True,False,False,2013,-64.5999999999991,False
2013-W52,2013-12-26,3,Thursday,2013-12-23,0,Monday,237.9999999999982,False,True,False,2013,106.80000000000022,True
2014-W01,2013-12-30,0,Monday,2014-01-05,6,Sunday,241.29999999999984,True,False,False,2014,-170.99999999999892,False
2014-W02,2014-01-09,3,Thursday,2014-01-08,2,Wednesday,138.59999999999982,False,True,False,2014,42.099999999998246,True
2014-W03,2014-01-13,0,Monday,2014-01-19,6,Sunday,191.70000000000132,True,False,False,2014,-118.7999999999989,False
2014-W04,2014-01-23,3,Thursday,2014-01-20,0,Monday,223.0999999999983,False,True,False,2014,121.89999999999924,True
2014-W05,2014-01-27,0,Monday,2014-02-02,6,Sunday,211.39999999999935,True,False,False,2014,-148.20000000000056,False
2014-W06,2014-02-09,6,Sunday,2014-02-05,2,Wednesday,169.0999999999998,False,True,False,2014,120.8000000000009,True
2014-W07,2014-02-16,6,Sunday,2014-02-11,1,Tuesday,162.1000000000006,False,True,False,2014,62.40000000000023,True
2014-W08,2014-02-18,1,Tuesday,2014-02-19,2,Wednesday,87.70000000000167,True,False,False,2014,28.199999999998226,True
2014-W09,2014-02-27,3,Thursday,2014-02-26,2,Wednesday,181.40000000000046,False,True,False,2014,-0.10000000000065512,False
2014-W10,2014-03-06,3,Thursday,2014-03-04,1,Tuesday,207.50000000000045,False,True,False,2014,141.69999999999794,True
2014-W11,2014-03-12,2,Wednesday,2014-03-10,0,Monday,133.0000000000009,False,True,False,2014,45.199999999998575,True
2014-W12,2014-03-17,0,Monday,2014-03-19,2,Wednesday,193.40000000000134,True,False,False,2014,-82.99999999999974,False
2014-W13,2014-03-24,0,Monday,2014-03-27,3,Thursday,142.199999999999,True,False,False,2014,-70.60000000000066,False
2014-W14,2014-04-01,1,Tuesday,2014-04-03,3,Thursday,147.60000000000107,True,False,False,2014,-27.500000000000302,False
2014-W15,2014-04-10,3,Thursday,2014-04-07,0,Monday,168.00000000000148,False,True,False,2014,79.2000000000015,True
2014-W16,2014-04-16,2,Wednesday,2014-04-20,6,Sunday,77.4000000000008,True,False,False,2014,-27.800000000000047,False
2014-W17,2014-04-27,6,Sunday,2014-04-21,0,Monday,94.29999999999828,False,True,False,2014,58.59999999999977,True
2014-W18,2014-04-30,2,Wednesday,2014-04-29,1,Tuesday,115.09999999999908,False,True,False,2014,24.399999999999977,True
2014-W19,2014-05-07,2,Wednesday,2014-05-08,3,Thursday,248.29999999999907,True,False,False,2014,-118.00000000000033,False
2014-W20,2014-05-12,0,Monday,2014-05-14,2,Wednesday,123.29999999999953,True,False,False,2014,-48.39999999999955,False
2014-W21,2014-05-20,1,Tuesday,2014-05-25,6,Sunday,108.09999999999987,True,False,False,2014,-62.699999999999974,False
2014-W22,2014-05-26,0,Monday,2014-05-28,2,Wednesday,82.49999999999869,True,False,False,2014,-49.099999999999696,False
2014-W23,2014-06-05,3,Thursday,2014-06-04,2,Wednesday,173.69999999999885,False,True,False,2014,-2.6999999999999247,False
2014-W24,2014-06-09,0,Monday,2014-06-11,2,Wednesday,89.59999999999857,True,False,False,2014,-19.899999999999363,False
2014-W25,2014-06-18,2,Wednesday,2014-06-16,0,Monday,107.20000000000063,False,True,False,2014,30.49999999999997,True
2014-W26,2014-06-29,6,Sunday,2014-06-25,2,Wednesday,121.70000000000014,False,True,False,2014,87.20000000000061,True
2014-W27,2014-06-30,0,Monday,2014-07-06,6,Sunday,124.40000000000006,True,False,False,2014,-87.20000000000061,False
2014-W28,2014-07-09,2,Wednesday,2014-07-07,0,Monday,62.499999999998664,False,True,False,2014,14.099999999999113,True
2014-W29,2014-07-14,0,Monday,2014-07-17,3,Thursday,137.0999999999989,True,False,False,2014,-95.19999999999973,False
2014-W30,2014-07-21,0,Monday,2014-07-24,3,Thursday,108.09999999999987,True,False,False,2014,-83.89999999999898,False
2014-W31,2014-07-31,3,Thursday,2014-07-29,1,Tuesday,77.89999999999964,False,True,False,2014,-18.199999999999328,False
2014-W32,2014-08-07,3,Thursday,2014-08-05,1,Tuesday,99.60000000000191,False,True,False,2014,-37.199999999999456,False
2014-W33,2014-08-12,1,Tuesday,2014-08-11,0,Monday,79.09999999999862,False,True,False,2014,-21.500000000000963,False
2014-W34,2014-08-18,0,Monday,2014-08-24,6,Sunday,180.50000000000122,True,False,False,2014,-171.3000000000009,False
2014-W35,2014-08-27,2,Wednesday,2014-08-31,6,Sunday,101.60000000000169,True,False,False,2014,-63.29999999999947,False
2014-W36,2014-09-02,1,Tuesday,2014-09-07,6,Sunday,278.00000000000045,True,False,False,2014,-233.9000000000002,False
2014-W37,2014-09-11,3,Thursday,2014-09-08,0,Monday,119.89999999999945,False,True,False,2014,45.70000000000185,True
2014-W38,2014-09-15,0,Monday,2014-09-21,6,Sunday,179.00000000000028,True,False,False,2014,-90.69999999999911,False
2014-W39,2014-09-22,0,Monday,2014-09-28,6,Sunday,237.49999999999937,True,False,False,2014,-163.89999999999904,False
2014-W40,2014-09-29,0,Monday,2014-10-02,3,Thursday,201.59999999999957,True,False,False,2014,-29.199999999998116,False
2014-W41,2014-10-08,2,Wednesday,2014-10-06,0,Monday,207.50000000000045,False,True,False,2014,96.80000000000133,True
2014-W42,2014-10-14,1,Tuesday,2014-10-14,1,Tuesday,262.10000000000065,False,False,True,2014,47.8999999999985,True
2014-W43,2014-10-20,0,Monday,2014-10-22,2,Wednesday,226.1000000000002,True,False,False,2014,-101.90000000000143,False
2014-W44,2014-10-28,1,Tuesday,2014-11-02,6,Sunday,330.2000000000005,True,False,False,2014,-216.69999999999857,False
2014-W45,2014-11-03,0,Monday,2014-11-06,3,Thursday,219.30000000000004,True,False,False,2014,-61.1000000000006,False
2014-W46,2014-11-16,6,Sunday,2014-11-10,0,Monday,182.70000000000007,False,True,False,2014,28.900000000000592,True
2014-W47,2014-11-18,1,Tuesday,2014-11-23,6,Sunday,236.60000000000014,True,False,False,2014,-7.599999999998719,False
2014-W48,2014-11-25,1,Tuesday,2014-11-24,0,Monday,129.5999999999986,False,True,False,2014,27.099999999999902,True
2014-W49,2014-12-01,0,Monday,2014-12-07,6,Sunday,229.10000000000207,True,False,False,2014,-152.7999999999996,False
2014-W50,2014-12-10,2,Wednesday,2014-12-08,0,Monday,203.29999999999959,False,True,False,2014,119.79999999999879,True
2014-W51,2014-12-15,0,Monday,2014-12-21,6,Sunday,353.0999999999995,True,False,False,2014,-207.50000000000045,False
2014-W52,2014-12-22,0,Monday,2014-12-28,6,Sunday,103.10000000000042,True,False,False,2014,-77.30000000000015,False
2015-W01,2014-12-29,0,Monday,2015-01-04,6,Sunday,321.00000000000017,True,False,False,2015,-222.0999999999984,False
2015-W02,2015-01-05,0,Monday,2015-01-07,2,Wednesday,214.60000000000034,True,False,False,2015,-99.49999999999903,False
2015-W03,2015-01-12,0,Monday,2015-01-15,3,Thursday,399.50000000000153,True,False,False,2015,-231.2000000000003,False
2015-W04,2015-01-20,1,Tuesday,2015-01-25,6,Sunday,582.4000000000007,True,False,False,2015,-368.1999999999985,False
2015-W05,2015-01-26,0,Monday,2015-01-26,0,Monday,198.89999999999964,False,False,True,2015,103.40000000000016,True
2015-W06,2015-02-02,0,Monday,2015-02-08,6,Sunday,263.8000000000007,True,False,False,2015,-17.599999999999838,False
2015-W07,2015-02-12,3,Thursday,2015-02-09,0,Monday,170.09999999999968,False,True,False,2015,30.300000000000882,True
2015-W08,2015-02-18,2,Wednesday,2015-02-19,3,Thursday,171.00000000000114,True,False,False,2015,-20.999999999999908,False
2015-W09,2015-02-24,1,Tuesday,2015-03-01,6,Sunday,228.5999999999988,True,False,False,2015,-151.69999999999905,False
2015-W10,2015-03-02,0,Monday,2015-03-08,6,Sunday,394.69999999999897,True,False,False,2015,-331.39999999999947,False
2015-W11,2015-03-09,0,Monday,2015-03-12,3,Thursday,392.69999999999914,True,False,False,2015,-284.6000000000015,False
2015-W12,2015-03-17,1,Tuesday,2015-03-16,0,Monday,487.20000000000095,False,True,False,2015,379.00000000000045,True
2015-W13,2015-03-25,2,Wednesday,2015-03-26,3,Thursday,251.00000000000122,True,False,False,2015,-109.3999999999995,False
2015-W14,2015-04-05,6,Sunday,2015-03-30,0,Monday,322.59999999999957,False,True,False,2015,89.50000000000014,True
2015-W15,2015-04-06,0,Monday,2015-04-12,6,Sunday,434.4999999999999,True,False,False,2015,-355.0999999999993,False
2015-W16,2015-04-16,3,Thursday,2015-04-13,0,Monday,317.09999999999906,False,True,False,2015,170.20000000000036,True
2015-W17,2015-04-26,6,Sunday,2015-04-20,0,Monday,266.6999999999997,False,True,False,2015,154.10000000000144,True
2015-W18,2015-04-30,3,Thursday,2015-04-27,0,Monday,429.8000000000002,False,True,False,2015,254.09999999999934,True
2015-W19,2015-05-06,2,Wednesday,2015-05-04,0,Monday,325.2999999999995,False,True,False,2015,10.399999999999299,True
2015-W20,2015-05-14,3,Thursday,2015-05-11,0,Monday,332.5,False,True,False,2015,159.19999999999933,True
2015-W21,2015-05-18,0,Monday,2015-05-24,6,Sunday,367.1000000000002,True,False,False,2015,-336.1999999999998,False
2015-W22,2015-05-28,3,Thursday,2015-05-26,1,Tuesday,186.69999999999965,False,True,False,2015,-50.69999999999908,False
2015-W23,2015-06-03,2,Wednesday,2015-06-01,0,Monday,463.79999999999865,False,True,False,2015,364.2999999999996,True
2015-W24,2015-06-09,1,Tuesday,2015-06-11,3,Thursday,235.19999999999985,True,False,False,2015,-8.500000000000174,False
2015-W25,2015-06-17,2,Wednesday,2015-06-15,0,Monday,231.2000000000003,False,True,False,2015,56.100000000001145,True
2015-W26,2015-06-22,0,Monday,2015-06-28,6,Sunday,394.30000000000075,True,False,False,2015,-105.00000000000176,False
2015-W27,2015-06-29,0,Monday,2015-07-05,6,Sunday,275.0000000000008,True,False,False,2015,-178.79999999999896,False
2015-W28,2015-07-09,3,Thursday,2015-07-06,0,Monday,299.4999999999992,False,True,False,2015,-52.80000000000173,False
2015-W29,2015-07-13,0,Monday,2015-07-19,6,Sunday,275.4000000000012,True,False,False,2015,-178.10000000000105,False
2015-W30,2015-07-26,6,Sunday,2015-07-20,0,Monday,317.89999999999986,False,True,False,2015,263.19999999999897,True
2015-W31,2015-07-30,3,Thursday,2015-07-29,2,Wednesday,220.70000000000033,False,True,False,2015,-138.49999999999918,False
2015-W32,2015-08-09,6,Sunday,2015-08-04,1,Tuesday,193.3000000000007,False,True,False,2015,69.20000000000037,True
2015-W33,2015-08-11,1,Tuesday,2015-08-10,0,Monday,253.30000000000075,False,True,False,2015,58.79999999999885,True
2015-W34,2015-08-23,6,Sunday,2015-08-17,0,Monday,697.0000000000009,False,True,False,2015,541.7999999999989,True
2015-W35,2015-08-24,0,Monday,2015-08-27,3,Thursday,465.40000000000026,True,False,False,2015,-407.6999999999997,False
2015-W36,2015-08-31,0,Monday,2015-09-02,2,Wednesday,244.69999999999993,True,False,False,2015,-40.299999999999784,False
2015-W37,2015-09-13,6,Sunday,2015-09-08,1,Tuesday,241.1999999999992,False,True,False,2015,146.19999999999857,True
2015-W38,2015-09-17,3,Thursday,2015-09-20,6,Sunday,278.80000000000126,True,False,False,2015,-125.99999999999945,False
2015-W39,2015-09-23,2,Wednesday,2015-09-22,1,Tuesday,190.90000000000052,False,True,False,2015,55.899999999999835,True
2015-W40,2015-10-01,3,Thursday,2015-09-30,2,Wednesday,183.39999999999802,False,True,False,2015,-56.49999999999933,False
2015-W41,2015-10-11,6,Sunday,2015-10-05,0,Monday,224.9000000000012,False,True,False,2015,170.99999999999892,True
2015-W42,2015-10-14,2,Wednesday,2015-10-18,6,Sunday,189.50000000000023,True,False,False,2015,-31.199999999997896,False
2015-W43,2015-10-19,0,Monday,2015-10-22,3,Thursday,390.299999999999,True,False,False,2015,-269.0999999999999,False
2015-W44,2015-10-27,1,Tuesday,2015-10-27,1,Tuesday,199.00000000000028,False,False,True,2015,-41.50000000000098,False
2015-W45,2015-11-02,0,Monday,2015-11-05,3,Thursday,323.59999999999945,True,False,False,2015,-263.70000000000005,False
2015-W46,2015-11-11,2,Wednesday,2015-11-09,0,Monday,155.89999999999992,False,True,False,2015,-64.49999999999845,False
2015-W47,2015-11-18,2,Wednesday,2015-11-22,6,Sunday,170.300000000001,True,False,False,2015,-48.50000000000021,False
2015-W48,2015-11-24,1,Tuesday,2015-11-29,6,Sunday,131.4000000000015,True,False,False,2015,-72.29999999999848,False
2015-W49,2015-12-02,2,Wednesday,2015-12-02,2,Wednesday,458.7999999999992,False,False,True,2015,274.0000000000009,True
2015-W50,2015-12-13,6,Sunday,2015-12-07,0,Monday,218.5999999999999,False,True,False,2015,154.69999999999874,True
2015-W51,2015-12-14,0,Monday,2015-12-16,2,Wednesday,256.69999999999857,True,False,False,2015,-76.00000000000051,False
2015-W52,2015-12-27,6,Sunday,2015-12-22,1,Tuesday,122.29999999999963,False,True,False,2015,51.49999999999988,True
2015-W53,2015-12-28,0,Monday,2016-01-03,6,Sunday,210.40000000000168,True,False,False,2015,-135.40000000000109,False
2016-W01,2016-01-10,6,Sunday,2016-01-04,0,Monday,259.20000000000164,False,True,False,2016,30.199999999998006,True
2016-W02,2016-01-14,3,Thursday,2016-01-12,1,Tuesday,179.6999999999982,False,True,False,2016,33.00000000000081,True
2016-W03,2016-01-19,1,Tuesday,2016-01-20,2,Wednesday,198.10000000000105,True,False,False,2016,-41.999999999999815,False
2016-W04,2016-01-27,2,Wednesday,2016-01-28,3,Thursday,157.59999999999997,True,False,False,2016,39.20000000000145,True
2016-W05,2016-02-04,3,Thursday,2016-02-01,0,Monday,361.29999999999995,False,True,False,2016,304.1999999999989,True
2016-W06,2016-02-10,2,Wednesday,2016-02-14,6,Sunday,248.69999999999948,True,False,False,2016,-39.70000000000029,False
2016-W07,2016-02-15,0,Monday,2016-02-21,6,Sunday,189.99999999999906,True,False,False,2016,-124.69999999999982,False
2016-W08,2016-02-25,3,Thursday,2016-02-28,6,Sunday,208.89999999999853,True,False,False,2016,-156.10000000000124,False
2016-W09,2016-03-03,3,Thursday,2016-03-01,1,Tuesday,218.09999999999886,False,True,False,2016,141.0,True
2016-W10,2016-03-09,2,Wednesday,2016-03-09,2,Wednesday,395.8000000000017,False,False,True,2016,88.69999999999933,True
2016-W11,2016-03-16,2,Wednesday,2016-03-15,1,Tuesday,284.69999999999993,False,True,False,2016,140.0000000000001,True
2016-W12,2016-03-21,0,Monday,2016-03-23,2,Wednesday,115.89999999999989,True,False,False,2016,-45.100000000000136,False
2016-W13,2016-03-31,3,Thursday,2016-03-28,0,Monday,268.99999999999926,False,True,False,2016,193.20000000000005,True
2016-W14,2016-04-06,2,Wednesday,2016-04-05,1,Tuesday,127.1,False,True,False,2016,17.400000000000748,True
2016-W15,2016-04-11,0,Monday,2016-04-13,2,Wednesday,231.09999999999962,True,False,False,2016,-94.79999999999933,False
2016-W16,2016-04-20,2,Wednesday,2016-04-21,3,Thursday,181.00000000000006,True,False,False,2016,-43.300000000001674,False
2016-W17,2016-05-01,6,Sunday,2016-04-25,0,Monday,279.4999999999992,False,True,False,2016,271.9000000000005,True
2016-W18,2016-05-02,0,Monday,2016-05-08,6,Sunday,240.7999999999988,True,False,False,2016,-149.79999999999993,False
2016-W19,2016-05-10,1,Tuesday,2016-05-12,3,Thursday,163.5999999999993,True,False,False,2016,-63.69999999999987,False
2016-W20,2016-05-16,0,Monday,2016-05-18,2,Wednesday,168.29999999999902,True,False,False,2016,-100.59999999999958,False
2016-W21,2016-05-23,0,Monday,2016-05-29,6,Sunday,129.09999999999977,True,False,False,2016,-80.50000000000112,False
2016-W22,2016-06-05,6,Sunday,2016-05-31,1,Tuesday,278.4000000000009,False,True,False,2016,216.3999999999988,True
2016-W23,2016-06-08,2,Wednesday,2016-06-12,6,Sunday,183.40000000000023,True,False,False,2016,-62.699999999999974,False
2016-W24,2016-06-19,6,Sunday,2016-06-15,2,Wednesday,251.7999999999998,False,True,False,2016,21.299999999999653,True
2016-W25,2016-06-23,3,Thursday,2016-06-23,3,Thursday,516.7000000000011,False,False,True,2016,-289.20000000000056,False
2016-W26,2016-06-30,3,Thursday,2016-06-27,0,Monday,159.3,False,True,False,2016,129.3000000000011,True
2016-W27,2016-07-04,0,Monday,2016-07-07,3,Thursday,183.1999999999989,True,False,False,2016,-97.00000000000043,False
2016-W28,2016-07-13,2,Wednesday,2016-07-14,3,Thursday,140.60000000000184,True,False,False,2016,17.899999999999583,True
2016-W29,2016-07-18,0,Monday,2016-07-24,6,Sunday,128.39999999999964,True,False,False,2016,-79.80000000000098,False
2016-W30,2016-07-28,3,Thursday,2016-07-26,1,Tuesday,236.1000000000013,False,True,False,2016,167.70000000000175,True
2016-W31,2016-08-01,0,Monday,2016-08-04,3,Thursday,187.90000000000083,True,False,False,2016,-73.30000000000058,False
2016-W32,2016-08-11,3,Thursday,2016-08-08,0,Monday,150.7999999999998,False,True,False,2016,95.40000000000104,True
2016-W33,2016-08-17,2,Wednesday,2016-08-15,0,Monday,188.99999999999918,False,True,False,2016,137.40000000000086,True
2016-W34,2016-08-22,0,Monday,2016-08-28,6,Sunday,197.09999999999894,True,False,False,2016,-131.49999999999994,False
2016-W35,2016-09-01,3,Thursday,2016-08-30,1,Tuesday,129.09999999999977,False,True,False,2016,-40.70000000000018,False
2016-W36,2016-09-07,2,Wednesday,2016-09-05,0,Monday,186.2000000000008,False,True,False,2016,89.29999999999882,True
2016-W37,2016-09-14,2,Wednesday,2016-09-15,3,Thursday,134.30000000000052,True,False,False,2016,-59.899999999999395,False
2016-W38,2016-09-25,6,Sunday,2016-09-20,1,Tuesday,156.09999999999903,False,True,False,2016,78.70000000000044,True
2016-W39,2016-09-26,0,Monday,2016-09-29,3,Thursday,105.39999999999993,True,False,False,2016,-42.40000000000022,False
2016-W40,2016-10-03,0,Monday,2016-10-06,3,Thursday,134.60000000000028,True,False,False,2016,-72.09999999999938,False
2016-W41,2016-10-10,0,Monday,2016-10-16,6,Sunday,178.4999999999992,True,False,False,2016,-138.7000000000005,False
2016-W42,2016-10-19,2,Wednesday,2016-10-20,3,Thursday,180.00000000000017,True,False,False,2016,-117.70000000000059,False
2016-W43,2016-10-27,3,Thursday,2016-10-24,0,Monday,140.69999999999806,False,True,False,2016,98.89999999999955,True
2016-W44,2016-11-03,3,Thursday,2016-10-31,0,Monday,181.29999999999978,False,True,False,2016,58.39999999999846,True
2016-W45,2016-11-08,1,Tuesday,2016-11-13,6,Sunday,590.1,True,False,False,2016,-303.79999999999853,False
2016-W46,2016-11-14,0,Monday,2016-11-17,3,Thursday,247.49999999999827,True,False,False,2016,-107.5999999999988,False
2016-W47,2016-11-27,6,Sunday,2016-11-23,2,Wednesday,167.39999999999978,False,True,False,2016,-13.499999999999623,False
2016-W48,2016-12-04,6,Sunday,2016-12-04,6,Sunday,291.59999999999854,False,False,True,2016,150.50000000000009,True
2016-W49,2016-12-07,2,Wednesday,2016-12-11,6,Sunday,348.1000000000001,True,False,False,2016,-127.80000000000014,False
2016-W50,2016-12-13,1,Tuesday,2016-12-14,2,Wednesday,303.50000000000097,True,False,False,2016,-232.79999999999967,False
2016-W51,2016-12-21,2,Wednesday,2016-12-19,0,Monday,147.10000000000002,False,True,False,2016,64.29999999999936,True
2016-W52,2016-12-29,3,Thursday,2016-12-27,1,Tuesday,281.499999999999,False,True,False,2016,-0.9000000000014552,False
2017-W01,2017-01-05,3,Thursday,2017-01-02,0,Monday,280.80000000000103,False,True,False,2017,118.30000000000007,True
2017-W02,2017-01-11,2,Wednesday,2017-01-10,1,Tuesday,231.0000000000012,False,True,False,2017,24.999999999999467,True
2017-W03,2017-01-22,6,Sunday,2017-01-18,2,Wednesday,179.6999999999982,False,True,False,2017,165.49999999999844,True
2017-W04,2017-01-23,0,Monday,2017-01-29,6,Sunday,154.6000000000003,True,False,False,2017,-71.0999999999995,False
2017-W05,2017-02-01,2,Wednesday,2017-01-30,0,Monday,143.89999999999904,False,True,False,2017,56.89999999999973,True
2017-W06,2017-02-06,0,Monday,2017-02-12,6,Sunday,157.99999999999815,True,False,False,2017,-151.60000000000062,False
2017-W07,2017-02-15,2,Wednesday,2017-02-14,1,Tuesday,157.8999999999997,False,True,False,2017,13.399999999998968,True
2017-W08,2017-02-26,6,Sunday,2017-02-21,1,Tuesday,136.80000000000138,False,True,False,2017,-25.299999999999212,False
2017-W09,2017-03-05,6,Sunday,2017-03-01,2,Wednesday,144.89999999999893,False,True,False,2017,-6.200000000000649,False
2017-W10,2017-03-12,6,Sunday,2017-03-08,2,Wednesday,189.20000000000047,False,True,False,2017,73.59999999999812,True
2017-W11,2017-03-16,3,Thursday,2017-03-13,0,Monday,182.40000000000035,False,True,False,2017,87.3999999999997,True
2017-W12,2017-03-26,6,Sunday,2017-03-20,0,Monday,187.10000000000005,False,True,False,2017,125.50000000000061,True
2017-W13,2017-03-27,0,Monday,2017-04-02,6,Sunday,230.3999999999995,True,False,False,2017,-194.79999999999941,False
2017-W14,2017-04-04,1,Tuesday,2017-04-09,6,Sunday,119.1999999999993,True,False,False,2017,-74.19999999999982,False
2017-W15,2017-04-12,2,Wednesday,2017-04-10,0,Monday,99.10000000000085,False,True,False,2017,46.89999999999861,True
2017-W16,2017-04-23,6,Sunday,2017-04-17,0,Monday,281.19999999999925,False,True,False,2017,225.2999999999994,True
2017-W17,2017-04-25,1,Tuesday,2017-04-24,0,Monday,99.49999999999903,False,True,False,2017,30.799999999999716,True
2017-W18,2017-05-07,6,Sunday,2017-05-03,2,Wednesday,146.29999999999922,False,True,False,2017,26.200000000000667,True
2017-W19,2017-05-14,6,Sunday,2017-05-10,2,Wednesday,150.40000000000165,False,True,False,2017,52.49999999999977,True
2017-W20,2017-05-21,6,Sunday,2017-05-15,0,Monday,291.00000000000125,False,True,False,2017,263.70000000000005,True
2017-W21,2017-05-22,0,Monday,2017-05-25,3,Thursday,107.69999999999946,True,False,False,2017,-73.09999999999928,False
2017-W22,2017-06-01,3,Thursday,2017-05-29,0,Monday,175.4000000000011,False,True,False,2017,90.50000000000003,True
2017-W23,2017-06-05,0,Monday,2017-06-08,3,Thursday,117.40000000000083,True,False,False,2017,-49.199999999998134,False
2017-W24,2017-06-13,1,Tuesday,2017-06-14,2,Wednesday,163.8000000000006,True,False,False,2017,-57.200000000001694,False
2017-W25,2017-06-25,6,Sunday,2017-06-19,0,Monday,101.10000000000063,False,True,False,2017,34.699999999998624,True
2017-W26,2017-06-28,2,Wednesday,2017-06-26,0,Monday,266.4,False,True,False,2017,182.29999999999967,True
2017-W27,2017-07-06,3,Thursday,2017-07-04,1,Tuesday,127.7000000000017,False,True,False,2017,36.000000000000476,True
2017-W28,2017-07-11,1,Tuesday,2017-07-12,2,Wednesday,118.80000000000112,True,False,False,2017,80.29999999999981,True
2017-W29,2017-07-23,6,Sunday,2017-07-17,0,Monday,212.60000000000056,False,True,False,2017,163.20000000000113,True
2017-W30,2017-07-30,6,Sunday,2017-07-25,1,Tuesday,232.6000000000006,False,True,False,2017,199.79999999999887,True
2017-W31,2017-08-01,1,Tuesday,2017-08-03,3,Thursday,181.99999999999994,True,False,False,2017,-45.49999999999832,False
2017-W32,2017-08-10,3,Thursday,2017-08-08,1,Tuesday,158.00000000000037,False,True,False,2017,-15.000000000000568,False
2017-W33,2017-08-20,6,Sunday,2017-08-16,2,Wednesday,165.90000000000106,False,True,False,2017,36.299999999998,True
2017-W34,2017-08-27,6,Sunday,2017-08-22,1,Tuesday,243.79999999999848,False,True,False,2017,163.69999999999996,True
2017-W35,2017-08-28,0,Monday,2017-08-30,2,Wednesday,247.00000000000165,True,False,False,2017,-83.69999999999989,False
2017-W36,2017-09-07,3,Thursday,2017-09-04,0,Monday,223.9000000000013,False,True,False,2017,57.69999999999831,True
2017-W37,2017-09-12,1,Tuesday,2017-09-13,2,Wednesday,156.70000000000073,True,False,False,2017,2.500000000000835,True
2017-W38,2017-09-19,1,Tuesday,2017-09-24,6,Sunday,200.79999999999876,True,False,False,2017,-103.2999999999995,False
2017-W39,2017-09-25,0,Monday,2017-09-26,1,Tuesday,144.4000000000001,True,False,False,2017,-115.00000000000065,False
2017-W40,2017-10-03,1,Tuesday,2017-10-05,3,Thursday,118.40000000000073,True,False,False,2017,8.799999999999919,True
2017-W41,2017-10-11,2,Wednesday,2017-10-09,0,Monday,141.99999999999991,False,True,False,2017,55.49999999999944,True
2017-W42,2017-10-18,2,Wednesday,2017-10-22,6,Sunday,132.99999999999866,True,False,False,2017,-46.99999999999926,False
2017-W43,2017-10-25,2,Wednesday,2017-10-26,3,Thursday,262.2999999999997,True,False,False,2017,-98.49999999999915,False
2017-W44,2017-11-02,3,Thursday,2017-11-05,6,Sunday,109.99999999999899,True,False,False,2017,-39.80000000000095,False
2017-W45,2017-11-09,3,Thursday,2017-11-06,0,Monday,123.59999999999927,False,True,False,2017,57.800000000001184,True
2017-W46,2017-11-14,1,Tuesday,2017-11-13,0,Monday,199.29999999999782,False,True,False,2017,64.9999999999995,True
2017-W47,2017-11-26,6,Sunday,2017-11-20,0,Monday,248.1,False,True,False,2017,165.50000000000065,True
2017-W48,2017-11-30,3,Thursday,2017-11-29,2,Wednesday,131.4000000000015,False,True,False,2017,-32.300000000000665,False
2017-W49,2017-12-04,0,Monday,2017-12-07,3,Thursday,146.69999999999962,True,False,False,2017,-96.49999999999936,False
2017-W50,2017-12-13,2,Wednesday,2017-12-11,0,Monday,144.89999999999893,False,True,False,2017,12.399999999999078,True
2017-W51,2017-12-19,1,Tuesday,2017-12-18,0,Monday,125.2999999999993,False,True,False,2017,79.79999999999876,True
2017-W52,2017-12-28,3,Thursday,2017-12-25,0,Monday,179.10000000000093,False,True,False,2017,132.70000000000115,True
2018-W01,2018-01-03,2,Wednesday,2018-01-07,6,Sunday,133.2,True,False,False,2018,-38.000000000000256,False
2018-W02,2018-01-14,6,Sunday,2018-01-08,0,Monday,380.80000000000115,False,True,False,2018,295.6000000000003,True
2018-W03,2018-01-16,1,Tuesday,2018-01-17,2,Wednesday,158.4999999999992,True,False,False,2018,-3.9999999999995595,False
2018-W04,2018-01-24,2,Wednesday,2018-01-22,0,Monday,314.4999999999998,False,True,False,2018,123.10000000000043,True
2018-W05,2018-01-31,2,Wednesday,2018-01-29,0,Monday,187.30000000000135,False,True,False,2018,-15.800000000001369,False
2018-W06,2018-02-05,0,Monday,2018-02-08,3,Thursday,228.90000000000077,True,False,False,2018,-75.09999999999906,False
2018-W07,2018-02-15,3,Thursday,2018-02-13,1,Tuesday,279.00000000000034,False,True,False,2018,116.7000000000007,True
2018-W08,2018-02-19,0,Monday,2018-02-21,2,Wednesday,152.3999999999992,True,False,False,2018,-88.69999999999933,False
2018-W09,2018-03-04,6,Sunday,2018-02-28,2,Wednesday,209.19999999999828,False,True,False,2018,19.599999999999618,True
2018-W10,2018-03-07,2,Wednesday,2018-03-08,3,Thursday,172.7999999999996,True,False,False,2018,-1.80000000000069,False
2018-W11,2018-03-13,1,Tuesday,2018-03-18,6,Sunday,154.39999999999898,True,False,False,2018,1.5999999999993797,True
2018-W12,2018-03-25,6,Sunday,2018-03-20,1,Tuesday,222.2000000000013,False,True,False,2018,108.69999999999935,True
2018-W13,2018-03-26,0,Monday,2018-04-01,6,Sunday,194.19999999999993,True,False,False,2018,-141.7999999999986,False
2018-W14,2018-04-02,0,Monday,2018-04-05,3,Thursday,121.10000000000065,True,False,False,2018,19.899999999999363,True
2018-W15,2018-04-10,1,Tuesday,2018-04-11,2,Wednesday,96.29999999999805,True,False,False,2018,60.00000000000006,True
2018-W16,2018-04-16,0,Monday,2018-04-22,6,Sunday,216.30000000000038,True,False,False,2018,-170.09999999999968,False
2018-W17,2018-04-23,0,Monday,2018-04-26,3,Thursday,189.50000000000023,True,False,False,2018,-130.69999999999914,False
2018-W18,2018-04-30,0,Monday,2018-05-06,6,Sunday,186.2000000000008,True,False,False,2018,-154.09999999999923,False
2018-W19,2018-05-13,6,Sunday,2018-05-08,1,Tuesday,173.49999999999977,False,True,False,2018,5.399999999999849,True
2018-W20,2018-05-14,0,Monday,2018-05-20,6,Sunday,221.59999999999957,True,False,False,2018,-134.90000000000003,False
2018-W21,2018-05-21,0,Monday,2018-05-27,6,Sunday,222.29999999999973,True,False,False,2018,-166.69999999999962,False
2018-W22,2018-06-03,6,Sunday,2018-05-28,0,Monday,234.3000000000006,False,True,False,2018,74.69999999999865,True
2018-W23,2018-06-06,2,Wednesday,2018-06-04,0,Monday,187.29999999999913,False,True,False,2018,85.70000000000189,True
2018-W24,2018-06-13,2,Wednesday,2018-06-14,3,Thursday,308.3999999999998,True,False,False,2018,-159.3,False
2018-W25,2018-06-24,6,Sunday,2018-06-20,2,Wednesday,204.69999999999987,False,True,False,2018,80.79999999999865,True
2018-W26,2018-06-25,0,Monday,2018-06-27,2,Wednesday,192.99999999999872,True,False,False,2018,-63.49999999999856,False
2018-W27,2018-07-08,6,Sunday,2018-07-02,0,Monday,170.39999999999944,False,True,False,2018,111.79999999999967,True
2018-W28,2018-07-09,0,Monday,2018-07-12,3,Thursday,149.7000000000015,True,False,False,2018,-38.3,False
2018-W29,2018-07-22,6,Sunday,2018-07-18,2,Wednesday,175.09999999999914,False,True,False,2018,-18.799999999998818,False
2018-W30,2018-07-25,2,Wednesday,2018-07-26,3,Thursday,123.29999999999953,True,False,False,2018,13.300000000000534,True
2018-W31,2018-07-30,0,Monday,2018-08-05,6,Sunday,215.69999999999868,True,False,False,2018,-150.3999999999994,False
2018-W32,2018-08-07,1,Tuesday,2018-08-12,6,Sunday,263.0999999999983,True,False,False,2018,-142.9999999999998,False
2018-W33,2018-08-19,6,Sunday,2018-08-14,1,Tuesday,183.89999999999907,False,True,False,2018,69.09999999999971,True
2018-W34,2018-08-26,6,Sunday,2018-08-20,0,Monday,214.79999999999944,False,True,False,2018,198.59999999999988,True
2018-W35,2018-08-27,0,Monday,2018-08-30,3,Thursday,148.7000000000016,True,False,False,2018,-59.70000000000031,False
2018-W36,2018-09-05,2,Wednesday,2018-09-09,6,Sunday,132.99999999999866,True,False,False,2018,-26.89999999999859,False
2018-W37,2018-09-13,3,Thursday,2018-09-10,0,Monday,156.10000000000124,False,True,False,2018,92.40000000000137,True
2018-W38,2018-09-23,6,Sunday,2018-09-18,1,Tuesday,164.8000000000005,False,True,False,2018,66.2000000000007,True
2018-W39,2018-09-25,1,Tuesday,2018-09-30,6,Sunday,234.49999999999972,True,False,False,2018,-168.90000000000072,False
2018-W40,2018-10-02,1,Tuesday,2018-10-07,6,Sunday,133.49999999999972,True,False,False,2018,-86.3999999999998,False
2018-W41,2018-10-11,3,Thursday,2018-10-08,0,Monday,178.2000000000017,False,True,False,2018,88.59999999999869,True
2018-W42,2018-10-15,0,Monday,2018-10-18,3,Thursday,187.9999999999993,True,False,False,2018,-114.19999999999986,False
2018-W43,2018-10-22,0,Monday,2018-10-25,3,Thursday,157.6999999999984,True,False,False,2018,-91.20000000000017,False
2018-W44,2018-11-01,3,Thursday,2018-10-30,1,Tuesday,153.90000000000015,False,True,False,2018,34.30000000000044,True
2018-W45,2018-11-06,1,Tuesday,2018-11-11,6,Sunday,284.2000000000011,True,False,False,2018,-188.80000000000007,False
2018-W46,2018-11-18,6,Sunday,2018-11-12,0,Monday,248.3000000000013,False,True,False,2018,234.40000000000128,True
2018-W47,2018-11-19,0,Monday,2018-11-25,6,Sunday,147.5000000000004,True,False,False,2018,-125.59999999999904,False
2018-W48,2018-11-28,2,Wednesday,2018-11-27,1,Tuesday,134.39999999999895,False,True,False,2018,25.600000000001177,True
2018-W49,2018-12-09,6,Sunday,2018-12-04,1,Tuesday,131.99999999999878,False,True,False,2018,3.1999999999987594,True
2018-W50,2018-12-10,0,Monday,2018-12-13,3,Thursday,130.30000000000098,True,False,False,2018,-7.300000000001194,False
2018-W51,2018-12-19,2,Wednesday,2018-12-17,0,Monday,149.3000000000011,False,True,False,2018,51.399999999999224,True
2018-W52,2018-12-27,3,Thursday,2018-12-25,1,Tuesday,129.90000000000057,False,True,False,2018,66.79999999999797,True
2019-W01,2019-01-01,1,Tuesday,2019-01-02,2,Wednesday,187.50000000000045,True,False,False,2019,14.199999999999768,True
2019-W02,2019-01-09,2,Wednesday,2019-01-07,0,Monday,147.5000000000004,False,True,False,2019,-6.099999999999994,False
2019-W03,2019-01-14,0,Monday,2019-01-17,3,Thursday,136.39999999999876,True,False,False,2019,-102.10000000000052,False
2019-W04,2019-01-27,6,Sunday,2019-01-23,2,Wednesday,154.4000000000012,False,True,False,2019,61.299999999999685,True
2019-W05,2019-01-30,2,Wednesday,2019-01-29,1,Tuesday,107.90000000000077,False,True,False,2019,9.599999999998499,True
2019-W06,2019-02-04,0,Monday,2019-02-10,6,Sunday,173.20000000000002,True,False,False,2019,-159.8999999999995,False
2019-W07,2019-02-12,1,Tuesday,2019-02-14,3,Thursday,107.39999999999972,True,False,False,2019,32.90000000000015,True
2019-W08,2019-02-19,1,Tuesday,2019-02-18,0,Monday,95.60000000000014,False,True,False,2019,48.90000000000061,True
2019-W09,2019-02-27,2,Wednesday,2019-03-03,6,Sunday,110.69999999999914,True,False,False,2019,-17.599999999999838,False
2019-W10,2019-03-04,0,Monday,2019-03-06,2,Wednesday,164.4000000000001,True,False,False,2019,-90.59999999999846,False
2019-W11,2019-03-17,6,Sunday,2019-03-11,0,Monday,111.70000000000124,False,True,False,2019,86.49999999999824,True
2019-W12,2019-03-19,1,Tuesday,2019-03-21,3,Thursday,174.7999999999994,True,False,False,2019,-22.400000000000198,False
2019-W13,2019-03-25,0,Monday,2019-03-31,6,Sunday,121.99999999999989,True,False,False,2019,-100.79999999999868,False
2019-W14,2019-04-07,6,Sunday,2019-04-01,0,Monday,90.79999999999977,False,True,False,2019,49.600000000000755,True
2019-W15,2019-04-11,3,Thursday,2019-04-09,1,Tuesday,94.49999999999959,False,True,False,2019,42.60000000000153,True
2019-W16,2019-04-16,1,Tuesday,2019-04-17,2,Wednesday,97.59999999999991,True,False,False,2019,-46.39999999999978,False
2019-W17,2019-04-22,0,Monday,2019-04-25,3,Thursday,150.09999999999968,True,False,False,2019,-71.39999999999924,False
2019-W18,2019-04-30,1,Tuesday,2019-05-02,3,Thursday,129.70000000000147,True,False,False,2019,12.599999999998168,True
2019-W19,2019-05-12,6,Sunday,2019-05-06,0,Monday,96.89999999999976,False,True,False,2019,23.600000000001398,True
2019-W20,2019-05-13,0,Monday,2019-05-19,6,Sunday,93.30000000000061,True,False,False,2019,-55.600000000000094,False
2019-W21,2019-05-26,6,Sunday,2019-05-22,2,Wednesday,108.09999999999987,False,True,False,2019,25.800000000000267,True
2019-W22,2019-06-02,6,Sunday,2019-05-29,2,Wednesday,145.90000000000103,False,True,False,2019,50.39999999999934,True
2019-W23,2019-06-06,3,Thursday,2019-06-05,2,Wednesday,146.90000000000092,False,True,False,2019,69.90000000000052,True
2019-W24,2019-06-11,1,Tuesday,2019-06-13,3,Thursday,141.0,True,False,False,2019,-93.0999999999993,False
2019-W25,2019-06-23,6,Sunday,2019-06-17,0,Monday,222.59999999999945,False,True,False,2019,180.00000000000017,True
2019-W26,2019-06-24,0,Monday,2019-06-30,6,Sunday,130.89999999999824,True,False,False,2019,-112.80000000000179,False
2019-W27,2019-07-01,0,Monday,2019-07-07,6,Sunday,114.60000000000025,True,False,False,2019,-70.79999999999976,False
2019-W28,2019-07-10,2,Wednesday,2019-07-08,0,Monday,92.40000000000137,False,True,False,2019,43.5999999999992,True
2019-W29,2019-07-18,3,Thursday,2019-07-16,1,Tuesday,82.30000000000182,False,True,False,2019,-47.999999999999154,False
2019-W30,2019-07-22,0,Monday,2019-07-24,2,Wednesday,108.29999999999896,True,False,False,2019,-64.9999999999995,False
2019-W31,2019-08-04,6,Sunday,2019-07-31,2,Wednesday,186.1999999999986,False,True,False,2019,59.00000000000016,True
2019-W32,2019-08-05,0,Monday,2019-08-11,6,Sunday,87.8000000000001,True,False,False,2019,9.700000000001374,True
2019-W33,2019-08-12,0,Monday,2019-08-15,3,Thursday,162.29999999999967,True,False,False,2019,-135.0999999999991,False
2019-W34,2019-08-25,6,Sunday,2019-08-22,3,Thursday,112.30000000000074,False,True,False,2019,23.499999999998522,True
2019-W35,2019-08-26,0,Monday,2019-09-01,6,Sunday,157.8999999999997,True,False,False,2019,-132.2000000000001,False
2019-W36,2019-09-04,2,Wednesday,2019-09-02,0,Monday,158.7000000000005,False,True,False,2019,79.29999999999993,True
2019-W37,2019-09-12,3,Thursday,2019-09-11,2,Wednesday,182.59999999999943,False,True,False,2019,-48.30000000000112,False
2019-W38,2019-09-17,1,Tuesday,2019-09-22,6,Sunday,109.3999999999995,True,False,False,2019,-5.899999999998684,False
2019-W39,2019-09-23,0,Monday,2019-09-29,6,Sunday,139.29999999999998,True,False,False,2019,-93.60000000000035,False
2019-W40,2019-10-06,6,Sunday,2019-09-30,0,Monday,121.39999999999817,False,True,False,2019,71.20000000000016,True
2019-W41,2019-10-10,3,Thursday,2019-10-07,0,Monday,121.70000000000014,False,True,False,2019,54.499999999999545,True
2019-W42,2019-10-20,6,Sunday,2019-10-14,0,Monday,188.09999999999994,False,True,False,2019,123.69999999999992,True
2019-W43,2019-10-23,2,Wednesday,2019-10-24,3,Thursday,89.79999999999988,True,False,False,2019,-49.5000000000001,False
2019-W44,2019-10-30,2,Wednesday,2019-10-28,0,Monday,101.99999999999987,False,True,False,2019,27.800000000000047,True
2019-W45,2019-11-04,0,Monday,2019-11-10,6,Sunday,123.79999999999836,True,False,False,2019,-94.60000000000024,False
2019-W46,2019-11-17,6,Sunday,2019-11-13,2,Wednesday,100.89999999999932,False,True,False,2019,39.5000000000012,True
2019-W47,2019-11-20,2,Wednesday,2019-11-24,6,Sunday,93.40000000000126,True,False,False,2019,-58.50000000000133,False
2019-W48,2019-12-01,6,Sunday,2019-11-28,3,Thursday,109.6000000000008,False,True,False,2019,66.89999999999863,True
2019-W49,2019-12-03,1,Tuesday,2019-12-05,3,Thursday,76.30000000000025,True,False,False,2019,-14.700000000000824,False
2019-W50,2019-12-12,3,Thursday,2019-12-09,0,Monday,136.8999999999998,False,True,False,2019,79.70000000000033,True
2019-W51,2019-12-16,0,Monday,2019-12-19,3,Thursday,108.39999999999961,True,False,False,2019,-53.7999999999994,False
2019-W52,2019-12-29,6,Sunday,2019-12-23,0,Monday,151.69999999999905,False,True,False,2019,108.99999999999909,True
2020-W01,2019-12-30,0,Monday,2020-01-02,3,Thursday,114.19999999999986,True,False,False,2020,-1.7000000000000348,False
2020-W02,2020-01-06,0,Monday,2020-01-09,3,Thursday,112.49999999999983,True,False,False,2020,-62.19999999999892,False
2020-W03,2020-01-15,2,Wednesday,2020-01-19,6,Sunday,96.09999999999897,True,False,False,2020,-39.400000000000546,False
2020-W04,2020-01-20,0,Monday,2020-01-26,6,Sunday,108.30000000000118,True,False,False,2020,-75.00000000000063,False
2020-W05,2020-01-30,3,Thursday,2020-01-28,1,Tuesday,103.10000000000042,False,True,False,2020,40.800000000000836,True
2020-W06,2020-02-03,0,Monday,2020-02-09,6,Sunday,156.49999999999943,True,False,False,2020,-148.50000000000028,False
2020-W07,2020-02-11,1,Tuesday,2020-02-13,3,Thursday,98.39999999999849,True,False,False,2020,-76.00000000000051,False
2020-W08,2020-02-23,6,Sunday,2020-02-19,2,Wednesday,94.19999999999985,False,True,False,2020,17.60000000000206,True
2020-W09,2020-03-01,6,Sunday,2020-02-24,0,Monday,354.49999999999983,False,True,False,2020,281.19999999999925,True
2020-W10,2020-03-08,6,Sunday,2020-03-02,0,Monday,400.100000000001,False,True,False,2020,304.1000000000005,True
2020-W11,2020-03-09,0,Monday,2020-03-11,2,Wednesday,402.8000000000009,True,False,False,2020,-267.60000000000116,False
2020-W12,2020-03-16,0,Monday,2020-03-22,6,Sunday,553.4000000000017,True,False,False,2020,-454.0999999999995,False
2020-W13,2020-03-26,3,Thursday,2020-03-23,0,Monday,423.40000000000043,False,True,False,2020,318.4000000000009,True
2020-W14,2020-03-30,0,Monday,2020-04-05,6,Sunday,286.2000000000009,True,False,False,2020,-250.70000000000147,False
2020-W15,2020-04-12,6,Sunday,2020-04-06,0,Monday,184.3000000000017,False,True,False,2020,120.00000000000011,True
2020-W16,2020-04-14,1,Tuesday,2020-04-16,3,Thursday,178.79999999999896,True,False,False,2020,-50.19999999999803,False
2020-W17,2020-04-21,1,Tuesday,2020-04-23,3,Thursday,158.0999999999988,True,False,False,2020,-32.49999999999975,False
2020-W18,2020-04-30,3,Thursday,2020-04-27,0,Monday,208.99999999999918,False,True,False,2020,77.60000000000211,True
2020-W19,2020-05-04,0,Monday,2020-05-06,2,Wednesday,159.3,True,False,False,2020,-100.19999999999918,False
2020-W20,2020-05-17,6,Sunday,2020-05-13,2,Wednesday,152.2000000000001,False,True,False,2020,109.50000000000016,True
2020-W21,2020-05-20,2,Wednesday,2020-05-24,6,Sunday,137.7000000000006,True,False,False,2020,-20.500000000001073,False
2020-W22,2020-05-31,6,Sunday,2020-05-25,0,Monday,262.09999999999843,False,True,False,2020,240.29999999999995,True
2020-W23,2020-06-04,3,Thursday,2020-06-01,0,Monday,268.5000000000004,False,True,False,2020,158.40000000000077,True
2020-W24,2020-06-09,1,Tuesday,2020-06-11,3,Thursday,209.8999999999984,True,False,False,2020,29.200000000000337,True
2020-W25,2020-06-15,0,Monday,2020-06-18,3,Thursday,185.20000000000093,True,False,False,2020,-63.10000000000038,False
2020-W26,2020-06-22,0,Monday,2020-06-24,2,Wednesday,158.3000000000001,True,False,False,2020,-18.699999999998163,False
2020-W27,2020-07-05,6,Sunday,2020-06-30,1,Tuesday,160.60000000000184,False,True,False,2020,67.69999999999942,True
2020-W28,2020-07-12,6,Sunday,2020-07-09,3,Thursday,120.10000000000076,False,True,False,2020,34.79999999999927,True
2020-W29,2020-07-19,6,Sunday,2020-07-13,0,Monday,142.60000000000161,False,True,False,2020,104.1000000000003,True
2020-W30,2020-07-26,6,Sunday,2020-07-20,0,Monday,358.4999999999994,False,True,False,2020,303.80000000000075,True
2020-W31,2020-07-30,3,Thursday,2020-08-02,6,Sunday,212.8000000000019,True,False,False,2020,10.499999999999954,True
2020-W32,2020-08-05,2,Wednesday,2020-08-03,0,Monday,194.90000000000006,False,True,False,2020,-26.200000000000667,False
2020-W33,2020-08-16,6,Sunday,2020-08-11,1,Tuesday,169.9000000000006,False,True,False,2020,132.49999999999983,True
2020-W34,2020-08-17,0,Monday,2020-08-20,3,Thursday,211.50000000000003,True,False,False,2020,-82.49999999999869,False
2020-W35,2020-08-30,6,Sunday,2020-08-26,2,Wednesday,203.7,False,True,False,2020,149.00000000000136,True
2020-W36,2020-08-31,0,Monday,2020-09-03,3,Thursday,230.3999999999995,True,False,False,2020,-122.50000000000094,False
2020-W37,2020-09-09,2,Wednesday,2020-09-08,1,Tuesday,164.8000000000005,False,True,False,2020,51.000000000001044,True
2020-W38,2020-09-14,0,Monday,2020-09-20,6,Sunday,168.80000000000007,True,False,False,2020,-94.09999999999918,False
2020-W39,2020-09-21,0,Monday,2020-09-24,3,Thursday,161.39999999999822,True,False,False,2020,-105.69999999999968,False
2020-W40,2020-10-04,6,Sunday,2020-09-28,0,Monday,136.10000000000122,False,True,False,2020,117.49999999999928,True
2020-W41,2020-10-08,3,Thursday,2020-10-06,1,Tuesday,106.10000000000008,False,True,False,2020,29.50000000000008,True
2020-W42,2020-10-12,0,Monday,2020-10-14,2,Wednesday,127.1,True,False,False,2020,-42.50000000000087,False
2020-W43,2020-10-20,1,Tuesday,2020-10-19,0,Monday,120.89999999999934,False,True,False,2020,39.59999999999964,True
2020-W44,2020-10-26,0,Monday,2020-11-01,6,Sunday,216.60000000000014,True,False,False,2020,-167.60000000000107,False
2020-W45,2020-11-08,6,Sunday,2020-11-03,1,Tuesday,317.30000000000035,False,True,False,2020,172.30000000000078,True
2020-W46,2020-11-15,6,Sunday,2020-11-10,1,Tuesday,123.50000000000082,False,True,False,2020,39.199999999999235,True
2020-W47,2020-11-22,6,Sunday,2020-11-22,6,Sunday,106.30000000000139,False,False,True,2020,-10.999999999998789,False
2020-W48,2020-11-29,6,Sunday,2020-11-23,0,Monday,137.8999999999997,False,True,False,2020,128.09999999999988,True
2020-W49,2020-12-03,3,Thursday,2020-11-30,0,Monday,242.0,False,True,False,2020,171.90000000000038,True
2020-W50,2020-12-13,6,Sunday,2020-12-08,1,Tuesday,118.00000000000033,False,True,False,2020,34.10000000000135,True
2020-W51,2020-12-16,2,Wednesday,2020-12-14,0,Monday,151.60000000000062,False,True,False,2020,100.00000000000009,True
2020-W52,2020-12-21,0,Monday,2020-12-21,0,Monday,104.99999999999955,False,False,True,2020,-27.200000000000557,False
2020-W53,2020-12-29,1,Tuesday,2020-12-28,0,Monday,102.79999999999845,False,True,False,2020,31.30000000000077,True
2021-W01,2021-01-05,1,Tuesday,2021-01-10,6,Sunday,217.30000000000027,True,False,False,2021,-96.70000000000067,False
2021-W02,2021-01-12,1,Tuesday,2021-01-17,6,Sunday,169.20000000000047,True,False,False,2021,-74.80000000000153,False
2021-W03,2021-01-21,3,Thursday,2021-01-18,0,Monday,115.49999999999949,False,True,False,2021,61.49999999999878,True
2021-W04,2021-01-25,0,Monday,2021-01-31,6,Sunday,119.80000000000102,True,False,False,2021,-76.89999999999975,False
2021-W05,2021-02-01,0,Monday,2021-02-04,3,Thursday,135.49999999999952,True,False,False,2021,-11.200000000000099,False
2021-W06,2021-02-10,2,Wednesday,2021-02-08,0,Monday,102.4999999999987,False,True,False,2021,79.49999999999902,True
2021-W07,2021-02-15,0,Monday,2021-02-16,1,Tuesday,146.1000000000001,True,False,False,2021,28.200000000000447,True
2021-W08,2021-02-24,2,Wednesday,2021-02-28,6,Sunday,215.69999999999868,True,False,False,2021,-106.30000000000139,False
2021-W09,2021-03-02,1,Tuesday,2021-03-07,6,Sunday,268.99999999999926,True,False,False,2021,-202.79999999999853,False
2021-W10,2021-03-10,2,Wednesday,2021-03-08,0,Monday,154.39999999999898,False,True,False,2021,81.49999999999879,True
2021-W11,2021-03-17,2,Wednesday,2021-03-18,3,Thursday,114.99999999999844,True,False,False,2021,7.0000000000014495,True
2021-W12,2021-03-22,0,Monday,2021-03-28,6,Sunday,180.0999999999986,True,False,False,2021,-170.60000000000076,False
2021-W13,2021-04-04,6,Sunday,2021-03-30,1,Tuesday,115.39999999999884,False,True,False,2021,48.50000000000021,True
2021-W14,2021-04-07,2,Wednesday,2021-04-05,0,Monday,132.29999999999853,False,True,False,2021,97.40000000000082,True
2021-W15,2021-04-18,6,Sunday,2021-04-12,0,Monday,170.40000000000165,False,True,False,2021,126.9000000000009,True
2021-W16,2021-04-25,6,Sunday,2021-04-21,2,Wednesday,123.10000000000043,False,True,False,2021,47.50000000000032,True
2021-W17,2021-04-28,2,Wednesday,2021-05-02,6,Sunday,136.79999999999916,True,False,False,2021,-22.699999999999942,False
2021-W18,2021-05-09,6,Sunday,2021-05-04,1,Tuesday,192.2999999999986,False,True,False,2021,65.50000000000055,True
2021-W19,2021-05-10,0,Monday,2021-05-12,2,Wednesday,130.09999999999965,True,False,False,2021,23.200000000000998,True
2021-W20,2021-05-18,1,Tuesday,2021-05-17,0,Monday,96.19999999999962,False,True,False,2021,63.69999999999987,True
2021-W21,2021-05-24,0,Monday,2021-05-27,3,Thursday,133.90000000000012,True,False,False,2021,-15.799999999999148,False
2021-W22,2021-05-31,0,Monday,2021-06-03,3,Thursday,150.29999999999876,True,False,False,2021,-43.199999999998795,False
2021-W23,2021-06-08,1,Tuesday,2021-06-10,3,Thursday,125.39999999999995,True,False,False,2021,-69.6999999999992,False
2021-W24,2021-06-14,0,Monday,2021-06-17,3,Thursday,300.10000000000093,True,False,False,2021,-202.10000000000062,False
2021-W25,2021-06-24,3,Thursday,2021-06-21,0,Monday,94.3000000000005,False,True,False,2021,6.299999999999084,True
2021-W26,2021-06-28,0,Monday,2021-07-01,3,Thursday,122.49999999999872,True,False,False,2021,-58.900000000001725,False
2021-W27,2021-07-05,0,Monday,2021-07-06,1,Tuesday,113.60000000000036,True,False,False,2021,-2.4000000000001798,False
2021-W28,2021-07-12,0,Monday,2021-07-18,6,Sunday,111.49999999999993,True,False,False,2021,-62.699999999999974,False
2021-W29,2021-07-21,2,Wednesday,2021-07-20,1,Tuesday,78.600000000002,False,True,False,2021,4.700000000001925,True
2021-W30,2021-07-29,3,Thursday,2021-07-26,0,Monday,138.7000000000005,False,True,False,2021,64.80000000000041,True
2021-W31,2021-08-03,1,Tuesday,2021-08-08,6,Sunday,164.79999999999828,True,False,False,2021,-131.20000000000022,False
2021-W32,2021-08-12,3,Thursday,2021-08-10,1,Tuesday,98.5999999999998,False,True,False,2021,40.500000000001094,True
2021-W33,2021-08-16,0,Monday,2021-08-19,3,Thursday,120.8000000000009,True,False,False,2021,-32.399999999999096,False
2021-W34,2021-08-29,6,Sunday,2021-08-24,1,Tuesday,83.69999999999989,False,True,False,2021,52.49999999999977,True
2021-W35,2021-09-02,3,Thursday,2021-08-31,1,Tuesday,115.5000000000017,False,True,False,2021,72.00000000000095,True
2021-W36,2021-09-06,0,Monday,2021-09-12,6,Sunday,115.09999999999908,True,False,False,2021,-57.89999999999962,False
2021-W37,2021-09-13,0,Monday,2021-09-19,6,Sunday,145.6999999999997,True,False,False,2021,-84.29999999999937,False
2021-W38,2021-09-21,1,Tuesday,2021-09-22,2,Wednesday,72.10000000000161,True,False,False,2021,-30.300000000000882,False
2021-W39,2021-09-27,0,Monday,2021-09-29,2,Wednesday,140.70000000000027,True,False,False,2021,-75.49999999999946,False
2021-W40,2021-10-04,0,Monday,2021-10-05,1,Tuesday,92.6999999999989,True,False,False,2021,-67.50000000000034,False
2021-W41,2021-10-13,2,Wednesday,2021-10-11,0,Monday,100.00000000000009,False,True,False,2021,58.10000000000093,True
2021-W42,2021-10-18,0,Monday,2021-10-24,6,Sunday,78.59999999999978,True,False,False,2021,-1.1999999999989797,False
2021-W43,2021-10-27,2,Wednesday,2021-10-28,3,Thursday,157.10000000000113,True,False,False,2021,-4.60000000000127,False
2021-W44,2021-11-03,2,Wednesday,2021-11-04,3,Thursday,103.20000000000107,True,False,False,2021,-20.000000000000018,False
2021-W45,2021-11-08,0,Monday,2021-11-14,6,Sunday,252.49999999999994,True,False,False,2021,-216.60000000000014,False
2021-W46,2021-11-15,0,Monday,2021-11-21,6,Sunday,155.00000000000068,True,False,False,2021,-130.90000000000046,False
2021-W47,2021-11-25,3,Thursday,2021-11-23,1,Tuesday,144.20000000000098,False,True,False,2021,53.200000000002134,True
2021-W48,2021-11-29,0,Monday,2021-11-29,0,Monday,147.89999999999858,False,False,True,2021,-5.5000000000005045,False
2021-W49,2021-12-07,1,Tuesday,2021-12-06,0,Monday,127.20000000000064,False,True,False,2021,2.500000000000835,True
2021-W50,2021-12-15,2,Wednesday,2021-12-14,1,Tuesday,138.80000000000115,False,True,False,2021,-5.5000000000005045,False
2021-W51,2021-12-23,3,Thursday,2021-12-20,0,Monday,82.60000000000156,False,True,False,2021,51.29999999999857,True
2021-W52,2021-12-30,3,Thursday,2021-12-28,1,Tuesday,112.60000000000048,False,True,False,2021,-28.999999999999027,False
2022-W01,2022-01-06,3,Thursday,2022-01-03,0,Monday,92.60000000000046,False,True,False,2022,26.999999999999247,True
2022-W02,2022-01-13,3,Thursday,2022-01-10,0,Monday,169.6999999999993,False,True,False,2022,81.30000000000193,True
2022-W03,2022-01-17,0,Monday,2022-01-23,6,Sunday,130.9999999999989,True,False,False,2022,-80.70000000000022,False
2022-W04,2022-01-24,0,Monday,2022-01-27,3,Thursday,207.5999999999989,True,False,False,2022,-90.10000000000184,False
2022-W05,2022-02-03,3,Thursday,2022-01-31,0,Monday,262.7999999999986,False,True,False,2022,210.2000000000004,True
2022-W06,2022-02-09,2,Wednesday,2022-02-13,6,Sunday,214.9000000000001,True,False,False,2022,-136.3000000000003,False
2022-W07,2022-02-15,1,Tuesday,2022-02-14,0,Monday,97.59999999999991,False,True,False,2022,3.4999999999985043,True
2022-W08,2022-02-21,0,Monday,2022-02-23,2,Wednesday,260.5000000000013,True,False,False,2022,-89.30000000000105,False
2022-W09,2022-02-28,0,Monday,2022-03-06,6,Sunday,426.9999999999996,True,False,False,2022,-365.8000000000006,False
2022-W10,2022-03-09,2,Wednesday,2022-03-07,0,Monday,272.30000000000086,False,True,False,2022,92.4999999999998,True
2022-W11,2022-03-16,2,Wednesday,2022-03-14,0,Monday,211.50000000000003,False,True,False,2022,74.80000000000153,True
2022-W12,2022-03-21,0,Monday,2022-03-27,6,Sunday,101.10000000000063,True,False,False,2022,-34.600000000000186,False
2022-W13,2022-03-30,2,Wednesday,2022-04-03,6,Sunday,224.49999999999858,True,False,False,2022,-14.199999999999768,False
2022-W14,2022-04-04,0,Monday,2022-04-07,3,Thursday,152.2000000000001,True,False,False,2022,-85.9999999999994,False
2022-W15,2022-04-13,2,Wednesday,2022-04-13,2,Wednesday,165.80000000000038,False,False,True,2022,-102.4999999999987,False
2022-W16,2022-04-20,2,Wednesday,2022-04-24,6,Sunday,239.59999999999982,True,False,False,2022,-69.50000000000011,False
2022-W17,2022-04-25,0,Monday,2022-04-27,2,Wednesday,267.60000000000116,True,False,False,2022,-205.49999999999847,False
2022-W18,2022-05-04,2,Wednesday,2022-05-05,3,Thursday,159.1000000000009,True,False,False,2022,53.29999999999835,True
2022-W19,2022-05-09,0,Monday,2022-05-12,3,Thursday,235.59999999999803,True,False,False,2022,-127.7000000000017,False
2022-W20,2022-05-22,6,Sunday,2022-05-16,0,Monday,268.90000000000083,False,True,False,2022,257.7000000000007,True
2022-W21,2022-05-29,6,Sunday,2022-05-24,1,Tuesday,144.59999999999917,False,True,False,2022,88.19999999999828,True
2022-W22,2022-05-30,0,Monday,2022-05-31,1,Tuesday,151.90000000000038,True,False,False,2022,-80.4999999999989,False
2022-W23,2022-06-08,2,Wednesday,2022-06-12,6,Sunday,374.09999999999945,True,False,False,2022,-289.5999999999988,False
2022-W24,2022-06-15,2,Wednesday,2022-06-14,1,Tuesday,242.4000000000004,False,True,False,2022,101.59999999999947,True
2022-W25,2022-06-26,6,Sunday,2022-06-21,1,Tuesday,146.30000000000143,False,True,False,2022,73.49999999999967,True
2022-W26,2022-06-27,0,Monday,2022-06-30,3,Thursday,240.29999999999995,True,False,False,2022,-161.99999999999991,False
2022-W27,2022-07-04,0,Monday,2022-07-10,6,Sunday,414.90000000000026,True,False,False,2022,-382.2000000000014,False
2022-W28,2022-07-17,6,Sunday,2022-07-13,2,Wednesday,249.00000000000034,False,True,False,2022,103.50000000000081,True
2022-W29,2022-07-20,2,Wednesday,2022-07-18,0,Monday,158.59999999999985,False,True,False,2022,76.40000000000092,True
2022-W30,2022-07-31,6,Sunday,2022-07-26,1,Tuesday,178.4999999999992,False,True,False,2022,41.80000000000072,True
2022-W31,2022-08-01,0,Monday,2022-08-02,1,Tuesday,171.3000000000009,True,False,False,2022,-66.10000000000005,False
2022-W32,2022-08-09,1,Tuesday,2022-08-14,6,Sunday,214.1000000000015,True,False,False,2022,-35.400000000000986,False
2022-W33,2022-08-16,1,Tuesday,2022-08-21,6,Sunday,276.89999999999884,True,False,False,2022,-216.49999999999946,False
2022-W34,2022-08-25,3,Thursday,2022-08-22,0,Monday,189.59999999999977,False,True,False,2022,53.10000000000037,True
2022-W35,2022-08-30,1,Tuesday,2022-09-04,6,Sunday,201.79999999999976,True,False,False,2022,-65.8000000000003,False
2022-W36,2022-09-11,6,Sunday,2022-09-05,0,Monday,333.9000000000003,False,True,False,2022,196.89999999999986,True
2022-W37,2022-09-12,0,Monday,2022-09-15,3,Thursday,242.19999999999908,True,False,False,2022,-100.00000000000009,False
2022-W38,2022-09-19,0,Monday,2022-09-25,6,Sunday,500.0999999999989,True,False,False,2022,-413.09999999999957,False
2022-W39,2022-09-29,3,Thursday,2022-09-27,1,Tuesday,317.9999999999994,False,True,False,2022,217.10000000000008,True
2022-W40,2022-10-03,0,Monday,2022-10-09,6,Sunday,318.0000000000005,True,False,False,2022,-122.99999999999977,False
2022-W41,2022-10-16,6,Sunday,2022-10-12,2,Wednesday,220.50000000000014,False,True,False,2022,138.00000000000034,True
2022-W42,2022-10-23,6,Sunday,2022-10-20,3,Thursday,194.19999999999993,False,True,False,2022,35.30000000000033,True
2022-W43,2022-10-26,2,Wednesday,2022-10-24,0,Monday,244.99999999999855,False,True,False,2022,11.800000000000699,True
2022-W44,2022-11-06,6,Sunday,2022-11-02,2,Wednesday,304.1000000000005,False,True,False,2022,135.8999999999988,True
2022-W45,2022-11-10,3,Thursday,2022-11-09,2,Wednesday,428.6000000000001,False,True,False,2022,307.3999999999999,True
2022-W46,2022-11-14,0,Monday,2022-11-20,6,Sunday,258.0999999999989,True,False,False,2022,-87.1999999999984,False
2022-W47,2022-11-27,6,Sunday,2022-11-21,0,Monday,259.20000000000164,False,True,False,2022,100.19999999999918,True
2022-W48,2022-12-04,6,Sunday,2022-11-29,1,Tuesday,304.80000000000064,False,True,False,2022,150.3999999999994,True
2022-W49,2022-12-08,3,Thursday,2022-12-06,1,Tuesday,144.99999999999957,False,True,False,2022,47.50000000000032,True
2022-W50,2022-12-14,2,Wednesday,2022-12-12,0,Monday,208.29999999999905,False,True,False,2022,70.6999999999991,True
2022-W51,2022-12-21,2,Wednesday,2022-12-21,2,Wednesday,86.30000000000138,False,False,True,2022,29.90000000000048,True
2022-W52,2022-12-29,3,Thursday,2022-12-27,1,Tuesday,106.59999999999891,False,True,False,2022,28.599999999998627,True
2023-W01,2023-01-08,6,Sunday,2023-01-05,3,Thursday,278.19999999999953,False,True,False,2023,64.69999999999976,True
2023-W02,2023-01-15,6,Sunday,2023-01-09,0,Monday,162.19999999999902,False,True,False,2023,89.90000000000053,True
2023-W03,2023-01-22,6,Sunday,2023-01-17,1,Tuesday,160.59999999999962,False,True,False,2023,51.699999999998965,True
2023-W04,2023-01-25,2,Wednesday,2023-01-23,0,Monday,94.39999999999893,False,True,False,2023,-22.199999999998887,False
2023-W05,2023-02-01,2,Wednesday,2023-02-05,6,Sunday,323.4999999999988,True,False,False,2023,-123.80000000000058,False
2023-W06,2023-02-08,2,Wednesday,2023-02-12,6,Sunday,135.39999999999884,True,False,False,2023,-4.100000000000215,False
2023-W07,2023-02-13,0,Monday,2023-02-16,3,Thursday,191.79999999999976,True,False,False,2023,-36.599999999999966,False
2023-W08,2023-02-20,0,Monday,2023-02-26,6,Sunday,165.2000000000009,True,False,False,2023,-75.89999999999986,False
2023-W09,2023-03-05,6,Sunday,2023-02-28,1,Tuesday,129.09999999999977,False,True,False,2023,71.99999999999874,True
2023-W10,2023-03-12,6,Sunday,2023-03-07,1,Tuesday,218.1999999999995,False,True,False,2023,49.40000000000167,True
2023-W11,2023-03-14,1,Tuesday,2023-03-14,1,Tuesday,243.90000000000134,False,False,True,2023,-6.800000000000139,False
2023-W12,2023-03-22,2,Wednesday,2023-03-20,0,Monday,225.79999999999822,False,True,False,2023,75.89999999999986,True
2023-W13,2023-03-29,2,Wednesday,2023-04-02,6,Sunday,138.00000000000034,True,False,False,2023,102.30000000000183,True
2023-W14,2023-04-03,0,Monday,2023-04-09,6,Sunday,132.79999999999959,True,False,False,2023,-40.70000000000018,False
2023-W15,2023-04-13,3,Thursday,2023-04-10,0,Monday,217.70000000000067,False,True,False,2023,70.99999999999883,True
2023-W16,2023-04-23,6,Sunday,2023-04-17,0,Monday,126.10000000000011,False,True,False,2023,116.29999999999808,True
2023-W17,2023-04-25,1,Tuesday,2023-04-24,0,Monday,121.69999999999791,False,True,False,2023,-75.30000000000037,False
2023-W18,2023-05-03,2,Wednesday,2023-05-01,0,Monday,149.5000000000002,False,True,False,2023,28.999999999999027,True
2023-W19,2023-05-09,1,Tuesday,2023-05-11,3,Thursday,159.20000000000155,True,False,False,2023,-129.70000000000147,False
2023-W20,2023-05-15,0,Monday,2023-05-18,3,Thursday,144.59999999999917,True,False,False,2023,-61.89999999999918,False
2023-W21,2023-05-22,0,Monday,2023-05-25,3,Thursday,118.59999999999982,True,False,False,2023,-102.59999999999935,False
2023-W22,2023-06-01,3,Thursday,2023-05-30,1,Tuesday,143.4000000000002,False,True,False,2023,4.8000000000003595,True
2023-W23,2023-06-11,6,Sunday,2023-06-05,0,Monday,123.10000000000043,False,True,False,2023,48.09999999999981,True
2023-W24,2023-06-15,3,Thursday,2023-06-12,0,Monday,211.20000000000027,False,True,False,2023,161.7000000000002,True
2023-W25,2023-06-21,2,Wednesday,2023-06-22,3,Thursday,163.8000000000006,True,False,False,2023,-14.799999999999258,False
2023-W26,2023-06-26,0,Monday,2023-06-29,3,Thursday,141.4000000000004,True,False,False,2023,1.100000000000545,True
2023-W27,2023-07-09,6,Sunday,2023-07-05,2,Wednesday,167.6999999999995,False,True,False,2023,88.3999999999996,True
2023-W28,2023-07-16,6,Sunday,2023-07-10,0,Monday,270.3999999999995,False,True,False,2023,244.29999999999953,True
2023-W29,2023-07-17,0,Monday,2023-07-23,6,Sunday,215.39999999999893,True,False,False,2023,-172.29999999999856,False
2023-W30,2023-07-26,2,Wednesday,2023-07-27,3,Thursday,200.40000000000057,True,False,False,2023,-66.29999999999913,False
2023-W31,2023-08-03,3,Thursday,2023-08-02,2,Wednesday,129.69999999999925,False,True,False,2023,5.9000000000009045,True
2023-W32,2023-08-09,2,Wednesday,2023-08-13,6,Sunday,190.30000000000103,True,False,False,2023,-96.89999999999976,False
2023-W33,2023-08-14,0,Monday,2023-08-17,3,Thursday,107.39999999999972,True,False,False,2023,-9.900000000000464,False
2023-W34,2023-08-21,0,Monday,2023-08-24,3,Thursday,164.49999999999852,True,False,False,2023,-76.89999999999975,False
2023-W35,2023-08-29,1,Tuesday,2023-08-31,3,Thursday,173.80000000000172,True,False,False,2023,-24.399999999999977,False
2023-W36,2023-09-04,0,Monday,2023-09-06,2,Wednesday,112.09999999999943,True,False,False,2023,-44.200000000000905,False
2023-W37,2023-09-11,0,Monday,2023-09-13,2,Wednesday,137.40000000000086,True,False,False,2023,-58.400000000000674,False
2023-W38,2023-09-19,1,Tuesday,2023-09-24,6,Sunday,161.49999999999886,True,False,False,2023,-98.8000000000011,False
2023-W39,2023-09-28,3,Thursday,2023-10-01,6,Sunday,140.0000000000001,True,False,False,2023,-115.39999999999884,False
2023-W40,2023-10-05,3,Thursday,2023-10-02,0,Monday,151.60000000000062,False,True,False,2023,89.09999999999974,True
2023-W41,2023-10-11,2,Wednesday,2023-10-12,3,Thursday,144.30000000000166,True,False,False,2023,-6.199999999998429,False
2023-W42,2023-10-22,6,Sunday,2023-10-17,1,Tuesday,154.7999999999994,False,True,False,2023,109.19999999999818,True
2023-W43,2023-10-23,0,Monday,2023-10-25,2,Wednesday,172.09999999999948,True,False,False,2023,-53.49999999999966,False
2023-W44,2023-11-05,6,Sunday,2023-10-31,1,Tuesday,239.49999999999915,False,True,False,2023,101.79999999999856,True
2023-W45,2023-11-08,2,Wednesday,2023-11-09,3,Thursday,69.39999999999947,True,False,False,2023,-19.299999999999873,False
2023-W46,2023-11-19,6,Sunday,2023-11-13,0,Monday,258.8999999999997,False,True,False,2023,241.89999999999935,True
2023-W47,2023-11-20,0,Monday,2023-11-21,1,Tuesday,112.90000000000022,True,False,False,2023,13.700000000000934,True
2023-W48,2023-11-28,1,Tuesday,2023-12-03,6,Sunday,213.0999999999994,True,False,False,2023,-117.19999999999953,False
2023-W49,2023-12-04,0,Monday,2023-12-07,3,Thursday,123.80000000000058,True,False,False,2023,-71.0999999999995,False
2023-W50,2023-12-13,2,Wednesday,2023-12-11,0,Monday,250.5999999999986,False,True,False,2023,158.79999999999893,True
2023-W51,2023-12-21,3,Thursday,2023-12-18,0,Monday,125.2999999999993,False,True,False,2023,86.90000000000086,True
2023-W52,2023-12-27,2,Wednesday,2023-12-25,0,Monday,138.49999999999918,False,True,False,2023,35.199999999999676,True
2024-W01,2024-01-01,0,Monday,2024-01-04,3,Thursday,168.00000000000148,True,False,False,2024,-93.19999999999995,False
2024-W02,2024-01-10,2,Wednesday,2024-01-08,0,Monday,89.70000000000144,False,True,False,2024,-0.10000000000065512,False
2024-W03,2024-01-15,0,Monday,2024-01-16,1,Tuesday,106.50000000000048,True,False,False,2024,-67.50000000000034,False
2024-W04,2024-01-23,1,Tuesday,2024-01-28,6,Sunday,136.4999999999994,True,False,False,2024,-49.300000000001006,False
2024-W05,2024-02-01,3,Thursday,2024-02-04,6,Sunday,174.29999999999833,True,False,False,2024,-88.90000000000065,False
2024-W06,2024-02-11,6,Sunday,2024-02-05,0,Monday,82.99999999999974,False,True,False,2024,28.799999999999937,True
2024-W07,2024-02-12,0,Monday,2024-02-13,1,Tuesday,103.59999999999926,True,False,False,2024,8.299999999998864,True
2024-W08,2024-02-21,2,Wednesday,2024-02-19,0,Monday,126.69999999999959,False,True,False,2024,73.39999999999903,True
2024-W09,2024-03-03,6,Sunday,2024-02-28,2,Wednesday,70.9000000000004,False,True,False,2024,4.500000000000615,True
2024-W10,2024-03-07,3,Thursday,2024-03-04,0,Monday,140.89999999999935,False,True,False,2024,70.9000000000004,True
2024-W11,2024-03-12,1,Tuesday,2024-03-17,6,Sunday,97.69999999999834,True,False,False,2024,-53.49999999999966,False
2024-W12,2024-03-20,2,Wednesday,2024-03-21,3,Thursday,140.89999999999935,True,False,False,2024,-36.099999999998914,False
2024-W13,2024-03-25,0,Monday,2024-03-31,6,Sunday,133.39999999999907,True,False,False,2024,-93.39999999999904,False
2024-W14,2024-04-03,2,Wednesday,2024-04-01,0,Monday,151.90000000000038,False,True,False,2024,115.89999999999989,True
2024-W15,2024-04-08,0,Monday,2024-04-14,6,Sunday,264.8000000000006,True,False,False,2024,-234.59999999999815,False
2024-W16,2024-04-17,2,Wednesday,2024-04-15,0,Monday,88.99999999999908,False,True,False,2024,30.799999999999716,True
2024-W17,2024-04-25,3,Thursday,2024-04-22,0,Monday,114.19999999999986,False,True,False,2024,66.39999999999979,True
2024-W18,2024-05-02,3,Thursday,2024-04-30,1,Tuesday,162.9999999999998,False,True,False,2024,46.99999999999926,True
2024-W19,2024-05-12,6,Sunday,2024-05-08,2,Wednesday,82.90000000000131,False,True,False,2024,22.100000000000453,True
2024-W20,2024-05-15,2,Wednesday,2024-05-13,0,Monday,128.00000000000145,False,True,False,2024,66.8000000000002,True
2024-W21,2024-05-20,0,Monday,2024-05-22,2,Wednesday,69.8999999999983,True,False,False,2024,0.8999999999992347,True
2024-W22,2024-06-02,6,Sunday,2024-05-29,2,Wednesday,116.19999999999963,False,True,False,2024,46.800000000000175,True
2024-W23,2024-06-03,0,Monday,2024-06-09,6,Sunday,183.29999999999959,True,False,False,2024,-139.09999999999866,False
2024-W24,2024-06-11,1,Tuesday,2024-06-13,3,Thursday,184.50000000000077,True,False,False,2024,-30.29999999999866,False
2024-W25,2024-06-17,0,Monday,2024-06-20,3,Thursday,90.50000000000003,True,False,False,2024,-1.7000000000000348,False
2024-W26,2024-06-30,6,Sunday,2024-06-25,1,Tuesday,110.30000000000095,False,True,False,2024,8.60000000000083,True
2024-W27,2024-07-07,6,Sunday,2024-07-01,0,Monday,135.00000000000068,False,True,False,2024,83.69999999999989,True
2024-W28,2024-07-14,6,Sunday,2024-07-08,0,Monday,116.79999999999913,False,True,False,2024,69.79999999999987,True
2024-W29,2024-07-16,1,Tuesday,2024-07-15,0,Monday,76.49999999999935,False,True,False,2024,-2.9999999999996696,False
2024-W30,2024-07-22,0,Monday,2024-07-28,6,Sunday,93.90000000000009,True,False,False,2024,-69.60000000000078,False
2024-W31,2024-08-04,6,Sunday,2024-07-31,2,Wednesday,231.4000000000016,False,True,False,2024,130.20000000000033,True
2024-W32,2024-08-05,0,Monday,2024-08-07,2,Wednesday,81.69999999999789,True,False,False,2024,-18.799999999998818,False
2024-W33,2024-08-18,6,Sunday,2024-08-12,0,Monday,172.60000000000053,False,True,False,2024,154.49999999999963,True
2024-W34,2024-08-25,6,Sunday,2024-08-19,0,Monday,129.60000000000082,False,True,False,2024,76.6,True
2024-W35,2024-08-26,0,Monday,2024-09-01,6,Sunday,148.60000000000096,True,False,False,2024,-91.49999999999991,False
2024-W36,2024-09-05,3,Thursday,2024-09-02,0,Monday,129.3000000000011,False,True,False,2024,-34.79999999999927,False
2024-W37,2024-09-15,6,Sunday,2024-09-10,1,Tuesday,135.49999999999952,False,True,False,2024,99.10000000000085,True
2024-W38,2024-09-17,1,Tuesday,2024-09-18,2,Wednesday,120.8000000000009,True,False,False,2024,-21.100000000000563,False
2024-W39,2024-09-24,1,Tuesday,2024-09-23,0,Monday,110.69999999999914,False,True,False,2024,23.800000000000487,True
2024-W40,2024-09-30,0,Monday,2024-10-03,3,Thursday,192.699999999999,True,False,False,2024,-161.29999999999978,False
2024-W41,2024-10-07,0,Monday,2024-10-13,6,Sunday,108.99999999999909,True,False,False,2024,-64.10000000000026,False
2024-W42,2024-10-14,0,Monday,2024-10-16,2,Wednesday,105.69999999999968,True,False,False,2024,-92.9000000000002,False
2024-W43,2024-10-24,3,Thursday,2024-10-22,1,Tuesday,78.00000000000028,False,True,False,2024,-0.9000000000014552,False
2024-W44,2024-11-03,6,Sunday,2024-10-28,0,Monday,145.8999999999988,False,True,False,2024,62.40000000000023,True
2024-W45,2024-11-05,1,Tuesday,2024-11-10,6,Sunday,308.3000000000014,True,False,False,2024,-222.39999999999816,False
2024-W46,2024-11-11,0,Monday,2024-11-13,2,Wednesday,167.10000000000002,True,False,False,2024,-55.49999999999944,False
2024-W47,2024-11-19,1,Tuesday,2024-11-21,3,Thursday,277.19999999999965,True,False,False,2024,-103.6999999999999,False
2024-W48,2024-11-28,3,Thursday,2024-11-25,0,Monday,172.09999999999948,False,True,False,2024,4.299999999999304,True
2024-W49,2024-12-05,3,Thursday,2024-12-03,1,Tuesday,157.49999999999932,False,True,False,2024,56.49999999999933,True
2024-W50,2024-12-09,0,Monday,2024-12-12,3,Thursday,114.9,True,False,False,2024,-43.50000000000076,False
2024-W51,2024-12-16,0,Monday,2024-12-19,3,Thursday,191.40000000000157,True,False,False,2024,-104.99999999999955,False
2024-W52,2024-12-29,6,Sunday,2024-12-29,6,Sunday,86.60000000000112,False,False,True,2024,2.5999999999992696,True
2025-W01,2025-01-05,6,Sunday,2025-01-01,2,Wednesday,213.00000000000097,False,True,False,2025,-17.399999999998528,False
2025-W02,2025-01-06,0,Monday,2025-01-12,6,Sunday,257.1000000000012,True,False,False,2025,-145.19999999999865,False
2025-W03,2025-01-19,6,Sunday,2025-01-13,0,Monday,197.10000000000116,False,True,False,2025,171.39999999999932,True
2025-W04,2025-01-26,6,Sunday,2025-01-20,0,Monday,190.99999999999895,False,True,False,2025,75.49999999999946,True
2025-W05,2025-01-27,0,Monday,2025-02-02,6,Sunday,282.89999999999924,True,False,False,2025,-148.60000000000096,False
2025-W06,2025-02-04,1,Tuesday,2025-02-03,0,Monday,170.300000000001,False,True,False,2025,-36.099999999998914,False
2025-W07,2025-02-13,3,Thursday,2025-02-10,0,Monday,222.0999999999984,False,True,False,2025,177.89999999999972,True
2025-W08,2025-02-23,6,Sunday,2025-02-18,1,Tuesday,127.3000000000013,False,True,False,2025,-16.399999999998638,False
2025-W09,2025-02-25,1,Tuesday,2025-02-27,3,Thursday,168.99999999999915,True,False,False,2025,18.499999999999073,True
2025-W10,2025-03-06,3,Thursday,2025-03-03,0,Monday,417.6000000000002,False,True,False,2025,349.30000000000126,True
2025-W11,2025-03-10,0,Monday,2025-03-12,2,Wednesday,124.90000000000111,True,False,False,2025,87.09999999999995,True
2025-W12,2025-03-17,0,Monday,2025-03-23,6,Sunday,173.20000000000002,True,False,False,2025,-121.59999999999948,False
2025-W13,2025-03-30,6,Sunday,2025-03-26,2,Wednesday,116.40000000000094,False,True,False,2025,15.700000000000713,True
2025-W14,2025-04-02,2,Wednesday,2025-03-31,0,Monday,367.99999999999943,False,True,False,2025,91.49999999999991,True
2025-W15,2025-04-10,3,Thursday,2025-04-07,0,Monday,585.0,False,True,False,2025,447.89999999999884,True
2025-W16,2025-04-20,6,Sunday,2025-04-14,0,Monday,308.99999999999926,False,True,False,2025,163.30000000000177,True
2025-W17,2025-04-21,0,Monday,2025-04-22,1,Tuesday,239.30000000000007,True,False,False,2025,-94.99999999999842,False
2025-W18,2025-04-28,0,Monday,2025-04-30,2,Wednesday,156.09999999999903,True,False,False,2025,-104.9000000000011,False
2025-W19,2025-05-05,0,Monday,2025-05-11,6,Sunday,315.69999999999874,True,False,False,2025,-228.09999999999997,False
2025-W20,2025-05-18,6,Sunday,2025-05-12,0,Monday,204.59999999999923,False,True,False,2025,156.10000000000124,True
2025-W21,2025-05-25,6,Sunday,2025-05-19,0,Monday,200.70000000000033,False,True,False,2025,146.5000000000005,True
2025-W22,2025-06-01,6,Sunday,2025-05-28,2,Wednesday,239.50000000000136,False,True,False,2025,58.19999999999936,True
2025-W23,2025-06-04,2,Wednesday,2025-06-03,1,Tuesday,138.00000000000034,False,True,False,2025,-20.000000000000018,False
2025-W24,2025-06-11,2,Wednesday,2025-06-09,0,Monday,258.20000000000175,False,True,False,2025,140.60000000000184,True
2025-W25,2025-06-22,6,Sunday,2025-06-18,2,Wednesday,135.3000000000004,False,True,False,2025,15.199999999999658,True
2025-W26,2025-06-29,6,Sunday,2025-06-23,0,Monday,214.09999999999928,False,True,False,2025,212.90000000000032,True
2025-W27,2025-06-30,0,Monday,2025-07-06,6,Sunday,142.9999999999998,True,False,False,2025,-78.79999999999887,False
2025-W28,2025-07-07,0,Monday,2025-07-13,6,Sunday,110.90000000000045,True,False,False,2025,-43.499999999998536,False
2025-W29,2025-07-15,1,Tuesday,2025-07-16,2,Wednesday,164.60000000000142,True,False,False,2025,27.29999999999899,True
2025-W30,2025-07-23,2,Wednesday,2025-07-27,6,Sunday,203.7,True,False,False,2025,-103.19999999999885,False
2025-W31,2025-07-28,0,Monday,2025-07-31,3,Thursday,207.3999999999998,True,False,False,2025,-17.599999999999838,False
2025-W32,2025-08-06,2,Wednesday,2025-08-04,0,Monday,170.89999999999827,False,True,False,2025,45.89999999999872,True
2025-W33,2025-08-12,1,Tuesday,2025-08-11,0,Monday,131.50000000000216,False,True,False,2025,45.69999999999963,True
2025-W34,2025-08-21,3,Thursday,2025-08-21,3,Thursday,159.7000000000004,False,False,True,2025,-43.69999999999985,False
2025-W35,2025-08-31,6,Sunday,2025-08-26,1,Tuesday,162.20000000000124,False,True,False,2025,94.60000000000024,True
2025-W36,2025-09-07,6,Sunday,2025-09-02,1,Tuesday,157.3000000000002,False,True,False,2025,52.30000000000068,True
2025-W37,2025-09-08,0,Monday,2025-09-10,2,Wednesday,121.0,True,False,False,2025,-1.0999999999983245,False
2025-W38,2025-09-16,1,Tuesday,2025-09-21,6,Sunday,192.39999999999924,True,False,False,2025,41.89999999999916,True
2025-W39,2025-09-22,0,Monday,2025-09-24,2,Wednesday,174.50000000000188,True,False,False,2025,-76.6,False
2025-W40,2025-09-30,1,Tuesday,2025-10-05,6,Sunday,126.9000000000009,True,False,False,2025,-14.999999999998348,False
2025-W41,2025-10-06,0,Monday,2025-10-08,2,Wednesday,172.40000000000146,True,False,False,2025,-141.29999999999976,False
2025-W42,2025-10-16,3,Thursday,2025-10-13,0,Monday,185.9999999999995,False,True,False,2025,72.20000000000005,True
2025-W43,2025-10-20,0,Monday,2025-10-21,1,Tuesday,78.30000000000004,True,False,False,2025,3.399999999997849,True
2025-W44,2025-10-27,0,Monday,2025-11-02,6,Sunday,163.5999999999993,True,False,False,2025,-125.19999999999865,False
2025-W45,2025-11-06,3,Thursday,2025-11-04,1,Tuesday,122.29999999999963,False,True,False,2025,37.80000000000116,True
2025-W46,2025-11-12,2,Wednesday,2025-11-10,0,Monday,109.09999999999975,False,True,False,2025,34.899999999999935,True
2025-W47,2025-11-17,0,Monday,2025-11-20,3,Thursday,116.7000000000007,True,False,False,2025,-70.09999999999961,False
2025-W48,2025-11-30,6,Sunday,2025-11-24,0,Monday,140.7999999999987,False,True,False,2025,88.89999999999843,True
2025-W49,2025-12-03,2,Wednesday,2025-12-01,0,Monday,90.90000000000043,False,True,False,2025,27.999999999999137,True
2025-W50,2025-12-14,6,Sunday,2025-12-08,0,Monday,153.90000000000015,False,True,False,2025,115.10000000000132,True
2025-W51,2025-12-15,0,Monday,2025-12-18,3,Thursday,101.89999999999921,True,False,False,2025,9.40000000000163,True
2025-W52,2025-12-23,1,Tuesday,2025-12-28,6,Sunday,58.59999999999977,True,False,False,2025,10.799999999999699,True
