week_key,open,high,low,close,range_pips,weekly_range_pips,weekly_return_pips
2000-W22,0.9302,0.9498,0.9151,0.9483,592.9999999999991,346.99999999999955,181.00000000000006
2000-W23,0.9481,0.9704,0.9456,0.9542,603.0000000000002,248.00000000000045,60.99999999999994
2000-W24,0.954,0.9694,0.9504,0.9569,553.999999999999,190.00000000000017,29.000000000000135
2000-W25,0.957,0.9617,0.9299,0.937,519.9999999999993,318.0000000000005,-199.99999999999906
2000-W26,0.9371,0.9604,0.9367,0.9522,473.0000000000001,237.00000000000054,151.00000000000003
2000-W27,0.9508,0.9598,0.9459,0.9556,344.9999999999998,139.00000000000023,48.00000000000026
2000-W28,0.9555,0.9569,0.9318,0.9372,436.9999999999985,251.0000000000001,-182.99999999999983
2000-W29,0.9371,0.9384,0.9193,0.9339,483.0000000000012,191.00000000000006,-32.00000000000092
2000-W30,0.9338,0.945,0.9224,0.9271,483.99999999999886,225.99999999999955,-66.99999999999929
2000-W31,0.9269,0.9293,0.8997,0.9073,557.0000000000008,295.9999999999996,-195.99999999999952
2000-W32,0.9074,0.9145,0.8965,0.9063,446.00000000000307,180.00000000000017,-10.999999999999899
2000-W33,0.9062,0.9184,0.9013,0.9018,448.0000000000006,171.00000000000003,-43.999999999999595
2000-W34,0.9017,0.9075,0.8912,0.9003,412.9999999999989,162.9999999999998,-13.999999999999568
2000-W35,0.9003,0.904,0.8841,0.8996,512.999999999999,199.00000000000028,-7.000000000000339
2000-W36,0.8984,0.8994,0.8571,0.8576,751.0000000000016,423.00000000000006,-407.9999999999995
2000-W37,0.8574,0.8722,0.8513,0.854,652.0000000000015,209.00000000000028,-34.000000000000696
2000-W38,0.8539,0.895,0.8443,0.8754,794.0000000000014,506.99999999999966,214.99999999999963
2000-W39,0.8755,0.8886,0.8731,0.8774,501.0000000000015,154.99999999999957,19.000000000000128
2000-W40,0.8775,0.8791,0.8672,0.8693,323.99999999999983,119.00000000000021,-81.99999999999986
2000-W41,0.8679,0.8764,0.8462,0.8498,468.0000000000007,302.00000000000006,-181.00000000000006
2000-W42,0.8497,0.8579,0.8327,0.8363,612.0000000000025,252.0,-133.9999999999997
2000-W43,0.8362,0.853,0.8229,0.8409,582.0000000000002,301.00000000000017,46.99999999999926
2000-W44,0.8411,0.877,0.8388,0.8622,749.9999999999984,382.0000000000001,211.00000000000009
2000-W45,0.8621,0.8708,0.8521,0.8572,642.0000000000015,187.0000000000005,-49.000000000000156
2000-W46,0.8573,0.8634,0.8465,0.8512,399.9999999999992,168.99999999999915,-60.99999999999994
2000-W47,0.8511,0.8536,0.8377,0.8526,470.00000000000153,159.00000000000026,15.000000000000568
2000-W48,0.8523,0.8933,0.8506,0.8875,612.999999999998,426.9999999999996,352.0000000000001
2000-W49,0.8876,0.8976,0.8751,0.8775,614.0000000000001,224.99999999999966,-100.99999999999997
2000-W50,0.8773,0.9019,0.8719,0.8953,564.0000000000023,300.0000000000003,180.00000000000017
2000-W51,0.8954,0.926,0.8883,0.923,458.0000000000006,377.0000000000007,276.0000000000007
2000-W52,0.9296,0.9391,0.9249,0.9373,300.0000000000002,141.99999999999991,77.0000000000004
2001-W01,0.947,0.9599,0.9269,0.9472,937.0,330.0000000000003,2.00000000000089
2001-W02,0.9471,0.948,0.9365,0.94,239.00000000000034,114.99999999999955,-71.00000000000107
2001-W04,0.9389,0.9451,0.9117,0.917,601.0000000000005,334.00000000000097,-218.9999999999992
2001-W05,0.9172,0.9447,0.9147,0.9378,507.00000000000193,300.0000000000003,205.99999999999952
2001-W06,0.9379,0.9389,0.9135,0.9315,568.9999999999995,253.99999999999977,-63.999999999999616
2001-W07,0.9314,0.9332,0.9029,0.9217,625.9999999999989,302.99999999999994,-97.00000000000043
2001-W08,0.9215,0.9242,0.9018,0.9102,715.0000000000001,223.99999999999974,-112.99999999999977
2001-W09,0.9103,0.9383,0.9085,0.9287,477.99999999999955,298.0000000000005,183.99999999999972
2001-W10,0.9289,0.9376,0.9254,0.9282,429.0000000000005,121.99999999999989,-6.999999999999229
2001-W11,0.9283,0.9303,0.8915,0.8992,654.0000000000001,388.00000000000057,-291.00000000000017
2001-W12,0.8992,0.9132,0.8833,0.8965,643.0000000000014,299.0000000000004,-27.000000000000355
2001-W13,0.8964,0.8993,0.8745,0.8801,480.99999999999807,247.99999999999932,-162.9999999999998
2001-W14,0.88,0.9091,0.8793,0.8972,662.0000000000003,298.0000000000005,171.99999999999994
2001-W15,0.8971,0.8995,0.8814,0.8889,440.0000000000004,181.00000000000006,-81.99999999999986
2001-W16,0.889,0.9083,0.8719,0.8982,720.9999999999994,363.9999999999999,91.99999999999986
2001-W17,0.8981,0.9058,0.8854,0.8873,519.0000000000006,204.00000000000085,-108.00000000000031
2001-W18,0.8872,0.901,0.8858,0.8909,401.0000000000002,151.99999999999991,37.00000000000037
2001-W19,0.8908,0.8932,0.8728,0.8743,405.9999999999997,203.99999999999974,-165.0000000000007
2001-W20,0.8744,0.8883,0.874,0.8775,422.0000000000001,142.9999999999998,30.999999999999915
2001-W21,0.8774,0.8776,0.8497,0.859,492.0000000000013,279.00000000000034,-183.99999999999972
2001-W22,0.8601,0.8614,0.8434,0.8467,431.0000000000003,180.00000000000017,-133.9999999999997
2001-W23,0.8466,0.857,0.8414,0.8435,490.9999999999992,155.99999999999946,-30.999999999999915
2001-W24,0.8434,0.8676,0.8418,0.8613,468.0000000000007,258.00000000000045,178.99999999999915
2001-W25,0.8612,0.8626,0.8497,0.8598,342.0000000000001,129.00000000000023,-13.999999999999568
2001-W26,0.8597,0.8662,0.8434,0.8471,438.9999999999994,227.99999999999932,-126.00000000000055
2001-W27,0.847,0.8516,0.8353,0.851,397.99999999999835,162.9999999999998,40.000000000000036
2001-W28,0.8509,0.8645,0.8493,0.853,398.0000000000017,151.99999999999991,20.999999999999908
2001-W29,0.8531,0.8787,0.8493,0.869,525.9999999999986,293.99999999999983,159.00000000000026
2001-W30,0.8691,0.8826,0.8691,0.8746,385.9999999999986,135.00000000000068,55.000000000000604
2001-W31,0.8747,0.8875,0.8727,0.882,322.99999999999886,147.99999999999923,72.99999999999973
2001-W32,0.8821,0.901,0.8744,0.8966,407.0000000000018,266.0000000000007,144.99999999999957
2001-W33,0.8967,0.9205,0.8941,0.9147,505.9999999999998,263.9999999999998,179.99999999999906
2001-W34,0.9148,0.9242,0.9078,0.9116,409.00000000000045,163.99999999999972,-31.999999999999808
2001-W35,0.9117,0.92,0.9031,0.9079,456.9999999999985,169.00000000000026,-37.99999999999915
2001-W36,0.9072,0.908,0.8828,0.8984,680.9999999999994,252.0,-88.0000000000003
2001-W37,0.8983,0.9336,0.8958,0.9241,753.9999999999981,377.99999999999943,258.00000000000045
2001-W38,0.9242,0.9328,0.909,0.9171,549.9999999999983,237.99999999999932,-70.99999999999996
2001-W39,0.917,0.9251,0.9065,0.9176,443.00000000000006,186.0000000000006,5.999999999999339
2001-W40,0.9177,0.9244,0.9126,0.9213,261.00000000000125,118.00000000000033,36.000000000000476
2001-W41,0.9214,0.9228,0.9067,0.9091,249.00000000000142,161.00000000000003,-122.99999999999977
2001-W42,0.909,0.9114,0.8897,0.8923,308.99999999999926,216.9999999999994,-167.00000000000048
2001-W43,0.8924,0.9054,0.8872,0.9053,243.99999999999977,181.99999999999994,129.00000000000023
2001-W44,0.9052,0.9104,0.8947,0.8983,233.99999999999866,156.99999999999937,-69.00000000000017
2001-W45,0.8983,0.905,0.8916,0.8948,281.0000000000001,134.0000000000008,-34.999999999999474
2001-W46,0.8938,0.8938,0.8769,0.879,316.9999999999995,169.00000000000026,-148.00000000000034
2001-W47,0.8791,0.8846,0.8757,0.8805,211.00000000000009,89.00000000000018,13.999999999999568
2001-W48,0.8806,0.897,0.8771,0.8917,226.00000000000063,199.00000000000028,110.99999999999999
2001-W49,0.8916,0.9097,0.8845,0.891,377.99999999999943,252.0,-5.999999999999339
2001-W50,0.891,0.915,0.8886,0.9024,323.0000000000011,264.0000000000009,113.99999999999966
2001-W51,0.9025,0.9125,0.8745,0.8774,422.9999999999989,379.9999999999992,-251.0000000000001
2001-W52,0.8799,0.9011,0.8772,0.8911,331.00000000000017,239.0000000000003,111.99999999999987
2002-W01,0.8913,0.9141,0.8886,0.8938,444.00000000000216,255.0000000000008,25.000000000000576
2002-W02,0.8938,0.9042,0.8866,0.8948,367.99999999999835,175.9999999999995,10.000000000000009
2002-W03,0.8948,0.8949,0.8807,0.8839,325.00000000000085,141.99999999999991,-109.00000000000021
2002-W04,0.8839,0.8892,0.8577,0.8626,353.0,314.9999999999997,-212.99999999999986
2002-W05,0.8626,0.8718,0.8602,0.8706,386.0000000000008,116.00000000000054,80.00000000000007
2002-W06,0.8706,0.8728,0.8635,0.8669,166.0000000000006,92.99999999999974,-37.00000000000037
2002-W08,0.8708,0.8785,0.8667,0.8691,414.99999999999983,117.99999999999922,-17.000000000000348
2002-W09,0.869,0.8725,0.8618,0.8697,262.0,107.00000000000043,7.000000000000339
2002-W10,0.8697,0.878,0.8652,0.8755,212.00000000000108,128.00000000000034,57.99999999999916
2002-W11,0.8755,0.8831,0.8707,0.8829,186.9999999999983,123.99999999999966,74.00000000000074
2002-W12,0.883,0.8862,0.8756,0.8776,164.99999999999847,105.99999999999943,-53.9999999999996
2002-W13,0.8775,0.8823,0.8714,0.8808,243.000000000001,109.00000000000021,33.00000000000081
2002-W14,0.8809,0.8832,0.8738,0.8749,167.00000000000048,93.99999999999964,-60.00000000000006
2002-W15,0.8748,0.8827,0.8738,0.8796,158.00000000000037,89.00000000000018,48.00000000000026
2002-W16,0.8804,0.8916,0.8792,0.8895,256.99999999999835,123.99999999999966,90.99999999999997
2002-W17,0.8895,0.9046,0.8863,0.9039,144.99999999999957,182.99999999999983,144.0000000000008
2002-W18,0.9038,0.9187,0.8994,0.9183,201.99999999999883,192.99999999999983,144.99999999999957
2002-W19,0.9186,0.9191,0.904,0.9116,282.9999999999988,151.00000000000003,-70.00000000000006
2002-W20,0.9116,0.9231,0.8998,0.9211,305.9999999999985,232.9999999999999,95.00000000000064
2002-W21,0.9211,0.9279,0.9164,0.92,208.00000000000043,114.99999999999955,-10.999999999999899
2002-W22,0.92,0.9414,0.92,0.941,333.0000000000011,213.99999999999974,209.9999999999991
2002-W23,0.942,0.9486,0.9353,0.9446,235.99999999999955,132.99999999999977,26.00000000000047
2002-W24,0.9446,0.9508,0.9407,0.9443,247.99999999999935,100.99999999999997,-2.9999999999996696
2002-W25,0.9448,0.9818,0.9438,0.9705,311.00000000000017,380.00000000000034,257.00000000000057
2002-W26,0.9707,0.9975,0.9663,0.9913,439.0000000000016,312.00000000000006,205.99999999999952
2002-W27,0.992,0.992,0.9745,0.9905,446.0000000000008,174.9999999999996,-14.999999999999458
2002-W28,0.9914,1.0091,0.986,1.0038,392.0000000000001,231.0000000000012,124.00000000000078
2002-W29,1.0035,1.0204,1.0028,1.0089,494.99999999999875,176.0000000000006,53.999999999998494
2002-W30,1.0086,1.0091,0.9773,0.9811,542.0000000000014,318.0000000000016,-274.9999999999997
2002-W31,0.9811,0.992,0.9727,0.9802,499.0000000000005,192.99999999999983,-9.000000000000119
2002-W32,0.9801,0.981,0.9624,0.9793,629.9999999999994,185.9999999999995,-8.00000000000023
2002-W33,0.9794,0.9895,0.9749,0.9765,502.0000000000002,146.00000000000057,-29.000000000000135
2002-W34,0.9763,0.985,0.9666,0.9721,430.0000000000004,183.99999999999972,-41.999999999999815
2002-W35,0.9719,0.9888,0.9707,0.9843,398.00000000000057,181.00000000000006,123.99999999999966
2002-W36,0.9845,0.9992,0.9781,0.9797,511.0000000000004,211.00000000000009,-48.00000000000026
2002-W37,0.9799,0.9841,0.9665,0.9696,466.9999999999985,175.9999999999995,-102.99999999999976
2002-W38,0.969,0.9881,0.9609,0.9783,558.9999999999995,272.0,92.99999999999974
2002-W39,0.9782,0.99,0.9732,0.9877,407.0000000000018,168.00000000000037,95.00000000000064
2002-W40,0.9875,0.991,0.978,0.9834,339.0000000000004,130.0000000000001,-40.99999999999993
2002-W41,0.983,0.993,0.9766,0.9871,373.9999999999999,163.99999999999972,40.99999999999993
2002-W42,0.9874,0.9888,0.9689,0.9737,366.0000000000019,199.00000000000028,-137.00000000000045
2002-W43,0.9736,0.985,0.9722,0.9848,343.0000000000011,128.00000000000034,111.99999999999987
2002-W44,0.9845,1.0008,0.9811,0.9981,329.99999999999807,196.9999999999994,135.99999999999946
2002-W45,0.9982,1.0173,0.9943,1.0108,433.99999999999886,230.0000000000013,125.99999999999945
2002-W46,1.0108,1.014,1.0016,1.0093,365.000000000002,123.99999999999966,-14.999999999998348
2002-W47,1.0093,1.0144,0.9895,0.9922,405.9999999999997,248.99999999999923,-171.00000000000114
2002-W48,0.9924,0.9983,0.9863,0.9975,325.99999999999966,120.00000000000011,51.000000000001044
2002-W49,0.997,1.0129,0.9954,1.0104,344.99999999999864,174.9999999999996,133.9999999999997
2002-W50,1.011,1.0262,1.0063,1.023,373.99999999999653,199.00000000000028,120.00000000000011
2002-W51,1.0227,1.0337,1.021,1.0264,402.0000000000001,127.00000000000156,37.00000000000037
2002-W52,1.0266,1.0493,1.0256,1.049,282.0,236.99999999999832,223.99999999999974
2003-W01,1.0489,1.0504,1.0338,1.0465,385.99999999999966,165.9999999999995,-23.999999999999577
2003-W02,1.0467,1.0588,1.0364,1.0542,491.9999999999991,223.99999999999974,75.00000000000063
2003-W03,1.054,1.0691,1.0506,1.0678,356.9999999999984,184.9999999999996,138.00000000000034
2003-W04,1.0683,1.091,1.0635,1.0852,460.0000000000004,275.0000000000008,168.99999999999915
2003-W05,1.0851,1.0902,1.0694,1.0789,487.99999999999955,208.0000000000015,-61.99999999999983
2003-W06,1.0787,1.0939,1.0728,1.0732,645.0000000000023,211.0000000000012,-55.000000000000604
2003-W07,1.0721,1.086,1.0666,1.0733,506.99999999999966,194.00000000000085,11.999999999998678
2003-W08,1.0725,1.0849,1.0666,1.0801,464.9999999999999,182.99999999999983,76.00000000000051
2003-W09,1.08,1.0903,1.0732,1.0896,464.9999999999999,171.00000000000114,95.99999999999831
2003-W10,1.0897,1.107,1.088,1.1061,408.9999999999994,189.99999999999906,164.00000000000193
2003-W11,1.106,1.1086,1.0591,1.0624,762.0000000000027,495.000000000001,-436.00000000000085
2003-W12,1.0627,1.0678,1.0505,1.0641,583.0000000000024,173.00000000000094,14.000000000000679
2003-W13,1.0642,1.0935,1.0624,1.0918,518.9999999999984,310.99999999999903,276.0000000000007
2003-W14,1.0913,1.0962,1.0563,1.0698,599.0000000000007,399.00000000000045,-214.99999999999852
2003-W15,1.0702,1.0832,1.0644,1.0772,449.9999999999948,187.9999999999993,69.99999999999895
2003-W16,1.0774,1.0979,1.0738,1.0872,440.0000000000026,241.0000000000001,98.00000000000031
2003-W17,1.0873,1.108,1.0851,1.0988,510.9999999999992,229.00000000000142,115.00000000000065
2003-W18,1.0989,1.1307,1.0937,1.1292,588.0000000000018,370.0000000000014,302.99999999999994
2003-W19,1.1294,1.1626,1.1278,1.1561,686.9999999999999,348.00000000000165,266.99999999999943
2003-W20,1.1558,1.1741,1.1373,1.1652,634.9999999999967,367.99999999999943,94.00000000000075
2003-W21,1.1658,1.1853,1.1608,1.1848,531.0000000000015,244.99999999999966,190.00000000000128
2003-W22,1.1862,1.1938,1.1653,1.1756,766.9999999999999,284.9999999999997,-105.99999999999943
2003-W23,1.1762,1.1892,1.1634,1.1714,793.9999999999992,258.00000000000045,-47.999999999999154
2003-W24,1.1717,1.1933,1.1661,1.1828,551.0000000000038,272.00000000000114,111.0000000000011
2003-W25,1.1831,1.1869,1.151,1.1557,677.0000000000009,359.00000000000045,-274.0000000000009
2003-W26,1.1563,1.1626,1.1401,1.1508,553.0000000000034,225.00000000000188,-55.000000000000604
2003-W27,1.1512,1.1612,1.1317,1.1318,500.0000000000027,295.0000000000008,-194.00000000000085
2003-W28,1.1318,1.1395,1.1244,1.1275,416.00000000000085,150.99999999999892,-42.9999999999997
2003-W29,1.1284,1.1361,1.1115,1.1356,648.0000000000019,246.00000000000176,71.99999999999874
2003-W30,1.1344,1.1552,1.131,1.1498,494.99999999999875,242.0,153.99999999999858
2003-W31,1.1498,1.1541,1.1137,1.1361,612.9999999999991,403.9999999999999,-136.99999999999824
2003-W32,1.1361,1.1428,1.1267,1.1363,496.0000000000009,161.00000000000003,1.9999999999997797
2003-W34,1.1152,1.1153,1.0839,1.0876,579.0000000000007,313.99999999999875,-276.0000000000007
2003-W35,1.0871,1.1017,1.0795,1.0975,508.00000000000176,221.99999999999997,103.99999999999964
2003-W36,1.0961,1.1131,1.0766,1.1068,684.9999999999978,364.9999999999998,106.99999999999932
2003-W37,1.1069,1.1326,1.1057,1.1286,632.0000000000036,269.0000000000015,217.0000000000005
2003-W38,1.1288,1.1507,1.1142,1.1464,677.0000000000009,364.9999999999998,176.0000000000006
2003-W39,1.1464,1.1603,1.1397,1.1599,511.00000000000364,206.00000000000173,134.99999999999847
2003-W40,1.1601,1.1772,1.1537,1.1712,707.9999999999975,235.00000000000077,111.0000000000011
2003-W41,1.1711,1.1861,1.1655,1.1708,677.9999999999964,205.99999999999952,-2.9999999999996696
2003-W42,1.1708,1.1768,1.1546,1.1639,739.9999999999984,221.99999999999997,-69.00000000000128
2003-W43,1.1636,1.186,1.1619,1.1747,511.0000000000015,241.0000000000001,111.0000000000011
2003-W44,1.1751,1.1757,1.1429,1.1462,532.9999999999991,327.99999999999943,-288.99999999999926
2003-W45,1.1455,1.1546,1.1379,1.1484,480.00000000000045,167.0000000000016,29.000000000001247
2003-W46,1.1475,1.1851,1.1447,1.1752,548.9999999999973,403.9999999999999,277.00000000000057
2003-W47,1.1754,1.1982,1.1737,1.1774,674.0000000000013,244.99999999999966,20.000000000000018
2003-W48,1.1773,1.2044,1.1755,1.1979,513.9999999999989,288.99999999999926,205.99999999999952
2003-W49,1.1986,1.2242,1.1946,1.2225,538.9999999999984,295.99999999999847,238.9999999999981
2003-W50,1.2228,1.2326,1.2117,1.2326,611.999999999997,208.99999999999918,97.9999999999981
2003-W51,1.2318,1.245,1.2298,1.2399,446.00000000000193,152.00000000000102,80.99999999999996
2003-W52,1.2393,1.2511,1.2389,1.2491,233.00000000000318,122.0000000000021,98.00000000000031
2004-W01,1.2492,1.2699,1.2482,1.2677,430.9999999999992,217.0000000000005,184.9999999999996
2004-W02,1.2678,1.29,1.2562,1.2751,807.0,338.0000000000005,72.99999999999862
2004-W03,1.2749,1.2798,1.2336,1.2353,698.9999999999962,462.00000000000017,-395.9999999999986
2004-W04,1.2357,1.2779,1.2349,1.2463,931.0000000000018,429.99999999999926,105.99999999999943
2004-W05,1.2465,1.2711,1.2353,1.2426,899.9999999999985,357.9999999999983,-39.00000000000014
2004-W06,1.2429,1.2766,1.2419,1.2706,734.999999999999,346.99999999999955,277.00000000000057
2004-W07,1.2701,1.2895,1.2651,1.2775,619.0000000000007,244.000000000002,74.00000000000074
2004-W08,1.2773,1.2931,1.2454,1.2557,892.9999999999994,476.9999999999985,-216.00000000000063
2004-W09,1.2559,1.2714,1.2374,1.2461,802.0000000000027,340.0000000000003,-98.00000000000031
2004-W10,1.2457,1.249,1.2058,1.2402,958.0000000000011,432.00000000000125,-55.000000000000604
2004-W11,1.2403,1.2455,1.2162,1.2264,881.0000000000007,293.000000000001,-139.00000000000023
2004-W12,1.2264,1.2436,1.2176,1.2339,794.9999999999991,260.0000000000002,75.00000000000063
2004-W13,1.234,1.2369,1.2051,1.2161,717.0000000000009,318.0000000000005,-179.00000000000028
2004-W14,1.2159,1.2391,1.1988,1.202,778.0000000000009,403.0,-139.00000000000023
2004-W15,1.202,1.2221,1.1985,1.2078,540.0000000000005,236.00000000000065,58.00000000000027
2004-W16,1.2082,1.2084,1.1871,1.2028,578.9999999999984,212.99999999999875,-53.999999999998494
2004-W17,1.2016,1.2017,1.1763,1.1868,676.0000000000033,254.00000000000088,-147.99999999999923
2004-W18,1.186,1.2016,1.1807,1.1945,591.0000000000015,208.99999999999918,84.99999999999952
2004-W19,1.1939,1.2182,1.1815,1.185,733.9999999999991,366.99999999999955,-88.99999999999908
2004-W20,1.1843,1.2062,1.1776,1.203,661.0000000000005,285.9999999999996,187.00000000000162
2004-W21,1.2025,1.2072,1.1896,1.2007,548.9999999999973,176.0000000000006,-17.999999999998018
2004-W22,1.2009,1.2298,1.1988,1.219,569.0000000000017,309.99999999999915,181.00000000000006
2004-W23,1.22,1.234,1.2142,1.2323,487.99999999999955,198.0000000000004,122.99999999999977
2004-W24,1.2321,1.2355,1.1957,1.2058,716.000000000001,398.00000000000057,-262.9999999999999
2004-W25,1.2057,1.2171,1.1977,1.2116,654.0000000000035,194.00000000000085,59.00000000000016
2004-W26,1.2117,1.2231,1.2044,1.2187,530.0000000000016,187.00000000000162,69.99999999999895
2004-W27,1.2186,1.2333,1.207,1.2286,571.0000000000038,262.9999999999999,100.00000000000009
2004-W28,1.2289,1.2438,1.2265,1.2407,350.0000000000014,173.00000000000094,117.99999999999811
2004-W29,1.2413,1.2464,1.2302,1.2441,477.00000000000074,161.99999999999991,27.999999999999137
2004-W30,1.2443,1.2456,1.209,1.2148,611.0000000000016,365.99999999999966,-294.9999999999986
2004-W31,1.215,1.219,1.1993,1.2029,521.0000000000003,197.0000000000005,-121.0
2004-W32,1.2025,1.2293,1.1971,1.2273,524.0000000000022,322.00000000000006,248.00000000000156
2004-W33,1.2273,1.2383,1.218,1.2363,494.99999999999875,202.99999999999986,89.99999999999898
2004-W34,1.2362,1.2392,1.2134,1.2147,505.9999999999998,258.00000000000045,-215.00000000000074
2004-W35,1.2133,1.215,1.199,1.2056,439.0000000000005,160.00000000000014,-77.0000000000004
2004-W36,1.206,1.2222,1.2044,1.2079,475.00000000000097,178.00000000000037,19.000000000000128
2004-W37,1.2067,1.2312,1.2028,1.2258,453.0000000000034,283.99999999999983,190.99999999999895
2004-W38,1.2262,1.2296,1.2123,1.2176,394.9999999999987,173.00000000000094,-85.9999999999994
2004-W39,1.2177,1.2363,1.2168,1.2298,555.9999999999987,194.99999999999852,121.0
2004-W40,1.2307,1.2445,1.226,1.2287,435.00000000000097,184.9999999999996,-20.000000000000018
2004-W41,1.2293,1.2434,1.225,1.238,383.9999999999999,183.99999999999972,86.9999999999993
2004-W42,1.2384,1.2535,1.2228,1.2497,527.9999999999997,306.9999999999995,113.00000000000088
2004-W43,1.2497,1.283,1.2456,1.2809,500.9999999999959,373.99999999999875,311.9999999999989
2004-W44,1.2815,1.2844,1.2633,1.2753,575.000000000001,210.99999999999898,-61.99999999999983
2004-W45,1.2756,1.2989,1.2658,1.292,656.000000000001,330.9999999999991,163.99999999999972
2004-W46,1.2916,1.3008,1.2852,1.2949,471.9999999999991,156.00000000000057,32.999999999998586
2004-W47,1.2954,1.3075,1.2922,1.305,473.99999999999886,153.0000000000009,95.99999999999831
2004-W48,1.3048,1.3331,1.2979,1.3283,536.9999999999986,351.999999999999,235.00000000000077
2004-W49,1.3285,1.3462,1.3234,1.3409,603.0000000000002,228.00000000000153,123.99999999999966
2004-W50,1.341,1.347,1.3143,1.3313,742.0000000000005,326.9999999999995,-97.00000000000043
2004-W51,1.3312,1.3444,1.3205,1.3397,685.0000000000001,239.0000000000003,84.99999999999952
2004-W52,1.3396,1.3642,1.3346,1.3621,441.0000000000025,296.0000000000007,225.00000000000188
2004-W53,1.3621,1.3667,1.3441,1.3467,517.0000000000008,225.99999999999955,-154.0000000000008
2005-W01,1.3468,1.3497,1.3028,1.3077,750.9999999999994,468.99999999999943,-390.99999999999915
2005-W02,1.3078,1.3295,1.3058,1.3068,621.9999999999982,236.99999999999832,-10.000000000001119
2005-W03,1.3067,1.3119,1.2924,1.3061,540.0000000000005,195.00000000000074,-5.999999999999339
2005-W04,1.306,1.3125,1.2947,1.304,558.000000000003,178.00000000000037,-20.000000000000018
2005-W05,1.3039,1.3094,1.2734,1.2759,549.9999999999993,359.9999999999981,-280.0000000000002
2005-W06,1.276,1.2991,1.2735,1.2977,467.99999999999955,255.99999999999847,217.0000000000005
2005-W07,1.2976,1.309,1.2954,1.3068,390.99999999999466,135.99999999999835,91.99999999999875
2005-W08,1.3072,1.3281,1.3057,1.3231,548.9999999999973,223.99999999999974,159.00000000000026
2005-W09,1.3229,1.3255,1.309,1.3214,468.99999999999716,164.9999999999996,-15.000000000000568
2005-W10,1.3224,1.3481,1.321,1.3368,555.0000000000055,271.00000000000125,143.9999999999997
2005-W11,1.3368,1.344,1.3142,1.3157,636.000000000001,298.0000000000005,-210.99999999999898
2005-W12,1.3168,1.3224,1.2859,1.2896,530.999999999997,364.9999999999998,-271.9999999999989
2005-W13,1.2893,1.3058,1.2821,1.285,525.9999999999976,237.00000000000054,-42.9999999999997
2005-W14,1.2852,1.3004,1.2802,1.2975,457.00000000000296,201.99999999999994,123.00000000000199
2005-W15,1.2973,1.3046,1.2769,1.3027,740.0000000000028,277.00000000000057,54.00000000000071
2005-W16,1.3018,1.3125,1.2955,1.3002,489.9999999999971,169.99999999999903,-16.00000000000046
2005-W17,1.3001,1.3015,1.2839,1.2864,377.0000000000029,176.0000000000006,-137.00000000000045
2005-W18,1.2865,1.2992,1.2792,1.2845,461.0000000000003,200.00000000000017,-20.000000000000018
2005-W19,1.2867,1.2912,1.2583,1.2647,486.9999999999952,328.9999999999993,-220.0000000000002
2005-W20,1.2635,1.2691,1.2536,1.2583,438.9999999999983,154.99999999999847,-52.00000000000094
2005-W21,1.2579,1.263,1.2467,1.2477,417.0000000000007,162.9999999999998,-101.99999999999987
2005-W22,1.2482,1.2489,1.2162,1.2264,690.9999999999994,326.9999999999995,-218.00000000000043
2005-W23,1.2262,1.2355,1.2029,1.2112,536.9999999999986,325.9999999999996,-149.99999999999903
2005-W24,1.2114,1.2287,1.2018,1.2151,665.0000000000023,268.99999999999926,37.00000000000037
2005-W25,1.2148,1.2207,1.1984,1.2161,565.9999999999976,222.99999999999986,12.999999999998568
2005-W26,1.2171,1.2177,1.1893,1.1901,351.0000000000013,283.99999999999983,-270.00000000000136
2005-W27,1.1908,1.2088,1.187,1.2074,499.00000000000057,218.00000000000043,165.9999999999995
2005-W28,1.2076,1.2257,1.2024,1.2054,618.0000000000008,233.000000000001,-21.999999999999797
2005-W29,1.2055,1.2257,1.1956,1.206,655.0000000000033,301.00000000000017,4.999999999999449
2005-W30,1.2062,1.2252,1.1968,1.2183,533.0000000000013,283.99999999999983,121.0
2005-W31,1.2181,1.2404,1.2151,1.2352,535.9999999999987,252.99999999999878,171.00000000000114
2005-W32,1.2353,1.2487,1.2332,1.2369,490.9999999999992,154.99999999999847,16.00000000000046
2005-W33,1.2371,1.2375,1.2129,1.2231,468.00000000000176,245.99999999999955,-140.0000000000001
2005-W34,1.2229,1.2349,1.2164,1.2236,452.00000000000125,185.00000000000182,6.999999999999229
2005-W35,1.2232,1.2591,1.2173,1.2519,622.9999999999958,418.00000000000057,286.9999999999995
2005-W36,1.2528,1.254,1.2274,1.2285,511.0000000000015,265.99999999999955,-242.9999999999999
2005-W37,1.2281,1.2334,1.2103,1.2141,424.0000000000044,231.0000000000012,-140.0000000000001
2005-W38,1.2141,1.2271,1.2011,1.2075,540.9999999999982,260.0000000000002,-65.99999999999939
2005-W39,1.2074,1.2093,1.1903,1.192,466.00000000000193,190.00000000000128,-154.0000000000008
2005-W40,1.1925,1.2205,1.1901,1.2068,562.0000000000025,303.99999999999983,143.00000000000202
2005-W41,1.2073,1.2123,1.1916,1.2025,559.0000000000007,206.9999999999994,-48.00000000000138
2005-W42,1.203,1.2079,1.1876,1.1989,564.9999999999977,202.99999999999986,-40.99999999999993
2005-W43,1.1983,1.2174,1.1939,1.1994,640.0000000000006,235.00000000000077,11.000000000001009
2005-W44,1.1991,1.2086,1.1777,1.1806,549.9999999999994,308.99999999999926,-184.9999999999996
2005-W45,1.1801,1.1804,1.1662,1.1687,461.00000000000034,141.99999999999991,-113.99999999999855
2005-W46,1.169,1.1839,1.1641,1.1728,546.9999999999975,198.0000000000004,38.000000000000256
2005-W47,1.1731,1.1905,1.1684,1.1851,575.9999999999987,220.99999999999787,120.00000000000011
2005-W48,1.1851,1.1864,1.1664,1.1791,504.9999999999999,199.99999999999795,-60.00000000000006
2005-W49,1.1794,1.1985,1.1706,1.1956,569.9999999999994,278.9999999999981,161.99999999999991
2005-W50,1.196,1.2108,1.1909,1.2009,515.000000000001,199.00000000000028,49.000000000001265
2005-W51,1.2006,1.2015,1.1803,1.1878,429.0000000000016,212.00000000000108,-127.99999999999923
2005-W52,1.1839,1.1934,1.1814,1.1843,232.99999999999878,120.00000000000011,3.9999999999995595
2006-W01,1.1815,1.2182,1.1815,1.209,611.9999999999969,366.99999999999955,275.0000000000008
2006-W02,1.2087,1.2177,1.2009,1.2125,514.9999999999966,167.99999999999926,37.99999999999804
2006-W03,1.2127,1.2314,1.2042,1.2306,526.9999999999975,272.00000000000114,179.00000000000028
2006-W04,1.23,1.2326,1.2066,1.2091,423.00000000000006,260.0000000000002,-208.99999999999918
2006-W05,1.2093,1.2192,1.1948,1.1968,547.9999999999995,243.99999999999977,-124.99999999999956
2006-W06,1.1962,1.2026,1.1879,1.1901,363.9999999999999,146.99999999999935,-60.99999999999994
2006-W07,1.1899,1.1978,1.1852,1.194,342.0000000000001,125.99999999999945,40.99999999999993
2006-W08,1.194,1.1971,1.1827,1.1845,319.99999999999585,143.9999999999997,-94.99999999999842
2006-W09,1.1846,1.2094,1.1836,1.2017,482.0000000000002,258.00000000000045,170.99999999999892
2006-W10,1.2019,1.2025,1.1861,1.1962,397.99999999999835,163.99999999999972,-57.000000000000384
2006-W11,1.1966,1.2208,1.1943,1.2164,420.0000000000026,265.0000000000019,197.99999999999818
2006-W12,1.216,1.2166,1.1954,1.2015,406.9999999999974,211.99999999999886,-144.99999999999957
2006-W13,1.2012,1.2179,1.1981,1.2139,542.0000000000047,198.0000000000004,126.99999999999933
2006-W14,1.2139,1.2335,1.2077,1.2112,541.0000000000026,258.00000000000045,-26.999999999999247
2006-W15,1.2112,1.229,1.2068,1.2251,415.0000000000009,221.99999999999997,139.00000000000023
2006-W16,1.2254,1.2415,1.2227,1.2395,509.00000000000165,188.0000000000015,141.0
2006-W17,1.2393,1.2693,1.2369,1.2587,558.0000000000007,323.99999999999983,193.9999999999986
2006-W18,1.259,1.2788,1.2562,1.2712,519.999999999996,225.99999999999955,122.0000000000021
2006-W19,1.271,1.2973,1.2664,1.2795,708.0000000000019,308.99999999999926,85.00000000000173
2006-W20,1.2798,1.2921,1.2695,1.2868,824.0000000000003,225.99999999999955,69.99999999999895
2006-W21,1.2869,1.2893,1.2702,1.2753,484.9999999999999,190.99999999999895,-115.99999999999832
2006-W22,1.2753,1.2982,1.2725,1.2907,585.9999999999999,257.00000000000057,153.99999999999858
2006-W23,1.2906,1.2935,1.2568,1.259,555.0000000000033,367.00000000000176,-316.00000000000074
2006-W24,1.2591,1.2673,1.2533,1.2575,430.99999999999915,140.0000000000001,-16.00000000000046
2006-W25,1.2576,1.2682,1.2481,1.2583,514.9999999999987,201.00000000000006,6.999999999999229
2006-W26,1.2588,1.2825,1.2519,1.2805,470.9999999999992,305.9999999999996,217.0000000000005
2006-W27,1.2802,1.2865,1.271,1.2732,420.00000000000256,155.00000000000068,-69.99999999999895
2006-W28,1.2732,1.278,1.2511,1.2519,456.00000000000307,268.99999999999926,-213.00000000000097
2006-W29,1.2519,1.2712,1.2461,1.2635,474.0000000000033,251.00000000000122,116.00000000000054
2006-W30,1.2639,1.2785,1.2561,1.2769,508.00000000000176,223.99999999999974,129.999999999999
2006-W31,1.2769,1.2912,1.2722,1.284,454.99999999999875,189.99999999999906,71.00000000000107
2006-W32,1.284,1.2916,1.2709,1.2717,530.0000000000039,207.00000000000162,-122.99999999999977
2006-W33,1.2716,1.2942,1.2698,1.2894,454.99999999999875,243.99999999999977,178.00000000000037
2006-W34,1.2896,1.29,1.2728,1.278,408.0000000000017,172.00000000000105,-116.00000000000054
2006-W35,1.2779,1.288,1.2753,1.2872,346.99999999999955,126.99999999999933,92.99999999999864
2006-W36,1.2873,1.2873,1.2651,1.2704,436.00000000000085,222.0000000000022,-169.00000000000136
2006-W37,1.2704,1.2756,1.2631,1.2709,378.00000000000057,125.00000000000178,4.999999999999449
2006-W38,1.2706,1.2833,1.2654,1.2749,396.0000000000008,179.00000000000028,42.9999999999997
2006-W39,1.2749,1.2765,1.2642,1.2739,367.00000000000176,122.99999999999977,-9.999999999998899
2006-W40,1.2738,1.2768,1.2573,1.26,350.9999999999991,194.99999999999852,-138.00000000000034
2006-W41,1.2599,1.2615,1.2485,1.2535,342.00000000000006,130.00000000000122,-63.999999999999616
2006-W42,1.2533,1.2646,1.2503,1.2553,355.9999999999985,142.9999999999998,20.000000000000018
2006-W43,1.2552,1.2753,1.2528,1.2726,349.00000000000153,225.00000000000188,173.9999999999986
2006-W44,1.2727,1.28,1.268,1.2725,349.9999999999992,120.00000000000011,-1.9999999999997797
2006-W45,1.2725,1.2901,1.2723,1.2808,406.00000000000193,178.00000000000037,82.99999999999974
2006-W46,1.2808,1.2873,1.2765,1.2816,322.0000000000023,108.00000000000142,8.00000000000134
2006-W47,1.2818,1.3173,1.2799,1.3133,464.00000000000216,373.99999999999875,314.99999999999864
2006-W48,1.3135,1.337,1.3122,1.3344,520.9999999999981,247.99999999999932,209.00000000000142
2006-W49,1.3342,1.3367,1.3131,1.3238,518.0000000000007,236.00000000000065,-103.99999999999964
2006-W50,1.3239,1.3294,1.3054,1.3099,483.0000000000001,240.00000000000023,-140.0000000000001
2006-W51,1.3097,1.3248,1.3086,1.3141,393.99999999999875,161.99999999999991,43.999999999999595
2006-W52,1.314,1.3206,1.3092,1.3202,292.00000000000114,114.00000000000077,61.99999999999983
2007-W01,1.3237,1.3298,1.2974,1.3026,504.9999999999999,323.99999999999983,-211.0000000000012
2007-W02,1.3025,1.3055,1.2868,1.2938,393.00000000000335,187.00000000000162,-86.9999999999993
2007-W03,1.2937,1.3003,1.2898,1.2953,355.9999999999985,104.99999999999955,15.999999999998238
2007-W04,1.2952,1.3047,1.2879,1.2958,427.9999999999995,167.99999999999926,6.00000000000156
2007-W05,1.2957,1.3067,1.2915,1.293,367.00000000000176,151.9999999999988,-27.000000000001467
2007-W06,1.2929,1.3045,1.2914,1.2969,351.99999999999676,130.9999999999989,40.000000000000036
2007-W07,1.2968,1.3174,1.2957,1.3157,356.9999999999962,216.9999999999983,189.0000000000014
2007-W08,1.3158,1.3201,1.3084,1.319,305.9999999999996,117.00000000000044,31.999999999998696
2007-W09,1.3189,1.3261,1.3074,1.3091,443.00000000000006,187.00000000000162,-98.00000000000031
2007-W10,1.3092,1.3202,1.3083,1.319,359.00000000000045,119.00000000000021,98.00000000000031
2007-W11,1.3191,1.3341,1.3159,1.3303,344.9999999999975,181.99999999999994,112.000000000001
2007-W12,1.3304,1.3414,1.3257,1.333,399.00000000000045,156.99999999999824,25.999999999999357
2007-W13,1.333,1.3402,1.329,1.3368,319.0000000000004,112.000000000001,38.000000000000256
2007-W14,1.3369,1.3443,1.332,1.3356,321.00000000000017,122.99999999999977,-13.000000000000789
2007-W15,1.3355,1.3578,1.3352,1.3537,330.9999999999991,225.99999999999955,181.99999999999994
2007-W16,1.3539,1.364,1.3527,1.3579,302.9999999999977,113.00000000000088,40.000000000000036
2007-W17,1.358,1.3683,1.3551,1.3649,393.00000000000114,132.000000000001,68.99999999999906
2007-W18,1.3648,1.3674,1.3536,1.3604,323.99999999999983,138.00000000000034,-43.999999999999595
2007-W19,1.3605,1.3622,1.3465,1.3547,356.00000000000074,157.00000000000048,-58.00000000000027
2007-W20,1.3546,1.3612,1.3439,1.3469,406.9999999999974,172.99999999999872,-77.0000000000004
2007-W21,1.3468,1.3503,1.3413,1.3456,243.99999999999977,90.0000000000012,-12.000000000000899
2007-W22,1.3455,1.3521,1.3395,1.349,342.00000000000455,126.00000000000166,35.00000000000058
2007-W23,1.3491,1.3555,1.3322,1.3359,365.99999999999744,232.99999999999875,-131.99999999999878
2007-W24,1.336,1.342,1.3264,1.3415,290.99999999999903,156.00000000000057,54.99999999999838
2007-W25,1.3416,1.3475,1.3374,1.3464,252.99999999999878,100.99999999999997,48.00000000000138
2007-W26,1.3465,1.3641,1.3417,1.3625,370.0000000000059,224.000000000002,160.00000000000014
2007-W27,1.3624,1.3661,1.3569,1.3628,257.99999999999824,92.00000000000097,3.9999999999995595
2007-W28,1.3627,1.3815,1.3595,1.3775,363.0,220.0000000000002,147.99999999999923
2007-W29,1.3776,1.3847,1.3754,1.3807,283.00000000000216,93.00000000000085,31.000000000001027
2007-W30,1.3809,1.3853,1.361,1.3697,489.00000000000165,242.9999999999999,-112.000000000001
2007-W31,1.3698,1.3842,1.3639,1.3795,372.00000000000125,203.00000000000207,97.00000000000043
2007-W32,1.3794,1.3826,1.3605,1.3616,513.9999999999989,221.00000000000009,-178.00000000000037
2007-W33,1.3615,1.3627,1.3362,1.3477,509.9999999999994,264.99999999999966,-138.00000000000034
2007-W34,1.3478,1.3689,1.3451,1.3649,400.00000000000256,238.00000000000043,170.99999999999892
2007-W35,1.3647,1.372,1.3565,1.3626,426.00000000000193,155.00000000000068,-20.999999999999908
2007-W36,1.3625,1.3818,1.3553,1.3804,433.99999999999886,264.99999999999966,179.00000000000028
2007-W37,1.3803,1.393,1.378,1.387,316.9999999999984,150.00000000000125,66.99999999999929
2007-W38,1.3871,1.4132,1.3829,1.4089,493.99999999999886,302.99999999999994,218.00000000000043
2007-W39,1.4088,1.4283,1.4063,1.4234,415.9999999999942,219.99999999999798,145.99999999999946
2007-W40,1.4233,1.424,1.4035,1.4051,537.9999999999985,204.99999999999963,-181.99999999999994
2007-W41,1.4052,1.4245,1.4018,1.4205,426.00000000000193,227.00000000000165,153.0000000000009
2007-W42,1.4208,1.4351,1.4127,1.4182,565.9999999999998,223.99999999999974,-26.000000000001577
2007-W43,1.4181,1.4441,1.4172,1.4426,425.9999999999975,268.99999999999926,245.00000000000188
2007-W44,1.4425,1.4531,1.4376,1.4472,435.0000000000032,155.00000000000068,47.000000000001485
2007-W45,1.4471,1.4754,1.4469,1.4535,643.999999999998,284.9999999999997,63.999999999999616
2007-W46,1.4534,1.4726,1.4521,1.4665,491.0000000000014,204.99999999999963,130.9999999999989
2007-W47,1.4666,1.497,1.4638,1.4874,629.000000000004,332.0000000000012,208.0000000000015
2007-W48,1.4873,1.4911,1.4622,1.4668,611.9999999999992,289.0000000000015,-204.99999999999963
2007-W49,1.4667,1.4773,1.4529,1.4713,604.0000000000023,243.99999999999977,46.00000000000159
2007-W50,1.4714,1.4751,1.4331,1.4403,738.0000000000009,420.0000000000004,-311.00000000000125
2007-W51,1.4402,1.4437,1.4311,1.4397,393.9999999999966,125.99999999999945,-4.999999999999449
2007-W52,1.4417,1.475,1.4415,1.459,575.9999999999987,335.00000000000085,173.00000000000094
2008-W01,1.4621,1.4827,1.4597,1.4698,477.9999999999984,229.9999999999991,77.0000000000004
2008-W02,1.4697,1.4916,1.4642,1.4871,521.0000000000025,274.0000000000009,174.00000000000082
2008-W03,1.4872,1.4924,1.4424,1.4456,785.0000000000001,500.00000000000045,-416.0000000000008
2008-W04,1.4455,1.48,1.4367,1.4782,891.9999999999973,432.9999999999989,326.9999999999995
2008-W05,1.4784,1.495,1.474,1.4832,537.0000000000031,210.0000000000013,48.00000000000138
2008-W06,1.4833,1.4837,1.4439,1.4519,695.0000000000034,398.00000000000057,-314.00000000000097
2008-W07,1.452,1.471,1.4498,1.4658,444.99999999999983,212.00000000000108,138.00000000000034
2008-W08,1.4657,1.4863,1.4617,1.4832,490.9999999999992,245.99999999999955,175.0000000000007
2008-W09,1.4831,1.5276,1.4781,1.5204,748.9999999999997,495.000000000001,372.99999999999886
2008-W10,1.5203,1.5463,1.5148,1.5345,606.9999999999975,315.00000000000085,141.99999999999991
2008-W11,1.5346,1.5906,1.5285,1.5732,960.9999999999962,621.0000000000005,385.99999999999966
2008-W12,1.5731,1.5834,1.5344,1.5425,850.9999999999995,489.9999999999993,-305.9999999999996
2008-W13,1.5424,1.5897,1.541,1.5789,879.0000000000009,486.99999999999966,364.9999999999998
2008-W14,1.579,1.579,1.5511,1.5713,824.0000000000025,279.00000000000034,-77.0000000000004
2008-W15,1.5714,1.5917,1.5672,1.5832,830.0000000000018,244.99999999999966,118.00000000000033
2008-W16,1.5831,1.5986,1.5714,1.5914,882.0000000000027,272.00000000000114,82.99999999999974
2008-W17,1.5915,1.602,1.5556,1.5657,841.0000000000007,463.99999999999994,-257.99999999999824
2008-W18,1.5658,1.5665,1.5362,1.5498,700.0000000000006,302.99999999999994,-160.00000000000014
2008-W19,1.5499,1.5595,1.5286,1.5555,774.0000000000014,309.0000000000015,56.0000000000005
2008-W20,1.5554,1.5635,1.5398,1.5513,664.9999999999978,236.99999999999832,-40.99999999999993
2008-W21,1.5516,1.5815,1.5505,1.5772,608.9999999999973,309.99999999999915,255.99999999999847
2008-W22,1.5773,1.582,1.5463,1.5538,677.0000000000009,357.0000000000006,-234.99999999999855
2008-W23,1.554,1.5846,1.5366,1.5648,947.0,480.00000000000045,107.9999999999992
2008-W24,1.5648,1.5655,1.5305,1.5479,891.9999999999994,349.9999999999992,-168.99999999999915
2008-W25,1.5478,1.5653,1.5462,1.552,610.9999999999993,190.99999999999895,41.999999999999815
2008-W26,1.5519,1.5839,1.5494,1.5757,592.9999999999991,344.9999999999998,238.00000000000043
2008-W27,1.5756,1.5911,1.5614,1.5728,655.9999999999966,297.00000000000057,-27.999999999999137
2008-W28,1.5729,1.5972,1.5637,1.5909,626.9999999999998,334.99999999999864,180.00000000000017
2008-W29,1.591,1.6041,1.5787,1.5924,609.9999999999994,254.00000000000088,14.000000000000679
2008-W30,1.5923,1.5946,1.563,1.5742,574.0000000000011,316.00000000000074,-181.00000000000006
2008-W31,1.5741,1.576,1.5518,1.558,592.9999999999991,242.0,-161.00000000000003
2008-W32,1.5581,1.5581,1.4882,1.4912,981.0000000000008,699.0000000000007,-668.9999999999995
2008-W33,1.4913,1.4983,1.4659,1.4696,728.9999999999997,323.99999999999983,-217.0000000000005
2008-W34,1.4697,1.4911,1.4633,1.4756,732.0000000000016,278.00000000000045,59.00000000000016
2008-W35,1.4754,1.4813,1.4571,1.4619,743.0000000000003,242.0,-135.00000000000068
2008-W36,1.462,1.462,1.4056,1.4131,1049.0,564.0,-488.99999999999943
2008-W37,1.4128,1.4483,1.3883,1.4245,1143.9999999999961,599.9999999999983,117.00000000000044
2008-W38,1.4244,1.4869,1.4075,1.4777,1582.0000000000034,794.0000000000014,532.999999999999
2008-W39,1.4779,1.4827,1.4304,1.4436,939.0000000000032,523.0000000000001,-343.0
2008-W40,1.4435,1.4437,1.3444,1.3501,1379.999999999999,992.9999999999994,-933.9999999999993
2008-W41,1.35,1.3787,1.3261,1.3582,1291.9999999999977,525.9999999999998,81.99999999999986
2008-W42,1.3586,1.3771,1.329,1.3345,963.0000000000027,481.00000000000034,-241.0000000000001
2008-W43,1.334,1.3359,1.2336,1.2495,1717.0000000000018,1023.0000000000006,-845.0000000000002
2008-W44,1.2494,1.3299,1.2331,1.2645,1830.0000000000027,968.0,150.99999999999892
2008-W45,1.2645,1.3118,1.2528,1.2751,1529.0000000000002,590.0000000000016,105.99999999999943
2008-W46,1.2752,1.2858,1.239,1.2652,1411.0,467.99999999999955,-99.99999999999787
2008-W47,1.2653,1.2957,1.2425,1.2956,1226.000000000005,532.0000000000014,302.99999999999994
2008-W48,1.2955,1.3083,1.2584,1.2613,1082.0000000000007,499.00000000000057,-342.00000000000006
2008-W49,1.2611,1.2969,1.2551,1.2965,1061.9999999999986,417.99999999999835,353.99999999999875
2008-W50,1.2961,1.3724,1.2801,1.369,1290.0,923.0000000000005,728.9999999999997
2008-W51,1.3689,1.4721,1.3631,1.3946,2202.9999999999995,1089.9999999999998,257.00000000000057
2008-W52,1.3947,1.4365,1.3917,1.393,751.9999999999993,448.0000000000017,-17.000000000000348
2009-W01,1.3929,1.4224,1.3548,1.3637,1207.0000000000025,676.000000000001,-292.00000000000114
2009-W02,1.3638,1.3801,1.3292,1.3364,1455.0000000000064,509.00000000000165,-273.9999999999987
2009-W03,1.336,1.3388,1.3028,1.3069,1248.0000000000002,360.00000000000034,-291.00000000000125
2009-W04,1.307,1.3209,1.2766,1.3191,1301.000000000001,443.00000000000006,121.0
2009-W05,1.319,1.3331,1.2708,1.2845,1069.0,623.0000000000002,-344.9999999999998
2009-W06,1.2846,1.3095,1.2749,1.3005,1124.0000000000005,346.0000000000019,159.00000000000026
2009-W07,1.3006,1.3076,1.2724,1.2804,870.0000000000018,352.0000000000012,-201.99999999999994
2009-W08,1.2804,1.2993,1.2515,1.2695,1228.999999999998,477.9999999999984,-108.99999999999909
2009-W09,1.2696,1.2901,1.2547,1.2579,790.9999999999994,354.00000000000097,-117.00000000000044
2009-W10,1.2578,1.2756,1.2458,1.2613,937.9999999999989,298.0000000000005,35.00000000000058
2009-W11,1.2614,1.3073,1.2581,1.297,1033.9999999999973,491.9999999999991,355.9999999999985
2009-W12,1.2969,1.374,1.2933,1.3635,1395.0000000000018,807.0000000000022,665.9999999999999
2009-W13,1.3635,1.368,1.3115,1.3201,1132.9999999999995,565.0,-433.9999999999988
2009-W14,1.32,1.3584,1.3168,1.3418,937.9999999999989,416.0000000000008,218.00000000000043
2009-W15,1.3418,1.3421,1.3092,1.337,931.0000000000018,329.00000000000153,-48.00000000000138
2009-W16,1.3369,1.3383,1.289,1.2922,805.0000000000024,493.0000000000012,-446.9999999999996
2009-W17,1.2922,1.3303,1.2887,1.304,869.9999999999997,416.0000000000008,118.00000000000033
2009-W18,1.3041,1.3427,1.2967,1.3408,939.0000000000009,460.0000000000004,366.99999999999955
2009-W19,1.3408,1.3671,1.3248,1.3584,922.9999999999983,423.00000000000006,176.0000000000006
2009-W20,1.3583,1.3724,1.3426,1.3563,768.9999999999997,298.0000000000005,-20.000000000000018
2009-W21,1.3564,1.4053,1.3532,1.4017,830.0000000000018,521.0000000000003,452.999999999999
2009-W22,1.4016,1.4246,1.3793,1.4159,921.000000000003,453.0000000000012,142.9999999999998
2009-W23,1.416,1.4338,1.3805,1.3899,1160.9999999999986,532.999999999999,-261.0000000000001
2009-W24,1.3899,1.4178,1.3756,1.3803,1151.9999999999998,422.00000000000017,-95.99999999999831
2009-W25,1.3803,1.4012,1.3748,1.3866,751.999999999997,263.9999999999998,62.99999999999972
2009-W26,1.3865,1.4138,1.3829,1.4081,906.9999999999978,308.99999999999926,215.9999999999984
2009-W27,1.4082,1.4201,1.3876,1.3984,739.0000000000008,324.9999999999997,-97.9999999999981
2009-W28,1.3983,1.407,1.3833,1.3977,718.0000000000009,237.00000000000054,-6.00000000000156
2009-W29,1.3978,1.4249,1.3911,1.423,626.000000000002,338.0000000000005,252.0000000000011
2009-W30,1.423,1.4298,1.4119,1.423,632.0000000000015,179.00000000000028,0.0
2009-W31,1.4229,1.4445,1.4007,1.4412,899.9999999999941,437.9999999999984,182.99999999999983
2009-W32,1.4413,1.4447,1.4105,1.4139,627.9999999999997,342.00000000000006,-274.0000000000009
2009-W33,1.414,1.4327,1.4045,1.4082,677.0000000000032,282.0,-58.00000000000027
2009-W34,1.4081,1.4374,1.4066,1.4302,585.9999999999999,307.9999999999994,221.00000000000009
2009-W35,1.4302,1.4406,1.4207,1.4331,661.0000000000027,199.00000000000028,29.000000000001247
2009-W36,1.4331,1.4377,1.4176,1.4332,613.0000000000014,201.00000000000006,0.9999999999998899
2009-W37,1.4331,1.4652,1.4328,1.4617,669.9999999999995,323.99999999999983,285.9999999999996
2009-W38,1.4617,1.4766,1.4561,1.4678,491.0000000000014,204.99999999999963,60.99999999999994
2009-W39,1.468,1.4842,1.4564,1.4621,704.9999999999957,278.00000000000045,-59.00000000000016
2009-W40,1.4622,1.4673,1.448,1.4647,620.999999999996,193.00000000000094,24.999999999999467
2009-W41,1.4646,1.4816,1.4645,1.4773,592.0000000000014,171.00000000000114,127.00000000000156
2009-W42,1.4772,1.4966,1.4761,1.4964,595.9999999999987,204.99999999999963,191.99999999999883
2009-W43,1.4962,1.5063,1.4845,1.4876,650.0000000000039,218.00000000000043,-85.9999999999994
2009-W44,1.4875,1.4927,1.4683,1.4775,797.9999999999986,243.99999999999977,-100.00000000000009
2009-W45,1.4776,1.502,1.4626,1.4999,766.9999999999999,394.000000000001,222.99999999999986
2009-W46,1.4998,1.5049,1.4821,1.497,624.0000000000001,227.99999999999932,-27.999999999999137
2009-W47,1.497,1.4999,1.4801,1.496,724.0000000000024,198.0000000000004,-10.000000000001119
2009-W48,1.4961,1.5144,1.4829,1.5004,783.9999999999981,314.99999999999864,42.9999999999997
2009-W49,1.5005,1.5141,1.4756,1.4827,738.9999999999964,384.9999999999998,-178.00000000000037
2009-W50,1.4825,1.4867,1.4586,1.4656,652.9999999999991,281.0000000000001,-168.99999999999915
2009-W51,1.4657,1.4663,1.4261,1.4276,734.0000000000035,402.0000000000001,-381.0000000000002
2009-W52,1.4277,1.4418,1.4217,1.4379,440.0000000000026,201.00000000000006,101.99999999999987
2009-W53,1.4378,1.4458,1.4257,1.4413,547.9999999999974,201.00000000000006,35.00000000000058
2010-W01,1.4412,1.4556,1.4263,1.4512,761.0000000000006,293.000000000001,100.00000000000009
2010-W02,1.4512,1.4579,1.4335,1.4383,564.9999999999977,243.99999999999977,-129.00000000000134
2010-W03,1.4384,1.4414,1.403,1.4151,671.999999999997,383.9999999999999,-232.99999999999875
2010-W04,1.415,1.4179,1.3852,1.3931,563.0000000000001,326.9999999999995,-219.0000000000003
2010-W05,1.3932,1.4025,1.3585,1.3648,659.9999999999984,440.0000000000004,-283.99999999999983
2010-W06,1.3649,1.3839,1.3531,1.3598,755.9999999999989,307.9999999999994,-51.000000000001044
2010-W07,1.3598,1.3788,1.3442,1.3594,793.9999999999969,345.99999999999966,-3.9999999999995595
2010-W08,1.3595,1.3691,1.345,1.3559,785.0000000000001,241.0000000000001,-35.99999999999825
2010-W09,1.356,1.3735,1.3436,1.3632,688.0000000000019,299.0000000000004,71.99999999999874
2010-W10,1.3633,1.3795,1.3536,1.3675,563.9999999999978,259.00000000000034,41.999999999999815
2010-W11,1.3675,1.3817,1.3462,1.3556,603.0000000000002,354.99999999999864,-119.00000000000021
2010-W12,1.3556,1.3568,1.3266,1.3481,653.0000000000014,302.00000000000006,-74.99999999999841
2010-W13,1.348,1.359,1.3383,1.3483,630.999999999997,206.9999999999994,2.9999999999996696
2010-W14,1.3482,1.3691,1.3281,1.359,589.9999999999994,409.99999999999926,107.9999999999992
2010-W15,1.3591,1.3678,1.3415,1.3488,507.99999999999955,262.9999999999999,-102.99999999999976
2010-W16,1.3487,1.3521,1.3201,1.338,649.9999999999994,320.0000000000003,-106.99999999999932
2010-W17,1.338,1.3415,1.3113,1.3193,821.0000000000028,302.00000000000006,-187.00000000000162
2010-W18,1.3192,1.3213,1.2518,1.2786,1309.0000000000002,694.999999999999,-405.9999999999997
2010-W19,1.2785,1.2802,1.2233,1.2393,847.9999999999999,568.9999999999995,-391.99999999999903
2010-W20,1.2394,1.2671,1.2143,1.2371,1299.9999999999989,527.9999999999995,-22.999999999999687
2010-W21,1.237,1.2452,1.2153,1.2304,917.0000000000034,299.0000000000004,-66.00000000000162
2010-W22,1.2305,1.2352,1.1875,1.1922,889.9999999999997,477.00000000000074,-383.0
2010-W23,1.1923,1.2297,1.1901,1.222,730.000000000004,396.0000000000008,297.00000000000057
2010-W24,1.2221,1.2467,1.2167,1.2311,677.0000000000009,300.0000000000003,90.0000000000012
2010-W25,1.2312,1.2396,1.2208,1.2276,635.9999999999987,187.9999999999993,-36.000000000000476
2010-W26,1.2275,1.261,1.215,1.2537,809.9999999999997,459.9999999999982,262.0
2010-W27,1.2536,1.2728,1.2479,1.2595,600.9999999999982,248.99999999999923,59.00000000000016
2010-W28,1.2594,1.3006,1.2522,1.2941,797.0000000000032,484.0,346.99999999999955
2010-W29,1.2942,1.3027,1.2731,1.2993,865.999999999998,296.0000000000007,50.99999999999882
2010-W30,1.2994,1.3194,1.2951,1.3179,551.9999999999991,242.9999999999999,184.9999999999996
2010-W31,1.3178,1.3333,1.3118,1.322,607.9999999999997,214.99999999999852,41.999999999999815
2010-W32,1.3219,1.3233,1.2733,1.2825,930.9999999999974,499.99999999999824,-394.000000000001
2010-W33,1.2826,1.2921,1.2646,1.2656,592.0000000000014,275.0000000000008,-169.99999999999903
2010-W34,1.2655,1.2778,1.2587,1.2661,577.0000000000008,191.00000000000117,5.999999999999339
2010-W35,1.2662,1.2918,1.2624,1.2874,521.0000000000026,294.0000000000009,212.00000000000108
2010-W36,1.2875,1.2892,1.2644,1.2883,694.999999999999,247.99999999999932,7.999999999999119
2010-W37,1.2882,1.3159,1.2829,1.3061,658.0000000000008,330.0000000000014,179.00000000000028
2010-W38,1.3062,1.3506,1.3057,1.3454,819.9999999999985,448.9999999999994,391.99999999999903
2010-W39,1.3453,1.3805,1.338,1.3684,729.9999999999973,424.99999999999983,231.0000000000012
2010-W40,1.3683,1.4028,1.3636,1.3875,842.0000000000027,392.00000000000125,191.99999999999883
2010-W41,1.3874,1.4158,1.3774,1.3933,806.9999999999977,383.9999999999999,59.00000000000016
2010-W42,1.3932,1.4079,1.3697,1.3964,1023.0000000000027,382.0000000000001,32.00000000000092
2010-W43,1.3963,1.401,1.3733,1.3891,773.9999999999969,277.00000000000057,-72.00000000000095
2010-W44,1.3892,1.4281,1.3881,1.3918,941.0000000000007,400.00000000000034,25.999999999999357
2010-W45,1.3919,1.3973,1.3562,1.3586,950.9999999999995,410.99999999999915,-332.99999999999886
2010-W46,1.3587,1.3785,1.3446,1.3626,788.9999999999998,339.0000000000004,39.00000000000014
2010-W47,1.3627,1.3632,1.3063,1.3123,910.9999999999995,568.9999999999995,-504.0
2010-W48,1.3124,1.3437,1.2968,1.3307,1000.0000000000009,468.99999999999943,182.99999999999983
2010-W49,1.3306,1.3432,1.3163,1.339,754.9999999999991,268.99999999999926,83.99999999999963
2010-W50,1.3389,1.3498,1.3093,1.313,712.0000000000038,405.00000000000205,-259.00000000000034
2010-W51,1.3129,1.3201,1.3054,1.3163,485.0000000000021,147.00000000000156,34.000000000000696
2010-W52,1.3164,1.3423,1.3083,1.3359,718.0000000000009,340.0000000000003,195.00000000000074
2011-W01,1.3358,1.3433,1.2873,1.295,719.9999999999984,559.9999999999983,-408.0000000000017
2011-W02,1.2949,1.3456,1.2904,1.3292,847.0,551.9999999999992,343.0
2011-W03,1.3293,1.3685,1.3252,1.3636,834.0000000000014,433.00000000000114,343.0
2011-W04,1.3637,1.3757,1.357,1.3693,664.0000000000001,186.99999999999937,56.0000000000005
2011-W05,1.3692,1.386,1.3507,1.3581,718.9999999999985,352.99999999999886,-110.99999999999888
2011-W06,1.3582,1.3743,1.3427,1.3487,662.0000000000026,316.00000000000074,-95.00000000000064
2011-W07,1.3488,1.3715,1.346,1.3678,535.9999999999965,254.99999999999855,189.99999999999906
2011-W08,1.3679,1.3855,1.3524,1.3805,693.9999999999968,330.9999999999991,126.00000000000166
2011-W09,1.3806,1.4035,1.3742,1.3968,526.9999999999997,292.9999999999988,161.99999999999991
2011-W10,1.3967,1.4002,1.3751,1.399,623.999999999998,250.999999999999,22.999999999999687
2011-W11,1.3991,1.4239,1.3854,1.4224,781.9999999999983,384.9999999999998,233.000000000001
2011-W12,1.4223,1.4247,1.402,1.4086,596.000000000001,227.00000000000165,-136.99999999999824
2011-W13,1.4085,1.4268,1.4046,1.4219,574.0000000000034,221.99999999999997,133.99999999999858
2011-W14,1.422,1.4487,1.415,1.4434,590.0000000000016,337.0000000000006,214.00000000000085
2011-W15,1.4435,1.4519,1.4156,1.4233,773.9999999999991,363.0,-201.99999999999994
2011-W16,1.4235,1.4648,1.4204,1.4579,667.9999999999998,443.99999999999994,343.9999999999999
2011-W17,1.4578,1.4901,1.4492,1.4829,652.0000000000015,408.9999999999994,251.00000000000122
2011-W18,1.4829,1.4939,1.4253,1.4364,1154.999999999997,686.0,-465.0000000000021
2011-W19,1.4365,1.4422,1.4047,1.4155,1013.9999999999972,374.9999999999987,-210.0000000000013
2011-W20,1.4156,1.4344,1.3968,1.4047,717.9999999999986,375.9999999999986,-108.99999999999909
2011-W21,1.4046,1.4323,1.4001,1.4281,638.9999999999984,322.00000000000006,234.99999999999855
2011-W22,1.4282,1.4657,1.4278,1.4575,781.9999999999982,379.00000000000045,293.000000000001
2011-W23,1.4574,1.4695,1.432,1.4412,770.000000000004,375.0000000000009,-161.99999999999991
2011-W24,1.4411,1.4496,1.4072,1.4303,907.9999999999999,423.99999999999994,-108.00000000000142
2011-W25,1.4304,1.4441,1.4102,1.4286,806.0000000000023,339.0000000000004,-17.999999999998018
2011-W26,1.4285,1.4577,1.4236,1.4538,580.0000000000005,341.00000000000017,252.99999999999878
2011-W27,1.4537,1.4552,1.3985,1.4028,893.9999999999992,566.9999999999998,-508.99999999999943
2011-W28,1.403,1.4282,1.3836,1.4111,859.9999999999986,445.9999999999997,80.99999999999996
2011-W29,1.411,1.4437,1.4068,1.4375,757.0000000000009,368.9999999999993,264.99999999999966
2011-W30,1.4376,1.4535,1.4184,1.4249,963.9999999999982,350.9999999999991,-126.99999999999933
2011-W31,1.425,1.4431,1.4054,1.4177,1161.9999999999986,377.0000000000007,-73.00000000000084
2011-W32,1.4176,1.4476,1.4103,1.4443,1018.9999999999987,372.99999999999886,266.99999999999943
2011-W33,1.4442,1.4516,1.4258,1.4357,771.0000000000017,258.00000000000045,-84.99999999999952
2011-W34,1.4356,1.4548,1.4327,1.4509,650.9999999999993,221.00000000000009,153.0000000000009
2011-W35,1.451,1.4532,1.4059,1.4097,636.0000000000033,473.0000000000012,-413.00000000000114
2011-W36,1.4096,1.4248,1.3501,1.3677,1160.9999999999986,746.9999999999999,-419.00000000000045
2011-W37,1.3681,1.3935,1.3557,1.3683,880.0000000000008,378.00000000000057,1.9999999999997797
2011-W38,1.3684,1.3787,1.3361,1.3532,927.0,425.9999999999997,-152.00000000000102
2011-W39,1.3531,1.3689,1.3167,1.3176,936.999999999999,522.0000000000002,-354.99999999999864
2011-W40,1.3174,1.3698,1.3145,1.3642,1039.9999999999986,552.9999999999991,468.00000000000176
2011-W41,1.3643,1.3914,1.3565,1.3737,869.9999999999975,348.9999999999993,93.99999999999852
2011-W42,1.3738,1.3956,1.3652,1.3928,825.9999999999978,303.99999999999983,190.00000000000128
2011-W43,1.3927,1.4247,1.3797,1.3857,1081.9999999999986,450.00000000000153,-70.00000000000117
2011-W44,1.3858,1.387,1.3608,1.3776,958.0000000000011,262.0,-81.99999999999986
2011-W45,1.3775,1.3857,1.3483,1.3632,1058.9999999999989,373.99999999999875,-142.9999999999998
2011-W46,1.3633,1.364,1.3421,1.3488,668.0000000000019,219.0000000000003,-144.99999999999957
2011-W47,1.3487,1.3568,1.3212,1.3319,672.0000000000015,356.00000000000074,-167.99999999999926
2011-W48,1.332,1.3548,1.3259,1.34004,829.2000000000011,288.99999999999926,80.39999999999824
2011-W49,1.34005,1.34588,1.31624,1.31868,738.3000000000028,296.3999999999989,-213.69999999999888
2011-W50,1.31885,1.32361,1.29455,1.29972,588.7999999999982,290.59999999999866,-191.30000000000092
2011-W51,1.29973,1.31962,1.29933,1.306,512.3999999999972,202.89999999999918,62.699999999999974
2011-W52,1.30579,1.30826,1.28577,1.29338,463.19999999999914,224.89999999999898,-124.10000000000032
2012-W01,1.29337,1.30763,1.26654,1.2764,730.2999999999993,410.9000000000007,-169.6999999999993
2012-W02,1.27638,1.28776,1.26253,1.26662,663.1999999999971,252.30000000000086,-97.59999999999991
2012-W03,1.26661,1.30519,1.26486,1.30151,699.4000000000011,403.2999999999998,348.9999999999993
2012-W04,1.30155,1.32333,1.29304,1.31427,698.8999999999978,302.8999999999993,127.20000000000064
2012-W05,1.31429,1.32173,1.30253,1.31295,726.2999999999997,192.00000000000105,-13.399999999998968
2012-W06,1.31294,1.33203,1.30886,1.31855,587.3000000000018,231.70000000000135,56.100000000001145
2012-W07,1.31856,1.3276,1.29736,1.32426,651.9999999999992,302.3999999999982,57.000000000000384
2012-W08,1.32428,1.34856,1.31862,1.33966,550.600000000001,299.4000000000008,153.80000000000172
2012-W09,1.33968,1.34848,1.31596,1.32159,551.9999999999992,325.1999999999988,-180.8999999999994
2012-W10,1.32162,1.32904,1.30782,1.31539,606.7000000000022,212.20000000000016,-62.29999999999958
2012-W11,1.31535,1.32645,1.30033,1.32377,595.2999999999986,261.1999999999992,84.19999999999872
2012-W12,1.32376,1.3367,1.31333,1.33577,585.3999999999982,233.6999999999989,120.09999999999854
2012-W13,1.33584,1.33846,1.32515,1.33198,445.89999999999907,133.09999999999934,-38.599999999999746
2012-W14,1.33195,1.33668,1.30327,1.31049,576.7000000000011,334.1000000000016,-214.60000000000034
2012-W15,1.31048,1.3212,1.2994,1.3141,575.7999999999996,217.99999999999818,36.19999999999956
2012-W16,1.31412,1.32266,1.30571,1.31554,465.40000000000026,169.5000000000002,14.199999999999768
2012-W17,1.31558,1.32695,1.31443,1.32382,371.40000000000174,125.20000000000087,82.40000000000025
2012-W18,1.32384,1.32829,1.29545,1.30499,490.3999999999997,328.3999999999998,-188.49999999999812
2012-W19,1.30501,1.30648,1.28208,1.28227,369.2999999999991,243.99999999999977,-227.39999999999984
2012-W20,1.28229,1.28684,1.26415,1.28165,559.0000000000006,226.89999999999878,-6.399999999999739
2012-W21,1.28162,1.28192,1.24956,1.25405,613.7000000000014,323.59999999999945,-275.69999999999874
2012-W22,1.25406,1.25739,1.22877,1.24984,640.2000000000019,286.2000000000009,-42.19999999999891
2012-W23,1.24983,1.26681,1.24094,1.24826,689.4,258.7000000000006,-15.700000000000713
2012-W24,1.24814,1.27471,1.24419,1.25752,581.8000000000012,305.200000000001,93.79999999999944
2012-W25,1.25755,1.27423,1.24705,1.25031,594.2999999999987,271.79999999999984,-72.39999999999912
2012-W26,1.25032,1.2692,1.24067,1.25768,640.1000000000034,285.30000000000166,73.59999999999812
2012-W27,1.25739,1.26265,1.22556,1.2312,551.1000000000022,370.90000000000066,-261.89999999999935
2012-W28,1.23119,1.23331,1.21617,1.2272,472.90000000000055,171.39999999999932,-39.89999999999938
2012-W29,1.22713,1.23211,1.20667,1.21159,525.5000000000032,254.40000000000128,-155.40000000000109
2012-W30,1.21157,1.23891,1.20414,1.22597,658.3000000000005,347.6999999999997,143.9999999999997
2012-W31,1.22595,1.24426,1.21332,1.24,798.3999999999969,309.3999999999997,140.49999999999895
2012-W32,1.24001,1.24412,1.22407,1.23312,449.3999999999998,200.499999999999,-68.90000000000063
2012-W33,1.23314,1.2385,1.22551,1.23446,431.39999999999736,129.89999999999836,13.199999999999878
2012-W34,1.23447,1.25887,1.23415,1.24982,450.79999999999785,247.19999999999854,153.49999999999974
2012-W35,1.24979,1.26369,1.24646,1.25919,437.1000000000014,172.30000000000078,94.00000000000075
2012-W36,1.25918,1.28167,1.2501,1.27574,533.2000000000003,315.70000000000095,165.6000000000013
2012-W37,1.27575,1.31709,1.27543,1.31166,658.9000000000001,416.6000000000003,359.1000000000011
2012-W38,1.31161,1.31207,1.28903,1.29299,515.4000000000015,230.4000000000017,-186.1999999999986
2012-W39,1.29302,1.29701,1.28031,1.28873,517.0000000000008,166.99999999999937,-42.90000000000127
2012-W40,1.28875,1.30708,1.28767,1.29676,442.39999999999833,194.09999999999928,80.0999999999985
2012-W41,1.29674,1.29909,1.28248,1.2948,493.29999999999876,166.10000000000014,-19.400000000000528
2012-W42,1.29474,1.31387,1.29421,1.30587,409.2999999999991,196.6000000000001,111.30000000000084
2012-W43,1.30586,1.30748,1.2882,1.29033,430.50000000000034,192.79999999999964,-155.30000000000044
2012-W44,1.29035,1.30199,1.27666,1.27952,434.60000000000053,253.30000000000075,-108.30000000000118
2012-W45,1.27953,1.28756,1.26892,1.27087,408.5999999999945,186.3999999999999,-86.60000000000112
2012-W46,1.2709,1.2819,1.26608,1.28125,403.7999999999986,158.19999999999945,103.50000000000081
2012-W47,1.28124,1.29899,1.27357,1.29708,396.5000000000018,254.2,158.40000000000077
2012-W48,1.2971,1.3075,1.28793,1.30526,394.3999999999992,195.70000000000087,81.60000000000167
2012-W49,1.30527,1.31259,1.28761,1.29399,421.1000000000031,249.8,-112.79999999999957
2012-W50,1.29401,1.31879,1.2928,1.31633,398.6999999999985,259.8999999999996,223.19999999999897
2012-W51,1.31632,1.33075,1.31551,1.31905,430.2000000000028,152.40000000000143,27.300000000001212
2012-W52,1.32099,1.32828,1.31652,1.31928,301.7000000000003,117.59999999999992,-17.100000000001003
2013-W01,1.32041,1.32987,1.29968,1.31157,480.8000000000012,301.9000000000016,-88.40000000000181
2013-W02,1.31159,1.34031,1.30358,1.33814,562.7999999999988,367.2999999999993,265.50000000000074
2013-W03,1.33812,1.33974,1.32559,1.3313,465.80000000000285,141.49999999999886,-68.20000000000049
2013-W04,1.33128,1.34784,1.32638,1.34547,482.80000000000325,214.60000000000034,141.89999999999924
2013-W05,1.34541,1.37102,1.34137,1.35125,533.300000000001,296.49999999999955,58.400000000000674
2013-W06,1.35137,1.35967,1.33526,1.34051,594.3999999999994,244.10000000000042,-108.5999999999987
2013-W07,1.34055,1.35192,1.33056,1.33505,488.000000000004,213.60000000000045,-54.99999999999838
2013-W08,1.33502,1.34333,1.30471,1.30616,729.899999999999,386.1999999999988,-288.6000000000011
2013-W09,1.30617,1.31611,1.29658,1.30249,501.6999999999983,195.29999999999825,-36.800000000001276
2013-W10,1.30251,1.31335,1.29545,1.30451,576.2000000000023,179.00000000000028,20.000000000000018
2013-W11,1.30447,1.31064,1.28812,1.29551,567.3000000000039,225.20000000000095,-89.60000000000079
2013-W12,1.29552,1.30473,1.28292,1.28521,662.8999999999974,218.09999999999886,-103.10000000000042
2013-W13,1.28522,1.2889,1.27505,1.28477,406.79999999999825,138.49999999999918,-4.500000000000615
2013-W14,1.2847,1.30392,1.2745,1.30077,555.1000000000039,294.20000000000005,160.70000000000027
2013-W15,1.30082,1.31375,1.30043,1.30343,445.7,133.2,26.100000000000012
2013-W16,1.30355,1.32008,1.30008,1.30653,599.3000000000004,200.00000000000017,29.799999999999827
2013-W17,1.30655,1.31158,1.29538,1.3098,436.4000000000012,161.99999999999991,32.49999999999975
2013-W18,1.30982,1.32421,1.30323,1.30757,607.6999999999977,209.79999999999998,-22.500000000000853
2013-W19,1.30758,1.31935,1.29346,1.29742,526.9000000000012,258.8999999999997,-101.59999999999947
2013-W20,1.29744,1.30283,1.27957,1.28819,473.5000000000023,232.59999999999837,-92.4999999999998
2013-W21,1.28817,1.29973,1.28207,1.29299,514.2999999999986,176.60000000000008,48.200000000000465
2013-W22,1.29307,1.31067,1.28372,1.30756,634.7000000000057,269.5000000000003,144.90000000000114
2013-W23,1.30759,1.33049,1.30415,1.32567,537.1000000000037,263.4000000000003,180.79999999999873
2013-W24,1.32566,1.33894,1.32316,1.33659,434.1000000000017,157.80000000000126,109.29999999999885
2013-W25,1.33658,1.34162,1.30584,1.31187,625.699999999998,357.80000000000143,-247.1000000000001
2013-W26,1.31182,1.31499,1.29842,1.30624,417.6000000000002,165.70000000000195,-55.79999999999919
2013-W27,1.30642,1.30773,1.28053,1.28696,545.199999999999,272.00000000000114,-194.59999999999812
2013-W28,1.28695,1.32053,1.27545,1.30611,797.2000000000002,450.80000000000007,191.60000000000065
2013-W29,1.3061,1.32174,1.30501,1.31853,426.7000000000021,167.2999999999991,124.29999999999941
2013-W30,1.31849,1.32962,1.31628,1.32619,385.1000000000027,133.40000000000128,77.0000000000004
2013-W31,1.3262,1.3344,1.31889,1.32578,491.60000000000093,155.10000000000136,-4.20000000000087
2013-W32,1.32577,1.33995,1.32455,1.32992,353.1000000000017,154.0000000000008,41.50000000000098
2013-W33,1.32991,1.33792,1.32051,1.33336,410.39999999999964,174.09999999999926,34.50000000000175
2013-W34,1.33341,1.34513,1.32975,1.33682,409.2999999999991,153.7999999999995,34.09999999999913
2013-W35,1.33676,1.3398,1.31732,1.31906,416.49999999999966,224.80000000000055,-177.00000000000048
2013-W36,1.31912,1.328,1.3104,1.32545,433.9000000000004,176.0000000000006,63.29999999999947
2013-W37,1.32546,1.33848,1.32296,1.33334,316.6999999999964,155.1999999999998,78.79999999999887
2013-W38,1.33333,1.35678,1.33245,1.34922,435.0000000000009,243.30000000000186,158.90000000000182
2013-W39,1.34923,1.35636,1.34612,1.35256,357.89999999999765,102.40000000000026,33.30000000000055
2013-W40,1.35237,1.36453,1.35042,1.35804,383.2999999999998,141.10000000000068,56.69999999999842
2013-W41,1.35802,1.36064,1.34852,1.35604,342.70000000000243,121.20000000000131,-19.800000000000928
2013-W42,1.35602,1.37032,1.34721,1.36799,434.00000000000324,231.09999999999962,119.70000000000036
2013-W43,1.36797,1.38315,1.36616,1.37842,342.10000000000076,169.9000000000006,104.50000000000071
2013-W44,1.37844,1.38125,1.34418,1.35133,520.2000000000018,370.7000000000016,-271.1000000000019
2013-W45,1.35136,1.35467,1.32948,1.34059,577.7999999999994,251.90000000000046,-107.69999999999946
2013-W46,1.34056,1.3541,1.33585,1.35051,421.59999999999974,182.500000000001,99.50000000000125
2013-W47,1.35048,1.3578,1.33987,1.35156,474.99999999999875,179.3,10.80000000000192
2013-W48,1.35166,1.36209,1.35147,1.35406,300.8000000000011,106.20000000000074,23.999999999999577
2013-W49,1.35408,1.37447,1.35237,1.37382,438.1999999999997,221.00000000000009,197.40000000000092
2013-W50,1.37375,1.38099,1.37089,1.37598,325.8000000000005,100.99999999999997,22.299999999999542
2013-W51,1.37597,1.38109,1.36245,1.36951,374.9000000000002,186.3999999999999,-64.5999999999991
2013-W52,1.36952,1.38922,1.36542,1.3802,374.39999999999475,237.9999999999982,106.80000000000022
2014-W01,1.37987,1.38119,1.35706,1.36277,386.2999999999994,241.29999999999984,-170.99999999999892
2014-W02,1.36281,1.36865,1.35479,1.36702,390.3000000000034,138.59999999999982,42.099999999998246
2014-W03,1.367,1.36986,1.35069,1.35512,380.69999999999607,191.70000000000132,-118.7999999999989
2014-W04,1.35508,1.37387,1.35156,1.36727,409.0999999999978,223.0999999999983,121.89999999999924
2014-W05,1.36724,1.36877,1.34763,1.35242,416.0000000000008,211.39999999999935,-148.20000000000056
2014-W06,1.35239,1.36508,1.34817,1.36447,364.5999999999971,169.0999999999998,120.8000000000009
2014-W07,1.36441,1.37235,1.35614,1.37065,324.3000000000018,162.1000000000006,62.40000000000023
2014-W08,1.37061,1.37725,1.36848,1.37343,321.20000000000147,87.70000000000167,28.199999999998226
2014-W09,1.37341,1.38239,1.36425,1.3734,427.69999999999976,181.40000000000046,-0.10000000000065512
2014-W10,1.37339,1.39142,1.37067,1.38756,352.7999999999998,207.50000000000045,141.69999999999794
2014-W11,1.38758,1.3966,1.3833,1.3921,395.10000000000156,133.0000000000009,45.199999999998575
2014-W12,1.39211,1.39419,1.37485,1.38381,443.80000000000086,193.40000000000134,-82.99999999999974
2014-W13,1.38384,1.38462,1.3704,1.37678,371.70000000000147,142.199999999999,-70.60000000000066
2014-W14,1.3768,1.38195,1.36719,1.37405,333.9000000000003,147.60000000000107,-27.500000000000302
2014-W15,1.37407,1.39047,1.37367,1.38199,316.20000000000425,168.00000000000148,79.2000000000015
2014-W16,1.382,1.38639,1.37865,1.37922,201.10000000000073,77.4000000000008,-27.800000000000047
2014-W17,1.37918,1.38787,1.37844,1.38504,231.90000000000043,94.29999999999828,58.59999999999977
2014-W18,1.38502,1.38885,1.37734,1.38746,293.29999999999853,115.09999999999908,24.399999999999977
2014-W19,1.38745,1.39927,1.37444,1.37565,392.4000000000016,248.29999999999907,-118.00000000000033
2014-W20,1.37567,1.37709,1.36476,1.37083,281.8000000000009,123.29999999999953,-48.39999999999955
2014-W21,1.37082,1.37225,1.36144,1.36455,249.8,108.09999999999987,-62.699999999999974
2014-W22,1.36448,1.36679,1.35854,1.35957,199.49999999999912,82.49999999999869,-49.099999999999696
2014-W23,1.35958,1.3676,1.35023,1.35931,407.1999999999987,173.69999999999885,-2.6999999999999247
2014-W24,1.3593,1.36011,1.35115,1.35731,287.8000000000003,89.59999999999857,-19.899999999999363
2014-W25,1.3573,1.36427,1.35355,1.36035,276.8999999999999,107.20000000000063,30.49999999999997
2014-W26,1.36041,1.36969,1.35752,1.36913,258.80000000000126,121.70000000000014,87.20000000000061
2014-W27,1.36911,1.36996,1.35752,1.36039,191.90000000000262,124.40000000000006,-87.20000000000061
2014-W28,1.3604,1.36499,1.35874,1.36181,212.60000000000056,62.499999999998664,14.099999999999113
2014-W29,1.36182,1.36273,1.34902,1.3523,222.50000000000102,137.0999999999989,-95.19999999999973
2014-W30,1.35228,1.35288,1.34207,1.34389,207.40000000000202,108.09999999999987,-83.89999999999898
2014-W31,1.34391,1.3444,1.33661,1.34209,207.00000000000162,77.89999999999964,-18.199999999999328
2014-W32,1.34212,1.34319,1.33323,1.3384,297.50000000000387,99.60000000000191,-37.199999999999456
2014-W33,1.33844,1.34144,1.33353,1.33629,281.29999999999546,79.09999999999862,-21.500000000000963
2014-W34,1.33627,1.33637,1.31832,1.31914,268.8999999999986,180.50000000000122,-171.3000000000009
2014-W35,1.31911,1.322,1.31184,1.31278,258.59999999999997,101.60000000000169,-63.29999999999947
2014-W36,1.31277,1.31592,1.28812,1.28938,441.8999999999995,278.00000000000045,-233.9000000000002
2014-W37,1.28937,1.29786,1.28587,1.29394,366.9999999999973,119.89999999999945,45.70000000000185
2014-W38,1.29392,1.29945,1.28155,1.28485,450.4000000000019,179.00000000000028,-90.69999999999911
2014-W39,1.28484,1.29005,1.2663,1.26845,369.59999999999883,237.49999999999937,-163.89999999999904
2014-W40,1.26839,1.27015,1.24999,1.26547,612.0000000000015,201.59999999999957,-29.199999999998116
2014-W41,1.26544,1.27905,1.2583,1.27512,602.4000000000008,207.50000000000045,96.80000000000133
2014-W42,1.27516,1.2886,1.26239,1.27995,707.5999999999993,262.10000000000065,47.8999999999985
2014-W43,1.27997,1.28399,1.26138,1.26978,409.40000000000197,226.1000000000002,-101.90000000000143
2014-W44,1.26978,1.27705,1.24403,1.24811,517.5000000000018,330.2000000000005,-216.69999999999857
2014-W45,1.24813,1.25772,1.23579,1.24202,577.1999999999977,219.30000000000004,-61.1000000000006
2014-W46,1.24202,1.25773,1.23946,1.24491,528.3000000000015,182.70000000000007,28.900000000000592
2014-W47,1.2449,1.25975,1.23609,1.24414,534.6999999999969,236.60000000000014,-7.599999999998719
2014-W48,1.24415,1.25318,1.24022,1.24686,382.8000000000009,129.5999999999986,27.099999999999902
2014-W49,1.2469,1.24761,1.2247,1.23162,582.3000000000022,229.10000000000207,-152.7999999999996
2014-W50,1.2316,1.24952,1.22919,1.24358,531.9999999999991,203.29999999999959,119.79999999999879
2014-W51,1.24361,1.25698,1.22167,1.22286,555.1999999999979,353.0999999999995,-207.50000000000045
2014-W52,1.22283,1.22459,1.21428,1.2151,263.6000000000016,103.10000000000042,-77.30000000000015
2015-W01,1.21548,1.21874,1.18664,1.19327,354.3999999999992,321.00000000000017,-222.0999999999984
2015-W02,1.19329,1.19687,1.17541,1.18334,440.3000000000001,214.60000000000034,-99.49999999999903
2015-W03,1.18331,1.18595,1.146,1.16019,726.0000000000044,399.50000000000153,-231.2000000000003
2015-W04,1.16068,1.16802,1.10978,1.12386,1005.0000000000003,582.4000000000007,-368.1999999999985
2015-W05,1.12377,1.14225,1.12236,1.13411,566.7000000000022,198.89999999999964,103.40000000000016
2015-W06,1.13407,1.1534,1.12702,1.13231,848.7000000000022,263.8000000000007,-17.599999999999838
2015-W07,1.13229,1.14431,1.1273,1.13532,433.59999999999843,170.09999999999968,30.300000000000882
2015-W08,1.13552,1.14501,1.12791,1.13342,555.4000000000015,171.00000000000114,-20.999999999999908
2015-W09,1.13339,1.13885,1.11599,1.11822,467.69999999999976,228.5999999999988,-151.69999999999905
2015-W10,1.11824,1.12174,1.08227,1.0851,591.9000000000008,394.69999999999897,-331.39999999999947
2015-W11,1.08512,1.0855,1.04623,1.05666,879.3999999999991,392.69999999999914,-284.6000000000015
2015-W12,1.05661,1.10385,1.05513,1.09451,1301.000000000001,487.20000000000095,379.00000000000045
2015-W13,1.09439,1.10521,1.08011,1.08345,680.7999999999992,251.00000000000122,-109.3999999999995
2015-W14,1.08324,1.10354,1.07128,1.09219,656.9000000000003,322.59999999999957,89.50000000000014
2015-W15,1.09219,1.09549,1.05204,1.05668,642.0999999999988,434.4999999999999,-355.0999999999993
2015-W16,1.05669,1.08486,1.05315,1.07371,722.6999999999962,317.09999999999906,170.20000000000036
2015-W17,1.07367,1.09265,1.06598,1.08908,615.2000000000024,266.6999999999997,154.10000000000144
2015-W18,1.0891,1.12899,1.08601,1.11451,770.599999999999,429.8000000000002,254.09999999999934
2015-W19,1.11443,1.13916,1.10663,1.11547,691.3999999999976,325.2999999999995,10.399999999999299
2015-W20,1.11542,1.14667,1.11342,1.13134,721.799999999999,332.5,159.19999999999933
2015-W21,1.13136,1.13263,1.09592,1.09774,655.2000000000003,367.1000000000002,-336.1999999999998
2015-W22,1.09768,1.10059,1.08192,1.09261,501.00000000000256,186.69999999999965,-50.69999999999908
2015-W23,1.09261,1.13797,1.09159,1.12904,1094.6999999999996,463.79999999999865,364.2999999999996
2015-W24,1.1291,1.13863,1.11511,1.12825,657.6999999999988,235.19999999999985,-8.500000000000174
2015-W25,1.12834,1.14362,1.1205,1.13395,585.500000000001,231.2000000000003,56.100000000001145
2015-W26,1.13393,1.13473,1.0953,1.12343,781.900000000002,394.30000000000075,-105.00000000000176
2015-W27,1.12336,1.1244,1.0969,1.10548,528.8000000000026,275.0000000000008,-178.79999999999896
2015-W28,1.10532,1.12158,1.09163,1.10004,781.7000000000007,299.4999999999992,-52.80000000000173
2015-W29,1.1002,1.10836,1.08082,1.08239,472.999999999999,275.4000000000012,-178.10000000000105
2015-W30,1.08237,1.11294,1.08115,1.10869,581.2000000000016,317.89999999999986,263.19999999999897
2015-W31,1.1087,1.11139,1.08932,1.09485,538.200000000002,220.70000000000033,-138.49999999999918
2015-W32,1.09486,1.10413,1.0848,1.10178,507.99999999999955,193.3000000000007,69.20000000000037
2015-W33,1.10173,1.12138,1.09605,1.10761,583.3000000000044,253.30000000000075,58.79999999999885
2015-W34,1.10756,1.1714,1.1017,1.16174,835.4000000000017,697.0000000000009,541.7999999999989
2015-W35,1.16174,1.16214,1.1156,1.12097,902.0000000000028,465.40000000000026,-407.6999999999997
2015-W36,1.12091,1.13319,1.10872,1.11688,540.1000000000012,244.69999999999993,-40.299999999999784
2015-W37,1.11688,1.13729,1.11317,1.1315,470.4999999999981,241.1999999999992,146.19999999999857
2015-W38,1.13151,1.14599,1.11811,1.11891,672.3000000000012,278.80000000000126,-125.99999999999945
2015-W39,1.11876,1.12959,1.1105,1.12435,549.2999999999993,190.90000000000052,55.899999999999835
2015-W40,1.12418,1.13183,1.11349,1.11853,548.8000000000004,183.39999999999802,-56.49999999999933
2015-W41,1.11856,1.13968,1.11719,1.13566,435.3999999999991,224.9000000000012,170.99999999999892
2015-W42,1.13566,1.14953,1.13058,1.13254,445.80000000000064,189.50000000000023,-31.199999999997896
2015-W43,1.13252,1.13869,1.09966,1.10561,568.9000000000011,390.299999999999,-269.0999999999999
2015-W44,1.10562,1.10957,1.08967,1.10147,489.3000000000014,199.00000000000028,-41.50000000000098
2015-W45,1.10138,1.10299,1.07063,1.07501,539.099999999999,323.59999999999945,-263.70000000000005
2015-W46,1.07499,1.08301,1.06742,1.06854,483.2000000000036,155.89999999999992,-64.49999999999845
2015-W47,1.06841,1.0763,1.05927,1.06356,405.89999999999907,170.300000000001,-48.50000000000021
2015-W48,1.06354,1.06892,1.05578,1.05631,310.9000000000028,131.4000000000015,-72.29999999999848
2015-W49,1.05629,1.09811,1.05223,1.08369,830.200000000001,458.7999999999992,274.0000000000009
2015-W50,1.08362,1.10486,1.083,1.09909,542.1999999999994,218.5999999999999,154.69999999999874
2015-W51,1.09905,1.10594,1.08027,1.09145,550.3999999999997,256.69999999999857,-76.00000000000051
2015-W52,1.09137,1.09924,1.08701,1.09652,270.9000000000028,122.29999999999963,51.49999999999988
2015-W53,1.0965,1.09915,1.07811,1.08296,383.9000000000037,210.40000000000168,-135.40000000000109
2016-W01,1.08285,1.09698,1.07106,1.08587,630.2999999999992,259.20000000000164,30.199999999998006
2016-W02,1.08584,1.09845,1.08048,1.08914,460.6999999999961,179.6999999999982,33.00000000000081
2016-W03,1.08904,1.09758,1.07777,1.08484,477.40000000000117,198.10000000000105,-41.999999999999815
2016-W04,1.08486,1.09675,1.08099,1.08878,455.8000000000018,157.59999999999997,39.20000000000145
2016-W05,1.08878,1.12449,1.08836,1.1192,733.1999999999983,361.29999999999995,304.1999999999989
2016-W06,1.1192,1.13765,1.11278,1.11523,671.1999999999985,248.69999999999948,-39.70000000000029
2016-W07,1.11527,1.1193,1.1003,1.1028,414.7000000000034,189.99999999999906,-124.69999999999982
2016-W08,1.10284,1.10682,1.08593,1.08723,474.6000000000006,208.89999999999853,-156.10000000000124
2016-W09,1.08721,1.10435,1.08254,1.10131,460.69999999999834,218.09999999999886,141.0
2016-W10,1.10132,1.12179,1.08221,1.11019,776.2000000000003,395.8000000000017,88.69999999999933
2016-W11,1.11009,1.13425,1.10578,1.12409,506.000000000002,284.69999999999993,140.0000000000001
2016-W12,1.12409,1.12601,1.11442,1.11958,273.79999999999734,115.89999999999989,-45.100000000000136
2016-W13,1.1196,1.14378,1.11688,1.13892,476.4999999999975,268.99999999999926,193.20000000000005
2016-W14,1.13888,1.14538,1.13267,1.14062,435.69999999999663,127.1,17.400000000000748
2016-W15,1.14062,1.14648,1.12337,1.13114,432.60000000000076,231.09999999999962,-94.79999999999933
2016-W16,1.13101,1.13987,1.12177,1.12668,458.9000000000021,181.00000000000006,-43.300000000001674
2016-W17,1.12624,1.15357,1.12562,1.15343,444.7999999999963,279.4999999999992,271.9000000000005
2016-W18,1.15317,1.1616,1.13752,1.13819,427.499999999994,240.7999999999988,-149.79999999999993
2016-W19,1.13828,1.14465,1.12829,1.13191,324.19999999999675,163.5999999999993,-63.69999999999987
2016-W20,1.13198,1.13482,1.11799,1.12192,294.09999999999934,168.29999999999902,-100.59999999999958
2016-W21,1.12192,1.12268,1.10977,1.11387,336.79999999999933,129.09999999999977,-80.50000000000112
2016-W22,1.11369,1.13925,1.11141,1.13533,509.80000000000246,278.4000000000009,216.3999999999988
2016-W23,1.13527,1.14155,1.12321,1.129,354.49999999999983,183.40000000000023,-62.699999999999974
2016-W24,1.12898,1.13826,1.11308,1.13111,537.3000000000028,251.7999999999998,21.299999999999653
2016-W25,1.13115,1.14283,1.09116,1.10223,967.9000000000016,516.7000000000011,-289.20000000000056
2016-W26,1.10229,1.11694,1.10101,1.11522,471.9000000000029,159.3,129.3000000000011
2016-W27,1.11533,1.11851,1.10019,1.10563,437.4000000000011,183.1999999999989,-97.00000000000043
2016-W28,1.10562,1.11647,1.10241,1.10741,400.7000000000005,140.60000000000184,17.899999999999583
2016-W29,1.10741,1.10803,1.09519,1.09943,340.70000000000044,128.39999999999964,-79.80000000000098
2016-W30,1.09933,1.11972,1.09611,1.1161,376.0000000000008,236.1000000000013,167.70000000000175
2016-W31,1.11605,1.12337,1.10458,1.10872,352.7999999999998,187.90000000000083,-73.30000000000058
2016-W32,1.10875,1.12212,1.10704,1.11829,326.99999999999955,150.7999999999998,95.40000000000104
2016-W33,1.11822,1.13662,1.11772,1.13196,417.0999999999969,188.99999999999918,137.40000000000086
2016-W34,1.13192,1.1355,1.11579,1.11877,366.0999999999981,197.09999999999894,-131.49999999999994
2016-W35,1.11882,1.12521,1.1123,1.11475,324.80000000000285,129.09999999999977,-40.70000000000018
2016-W36,1.11444,1.13269,1.11407,1.12337,401.60000000000196,186.2000000000008,89.29999999999882
2016-W37,1.12334,1.12837,1.11494,1.11735,333.5999999999983,134.30000000000052,-59.899999999999395
2016-W38,1.11733,1.1279,1.11229,1.1252,314.500000000002,156.09999999999903,78.70000000000044
2016-W39,1.12526,1.12586,1.11532,1.12102,311.2000000000004,105.39999999999993,-42.40000000000022
2016-W40,1.12096,1.12388,1.11042,1.11375,389.10000000000446,134.60000000000028,-72.09999999999938
2016-W41,1.11364,1.11422,1.09637,1.09977,362.3999999999983,178.4999999999992,-138.7000000000005
2016-W42,1.09982,1.10393,1.08593,1.08805,339.6000000000021,180.00000000000017,-117.70000000000059
2016-W43,1.08808,1.09916,1.08509,1.09797,339.6999999999961,140.69999999999806,98.89999999999955
2016-W44,1.09796,1.11412,1.09599,1.1038,392.8999999999983,181.29999999999978,58.39999999999846
2016-W45,1.10394,1.12991,1.0709,1.07356,762.8999999999996,590.1,-303.79999999999853
2016-W46,1.07351,1.08164,1.05689,1.06275,465.80000000000064,247.49999999999827,-107.5999999999988
2016-W47,1.0627,1.06854,1.0518,1.06135,469.89999999999867,167.39999999999978,-13.499999999999623
2016-W48,1.06126,1.07961,1.05045,1.07631,643.4999999999991,291.59999999999854,150.50000000000009
2016-W49,1.07624,1.08732,1.05251,1.06346,647.2000000000011,348.1000000000001,-127.80000000000014
2016-W50,1.0633,1.06699,1.03664,1.04002,569.6999999999996,303.50000000000097,-232.79999999999967
2016-W51,1.04009,1.04993,1.03522,1.04652,278.59999999999997,147.10000000000002,64.29999999999936
2016-W52,1.04526,1.06534,1.03719,1.04517,468.3999999999977,281.499999999999,-0.9000000000014552
2017-W01,1.04534,1.06214,1.03406,1.05717,562.4999999999991,280.80000000000103,118.30000000000007
2017-W02,1.05732,1.06847,1.04537,1.05982,495.3999999999992,231.0000000000012,24.999999999999467
2017-W03,1.0598,1.07689,1.05892,1.07635,458.49999999999727,179.6999999999982,165.49999999999844
2017-W04,1.07635,1.07747,1.06201,1.06924,407.5999999999991,154.6000000000003,-71.0999999999995
2017-W05,1.06919,1.08287,1.06848,1.07488,452.4000000000039,143.89999999999904,56.89999999999973
2017-W06,1.07484,1.07499,1.05919,1.05968,351.89999999999833,157.99999999999815,-151.60000000000062
2017-W07,1.05976,1.06792,1.05213,1.0611,349.89999999999634,157.8999999999997,13.399999999998968
2017-W08,1.06111,1.06305,1.04937,1.05858,368.00000000000387,136.80000000000138,-25.299999999999212
2017-W09,1.0586,1.06398,1.04949,1.05798,379.7000000000006,144.89999999999893,-6.200000000000649
2017-W10,1.05787,1.07142,1.0525,1.06523,363.0000000000022,189.20000000000047,73.59999999999812
2017-W11,1.06516,1.07824,1.06,1.0739,371.40000000000174,182.40000000000035,87.3999999999997
2017-W12,1.07386,1.09061,1.0719,1.08641,322.70000000000243,187.10000000000005,125.50000000000061
2017-W13,1.08638,1.08725,1.06421,1.0669,348.1999999999985,230.3999999999995,-194.79999999999941
2017-W14,1.0669,1.06889,1.05697,1.05948,272.9999999999988,119.1999999999993,-74.19999999999982
2017-W15,1.0595,1.06776,1.05785,1.06419,298.1999999999996,99.10000000000085,46.89999999999861
2017-W16,1.0641,1.09181,1.06369,1.08663,357.99999999999613,281.19999999999925,225.2999999999994
2017-W17,1.08663,1.09507,1.08512,1.08971,404.9999999999976,99.49999999999903,30.799999999999716
2017-W18,1.08967,1.10211,1.08748,1.09229,371.89999999999833,146.29999999999922,26.200000000000667
2017-W19,1.09225,1.09895,1.08391,1.0975,314.0000000000009,150.40000000000165,52.49999999999977
2017-W20,1.09733,1.12633,1.09723,1.1237,521.3000000000045,291.00000000000125,263.70000000000005
2017-W21,1.12354,1.12682,1.11605,1.11623,303.4000000000003,107.69999999999946,-73.09999999999928
2017-W22,1.11614,1.1285,1.11096,1.12519,367.1000000000024,175.4000000000011,90.50000000000003
2017-W23,1.12529,1.12837,1.11663,1.12037,306.69999999999976,117.40000000000083,-49.199999999998134
2017-W24,1.12037,1.12957,1.11319,1.11465,371.69999999999925,163.8000000000006,-57.200000000001694
2017-W25,1.11464,1.12198,1.11187,1.11811,238.00000000000267,101.10000000000063,34.699999999998624
2017-W26,1.11813,1.14453,1.11789,1.13636,464.89999999999696,266.4,182.29999999999967
2017-W27,1.13629,1.14399,1.13122,1.13989,288.29999999999916,127.7000000000017,36.000000000000476
2017-W28,1.13973,1.14893,1.13705,1.14776,412.7000000000036,118.80000000000112,80.29999999999981
2017-W29,1.14776,1.16841,1.14715,1.16408,458.7000000000008,212.60000000000056,163.20000000000113
2017-W30,1.16405,1.18455,1.16129,1.18403,550.0000000000016,232.6000000000006,199.79999999999887
2017-W31,1.18403,1.19101,1.17281,1.17948,443.70000000000243,181.99999999999994,-45.49999999999832
2017-W32,1.17933,1.18468,1.16888,1.17783,430.79999999999785,158.00000000000037,-15.000000000000568
2017-W33,1.17782,1.18279,1.1662,1.18145,493.0000000000034,165.90000000000106,36.299999999998
2017-W34,1.18146,1.19837,1.17399,1.19783,430.6999999999972,243.79999999999848,163.69999999999996
2017-W35,1.19772,1.207,1.1823,1.18935,496.2000000000044,247.00000000000165,-83.69999999999989
2017-W36,1.18934,1.2092,1.18681,1.19511,424.10000000000286,223.9000000000013,57.69999999999831
2017-W37,1.19508,1.19946,1.18379,1.19533,398.1000000000012,156.70000000000073,2.500000000000835
2017-W38,1.19506,1.20329,1.18321,1.18473,490.29999999999905,200.79999999999876,-103.2999999999995
2017-W39,1.18463,1.18614,1.1717,1.17313,409.5999999999966,144.4000000000001,-115.00000000000065
2017-W40,1.17306,1.17875,1.16691,1.17394,315.80000000000166,118.40000000000073,8.799999999999919
2017-W41,1.17392,1.18796,1.17376,1.17947,322.9999999999955,141.99999999999991,55.49999999999944
2017-W42,1.17947,1.18579,1.17249,1.17477,376.9,132.99999999999866,-46.99999999999926
2017-W43,1.17474,1.18366,1.15743,1.16489,457.30000000000047,262.2999999999997,-98.49999999999915
2017-W44,1.16487,1.16902,1.15802,1.16089,296.09999999999695,109.99999999999899,-39.80000000000095
2017-W45,1.16081,1.16777,1.15541,1.16659,254.90000000000015,123.59999999999927,57.800000000001184
2017-W46,1.16657,1.18606,1.16613,1.17307,405.6999999999977,199.29999999999782,64.9999999999995
2017-W47,1.17313,1.19611,1.1713,1.18968,355.6999999999988,248.1,165.50000000000065
2017-W48,1.18963,1.19402,1.18088,1.1864,420.2000000000039,131.4000000000015,-32.300000000000665
2017-W49,1.18644,1.18767,1.173,1.17679,281.99999999999557,146.69999999999962,-96.49999999999936
2017-W50,1.17677,1.18624,1.17175,1.17801,430.99999999999693,144.89999999999893,12.399999999999078
2017-W51,1.17799,1.19017,1.17764,1.18597,242.8000000000008,125.2999999999993,79.79999999999876
2017-W52,1.18678,1.20255,1.18464,1.20005,250.69999999999703,179.10000000000093,132.70000000000115
2018-W01,1.20037,1.20889,1.19557,1.19657,387.30000000000155,133.2,-38.000000000000256
2018-W02,1.19667,1.22964,1.19156,1.22623,581.6999999999983,380.80000000000115,295.6000000000003
2018-W03,1.22621,1.2323,1.21645,1.22581,471.0000000000014,158.4999999999992,-3.9999999999995595
2018-W04,1.2258,1.25375,1.2223,1.23811,600.3999999999987,314.4999999999998,123.10000000000043
2018-W05,1.23808,1.25225,1.23352,1.2365,564.9000000000037,187.30000000000135,-15.800000000001369
2018-W06,1.23651,1.24344,1.22055,1.229,507.1000000000025,228.90000000000077,-75.09999999999906
2018-W07,1.22895,1.2555,1.2276,1.24062,565.9000000000013,279.00000000000034,116.7000000000007
2018-W08,1.2405,1.24121,1.22597,1.23163,396.9,152.3999999999992,-88.69999999999933
2018-W09,1.23159,1.23636,1.21544,1.23355,475.899999999998,209.19999999999828,19.599999999999618
2018-W10,1.23343,1.24458,1.2273,1.23325,415.7999999999995,172.7999999999996,-1.80000000000069
2018-W11,1.23322,1.24124,1.2258,1.23338,418.00000000000057,154.39999999999898,1.5999999999993797
2018-W12,1.23339,1.24614,1.22392,1.24426,514.5000000000022,222.2000000000013,108.69999999999935
2018-W13,1.24426,1.24762,1.2282,1.23008,377.19999999999976,194.19999999999993,-141.7999999999986
2018-W14,1.23003,1.23361,1.2215,1.23202,357.3000000000004,121.10000000000065,19.899999999999363
2018-W15,1.23183,1.23958,1.22995,1.23783,315.00000000000085,96.29999999999805,60.00000000000006
2018-W16,1.23779,1.24135,1.21972,1.22078,398.8999999999998,216.30000000000038,-170.09999999999968
2018-W17,1.22071,1.22447,1.20552,1.20764,407.2000000000031,189.50000000000023,-130.69999999999914
2018-W18,1.20757,1.20838,1.18976,1.19216,422.40000000000055,186.2000000000008,-154.09999999999923
2018-W19,1.19212,1.1996,1.18225,1.19266,425.00000000000205,173.49999999999977,5.399999999999849
2018-W20,1.19257,1.1938,1.17164,1.17908,420.0999999999988,221.59999999999957,-134.90000000000003
2018-W21,1.17896,1.18295,1.16072,1.16229,455.8000000000018,222.29999999999973,-166.69999999999962
2018-W22,1.16229,1.17443,1.151,1.16976,559.0000000000006,234.3000000000006,74.69999999999865
2018-W23,1.16976,1.18397,1.16524,1.17833,365.39999999999793,187.29999999999913,85.70000000000189
2018-W24,1.17815,1.18516,1.15432,1.16222,582.5999999999975,308.3999999999998,-159.3
2018-W25,1.16223,1.17129,1.15082,1.17031,463.0999999999985,204.69999999999987,80.79999999999865
2018-W26,1.1702,1.172,1.1527,1.16385,520.299999999998,192.99999999999872,-63.49999999999856
2018-W27,1.16382,1.17906,1.16202,1.175,319.3000000000001,170.39999999999944,111.79999999999967
2018-W28,1.1749,1.17623,1.16126,1.17107,334.0999999999972,149.7000000000015,-38.3
2018-W29,1.17102,1.17498,1.15747,1.16914,440.39999999999634,175.09999999999914,-18.799999999998818
2018-W30,1.16906,1.17435,1.16202,1.17039,354.9000000000002,123.29999999999953,13.300000000000534
2018-W31,1.17035,1.17457,1.153,1.15531,280.89999999999947,215.69999999999868,-150.3999999999994
2018-W32,1.15529,1.16281,1.1365,1.14099,423.3999999999982,263.0999999999983,-142.9999999999998
2018-W33,1.14102,1.14848,1.13009,1.14793,395.60000000000036,183.89999999999907,69.09999999999971
2018-W34,1.14788,1.16934,1.14786,1.16774,466.19999999999885,214.79999999999944,198.59999999999988
2018-W35,1.16772,1.17331,1.15844,1.16175,349.6999999999995,148.7000000000016,-59.70000000000031
2018-W36,1.16177,1.1659,1.1526,1.15908,429.3999999999976,132.99999999999866,-26.89999999999859
2018-W37,1.15905,1.17215,1.15654,1.16829,431.4000000000018,156.10000000000124,92.40000000000137
2018-W38,1.16814,1.18148,1.165,1.17476,413.60000000000286,164.8000000000005,66.2000000000007
2018-W39,1.17466,1.17976,1.15631,1.15777,393.6000000000006,234.49999999999972,-168.90000000000072
2018-W40,1.15772,1.15934,1.14599,1.14908,417.8999999999977,133.49999999999972,-86.3999999999998
2018-W41,1.14901,1.16104,1.14322,1.15787,360.100000000001,178.2000000000017,88.59999999999869
2018-W42,1.15781,1.1621,1.1433,1.14639,413.09999999999735,187.9999999999993,-114.19999999999986
2018-W43,1.1463,1.14932,1.13355,1.13718,368.4999999999983,157.6999999999984,-91.20000000000017
2018-W44,1.13717,1.14557,1.13018,1.1406,378.6,153.90000000000015,34.30000000000044
2018-W45,1.14055,1.14996,1.12154,1.12167,413.80000000000194,284.2000000000011,-188.80000000000007
2018-W46,1.12173,1.14643,1.1216,1.14517,422.499999999999,248.3000000000013,234.40000000000128
2018-W47,1.14519,1.14723,1.13248,1.13263,383.09999999999843,147.5000000000004,-125.59999999999904
2018-W48,1.13262,1.14014,1.1267,1.13518,394.59999999999826,134.39999999999895,25.600000000001177
2018-W49,1.13515,1.14425,1.13105,1.13547,397.2999999999982,131.99999999999878,3.1999999999987594
2018-W50,1.13545,1.13999,1.12696,1.13472,384.90000000000356,130.30000000000098,-7.300000000001194
2018-W51,1.13474,1.14859,1.13366,1.13988,457.1999999999998,149.3000000000011,51.399999999999224
2018-W52,1.13976,1.14727,1.13428,1.14644,302.29999999999757,129.90000000000057,66.79999999999797
2019-W01,1.14598,1.14967,1.13092,1.1474,434.000000000001,187.50000000000045,14.199999999999768
2019-W02,1.1474,1.15697,1.14222,1.14679,382.00000000000233,147.5000000000004,-6.099999999999994
2019-W03,1.14679,1.14896,1.13532,1.13658,282.09999999999843,136.39999999999876,-102.10000000000052
2019-W04,1.13658,1.14436,1.12892,1.14271,354.4000000000036,154.4000000000012,61.299999999999685
2019-W05,1.14257,1.15141,1.14062,1.14353,302.90000000000595,107.90000000000077,9.599999999998499
2019-W06,1.14353,1.14404,1.12672,1.12754,224.50000000000523,173.20000000000002,-159.8999999999995
2019-W07,1.12752,1.13414,1.1234,1.13081,341.0000000000024,107.39999999999972,32.90000000000015
2019-W08,1.13079,1.13711,1.12755,1.13568,253.0999999999972,95.60000000000014,48.90000000000061
2019-W09,1.1357,1.14197,1.1309,1.13394,288.0999999999978,110.69999999999914,-17.599999999999838
2019-W10,1.13394,1.13408,1.11764,1.12488,331.6000000000052,164.4000000000001,-90.59999999999846
2019-W11,1.12488,1.13589,1.12472,1.13353,246.70000000000414,111.70000000000124,86.49999999999824
2019-W12,1.13353,1.1448,1.12732,1.13129,395.09999999999934,174.7999999999994,-22.400000000000198
2019-W13,1.1313,1.13259,1.12039,1.12122,236.4999999999995,121.99999999999989,-100.79999999999868
2019-W14,1.1212,1.12744,1.11836,1.12616,228.59999999999658,90.79999999999977,49.600000000000755
2019-W15,1.12604,1.13239,1.12294,1.1303,221.19999999999695,94.49999999999959,42.60000000000153
2019-W16,1.1303,1.13237,1.12261,1.12566,204.5000000000008,97.59999999999991,-46.39999999999978
2019-W17,1.12568,1.12612,1.11111,1.11854,305.10000000000036,150.09999999999968,-71.39999999999924
2019-W18,1.11854,1.12647,1.1135,1.1198,291.00000000000125,129.70000000000147,12.599999999998168
2019-W19,1.1198,1.12635,1.11666,1.12216,243.59999999999494,96.89999999999976,23.600000000001398
2019-W20,1.12211,1.12439,1.11506,1.11655,200.19999999999928,93.30000000000061,-55.600000000000094
2019-W21,1.11652,1.12151,1.1107,1.1191,225.3000000000016,108.09999999999987,25.800000000000267
2019-W22,1.1191,1.12619,1.1116,1.12414,270.9000000000006,145.90000000000103,50.39999999999934
2019-W23,1.12414,1.13477,1.12008,1.13113,382.50000000000114,146.90000000000092,69.90000000000052
2019-W24,1.13109,1.13434,1.12024,1.12178,262.5000000000011,141.0,-93.0999999999993
2019-W25,1.12178,1.14039,1.11813,1.13978,352.79999999999757,222.59999999999945,180.00000000000017
2019-W26,1.13979,1.14119,1.1281,1.12851,277.999999999996,130.89999999999824,-112.80000000000179
2019-W27,1.1285,1.13215,1.12069,1.12142,220.0000000000002,114.60000000000025,-70.79999999999976
2019-W28,1.12141,1.12857,1.11933,1.12577,195.80000000000152,92.40000000000137,43.5999999999992
2019-W29,1.12574,1.1282,1.11997,1.12094,268.5000000000026,82.30000000000182,-47.999999999999154
2019-W30,1.12093,1.12096,1.11013,1.11443,256.19999999999754,108.29999999999896,-64.9999999999995
2019-W31,1.11443,1.1213,1.10268,1.12033,356.39999999999895,186.1999999999986,59.00000000000016
2019-W32,1.12034,1.12497,1.11619,1.12131,313.7999999999996,87.8000000000001,9.700000000001374
2019-W33,1.12129,1.12285,1.10662,1.10778,269.3000000000012,162.29999999999967,-135.0999999999991
2019-W34,1.10773,1.11639,1.10516,1.11008,288.5000000000026,112.30000000000074,23.499999999998522
2019-W35,1.11004,1.11159,1.0958,1.09682,241.30000000000206,157.8999999999997,-132.2000000000001
2019-W36,1.09684,1.10847,1.0926,1.10477,280.4000000000029,158.7000000000005,79.29999999999993
2019-W37,1.10474,1.11094,1.09268,1.09991,406.7999999999983,182.59999999999943,-48.30000000000112
2019-W38,1.09984,1.10755,1.09661,1.09925,327.50000000000057,109.3999999999995,-5.899999999998684
2019-W39,1.09927,1.1024,1.08847,1.08991,301.2999999999999,139.29999999999998,-93.60000000000035
2019-W40,1.08991,1.10004,1.0879,1.09703,262.2999999999997,121.39999999999817,71.20000000000016
2019-W41,1.09703,1.10626,1.09409,1.10248,249.69999999999936,121.70000000000014,54.499999999999545
2019-W42,1.1025,1.11793,1.09912,1.11487,290.7999999999955,188.09999999999994,123.69999999999992
2019-W43,1.11487,1.11627,1.10729,1.10992,223.79999999999842,89.79999999999988,-49.5000000000001
2019-W44,1.10994,1.11755,1.10735,1.11272,256.39999999999884,101.99999999999987,27.800000000000047
2019-W45,1.11269,1.11401,1.10163,1.10323,225.10000000000028,123.79999999999836,-94.60000000000024
2019-W46,1.10323,1.10899,1.0989,1.10718,183.00000000000205,100.89999999999932,39.5000000000012
2019-W47,1.10711,1.10969,1.10035,1.10126,195.80000000000155,93.40000000000126,-58.50000000000133
2019-W48,1.10115,1.10907,1.09811,1.10784,205.09999999999806,109.6000000000008,66.89999999999863
2019-W49,1.10782,1.11161,1.10398,1.10635,202.20000000000127,76.30000000000025,-14.700000000000824
2019-W50,1.10638,1.11995,1.10626,1.11435,292.89999999999816,136.8999999999998,79.70000000000033
2019-W51,1.11433,1.11746,1.10662,1.10895,210.3999999999995,108.39999999999961,-53.7999999999994
2019-W52,1.10895,1.12207,1.1069,1.11985,207.8000000000002,151.69999999999905,108.99999999999909
2020-W01,1.11985,1.12391,1.11249,1.11968,205.99999999999952,114.19999999999986,-1.7000000000000348
2020-W02,1.1196,1.11975,1.1085,1.11338,237.09999999999675,112.49999999999983,-62.19999999999892
2020-W03,1.11338,1.11727,1.10766,1.10944,211.6000000000029,96.09999999999897,-39.400000000000546
2020-W04,1.10934,1.11179,1.10096,1.10184,208.00000000000153,108.30000000000118,-75.00000000000063
2020-W05,1.10185,1.10954,1.09923,1.10593,232.00000000000108,103.10000000000042,40.800000000000836
2020-W06,1.1059,1.10641,1.09076,1.09105,227.69999999999735,156.49999999999943,-148.50000000000028
2020-W07,1.09105,1.09255,1.08271,1.08345,204.09999999999818,98.39999999999849,-76.00000000000051
2020-W08,1.08343,1.0872,1.07778,1.08519,270.69999999999925,94.19999999999985,17.60000000000206
2020-W09,1.08519,1.11845,1.083,1.11331,493.7999999999998,354.49999999999983,281.19999999999925
2020-W10,1.11327,1.14954,1.10953,1.14368,634.4000000000017,400.100000000001,304.1000000000005
2020-W11,1.14464,1.14578,1.1055,1.11788,896.1000000000018,402.8000000000009,-267.60000000000116
2020-W12,1.11788,1.11891,1.06357,1.07247,1190.7000000000023,553.4000000000017,-454.0999999999995
2020-W13,1.07243,1.11473,1.07239,1.10427,809.1000000000004,423.40000000000043,318.4000000000009
2020-W14,1.10427,1.10545,1.07683,1.0792,571.1000000000022,286.2000000000009,-250.70000000000147
2020-W15,1.0792,1.09678,1.07835,1.0912,433.9000000000026,184.3000000000017,120.00000000000011
2020-W16,1.09109,1.09907,1.08119,1.08607,449.29999999999916,178.79999999999896,-50.19999999999803
2020-W17,1.08611,1.08852,1.07271,1.08286,387.59999999999906,158.0999999999988,-32.49999999999975
2020-W18,1.08282,1.10187,1.08097,1.09058,447.8999999999967,208.99999999999918,77.60000000000211
2020-W19,1.09063,1.09258,1.07665,1.08061,341.50000000000125,159.3,-100.19999999999918
2020-W20,1.08059,1.0927,1.07748,1.09154,424.00000000000216,152.2000000000001,109.50000000000016
2020-W21,1.09155,1.10083,1.08706,1.0895,337.4000000000033,137.7000000000006,-20.500000000001073
2020-W22,1.0895,1.1154,1.08919,1.11353,431.1999999999982,262.09999999999843,240.29999999999995
2020-W23,1.11353,1.13836,1.11151,1.12937,496.2000000000022,268.5000000000004,158.40000000000077
2020-W24,1.12936,1.14224,1.12125,1.13228,572.6999999999994,209.8999999999984,29.200000000000337
2020-W25,1.13228,1.13532,1.1168,1.12597,476.00000000000307,185.20000000000093,-63.10000000000038
2020-W26,1.12597,1.13486,1.11903,1.1241,379.7000000000006,158.3000000000001,-18.699999999998163
2020-W27,1.12412,1.13454,1.11848,1.13089,377.4000000000033,160.60000000000184,67.69999999999942
2020-W28,1.13087,1.13748,1.12547,1.13435,397.70000000000306,120.10000000000076,34.79999999999927
2020-W29,1.13431,1.14677,1.13251,1.14472,349.2000000000006,142.60000000000161,104.1000000000003
2020-W30,1.14472,1.17813,1.14228,1.1751,514.7999999999997,358.4999999999994,303.80000000000075
2020-W31,1.17512,1.19087,1.16959,1.17617,534.3000000000009,212.8000000000019,10.499999999999954
2020-W32,1.17633,1.1916,1.17211,1.17371,487.2000000000032,194.90000000000006,-26.200000000000667
2020-W33,1.17373,1.18809,1.1711,1.18698,397.5000000000017,169.9000000000006,132.49999999999983
2020-W34,1.18698,1.19656,1.17541,1.17873,483.0000000000001,211.50000000000003,-82.49999999999869
2020-W35,1.17871,1.1966,1.17623,1.19361,456.700000000001,203.7,149.00000000000136
2020-W36,1.19358,1.20113,1.17809,1.18133,413.7000000000013,230.3999999999995,-122.50000000000094
2020-W37,1.18133,1.19175,1.17527,1.18643,377.4000000000033,164.8000000000005,51.000000000001044
2020-W38,1.18648,1.19005,1.17317,1.17707,455.4999999999998,168.80000000000007,-94.09999999999918
2020-W39,1.17707,1.17735,1.16121,1.1665,347.6000000000013,161.39999999999822,-105.69999999999968
2020-W40,1.1665,1.17975,1.16614,1.17825,352.2000000000025,136.10000000000122,117.49999999999928
2020-W41,1.17825,1.1831,1.17249,1.1812,296.0000000000007,106.10000000000008,29.50000000000008
2020-W42,1.1812,1.18155,1.16884,1.17695,348.39999999999986,127.1,-42.50000000000087
2020-W43,1.17695,1.18807,1.17598,1.18091,331.5999999999963,120.89999999999934,39.59999999999964
2020-W44,1.1808,1.18387,1.16221,1.16404,332.2999999999987,216.60000000000014,-167.60000000000107
2020-W45,1.16404,1.19199,1.16026,1.18127,644.8999999999994,317.30000000000035,172.30000000000078
2020-W46,1.18124,1.18689,1.17454,1.18516,308.49999999999824,123.50000000000082,39.199999999999235
2020-W47,1.18509,1.1906,1.17997,1.18399,306.60000000000133,106.30000000000139,-10.999999999998789
2020-W48,1.18399,1.1974,1.18361,1.1968,233.90000000000242,137.8999999999997,128.09999999999988
2020-W49,1.19372,1.21773,1.19353,1.21091,448.20000000000084,242.0,171.90000000000038
2020-W50,1.21091,1.21767,1.20587,1.21432,330.2000000000005,118.00000000000033,34.10000000000135
2020-W51,1.21432,1.22726,1.2121,1.22432,387.4,151.60000000000062,100.00000000000009
2020-W52,1.22432,1.2257,1.2152,1.2216,311.79999999999984,104.99999999999955,-27.200000000000557
2020-W53,1.2216,1.23101,1.22073,1.22473,312.60000000000065,102.79999999999845,31.30000000000077
2021-W01,1.22463,1.23494,1.21321,1.21496,433.5,217.30000000000027,-96.70000000000067
2021-W02,1.21497,1.22227,1.20535,1.20749,343.7000000000001,169.20000000000047,-74.80000000000153
2021-W03,1.20748,1.21894,1.20739,1.21363,327.3999999999999,115.49999999999949,61.49999999999878
2021-W04,1.21363,1.21758,1.2056,1.20594,382.89999999999935,119.80000000000102,-76.89999999999975
2021-W05,1.20594,1.20877,1.19522,1.20482,351.50000000000017,135.49999999999952,-11.200000000000099
2021-W06,1.20479,1.21494,1.20469,1.21274,227.9999999999971,102.4999999999987,79.49999999999902
2021-W07,1.21269,1.21693,1.20232,1.21551,362.00000000000233,146.1000000000001,28.200000000000447
2021-W08,1.21551,1.22433,1.20276,1.20488,392.99999999999886,215.69999999999868,-106.30000000000139
2021-W09,1.20488,1.21132,1.18442,1.1846,450.70000000000164,268.99999999999926,-202.79999999999853
2021-W10,1.1846,1.19899,1.18355,1.19275,350.09999999999764,154.39999999999898,81.49999999999879
2021-W11,1.19278,1.19888,1.18738,1.19348,387.6999999999975,114.99999999999844,7.0000000000014495
2021-W12,1.19348,1.19407,1.17606,1.17642,277.1000000000013,180.0999999999986,-170.60000000000076
2021-W13,1.1764,1.18194,1.1704,1.18125,304.80000000000285,115.39999999999884,48.50000000000021
2021-W14,1.18125,1.19274,1.17951,1.19099,304.09999999999604,132.29999999999853,97.40000000000082
2021-W15,1.19098,1.2048,1.18776,1.20367,305.4000000000001,170.40000000000165,126.9000000000009
2021-W16,1.20363,1.21167,1.19936,1.20838,321.2999999999977,123.10000000000043,47.50000000000032
2021-W17,1.20854,1.21498,1.2013,1.20627,335.29999999999836,136.79999999999916,-22.699999999999942
2021-W18,1.20627,1.21782,1.19859,1.21282,354.49999999999983,192.2999999999986,65.50000000000055
2021-W19,1.21281,1.21815,1.20514,1.21513,319.2999999999979,130.09999999999965,23.200000000000998
2021-W20,1.21514,1.22451,1.21489,1.22151,366.8999999999989,96.19999999999962,63.69999999999987
2021-W21,1.22146,1.22664,1.21325,1.21988,267.8000000000003,133.90000000000012,-15.799999999999148
2021-W22,1.22325,1.22542,1.21039,1.21893,339.70000000000056,150.29999999999876,-43.199999999998795
2021-W23,1.21892,1.22179,1.20925,1.21195,264.6000000000015,125.39999999999995,-69.6999999999992
2021-W24,1.21191,1.21473,1.18472,1.1917,452.80000000000206,300.10000000000093,-202.10000000000062
2021-W25,1.19167,1.19751,1.18808,1.1923,260.29999999999995,94.3000000000005,6.299999999999084
2021-W26,1.19209,1.19295,1.1807,1.1862,259.0999999999988,122.49999999999872,-58.900000000001725
2021-W27,1.1862,1.18951,1.17815,1.18596,327.90000000000094,113.60000000000036,-2.4000000000001798
2021-W28,1.18594,1.18751,1.17636,1.17967,315.1999999999977,111.49999999999993,-62.699999999999974
2021-W29,1.17979,1.18304,1.17518,1.18026,259.00000000000034,78.600000000002,4.700000000001925
2021-W30,1.18027,1.19085,1.17698,1.18675,295.60000000000474,138.7000000000005,64.80000000000041
2021-W31,1.18671,1.18996,1.17348,1.17359,251.3999999999994,164.79999999999828,-131.20000000000022
2021-W32,1.17359,1.18045,1.17059,1.17764,215.59999999999803,98.5999999999998,40.500000000001094
2021-W33,1.17763,1.17846,1.16638,1.17439,275.0000000000008,120.8000000000009,-32.399999999999096
2021-W34,1.17439,1.18097,1.1726,1.17964,213.800000000004,83.69999999999989,52.49999999999977
2021-W35,1.17963,1.1909,1.17935,1.18683,230.80000000000433,115.5000000000017,72.00000000000095
2021-W36,1.18679,1.18851,1.177,1.181,221.70000000000022,115.09999999999908,-57.89999999999962
2021-W37,1.18095,1.18458,1.17001,1.17252,250.09999999999752,145.6999999999997,-84.29999999999937
2021-W38,1.17252,1.17555,1.16834,1.16949,260.29999999999995,72.10000000000161,-30.300000000000882
2021-W39,1.16944,1.17031,1.15624,1.16189,279.4999999999992,140.70000000000027,-75.49999999999946
2021-W40,1.16188,1.16218,1.15291,1.15513,222.2999999999975,92.6999999999989,-67.50000000000034
2021-W41,1.1551,1.16242,1.15242,1.16091,235.90000000000222,100.00000000000009,58.10000000000093
2021-W42,1.16092,1.16693,1.15907,1.1608,261.29999999999984,78.59999999999978,-1.1999999999989797
2021-W43,1.1608,1.16921,1.1535,1.16034,409.8000000000024,157.10000000000113,-4.60000000000127
2021-W44,1.16044,1.16164,1.15132,1.15844,284.9000000000013,103.20000000000107,-20.000000000000018
2021-W45,1.15836,1.16087,1.13562,1.1367,339.70000000000056,252.49999999999994,-216.60000000000014
2021-W46,1.13665,1.13856,1.12306,1.12356,388.30000000000365,155.00000000000068,-130.90000000000046
2021-W47,1.12356,1.13301,1.11859,1.12888,333.0999999999995,144.20000000000098,53.200000000002134
2021-W48,1.12887,1.13828,1.12349,1.12832,370.69999999999936,147.89999999999858,-5.5000000000005045
2021-W49,1.12812,1.13547,1.12275,1.12837,347.70000000000186,127.20000000000064,2.500000000000835
2021-W50,1.12811,1.13603,1.12215,1.12756,410.2000000000028,138.80000000000115,-5.5000000000005045
2021-W51,1.12745,1.13433,1.12607,1.13258,243.8000000000029,82.60000000000156,51.29999999999857
2021-W52,1.13255,1.13863,1.12737,1.12965,381.7000000000026,112.60000000000048,-28.999999999999027
2022-W01,1.12965,1.13647,1.12721,1.13235,317.30000000000035,92.60000000000046,26.999999999999247
2022-W02,1.13234,1.14827,1.1313,1.14047,333.0999999999995,169.6999999999993,81.30000000000193
2022-W03,1.14047,1.14214,1.12904,1.1324,324.2000000000012,130.9999999999989,-80.70000000000022
2022-W04,1.1323,1.13289,1.11213,1.12329,415.09999999999934,207.5999999999989,-90.10000000000184
2022-W05,1.12319,1.14837,1.12209,1.14421,427.10000000000025,262.7999999999986,210.2000000000004
2022-W06,1.14415,1.14948,1.12799,1.13052,407.2000000000031,214.9000000000001,-136.3000000000003
2022-W07,1.13043,1.13957,1.12981,1.13078,330.79999999999995,97.59999999999991,3.4999999999985043
2022-W08,1.13074,1.13667,1.11062,1.12181,570.8000000000025,260.5000000000013,-89.30000000000105
2022-W09,1.12181,1.12329,1.08059,1.08523,626.5000000000009,426.9999999999996,-365.8000000000006
2022-W10,1.08515,1.11212,1.08489,1.0944,694.600000000003,272.30000000000086,92.4999999999998
2022-W11,1.09438,1.11375,1.0926,1.10186,496.4000000000013,211.50000000000003,74.80000000000153
2022-W12,1.10184,1.10457,1.09446,1.09838,325.10000000000264,101.10000000000063,-34.600000000000186
2022-W13,1.09838,1.11848,1.09603,1.09696,526.9999999999975,224.49999999999858,-14.199999999999768
2022-W14,1.09689,1.09886,1.08364,1.08829,341.70000000000033,152.2000000000001,-85.9999999999994
2022-W15,1.08829,1.09233,1.07575,1.07804,419.00000000000045,165.80000000000038,-102.4999999999987
2022-W16,1.07809,1.09362,1.06966,1.07114,449.0000000000016,239.59999999999982,-69.50000000000011
2022-W17,1.0711,1.07386,1.0471,1.05055,516.6000000000026,267.60000000000116,-205.49999999999847
2022-W18,1.05055,1.06417,1.04826,1.05588,573.2000000000025,159.1000000000009,53.29999999999835
2022-W19,1.0559,1.05852,1.03496,1.04313,434.5999999999961,235.59999999999803,-127.7000000000017
2022-W20,1.04313,1.06973,1.04284,1.0689,585.8000000000008,268.90000000000083,257.7000000000007
2022-W21,1.06882,1.07867,1.06421,1.07764,382.29999999999984,144.59999999999917,88.19999999999828
2022-W22,1.0776,1.0779,1.06271,1.06955,446.1999999999988,151.90000000000038,-80.4999999999989
2022-W23,1.06954,1.07738,1.03997,1.04058,559.0999999999991,374.09999999999945,-289.5999999999988
2022-W24,1.04068,1.06014,1.0359,1.05084,645.8999999999992,242.4000000000004,101.59999999999947
2022-W25,1.05085,1.0615,1.04687,1.0582,439.80000000000354,146.30000000000143,73.49999999999967
2022-W26,1.05821,1.06061,1.03658,1.04201,477.39999999999895,240.29999999999995,-161.99999999999991
2022-W27,1.04201,1.04485,1.00336,1.00379,674.5999999999985,414.90000000000026,-382.2000000000014
2022-W28,1.00378,1.02011,0.99521,1.01413,519.4999999999994,249.00000000000034,103.50000000000081
2022-W29,1.01412,1.02781,1.01195,1.02176,597.0999999999993,158.59999999999985,76.40000000000092
2022-W30,1.02189,1.02751,1.00966,1.02607,565.1000000000006,178.4999999999992,41.80000000000072
2022-W31,1.02607,1.02939,1.01226,1.01946,490.89999999999856,171.3000000000009,-66.10000000000005
2022-W32,1.01946,1.03685,1.01544,1.01592,517.4000000000012,214.1000000000015,-35.400000000000986
2022-W33,1.01592,1.02029,0.9926,0.99427,427.50000000000176,276.89999999999884,-216.49999999999946
2022-W34,0.99427,1.00898,0.99002,0.99958,550.1999999999985,189.59999999999977,53.10000000000037
2022-W35,0.99943,1.0079,0.98772,0.99285,483.300000000001,201.79999999999976,-65.8000000000003
2022-W36,0.99245,1.01977,0.98638,1.01214,612.9999999999991,333.9000000000003,196.89999999999986
2022-W37,1.01215,1.0187,0.99448,1.00215,505.8000000000007,242.19999999999908,-100.00000000000009
2022-W38,1.00216,1.00504,0.95503,0.96085,700.1999999999975,500.0999999999989,-413.09999999999957
2022-W39,0.96077,0.98537,0.95357,0.98248,708.4999999999997,317.9999999999994,217.10000000000008
2022-W40,0.98248,0.99995,0.96815,0.97018,654.4000000000005,318.0000000000005,-122.99999999999977
2022-W41,0.97009,0.9852,0.96315,0.98389,581.100000000001,220.50000000000014,138.00000000000034
2022-W42,0.98375,0.9899,0.97048,0.98728,525.5000000000009,194.19999999999993,35.30000000000033
2022-W43,0.98703,1.00934,0.98484,0.98821,574.7999999999987,244.99999999999855,11.800000000000699
2022-W44,0.98823,1.0034,0.97299,1.00182,731.4000000000009,304.1000000000005,135.8999999999988
2022-W45,1.00184,1.0364,0.99354,1.03258,794.6000000000008,428.6000000000001,307.3999999999999
2022-W46,1.03259,1.04808,1.02227,1.02387,602.8000000000034,258.0999999999989,-87.1999999999984
2022-W47,1.02383,1.04967,1.02375,1.03385,487.2000000000032,259.20000000000164,100.19999999999918
2022-W48,1.03373,1.05948,1.029,1.04877,585.3000000000019,304.80000000000064,150.3999999999994
2022-W49,1.04877,1.05881,1.04431,1.05352,414.90000000000026,144.99999999999957,47.50000000000032
2022-W50,1.05355,1.07361,1.05278,1.06062,526.7999999999984,208.29999999999905,70.6999999999991
2022-W51,1.06062,1.06593,1.0573,1.06361,305.60000000000144,86.30000000000138,29.90000000000048
2022-W52,1.0636,1.07131,1.06065,1.06646,340.19999999999936,106.59999999999891,28.599999999998627
2023-W01,1.06646,1.07605,1.04823,1.07293,663.6999999999982,278.19999999999953,64.69999999999976
2023-W02,1.07293,1.08741,1.07119,1.08192,395.59999999999815,162.19999999999902,89.90000000000053
2023-W03,1.08196,1.09267,1.07661,1.08713,410.8999999999985,160.59999999999962,51.699999999998965
2023-W04,1.0871,1.09293,1.08349,1.08488,345.39999999999793,94.39999999999893,-22.199999999998887
2023-W05,1.08488,1.10327,1.07092,1.0725,606.2999999999996,323.4999999999988,-123.80000000000058
2023-W06,1.07251,1.07907,1.06553,1.0721,391.0999999999998,135.39999999999884,-4.100000000000215
2023-W07,1.0721,1.08044,1.06126,1.06844,369.1,191.79999999999976,-36.599999999999966
2023-W08,1.06839,1.0698,1.05328,1.0608,326.60000000000133,165.2000000000009,-75.89999999999986
2023-W09,1.06088,1.06942,1.05651,1.06808,405.1000000000005,129.09999999999977,71.99999999999874
2023-W10,1.06811,1.07423,1.05241,1.07305,442.50000000000125,218.1999999999995,49.40000000000167
2023-W11,1.07268,1.07597,1.05158,1.072,549.8000000000003,243.90000000000134,-6.800000000000139
2023-W12,1.07198,1.09296,1.07038,1.07957,493.2999999999987,225.79999999999822,75.89999999999986
2023-W13,1.07977,1.09262,1.07882,1.09,418.9000000000021,138.00000000000034,102.30000000000183
2023-W14,1.09036,1.09701,1.08373,1.08629,298.59999999999997,132.79999999999959,-40.70000000000018
2023-W15,1.08597,1.10758,1.08581,1.09307,436.9999999999985,217.70000000000067,70.99999999999883
2023-W16,1.09268,1.10483,1.09222,1.10431,308.1999999999963,126.10000000000011,116.29999999999808
2023-W17,1.10447,1.10858,1.09641,1.09694,436.0999999999992,121.69999999999791,-75.30000000000037
2023-W18,1.09741,1.10917,1.09422,1.10031,389.20000000000067,149.5000000000002,28.999999999999027
2023-W19,1.1004,1.10068,1.08476,1.08743,349.30000000000126,159.20000000000155,-129.70000000000147
2023-W20,1.08731,1.09046,1.076,1.08112,293.2000000000001,144.59999999999917,-61.89999999999918
2023-W21,1.08117,1.08204,1.07018,1.07091,253.50000000000205,118.59999999999982,-102.59999999999935
2023-W22,1.07076,1.07789,1.06355,1.07124,397.70000000000084,143.4000000000002,4.8000000000003595
2023-W23,1.07119,1.079,1.06669,1.076,325.60000000000144,123.10000000000043,48.09999999999981
2023-W24,1.07566,1.09658,1.07546,1.09183,385.5999999999993,211.20000000000027,161.7000000000002
2023-W25,1.09201,1.10081,1.08443,1.09053,336.49999999999955,163.8000000000006,-14.799999999999258
2023-W26,1.09108,1.09766,1.08352,1.09119,366.6000000000014,141.4000000000004,1.100000000000545
2023-W27,1.09124,1.10014,1.08337,1.10008,312.90000000000043,167.6999999999995,88.3999999999996
2023-W28,1.09993,1.12487,1.09783,1.12436,367.79999999999814,270.3999999999995,244.29999999999953
2023-W29,1.1235,1.12756,1.10602,1.10627,351.60000000000304,215.39999999999893,-172.29999999999856
2023-W30,1.10626,1.11439,1.09435,1.09963,462.4000000000028,200.40000000000057,-66.29999999999913
2023-W31,1.09961,1.10419,1.09122,1.1002,359.1999999999973,129.69999999999925,5.9000000000009045
2023-W32,1.1002,1.1065,1.08747,1.09051,370.5000000000003,190.30000000000103,-96.89999999999976
2023-W33,1.09051,1.09524,1.0845,1.08952,276.3000000000004,107.39999999999972,-9.900000000000464
2023-W34,1.08952,1.09303,1.07658,1.08183,342.2999999999976,164.49999999999852,-76.89999999999975
2023-W35,1.08183,1.09454,1.07716,1.07939,451.70000000000374,173.80000000000172,-24.399999999999977
2023-W36,1.07939,1.07982,1.06861,1.07497,285.4000000000001,112.09999999999943,-44.200000000000905
2023-W37,1.07497,1.07692,1.06318,1.06913,336.3000000000027,137.40000000000086,-58.400000000000674
2023-W38,1.06912,1.07368,1.05753,1.05924,323.2000000000013,161.49999999999886,-98.8000000000011
2023-W39,1.05923,1.06169,1.04769,1.04769,394.7999999999996,140.0000000000001,-115.39999999999884
2023-W40,1.04769,1.05999,1.04483,1.0566,349.8000000000001,151.60000000000062,89.09999999999974
2023-W41,1.05659,1.06397,1.04954,1.05597,356.80000000000155,144.30000000000166,-6.199999999998429
2023-W42,1.05597,1.06779,1.05231,1.06689,366.19999999999874,154.7999999999994,109.19999999999818
2023-W43,1.06686,1.06942,1.05221,1.06151,339.10000000000105,172.09999999999948,-53.49999999999966
2023-W44,1.0615,1.07562,1.05167,1.07168,452.90000000000055,239.49999999999915,101.79999999999856
2023-W45,1.07168,1.07254,1.0656,1.06975,257.900000000002,69.39999999999947,-19.299999999999873
2023-W46,1.06975,1.09517,1.06928,1.09394,458.9000000000021,258.8999999999997,241.89999999999935
2023-W47,1.09394,1.09651,1.08522,1.09531,270.3999999999973,112.90000000000022,13.700000000000934
2023-W48,1.09528,1.10171,1.0804,1.08356,410.60000000000093,213.0999999999994,-117.19999999999953
2023-W49,1.08351,1.08474,1.07236,1.0764,292.00000000000114,123.80000000000058,-71.0999999999995
2023-W50,1.0764,1.10092,1.07586,1.09228,485.39999999999804,250.5999999999986,158.79999999999893
2023-W51,1.09228,1.10401,1.09148,1.10097,277.49999999999943,125.2999999999993,86.90000000000086
2023-W52,1.10009,1.11394,1.10009,1.10361,272.59999999999843,138.49999999999918,35.199999999999676
2024-W01,1.10427,1.10447,1.08767,1.09495,412.9000000000005,168.00000000000148,-93.19999999999995
2024-W02,1.09495,1.1,1.09103,1.09494,260.80000000000103,89.70000000000144,-0.10000000000065512
2024-W03,1.09494,1.0951,1.08445,1.08819,251.10000000000187,106.50000000000048,-67.50000000000034
2024-W04,1.08816,1.09323,1.07958,1.08323,389.39999999999975,136.4999999999994,-49.300000000001006
2024-W05,1.08307,1.08974,1.07231,1.07418,412.7999999999976,174.29999999999833,-88.90000000000065
2024-W06,1.07418,1.08055,1.07225,1.07706,204.29999999999504,82.99999999999974,28.799999999999937
2024-W07,1.07702,1.07985,1.06949,1.07785,280.39999999999844,103.59999999999926,8.299999999998864
2024-W08,1.0777,1.08882,1.07615,1.08504,272.09999999999957,126.69999999999959,73.39999999999903
2024-W09,1.08504,1.08667,1.07958,1.08549,219.5999999999998,70.9000000000004,4.500000000000615
2024-W10,1.08549,1.09812,1.08403,1.09258,286.59999999999684,140.89999999999935,70.9000000000004
2024-W11,1.0926,1.09638,1.08661,1.08725,225.8999999999989,97.69999999999834,-53.49999999999966
2024-W12,1.08726,1.09426,1.08017,1.08365,322.0000000000023,140.89999999999935,-36.099999999998914
2024-W13,1.08364,1.08643,1.07309,1.0743,225.3000000000016,133.39999999999907,-93.39999999999904
2024-W14,1.07428,1.08765,1.07246,1.08587,270.3999999999995,151.90000000000038,115.89999999999989
2024-W15,1.08587,1.0885,1.06202,1.06241,383.7999999999986,264.8000000000006,-234.59999999999815
2024-W16,1.06233,1.069,1.0601,1.06541,288.5999999999989,88.99999999999908,30.799999999999716
2024-W17,1.06541,1.07527,1.06385,1.07205,293.69999999999897,114.19999999999986,66.39999999999979
2024-W18,1.07202,1.08124,1.06494,1.07672,334.9000000000002,162.9999999999998,46.99999999999926
2024-W19,1.07667,1.08068,1.07239,1.07888,193.0999999999994,82.90000000000131,22.100000000000453
2024-W20,1.07897,1.08949,1.07669,1.08565,245.40000000000228,128.00000000000145,66.8000000000002
2024-W21,1.08562,1.08747,1.08048,1.08571,213.60000000000045,69.8999999999983,0.8999999999992347
2024-W22,1.08571,1.09045,1.07883,1.09039,301.89999999999714,116.19999999999963,46.800000000000175
2024-W23,1.09039,1.0916,1.07327,1.07648,285.4000000000001,183.29999999999959,-139.09999999999866
2024-W24,1.07642,1.08521,1.06676,1.07339,383.8000000000008,184.50000000000077,-30.29999999999866
2024-W25,1.07336,1.07615,1.0671,1.07319,239.29999999999563,90.50000000000003,-1.7000000000000348
2024-W26,1.07316,1.07763,1.0666,1.07402,250.80000000000211,110.30000000000095,8.60000000000083
2024-W27,1.07393,1.0845,1.071,1.0823,236.60000000000014,135.00000000000068,83.69999999999989
2024-W28,1.0824,1.09222,1.08054,1.08938,212.39999999999705,116.79999999999913,69.79999999999987
2024-W29,1.08938,1.0948,1.08715,1.08908,190.2000000000026,76.49999999999935,-2.9999999999996696
2024-W30,1.08908,1.08967,1.08028,1.08212,228.7000000000017,93.90000000000009,-69.60000000000078
2024-W31,1.08203,1.10088,1.07774,1.09505,404.0000000000021,231.4000000000016,130.20000000000033
2024-W32,1.095,1.09631,1.08814,1.09312,205.99999999999952,81.69999999999789,-18.799999999998818
2024-W33,1.09303,1.10863,1.09137,1.10848,346.5999999999991,172.60000000000053,154.49999999999963
2024-W34,1.10843,1.12015,1.10719,1.11609,346.70000000000203,129.60000000000082,76.6
2024-W35,1.11605,1.11905,1.10419,1.1069,291.5000000000001,148.60000000000096,-91.49999999999991
2024-W36,1.1069,1.11556,1.10263,1.10342,297.79999999999694,129.3000000000011,-34.79999999999927
2024-W37,1.10334,1.11374,1.10019,1.11325,251.50000000000227,135.49999999999952,99.10000000000085
2024-W38,1.1132,1.11891,1.10683,1.11109,368.00000000000165,120.8000000000009,-21.100000000000563
2024-W39,1.11107,1.1214,1.11033,1.11345,407.2000000000009,110.69999999999914,23.800000000000487
2024-W40,1.11344,1.11439,1.09512,1.09731,310.0999999999998,192.699999999999,-161.29999999999978
2024-W41,1.09723,1.09971,1.08881,1.09082,226.39999999999995,108.99999999999909,-64.10000000000026
2024-W42,1.09078,1.09167,1.0811,1.08149,250.50000000000017,105.69999999999968,-92.9000000000002
2024-W43,1.08149,1.08392,1.07612,1.0814,241.90000000000157,78.00000000000028,-0.9000000000014552
2024-W44,1.08143,1.09147,1.07688,1.08767,283.70000000000005,145.8999999999988,62.40000000000023
2024-W45,1.08757,1.09369,1.06286,1.06533,647.5000000000008,308.3000000000014,-222.39999999999816
2024-W46,1.06534,1.06631,1.0496,1.05979,408.6999999999974,167.10000000000002,-55.49999999999944
2024-W47,1.05979,1.06097,1.03325,1.04942,520.0999999999989,277.19999999999965,-103.6999999999999
2024-W48,1.04928,1.05971,1.0425,1.04971,442.8999999999994,172.09999999999948,4.299999999999304
2024-W49,1.04966,1.06298,1.04723,1.05531,357.69999999999857,157.49999999999932,56.49999999999933
2024-W50,1.05529,1.0568,1.04531,1.05094,317.0000000000006,114.9,-43.50000000000076
2024-W51,1.05094,1.05343,1.03429,1.04044,464.59999999999945,191.40000000000157,-104.99999999999955
2024-W52,1.04043,1.04583,1.03717,1.04069,216.20000000000195,86.60000000000112,2.5999999999992696
2025-W01,1.04069,1.04367,1.02237,1.03895,424.4000000000026,213.00000000000097,-17.399999999998528
2025-W02,1.03893,1.04343,1.01772,1.02441,388.9000000000031,257.1000000000012,-145.19999999999865
2025-W03,1.02441,1.04342,1.02371,1.04155,454.7000000000012,197.10000000000116,171.39999999999932
2025-W04,1.04156,1.0533,1.0342,1.04911,413.2999999999987,190.99999999999895,75.49999999999946
2025-W05,1.04911,1.04932,1.02103,1.03425,446.10000000000036,282.89999999999924,-148.60000000000096
2025-W06,1.03423,1.04424,1.02721,1.03062,401.5000000000013,170.300000000001,-36.099999999998914
2025-W07,1.03061,1.0514,1.02919,1.0484,403.0000000000023,222.0999999999984,177.89999999999972
2025-W08,1.04835,1.05282,1.04009,1.04671,330.30000000000115,127.3000000000013,-16.399999999998638
2025-W09,1.04671,1.05287,1.03597,1.04856,388.0999999999979,168.99999999999915,18.499999999999073
2025-W10,1.04849,1.08884,1.04708,1.08342,621.0000000000026,417.6000000000002,349.30000000000126
2025-W11,1.08341,1.09471,1.08222,1.09212,388.19999999999857,124.90000000000111,87.09999999999995
2025-W12,1.09211,1.09545,1.07813,1.07995,390.89999999999844,173.20000000000002,-121.59999999999948
2025-W13,1.07994,1.08492,1.07328,1.08151,355.3000000000028,116.40000000000094,15.700000000000713
2025-W14,1.08139,1.11462,1.07782,1.09054,891.3999999999977,367.99999999999943,91.49999999999991
2025-W15,1.09017,1.14736,1.08886,1.13496,996.8999999999961,585.0,447.89999999999884
2025-W16,1.13495,1.15729,1.12639,1.15128,542.5999999999997,308.99999999999926,163.30000000000177
2025-W17,1.15129,1.1547,1.13077,1.14179,521.100000000001,239.30000000000007,-94.99999999999842
2025-W18,1.14179,1.14218,1.12657,1.1313,390.299999999999,156.09999999999903,-104.9000000000011
2025-W19,1.13125,1.13808,1.10651,1.10844,585.5999999999995,315.69999999999874,-228.09999999999997
2025-W20,1.10845,1.12879,1.10833,1.12406,478.799999999997,204.59999999999923,156.10000000000124
2025-W21,1.12373,1.14185,1.12178,1.13838,398.59999999999786,200.70000000000033,146.5000000000005
2025-W22,1.13837,1.14498,1.12103,1.14419,503.5000000000012,239.50000000000136,58.19999999999936
2025-W23,1.14383,1.14948,1.13568,1.14183,396.7999999999994,138.00000000000034,-20.000000000000018
2025-W24,1.14183,1.16311,1.13729,1.15589,532.4000000000018,258.20000000000175,140.60000000000184
2025-W25,1.15589,1.15814,1.14461,1.15741,408.70000000000186,135.3000000000004,15.199999999999658
2025-W26,1.1574,1.17881,1.1574,1.17869,388.39999999999986,214.09999999999928,212.90000000000032
2025-W27,1.17865,1.18298,1.16868,1.17077,363.09999999999843,142.9999999999998,-78.79999999999887
2025-W28,1.17075,1.1765,1.16541,1.1664,302.20000000000135,110.90000000000045,-43.499999999998536
2025-W29,1.16635,1.17212,1.15566,1.16908,528.0999999999958,164.60000000000142,27.29999999999899
2025-W30,1.16908,1.17887,1.1585,1.15876,447.60000000000133,203.7,-103.19999999999885
2025-W31,1.15867,1.15989,1.13915,1.15691,563.0000000000002,207.3999999999998,-17.599999999999838
2025-W32,1.1569,1.16986,1.15277,1.16149,387.6999999999997,170.89999999999827,45.89999999999872
2025-W33,1.16145,1.17301,1.15986,1.16602,372.70000000000357,131.50000000000216,45.69999999999963
2025-W34,1.16598,1.17425,1.15828,1.16161,449.70000000000397,159.7000000000004,-43.69999999999985
2025-W35,1.1616,1.17362,1.1574,1.17106,314.8000000000017,162.20000000000124,94.60000000000024
2025-W36,1.17106,1.17654,1.16081,1.17629,393.7999999999997,157.3000000000002,52.30000000000068
2025-W37,1.1762,1.17799,1.16589,1.17609,316.20000000000203,121.0,-1.0999999999983245
2025-W38,1.17606,1.19186,1.17262,1.18025,471.2999999999945,192.39999999999924,41.89999999999916
2025-W39,1.18026,1.18199,1.16454,1.1726,346.8000000000027,174.50000000000188,-76.6
2025-W40,1.17254,1.17785,1.16516,1.17104,313.3000000000008,126.9000000000009,-14.999999999998348
2025-W41,1.17104,1.17144,1.1542,1.15691,383.40000000000043,172.40000000000146,-141.29999999999976
2025-W42,1.1569,1.17283,1.15423,1.16412,286.5000000000007,185.9999999999995,72.20000000000005
2025-W43,1.16413,1.1655,1.15767,1.16447,220.49999999999903,78.30000000000004,3.399999999997849
2025-W44,1.16448,1.16686,1.1505,1.15196,314.60000000000264,163.5999999999993,-125.19999999999865
2025-W45,1.1519,1.1591,1.14687,1.15568,254.90000000000012,122.29999999999963,37.80000000000116
2025-W46,1.15563,1.16559,1.15468,1.15912,261.09999999999854,109.09999999999975,34.899999999999935
2025-W47,1.15906,1.16076,1.14909,1.15205,274.2,116.7000000000007,-70.09999999999961
2025-W48,1.15203,1.16522,1.15114,1.16092,280.5999999999975,140.7999999999987,88.89999999999843
2025-W49,1.16089,1.16819,1.1591,1.16369,232.2000000000024,90.90000000000043,27.999999999999137
2025-W50,1.1637,1.17688,1.16149,1.17521,273.7000000000012,153.90000000000015,115.10000000000132
2025-W51,1.17518,1.1804,1.17021,1.17612,273.4999999999999,101.89999999999921,9.40000000000163
2025-W52,1.1761,1.18079,1.17493,1.17718,175.79999999999927,58.59999999999977,10.799999999999699
