trading_date,open,high,low,close,range_pips,return_pips,day_name,dow,week_key
2000-05-31,0.9302,0.9379,0.9151,0.9304,227.99999999999932,1.9999999999997797,Wednesday,2,2000-W22
2000-06-01,0.9379,0.9382,0.9287,0.9315,95.00000000000064,-63.999999999999616,Thursday,3,2000-W22
2000-06-02,0.9316,0.9498,0.9302,0.944,195.99999999999952,123.99999999999966,Friday,4,2000-W22
2000-06-05,0.9461,0.949,0.9416,0.9483,73.99999999999962,21.999999999999797,Monday,0,2000-W23
2000-06-06,0.9481,0.9603,0.9456,0.9549,147.00000000000045,67.99999999999918,Tuesday,1,2000-W23
2000-06-07,0.9547,0.9631,0.9535,0.962,95.99999999999942,72.99999999999973,Wednesday,2,2000-W23
2000-06-08,0.9622,0.9704,0.9512,0.9563,191.99999999999994,-59.00000000000016,Thursday,3,2000-W23
2000-06-09,0.9563,0.9563,0.9463,0.9523,100.00000000000009,-40.000000000000036,Friday,4,2000-W23
2000-06-12,0.9535,0.9562,0.9494,0.9542,68.00000000000028,7.000000000000339,Monday,0,2000-W24
2000-06-13,0.954,0.9628,0.9523,0.9599,104.99999999999955,59.00000000000016,Tuesday,1,2000-W24
2000-06-14,0.9597,0.9655,0.9574,0.958,80.99999999999996,-17.000000000000348,Wednesday,2,2000-W24
2000-06-15,0.9577,0.9607,0.9504,0.9548,102.99999999999976,-29.000000000000135,Thursday,3,2000-W24
2000-06-16,0.9547,0.9661,0.9523,0.9649,137.99999999999923,101.99999999999987,Friday,4,2000-W24
2000-06-19,0.9647,0.9694,0.9567,0.9569,127.00000000000044,-78.00000000000028,Monday,0,2000-W25
2000-06-20,0.957,0.9617,0.9532,0.955,84.99999999999952,-20.000000000000018,Tuesday,1,2000-W25
2000-06-21,0.9549,0.955,0.9433,0.9445,116.99999999999933,-103.99999999999964,Wednesday,2,2000-W25
2000-06-22,0.9444,0.9476,0.9349,0.9357,127.00000000000044,-87.00000000000041,Thursday,3,2000-W25
2000-06-23,0.9358,0.9433,0.9342,0.9367,90.99999999999997,9.000000000000119,Friday,4,2000-W25
2000-06-26,0.9362,0.9399,0.9299,0.937,100.00000000000009,8.00000000000023,Monday,0,2000-W26
2000-06-27,0.9371,0.9472,0.9367,0.9463,105.00000000000065,91.99999999999986,Tuesday,1,2000-W26
2000-06-28,0.9462,0.947,0.9394,0.9407,75.9999999999994,-55.000000000000604,Wednesday,2,2000-W26
2000-06-29,0.9408,0.954,0.9407,0.9523,132.99999999999977,115.00000000000065,Thursday,3,2000-W26
2000-06-30,0.9524,0.9604,0.9509,0.9538,95.00000000000064,13.999999999999568,Friday,4,2000-W26
2000-07-03,0.9526,0.9549,0.9485,0.9522,63.999999999999616,-3.9999999999995595,Monday,0,2000-W27
2000-07-04,0.9508,0.9511,0.9467,0.9498,43.999999999999595,-10.000000000000009,Tuesday,1,2000-W27
2000-07-05,0.9516,0.9573,0.9513,0.953,60.00000000000006,13.999999999999568,Wednesday,2,2000-W27
2000-07-06,0.9532,0.9598,0.95,0.9505,98.00000000000031,-27.000000000000355,Thursday,3,2000-W27
2000-07-07,0.9509,0.9526,0.9459,0.9476,67.0000000000004,-32.999999999999694,Friday,4,2000-W27
2000-07-10,0.9494,0.9557,0.9481,0.9556,75.9999999999994,61.99999999999983,Monday,0,2000-W28
2000-07-11,0.9555,0.9569,0.9496,0.9531,72.99999999999973,-24.00000000000069,Tuesday,1,2000-W28
2000-07-12,0.953,0.953,0.9396,0.9428,133.9999999999997,-101.99999999999987,Wednesday,2,2000-W28
2000-07-13,0.9426,0.9429,0.933,0.9375,98.99999999999909,-50.999999999999936,Thursday,3,2000-W28
2000-07-14,0.9374,0.9389,0.9318,0.9388,70.99999999999996,13.999999999999568,Friday,4,2000-W28
2000-07-17,0.9384,0.9402,0.9342,0.9372,60.00000000000006,-11.999999999999789,Monday,0,2000-W29
2000-07-18,0.9371,0.9372,0.9227,0.9251,145.00000000000068,-120.00000000000011,Tuesday,1,2000-W29
2000-07-19,0.9242,0.9263,0.9193,0.9247,70.00000000000006,4.999999999999449,Wednesday,2,2000-W29
2000-07-20,0.9248,0.9342,0.9204,0.9334,138.00000000000034,86.00000000000053,Thursday,3,2000-W29
2000-07-21,0.9333,0.9384,0.9319,0.9365,65.00000000000061,31.999999999999808,Friday,4,2000-W29
2000-07-24,0.9364,0.9378,0.9313,0.9339,64.9999999999995,-25.000000000000576,Monday,0,2000-W30
2000-07-25,0.9338,0.9433,0.9324,0.9389,109.00000000000021,50.999999999999936,Tuesday,1,2000-W30
2000-07-26,0.9388,0.945,0.9381,0.9431,68.99999999999906,43.00000000000082,Wednesday,2,2000-W30
2000-07-27,0.9433,0.9444,0.9318,0.9322,126.00000000000055,-110.99999999999999,Thursday,3,2000-W30
2000-07-28,0.9321,0.9338,0.9229,0.9239,108.99999999999909,-81.99999999999986,Friday,4,2000-W30
2000-07-31,0.9239,0.9295,0.9224,0.9271,70.99999999999996,31.999999999999808,Monday,0,2000-W31
2000-08-01,0.9269,0.9293,0.9135,0.9148,158.00000000000037,-121.0,Tuesday,1,2000-W31
2000-08-02,0.9147,0.9192,0.9117,0.9138,75.00000000000063,-9.000000000000119,Wednesday,2,2000-W31
2000-08-03,0.9137,0.9174,0.8997,0.9064,176.99999999999937,-72.99999999999973,Thursday,3,2000-W31
2000-08-04,0.9066,0.9103,0.9015,0.908,88.0000000000003,14.000000000000679,Friday,4,2000-W31
2000-08-07,0.9075,0.9114,0.9055,0.9073,59.00000000000016,-1.9999999999997797,Monday,0,2000-W32
2000-08-08,0.9074,0.9088,0.8982,0.9024,106.00000000000054,-50.00000000000004,Tuesday,1,2000-W32
2000-08-09,0.9023,0.9033,0.8965,0.9009,68.00000000000028,-13.999999999999568,Wednesday,2,2000-W32
2000-08-10,0.9009,0.9098,0.9007,0.9086,91.00000000000108,76.99999999999929,Thursday,3,2000-W32
2000-08-11,0.9085,0.9145,0.9027,0.9033,118.00000000000033,-51.99999999999982,Friday,4,2000-W32
2000-08-14,0.9037,0.907,0.9007,0.9063,63.00000000000083,26.00000000000047,Monday,0,2000-W33
2000-08-15,0.9062,0.9142,0.9057,0.9138,85.00000000000063,75.9999999999994,Tuesday,1,2000-W33
2000-08-16,0.9136,0.9177,0.9066,0.9164,110.99999999999999,28.00000000000025,Wednesday,2,2000-W33
2000-08-17,0.9165,0.918,0.9119,0.9164,60.99999999999994,-0.9999999999998899,Thursday,3,2000-W33
2000-08-18,0.9165,0.9184,0.9059,0.9067,124.99999999999956,-98.00000000000031,Friday,4,2000-W33
2000-08-21,0.9077,0.9079,0.9013,0.9018,66.0000000000005,-58.999999999999055,Monday,0,2000-W34
2000-08-22,0.9017,0.9035,0.8944,0.8966,90.99999999999997,-50.999999999999936,Tuesday,1,2000-W34
2000-08-23,0.8966,0.9022,0.8912,0.9019,110.0000000000001,53.000000000000824,Wednesday,2,2000-W34
2000-08-24,0.902,0.9055,0.8996,0.9023,59.00000000000016,2.9999999999996696,Thursday,3,2000-W34
2000-08-25,0.9024,0.9075,0.8979,0.9024,95.99999999999942,0.0,Friday,4,2000-W34
2000-08-28,0.9037,0.9045,0.8988,0.9003,56.999999999999275,-33.99999999999959,Monday,0,2000-W35
2000-08-29,0.9003,0.9023,0.8916,0.8924,107.00000000000043,-79.00000000000018,Tuesday,1,2000-W35
2000-08-30,0.8923,0.8951,0.8872,0.8943,79.00000000000018,20.000000000000018,Wednesday,2,2000-W35
2000-08-31,0.8942,0.8975,0.8841,0.8882,133.9999999999997,-60.00000000000006,Thursday,3,2000-W35
2000-09-01,0.8883,0.9017,0.8877,0.8994,139.999999999999,110.99999999999999,Friday,4,2000-W35
2000-09-04,0.8999,0.904,0.8987,0.8996,52.999999999999716,-3.00000000000078,Monday,0,2000-W36
2000-09-05,0.8984,0.8994,0.8851,0.8897,142.9999999999998,-86.9999999999993,Tuesday,1,2000-W36
2000-09-06,0.8896,0.891,0.869,0.8705,220.0000000000002,-190.99999999999895,Wednesday,2,2000-W36
2000-09-07,0.8704,0.8766,0.8639,0.8715,127.00000000000044,11.000000000001009,Thursday,3,2000-W36
2000-09-08,0.8716,0.8747,0.8641,0.8686,106.00000000000054,-30.00000000000003,Friday,4,2000-W36
2000-09-11,0.8648,0.8726,0.8571,0.8576,155.00000000000068,-71.99999999999984,Monday,0,2000-W37
2000-09-12,0.8574,0.8691,0.856,0.8644,131.0,69.99999999999895,Tuesday,1,2000-W37
2000-09-13,0.8645,0.8706,0.8581,0.8594,125.00000000000067,-50.999999999999936,Wednesday,2,2000-W37
2000-09-14,0.8593,0.8722,0.8565,0.8646,156.99999999999937,53.000000000000824,Thursday,3,2000-W37
2000-09-15,0.8647,0.8705,0.8527,0.8535,178.00000000000037,-111.99999999999987,Friday,4,2000-W37
2000-09-18,0.8537,0.8574,0.8513,0.854,61.00000000000105,2.9999999999996696,Monday,0,2000-W38
2000-09-19,0.8539,0.8567,0.848,0.8511,87.00000000000041,-28.00000000000025,Tuesday,1,2000-W38
2000-09-20,0.8512,0.8522,0.8443,0.8494,78.99999999999908,-17.999999999999126,Wednesday,2,2000-W38
2000-09-21,0.8493,0.8604,0.8462,0.8604,142.00000000000102,110.99999999999999,Thursday,3,2000-W38
2000-09-22,0.8605,0.895,0.8581,0.8774,369.00000000000045,168.99999999999915,Friday,4,2000-W38
2000-09-25,0.8809,0.883,0.8713,0.8754,117.00000000000044,-55.000000000000604,Monday,0,2000-W39
2000-09-26,0.8755,0.8841,0.8731,0.8829,110.0000000000001,74.00000000000074,Tuesday,1,2000-W39
2000-09-27,0.883,0.8886,0.8784,0.8836,101.99999999999987,6.000000000000449,Wednesday,2,2000-W39
2000-09-28,0.8837,0.8866,0.8775,0.879,91.00000000000108,-47.00000000000038,Thursday,3,2000-W39
2000-09-29,0.8789,0.8852,0.8752,0.8835,100.00000000000009,45.999999999999375,Friday,4,2000-W39
2000-10-02,0.8841,0.8861,0.8763,0.8774,98.00000000000031,-67.0000000000004,Monday,0,2000-W40
2000-10-03,0.8775,0.8791,0.8733,0.8761,58.00000000000027,-13.999999999999568,Tuesday,1,2000-W40
2000-10-04,0.876,0.878,0.8719,0.875,60.99999999999994,-10.000000000000009,Wednesday,2,2000-W40
2000-10-05,0.8751,0.879,0.8681,0.8693,109.00000000000021,-58.00000000000027,Thursday,3,2000-W40
2000-10-06,0.8694,0.8743,0.8672,0.8675,70.99999999999996,-18.99999999999902,Friday,4,2000-W40
2000-10-09,0.8689,0.871,0.8685,0.8693,24.999999999999467,3.9999999999995595,Monday,0,2000-W41
2000-10-10,0.8679,0.8747,0.8665,0.872,81.99999999999986,40.99999999999993,Tuesday,1,2000-W41
2000-10-11,0.8719,0.8764,0.8679,0.8685,84.99999999999952,-33.99999999999959,Wednesday,2,2000-W41
2000-10-12,0.8685,0.8685,0.8613,0.8632,72.00000000000095,-53.000000000000824,Thursday,3,2000-W41
2000-10-13,0.8632,0.866,0.853,0.8539,130.0000000000001,-92.99999999999974,Friday,4,2000-W41
2000-10-16,0.8545,0.8561,0.8462,0.8498,99.0000000000002,-47.00000000000038,Monday,0,2000-W42
2000-10-17,0.8497,0.8565,0.848,0.8546,85.00000000000063,49.000000000000156,Tuesday,1,2000-W42
2000-10-18,0.8545,0.8579,0.8327,0.8385,252.0,-160.00000000000014,Wednesday,2,2000-W42
2000-10-19,0.839,0.8446,0.8382,0.8435,64.00000000000072,45.0000000000006,Thursday,3,2000-W42
2000-10-20,0.8436,0.8487,0.8351,0.842,136.00000000000057,-16.00000000000046,Friday,4,2000-W42
2000-10-23,0.8406,0.8426,0.8351,0.8363,75.00000000000063,-42.9999999999997,Monday,0,2000-W43
2000-10-24,0.8362,0.84,0.8345,0.8361,54.999999999999496,-1.000000000001,Tuesday,1,2000-W43
2000-10-25,0.8362,0.8389,0.8249,0.8271,140.0000000000001,-91.00000000000108,Wednesday,2,2000-W43
2000-10-26,0.827,0.8325,0.8229,0.8299,96.00000000000053,29.000000000000135,Thursday,3,2000-W43
2000-10-27,0.83,0.8446,0.829,0.8395,156.00000000000057,95.00000000000064,Friday,4,2000-W43
2000-10-30,0.8395,0.853,0.8395,0.8409,134.99999999999957,13.999999999999568,Monday,0,2000-W44
2000-10-31,0.8411,0.85,0.8388,0.849,111.99999999999987,79.00000000000018,Tuesday,1,2000-W44
2000-11-01,0.8489,0.862,0.8473,0.8617,146.99999999999935,128.00000000000034,Wednesday,2,2000-W44
2000-11-02,0.8616,0.8668,0.8558,0.8586,110.0000000000001,-30.00000000000003,Thursday,3,2000-W44
2000-11-03,0.8587,0.877,0.8575,0.8668,194.99999999999963,80.99999999999996,Friday,4,2000-W44
2000-11-06,0.8669,0.8734,0.8548,0.8622,185.9999999999995,-47.00000000000038,Monday,0,2000-W45
2000-11-07,0.8621,0.8663,0.8579,0.8601,83.99999999999963,-20.000000000000018,Tuesday,1,2000-W45
2000-11-08,0.8602,0.8698,0.8522,0.8555,176.0000000000006,-46.99999999999926,Wednesday,2,2000-W45
2000-11-09,0.8556,0.8679,0.8521,0.8676,158.00000000000037,120.00000000000011,Thursday,3,2000-W45
2000-11-10,0.8675,0.8708,0.8591,0.8599,117.00000000000044,-76.00000000000051,Friday,4,2000-W45
2000-11-13,0.8625,0.8667,0.856,0.8572,107.00000000000043,-53.000000000000824,Monday,0,2000-W46
2000-11-14,0.8573,0.8618,0.8549,0.8581,69.00000000000017,8.00000000000023,Tuesday,1,2000-W46
2000-11-15,0.858,0.8634,0.8553,0.8573,80.99999999999996,-7.000000000000339,Wednesday,2,2000-W46
2000-11-16,0.8574,0.86,0.8512,0.8533,88.0000000000003,-41.00000000000104,Thursday,3,2000-W46
2000-11-17,0.8535,0.8579,0.8475,0.8482,103.99999999999964,-53.000000000000824,Friday,4,2000-W46
2000-11-20,0.8493,0.8523,0.8465,0.8512,57.99999999999916,18.99999999999902,Monday,0,2000-W47
2000-11-21,0.8511,0.8536,0.8418,0.8437,118.00000000000033,-73.99999999999962,Tuesday,1,2000-W47
2000-11-22,0.8439,0.8486,0.8419,0.8422,67.0000000000004,-17.000000000000348,Wednesday,2,2000-W47
2000-11-23,0.8422,0.8458,0.8387,0.8391,70.99999999999996,-30.999999999999915,Thursday,3,2000-W47
2000-11-24,0.8399,0.8454,0.8377,0.8398,77.0000000000004,-0.9999999999998899,Friday,4,2000-W47
2000-11-27,0.8396,0.8527,0.839,0.8526,137.00000000000045,130.0000000000001,Monday,0,2000-W48
2000-11-28,0.8523,0.8582,0.8506,0.8567,75.9999999999994,44.0000000000007,Tuesday,1,2000-W48
2000-11-29,0.8566,0.8661,0.8558,0.8578,102.99999999999976,11.999999999999789,Wednesday,2,2000-W48
2000-11-30,0.8579,0.874,0.857,0.8733,170.00000000000014,153.9999999999997,Thursday,3,2000-W48
2000-12-01,0.8732,0.8795,0.8705,0.879,89.99999999999898,58.00000000000027,Friday,4,2000-W48
2000-12-04,0.8787,0.8933,0.8759,0.8875,173.99999999999972,87.99999999999919,Monday,0,2000-W49
2000-12-05,0.8876,0.8908,0.8787,0.8799,121.0,-76.99999999999929,Tuesday,1,2000-W49
2000-12-06,0.8798,0.8926,0.8773,0.8925,152.9999999999998,126.99999999999933,Wednesday,2,2000-W49
2000-12-07,0.8924,0.8976,0.8858,0.8895,117.99999999999922,-29.000000000000135,Thursday,3,2000-W49
2000-12-08,0.8896,0.8917,0.881,0.8879,107.00000000000043,-16.99999999999924,Friday,4,2000-W49
2000-12-11,0.8827,0.8866,0.8751,0.8775,115.00000000000065,-52.00000000000094,Monday,0,2000-W50
2000-12-12,0.8773,0.884,0.8754,0.8799,86.00000000000053,26.00000000000047,Tuesday,1,2000-W50
2000-12-13,0.8798,0.883,0.8719,0.8772,110.99999999999999,-26.00000000000047,Wednesday,2,2000-W50
2000-12-14,0.8771,0.893,0.8754,0.8928,176.0000000000006,157.00000000000048,Thursday,3,2000-W50
2000-12-15,0.8929,0.9001,0.8905,0.8953,96.00000000000053,23.999999999999577,Friday,4,2000-W50
2000-12-18,0.8951,0.9019,0.8924,0.8953,95.00000000000064,1.9999999999997797,Monday,0,2000-W51
2000-12-19,0.8954,0.897,0.8883,0.8957,87.00000000000041,3.00000000000078,Tuesday,1,2000-W51
2000-12-20,0.8955,0.9101,0.895,0.9098,151.00000000000003,143.0000000000009,Wednesday,2,2000-W51
2000-12-21,0.9097,0.9171,0.9062,0.9166,109.00000000000021,69.00000000000017,Thursday,3,2000-W51
2000-12-22,0.9167,0.926,0.9149,0.923,110.99999999999999,63.00000000000083,Friday,4,2000-W51
2000-12-26,0.9296,0.9327,0.9271,0.9309,55.99999999999938,12.999999999999678,Tuesday,1,2000-W52
2000-12-27,0.931,0.934,0.9275,0.9313,65.00000000000061,2.9999999999996696,Wednesday,2,2000-W52
2000-12-28,0.9312,0.9321,0.9249,0.9299,71.99999999999984,-13.000000000000789,Thursday,3,2000-W52
2000-12-29,0.93,0.9391,0.9284,0.9373,107.00000000000043,72.99999999999973,Friday,4,2000-W52
2001-01-02,0.947,0.9521,0.9393,0.9513,127.99999999999923,43.00000000000082,Tuesday,1,2001-W01
2001-01-03,0.9512,0.9572,0.9271,0.9274,301.00000000000017,-238.00000000000043,Wednesday,2,2001-W01
2001-01-04,0.9272,0.9519,0.9269,0.9503,250.00000000000023,231.00000000000009,Thursday,3,2001-W01
2001-01-05,0.9501,0.9599,0.9468,0.958,131.0,79.00000000000018,Friday,4,2001-W01
2001-01-08,0.9588,0.9595,0.9468,0.9472,127.00000000000044,-115.99999999999943,Monday,0,2001-W02
2001-01-09,0.9471,0.948,0.9389,0.944,90.99999999999997,-31.000000000001027,Tuesday,1,2001-W02
2001-01-10,0.9441,0.9467,0.9365,0.9368,101.99999999999987,-73.00000000000084,Wednesday,2,2001-W02
2001-01-11,0.9367,0.9413,0.9367,0.94,46.00000000000048,32.999999999999694,Thursday,3,2001-W02
2001-01-22,0.9354,0.9406,0.927,0.939,135.99999999999946,35.99999999999937,Monday,0,2001-W04
2001-01-23,0.9389,0.9451,0.9364,0.9365,87.00000000000041,-23.999999999999577,Tuesday,1,2001-W04
2001-01-24,0.937,0.9374,0.9213,0.922,161.00000000000003,-150.00000000000014,Wednesday,2,2001-W04
2001-01-25,0.9219,0.9252,0.9117,0.9241,135.00000000000068,21.999999999999797,Thursday,3,2001-W04
2001-01-26,0.9238,0.9318,0.9201,0.9238,116.99999999999933,0.0,Friday,4,2001-W04
2001-01-29,0.924,0.9264,0.9163,0.917,100.99999999999997,-70.00000000000006,Monday,0,2001-W05
2001-01-30,0.9172,0.928,0.9147,0.9268,133.0000000000009,95.99999999999942,Tuesday,1,2001-W05
2001-01-31,0.9269,0.9374,0.9258,0.937,116.00000000000054,101.0000000000011,Wednesday,2,2001-W05
2001-02-01,0.9371,0.9447,0.9365,0.9383,81.99999999999986,11.999999999999789,Thursday,3,2001-W05
2001-02-02,0.9382,0.9421,0.9318,0.9364,103.00000000000087,-18.000000000000238,Friday,4,2001-W05
2001-02-05,0.9366,0.9439,0.9366,0.9378,72.99999999999973,11.999999999999789,Monday,0,2001-W06
2001-02-06,0.9379,0.9389,0.9285,0.9316,103.99999999999964,-62.99999999999972,Tuesday,1,2001-W06
2001-02-07,0.9317,0.9352,0.9261,0.9285,90.99999999999997,-31.999999999999808,Wednesday,2,2001-W06
2001-02-08,0.9284,0.9303,0.9153,0.918,150.00000000000014,-103.99999999999964,Thursday,3,2001-W06
2001-02-09,0.9182,0.9278,0.9135,0.924,142.9999999999998,58.00000000000027,Friday,4,2001-W06
2001-02-12,0.925,0.9331,0.925,0.9315,80.99999999999996,64.9999999999995,Monday,0,2001-W07
2001-02-13,0.9314,0.9332,0.9174,0.9205,158.00000000000037,-109.00000000000021,Tuesday,1,2001-W07
2001-02-14,0.9206,0.9222,0.917,0.9181,51.99999999999982,-24.999999999999467,Wednesday,2,2001-W07
2001-02-15,0.918,0.9198,0.9029,0.905,168.99999999999915,-130.0000000000001,Thursday,3,2001-W07
2001-02-16,0.9049,0.9182,0.9048,0.9167,133.9999999999997,117.99999999999922,Friday,4,2001-W07
2001-02-19,0.9127,0.9238,0.9125,0.9217,112.99999999999977,90.00000000000009,Monday,0,2001-W08
2001-02-20,0.9215,0.9242,0.9055,0.9125,187.0000000000005,-90.00000000000009,Tuesday,1,2001-W08
2001-02-21,0.9125,0.9184,0.906,0.9094,123.99999999999966,-30.999999999999915,Wednesday,2,2001-W08
2001-02-22,0.9095,0.9133,0.9018,0.9044,114.99999999999955,-50.999999999999936,Thursday,3,2001-W08
2001-02-23,0.9043,0.9213,0.903,0.9173,182.99999999999983,130.0000000000001,Friday,4,2001-W08
2001-02-26,0.9179,0.9189,0.9083,0.9102,106.00000000000054,-77.0000000000004,Monday,0,2001-W09
2001-02-27,0.9103,0.9208,0.9085,0.9189,122.99999999999977,86.00000000000053,Tuesday,1,2001-W09
2001-02-28,0.9188,0.9258,0.9164,0.924,93.99999999999964,52.00000000000094,Wednesday,2,2001-W09
2001-03-01,0.9241,0.9323,0.9227,0.9303,96.00000000000053,61.99999999999983,Thursday,3,2001-W09
2001-03-02,0.9304,0.9383,0.9293,0.9354,90.00000000000009,50.00000000000004,Friday,4,2001-W09
2001-03-05,0.9355,0.9359,0.9284,0.9287,74.99999999999952,-68.00000000000028,Monday,0,2001-W10
2001-03-06,0.9289,0.9349,0.9254,0.9343,94.99999999999953,54.00000000000071,Tuesday,1,2001-W10
2001-03-07,0.9342,0.9371,0.9265,0.9296,106.00000000000054,-46.00000000000048,Wednesday,2,2001-W10
2001-03-08,0.9295,0.9342,0.9276,0.9328,66.0000000000005,32.999999999999694,Thursday,3,2001-W10
2001-03-09,0.9326,0.9376,0.9296,0.9329,80.00000000000007,2.9999999999996696,Friday,4,2001-W10
2001-03-12,0.9322,0.9342,0.926,0.9282,81.99999999999986,-40.000000000000036,Monday,0,2001-W11
2001-03-13,0.9283,0.9303,0.9134,0.9152,169.00000000000026,-131.0,Tuesday,1,2001-W11
2001-03-14,0.9153,0.9212,0.908,0.9118,131.9999999999999,-34.999999999999474,Wednesday,2,2001-W11
2001-03-15,0.9119,0.9132,0.8958,0.897,173.99999999999972,-149.00000000000026,Thursday,3,2001-W11
2001-03-16,0.8969,0.9005,0.8915,0.8974,90.00000000000009,4.999999999999449,Friday,4,2001-W11
2001-03-19,0.8973,0.9024,0.8935,0.8992,89.00000000000018,19.000000000000128,Monday,0,2001-W12
2001-03-20,0.8992,0.9099,0.8991,0.9098,108.00000000000031,106.00000000000054,Tuesday,1,2001-W12
2001-03-21,0.9097,0.9132,0.8936,0.8964,196.00000000000063,-132.99999999999977,Wednesday,2,2001-W12
2001-03-22,0.8963,0.8969,0.8833,0.8892,136.00000000000057,-70.99999999999996,Thursday,3,2001-W12
2001-03-23,0.8895,0.897,0.8854,0.89,116.00000000000054,5.0000000000005596,Friday,4,2001-W12
2001-03-26,0.8891,0.8975,0.8888,0.8965,86.9999999999993,73.99999999999962,Monday,0,2001-W13
2001-03-27,0.8964,0.8993,0.8899,0.8935,93.99999999999964,-29.000000000000135,Tuesday,1,2001-W13
2001-03-28,0.8934,0.8949,0.8848,0.8864,100.99999999999997,-70.00000000000006,Wednesday,2,2001-W13
2001-03-29,0.8863,0.8886,0.88,0.8836,85.9999999999994,-26.999999999999247,Thursday,3,2001-W13
2001-03-30,0.8835,0.8865,0.8757,0.8795,107.9999999999992,-40.000000000000036,Friday,4,2001-W13
2001-04-02,0.8758,0.8837,0.8745,0.8801,91.99999999999986,42.9999999999997,Monday,0,2001-W14
2001-04-03,0.88,0.8983,0.8793,0.8979,190.00000000000017,179.00000000000028,Tuesday,1,2001-W14
2001-04-04,0.898,0.9052,0.8937,0.9016,114.99999999999955,35.99999999999937,Wednesday,2,2001-W14
2001-04-05,0.9017,0.9091,0.8943,0.8967,148.00000000000034,-49.999999999998934,Thursday,3,2001-W14
2001-04-06,0.8968,0.9051,0.8927,0.9042,123.99999999999966,73.99999999999962,Friday,4,2001-W14
2001-04-09,0.9039,0.9051,0.8966,0.8972,85.00000000000063,-67.0000000000004,Monday,0,2001-W15
2001-04-10,0.8971,0.8995,0.8868,0.8891,126.99999999999933,-80.00000000000007,Tuesday,1,2001-W15
2001-04-11,0.889,0.8918,0.8814,0.8887,104.00000000000075,-2.9999999999996696,Wednesday,2,2001-W15
2001-04-12,0.8889,0.8946,0.884,0.892,105.99999999999943,30.999999999999915,Thursday,3,2001-W15
2001-04-13,0.8924,0.8938,0.8891,0.8894,47.00000000000038,-30.00000000000003,Friday,4,2001-W15
2001-04-16,0.885,0.889,0.8834,0.8889,56.0000000000005,39.00000000000014,Monday,0,2001-W16
2001-04-17,0.889,0.8912,0.878,0.8836,131.9999999999999,-53.9999999999996,Tuesday,1,2001-W16
2001-04-18,0.8837,0.8903,0.8719,0.8824,183.99999999999972,-13.000000000000789,Wednesday,2,2001-W16
2001-04-19,0.8823,0.8986,0.8809,0.8973,176.99999999999937,150.00000000000014,Thursday,3,2001-W16
2001-04-20,0.8973,0.9049,0.8956,0.9023,93.00000000000085,50.00000000000004,Friday,4,2001-W16
2001-04-23,0.9028,0.9083,0.8948,0.8982,134.99999999999957,-46.00000000000048,Monday,0,2001-W17
2001-04-24,0.8981,0.9022,0.8935,0.8942,87.00000000000041,-39.00000000000014,Tuesday,1,2001-W17
2001-04-25,0.8941,0.9004,0.891,0.8973,93.99999999999964,31.999999999999808,Wednesday,2,2001-W17
2001-04-26,0.8974,0.9047,0.895,0.9035,96.9999999999993,60.99999999999994,Thursday,3,2001-W17
2001-04-27,0.9036,0.9058,0.8891,0.8909,167.00000000000048,-126.99999999999933,Friday,4,2001-W17
2001-04-30,0.8916,0.8928,0.8854,0.8873,74.00000000000074,-42.9999999999997,Monday,0,2001-W18
2001-05-01,0.8872,0.8944,0.8858,0.8935,85.9999999999994,62.99999999999972,Tuesday,1,2001-W18
2001-05-02,0.8934,0.8952,0.8889,0.8947,62.99999999999972,13.000000000000789,Wednesday,2,2001-W18
2001-05-03,0.8948,0.8982,0.8881,0.8902,100.99999999999997,-46.00000000000048,Thursday,3,2001-W18
2001-05-04,0.8903,0.901,0.8894,0.8936,116.00000000000054,32.999999999999694,Friday,4,2001-W18
2001-05-07,0.8928,0.8937,0.8902,0.8909,35.00000000000058,-19.000000000000128,Monday,0,2001-W19
2001-05-08,0.8908,0.8917,0.8827,0.8852,90.00000000000009,-56.0000000000005,Tuesday,1,2001-W19
2001-05-09,0.8851,0.8864,0.8814,0.8863,50.00000000000004,11.999999999999789,Wednesday,2,2001-W19
2001-05-10,0.8862,0.8932,0.8782,0.8818,150.00000000000014,-43.999999999999595,Thursday,3,2001-W19
2001-05-11,0.8816,0.8821,0.8738,0.8768,82.99999999999974,-48.00000000000026,Friday,4,2001-W19
2001-05-14,0.8755,0.8761,0.8728,0.8743,32.999999999999694,-11.999999999999789,Monday,0,2001-W20
2001-05-15,0.8744,0.8803,0.874,0.8789,62.99999999999972,45.0000000000006,Tuesday,1,2001-W20
2001-05-16,0.8788,0.8869,0.875,0.8835,119.00000000000021,46.99999999999926,Wednesday,2,2001-W20
2001-05-17,0.8834,0.8883,0.8795,0.8831,88.0000000000003,-2.9999999999996696,Thursday,3,2001-W20
2001-05-18,0.883,0.8834,0.8758,0.8806,75.9999999999994,-23.999999999999577,Friday,4,2001-W20
2001-05-21,0.8805,0.8819,0.8743,0.8775,76.00000000000051,-30.00000000000003,Monday,0,2001-W21
2001-05-22,0.8774,0.8776,0.863,0.865,146.00000000000057,-123.99999999999966,Tuesday,1,2001-W21
2001-05-23,0.8651,0.8663,0.8551,0.8571,111.99999999999987,-80.00000000000007,Wednesday,2,2001-W21
2001-05-24,0.8572,0.8614,0.8497,0.8566,117.00000000000044,-5.999999999999339,Thursday,3,2001-W21
2001-05-25,0.8565,0.8631,0.854,0.8583,90.99999999999997,17.999999999999126,Friday,4,2001-W21
2001-05-28,0.8597,0.8609,0.8583,0.859,26.00000000000047,-7.000000000000339,Monday,0,2001-W22
2001-05-29,0.8601,0.8614,0.8532,0.8557,82.00000000000097,-43.999999999999595,Tuesday,1,2001-W22
2001-05-30,0.8556,0.8594,0.8539,0.8571,55.000000000000604,14.999999999999458,Wednesday,2,2001-W22
2001-05-31,0.857,0.8572,0.8445,0.8458,126.99999999999933,-111.99999999999987,Thursday,3,2001-W22
2001-06-01,0.8457,0.8505,0.8434,0.8475,70.99999999999996,18.000000000000238,Friday,4,2001-W22
2001-06-04,0.8472,0.8539,0.8443,0.8467,95.99999999999942,-4.999999999999449,Monday,0,2001-W23
2001-06-05,0.8466,0.8549,0.8427,0.8544,121.99999999999989,78.00000000000028,Tuesday,1,2001-W23
2001-06-06,0.8545,0.857,0.8448,0.8484,121.99999999999989,-60.99999999999994,Wednesday,2,2001-W23
2001-06-07,0.8485,0.8519,0.8461,0.8507,58.00000000000027,21.999999999999797,Thursday,3,2001-W23
2001-06-08,0.8508,0.8521,0.846,0.8507,60.99999999999994,-0.9999999999998899,Friday,4,2001-W23
2001-06-11,0.8506,0.8542,0.8414,0.8435,127.99999999999923,-70.99999999999996,Monday,0,2001-W24
2001-06-12,0.8434,0.8541,0.8418,0.854,122.99999999999977,105.99999999999943,Tuesday,1,2001-W24
2001-06-13,0.8539,0.857,0.8513,0.8551,57.000000000000384,11.999999999999789,Wednesday,2,2001-W24
2001-06-14,0.855,0.8636,0.8489,0.8629,147.00000000000045,79.00000000000018,Thursday,3,2001-W24
2001-06-15,0.863,0.8676,0.8602,0.862,74.00000000000074,-10.000000000000009,Friday,4,2001-W24
2001-06-18,0.8633,0.8644,0.8577,0.8613,66.99999999999929,-20.000000000000018,Monday,0,2001-W25
2001-06-19,0.8612,0.8617,0.853,0.8535,87.00000000000041,-76.99999999999929,Tuesday,1,2001-W25
2001-06-20,0.8534,0.8559,0.8497,0.8549,61.99999999999983,14.999999999999458,Wednesday,2,2001-W25
2001-06-21,0.8548,0.8582,0.8513,0.8549,69.00000000000017,0.9999999999998899,Thursday,3,2001-W25
2001-06-22,0.8548,0.8579,0.8515,0.8574,63.999999999999616,26.00000000000047,Friday,4,2001-W25
2001-06-25,0.8571,0.8626,0.8566,0.8598,60.00000000000006,27.000000000000355,Monday,0,2001-W26
2001-06-26,0.8597,0.8652,0.8591,0.8637,60.99999999999994,40.000000000000036,Tuesday,1,2001-W26
2001-06-27,0.8636,0.8662,0.8591,0.8605,70.99999999999996,-30.999999999999915,Wednesday,2,2001-W26
2001-06-28,0.8604,0.8615,0.8434,0.8437,181.00000000000006,-167.00000000000048,Thursday,3,2001-W26
2001-06-29,0.8438,0.85,0.8437,0.8497,62.99999999999972,59.00000000000016,Friday,4,2001-W26
2001-07-02,0.8499,0.8508,0.8445,0.8471,62.99999999999972,-28.00000000000025,Monday,0,2001-W27
2001-07-03,0.847,0.8502,0.8457,0.8481,44.99999999999949,10.999999999999899,Tuesday,1,2001-W27
2001-07-04,0.8479,0.848,0.8437,0.8451,42.9999999999997,-28.00000000000025,Wednesday,2,2001-W27
2001-07-05,0.8451,0.8472,0.8357,0.8364,114.99999999999955,-86.9999999999993,Thursday,3,2001-W27
2001-07-06,0.8365,0.8481,0.8353,0.8481,127.99999999999923,115.99999999999943,Friday,4,2001-W27
2001-07-09,0.8472,0.8516,0.8449,0.851,67.0000000000004,38.000000000000256,Monday,0,2001-W28
2001-07-10,0.8509,0.8576,0.8493,0.8552,82.99999999999974,42.9999999999997,Tuesday,1,2001-W28
2001-07-11,0.8553,0.8645,0.8536,0.8597,109.00000000000021,44.0000000000007,Wednesday,2,2001-W28
2001-07-12,0.8598,0.8599,0.8509,0.8538,90.00000000000009,-60.00000000000006,Thursday,3,2001-W28
2001-07-13,0.8537,0.8564,0.8513,0.8549,51.000000000001044,11.999999999999789,Friday,4,2001-W28
2001-07-16,0.8549,0.8594,0.8529,0.853,65.00000000000061,-19.000000000000128,Monday,0,2001-W29
2001-07-17,0.8531,0.861,0.8493,0.8593,116.99999999999933,61.99999999999983,Tuesday,1,2001-W29
2001-07-18,0.8592,0.8743,0.8574,0.8743,168.99999999999915,151.00000000000003,Wednesday,2,2001-W29
2001-07-19,0.8742,0.8781,0.8682,0.8709,99.0000000000002,-32.999999999999694,Thursday,3,2001-W29
2001-07-20,0.8708,0.8787,0.8706,0.8721,80.99999999999996,12.999999999999678,Friday,4,2001-W29
2001-07-23,0.8709,0.8717,0.8657,0.869,60.00000000000006,-19.000000000000128,Monday,0,2001-W30
2001-07-24,0.8691,0.8773,0.8691,0.8748,81.99999999999986,57.000000000000384,Tuesday,1,2001-W30
2001-07-25,0.8747,0.8815,0.8718,0.8807,96.9999999999993,60.00000000000006,Wednesday,2,2001-W30
2001-07-26,0.8808,0.8826,0.8749,0.8785,77.0000000000004,-23.000000000000796,Thursday,3,2001-W30
2001-07-27,0.8786,0.8806,0.8725,0.8775,80.99999999999996,-11.000000000001009,Friday,4,2001-W30
2001-07-30,0.8763,0.8775,0.8726,0.8746,48.99999999999905,-16.99999999999924,Monday,0,2001-W31
2001-07-31,0.8747,0.8781,0.8727,0.8761,53.9999999999996,13.999999999999568,Tuesday,1,2001-W31
2001-08-01,0.876,0.8833,0.8759,0.8815,73.99999999999962,54.999999999999496,Wednesday,2,2001-W31
2001-08-02,0.8816,0.8844,0.8787,0.8841,56.999999999999275,24.999999999999467,Thursday,3,2001-W31
2001-08-03,0.884,0.8875,0.8784,0.8846,90.99999999999997,6.000000000000449,Friday,4,2001-W31
2001-08-06,0.8832,0.8836,0.8789,0.882,47.00000000000038,-11.999999999999789,Monday,0,2001-W32
2001-08-07,0.8821,0.8822,0.8754,0.8778,68.00000000000028,-42.9999999999997,Tuesday,1,2001-W32
2001-08-08,0.8777,0.8811,0.8744,0.8806,67.0000000000004,29.000000000000135,Wednesday,2,2001-W32
2001-08-09,0.8805,0.8944,0.8804,0.8923,140.0000000000001,118.00000000000033,Thursday,3,2001-W32
2001-08-10,0.8924,0.8961,0.8914,0.8936,47.00000000000038,11.999999999999789,Friday,4,2001-W32
2001-08-13,0.8944,0.901,0.8925,0.8966,85.00000000000063,21.999999999999797,Monday,0,2001-W33
2001-08-14,0.8967,0.9037,0.8941,0.9034,95.99999999999942,66.99999999999929,Tuesday,1,2001-W33
2001-08-15,0.9033,0.9153,0.9024,0.9151,129.00000000000023,118.00000000000033,Wednesday,2,2001-W33
2001-08-16,0.915,0.9203,0.9093,0.9125,110.0000000000001,-25.000000000000576,Thursday,3,2001-W33
2001-08-17,0.9124,0.9184,0.9105,0.9179,79.00000000000018,55.000000000000604,Friday,4,2001-W33
2001-08-20,0.9174,0.9205,0.9113,0.9147,91.99999999999986,-27.000000000000355,Monday,0,2001-W34
2001-08-21,0.9148,0.9185,0.9082,0.9181,102.99999999999976,33.00000000000081,Tuesday,1,2001-W34
2001-08-22,0.9182,0.9242,0.914,0.9153,101.99999999999987,-29.000000000000135,Wednesday,2,2001-W34
2001-08-23,0.9153,0.917,0.9101,0.9154,69.00000000000017,0.9999999999998899,Thursday,3,2001-W34
2001-08-24,0.9155,0.9169,0.9078,0.9131,90.99999999999997,-23.999999999999577,Friday,4,2001-W34
2001-08-27,0.9129,0.9131,0.9087,0.9116,44.0000000000007,-13.000000000000789,Monday,0,2001-W35
2001-08-28,0.9117,0.9131,0.9031,0.9125,100.00000000000009,8.00000000000023,Tuesday,1,2001-W35
2001-08-29,0.9124,0.9152,0.9088,0.9094,63.999999999999616,-30.00000000000003,Wednesday,2,2001-W35
2001-08-30,0.9093,0.9186,0.9058,0.9165,127.99999999999923,71.99999999999984,Thursday,3,2001-W35
2001-08-31,0.9166,0.92,0.9068,0.9086,131.9999999999999,-80.00000000000007,Friday,4,2001-W35
2001-09-03,0.9094,0.9104,0.9071,0.9079,32.999999999999694,-14.999999999999458,Monday,0,2001-W36
2001-09-04,0.9072,0.9072,0.8847,0.8886,224.99999999999966,-186.0000000000006,Tuesday,1,2001-W36
2001-09-05,0.8885,0.8914,0.8847,0.8852,66.99999999999929,-32.999999999999694,Wednesday,2,2001-W36
2001-09-06,0.8853,0.8972,0.8828,0.8967,143.9999999999997,114.00000000000077,Thursday,3,2001-W36
2001-09-07,0.8968,0.9072,0.8932,0.9071,140.0000000000001,102.99999999999976,Friday,4,2001-W36
2001-09-10,0.9064,0.908,0.8975,0.8984,105.00000000000065,-80.00000000000007,Monday,0,2001-W37
2001-09-11,0.8983,0.9177,0.8958,0.9154,218.9999999999992,171.00000000000003,Tuesday,1,2001-W37
2001-09-12,0.9155,0.9155,0.9018,0.9074,136.99999999999935,-80.99999999999996,Wednesday,2,2001-W37
2001-09-13,0.9073,0.9126,0.9054,0.9115,71.99999999999984,41.999999999999815,Thursday,3,2001-W37
2001-09-14,0.9116,0.9255,0.909,0.9215,164.9999999999996,99.0000000000002,Friday,4,2001-W37
2001-09-17,0.9238,0.9336,0.9175,0.9241,161.00000000000003,3.00000000000078,Monday,0,2001-W38
2001-09-18,0.9242,0.9284,0.919,0.9275,93.99999999999964,32.999999999999694,Tuesday,1,2001-W38
2001-09-19,0.9277,0.9328,0.9235,0.9277,92.99999999999974,0.0,Wednesday,2,2001-W38
2001-09-20,0.9275,0.9297,0.9226,0.9278,70.99999999999996,2.9999999999996696,Thursday,3,2001-W38
2001-09-21,0.9279,0.9284,0.909,0.914,193.99999999999972,-138.99999999999912,Friday,4,2001-W38
2001-09-24,0.9142,0.9206,0.9108,0.9171,97.9999999999992,29.000000000000135,Monday,0,2001-W39
2001-09-25,0.917,0.9251,0.9152,0.9229,99.0000000000002,59.00000000000016,Tuesday,1,2001-W39
2001-09-26,0.923,0.9247,0.9195,0.9232,51.99999999999982,1.9999999999997797,Wednesday,2,2001-W39
2001-09-27,0.9231,0.9236,0.9163,0.9181,72.99999999999973,-50.00000000000004,Thursday,3,2001-W39
2001-09-28,0.9183,0.9187,0.9084,0.9102,102.99999999999976,-80.99999999999996,Friday,4,2001-W39
2001-10-01,0.9109,0.9181,0.9065,0.9176,116.00000000000054,66.99999999999929,Monday,0,2001-W40
2001-10-02,0.9177,0.9199,0.9138,0.9192,61.00000000000105,15.000000000000568,Tuesday,1,2001-W40
2001-10-03,0.9191,0.9235,0.9126,0.9148,109.00000000000021,-43.00000000000082,Wednesday,2,2001-W40
2001-10-04,0.9149,0.9153,0.9136,0.9153,17.000000000000348,3.9999999999995595,Thursday,3,2001-W40
2001-10-08,0.9192,0.9244,0.917,0.9213,73.99999999999962,20.999999999999908,Monday,0,2001-W41
2001-10-09,0.9214,0.9228,0.9127,0.9127,100.99999999999997,-87.00000000000041,Tuesday,1,2001-W41
2001-10-10,0.9131,0.9159,0.9104,0.9109,55.000000000000604,-21.999999999999797,Wednesday,2,2001-W41
2001-10-11,0.9108,0.9124,0.9104,0.9122,20.000000000000018,13.999999999999568,Thursday,3,2001-W41
2001-10-15,0.9122,0.914,0.9067,0.9091,73.00000000000084,-30.999999999999915,Monday,0,2001-W42
2001-10-16,0.909,0.9114,0.9039,0.9086,74.99999999999952,-4.00000000000067,Tuesday,1,2001-W42
2001-10-17,0.9087,0.9095,0.9014,0.9035,80.99999999999996,-51.99999999999982,Wednesday,2,2001-W42
2001-10-18,0.9035,0.9041,0.8996,0.9038,45.0000000000006,3.00000000000078,Thursday,3,2001-W42
2001-10-22,0.8988,0.9005,0.8897,0.8923,107.9999999999992,-65.00000000000061,Monday,0,2001-W43
2001-10-23,0.8924,0.8928,0.8872,0.8908,56.0000000000005,-15.999999999999348,Tuesday,1,2001-W43
2001-10-24,0.8907,0.8946,0.89,0.8941,45.999999999999375,33.99999999999959,Wednesday,2,2001-W43
2001-10-25,0.8942,0.8945,0.8933,0.8938,11.999999999999789,-3.9999999999995595,Thursday,3,2001-W43
2001-10-29,0.8929,0.9054,0.8924,0.9053,130.0000000000001,123.99999999999966,Monday,0,2001-W44
2001-10-30,0.9052,0.9104,0.9038,0.9047,65.99999999999939,-5.0000000000005596,Tuesday,1,2001-W44
2001-10-31,0.9049,0.908,0.8989,0.9002,90.99999999999997,-47.00000000000038,Wednesday,2,2001-W44
2001-11-01,0.9005,0.9008,0.8998,0.9008,10.000000000000009,3.00000000000078,Thursday,3,2001-W44
2001-11-05,0.9014,0.9014,0.8947,0.8983,66.99999999999929,-30.999999999999915,Monday,0,2001-W45
2001-11-06,0.8983,0.8995,0.8943,0.895,51.99999999999982,-32.999999999999694,Tuesday,1,2001-W45
2001-11-07,0.8949,0.905,0.8941,0.8982,109.00000000000021,32.999999999999694,Wednesday,2,2001-W45
2001-11-08,0.8979,0.8986,0.8969,0.897,16.99999999999924,-9.000000000000119,Thursday,3,2001-W45
2001-11-12,0.8946,0.9019,0.8916,0.8948,103.00000000000087,2.00000000000089,Monday,0,2001-W46
2001-11-13,0.8938,0.8938,0.879,0.8806,148.00000000000034,-131.9999999999999,Tuesday,1,2001-W46
2001-11-14,0.8805,0.8845,0.8775,0.8826,70.00000000000006,21.000000000001016,Wednesday,2,2001-W46
2001-11-15,0.8827,0.8835,0.8822,0.8827,12.999999999999678,0.0,Thursday,3,2001-W46
2001-11-19,0.8845,0.8855,0.8769,0.879,85.9999999999994,-54.999999999999496,Monday,0,2001-W47
2001-11-20,0.8791,0.8846,0.8783,0.8836,63.00000000000083,45.0000000000006,Tuesday,1,2001-W47
2001-11-21,0.8835,0.8839,0.8757,0.8786,81.99999999999986,-48.99999999999905,Wednesday,2,2001-W47
2001-11-22,0.8778,0.8784,0.8767,0.8777,16.99999999999924,-0.9999999999998899,Thursday,3,2001-W47
2001-11-26,0.8785,0.8832,0.8783,0.8805,49.000000000000156,20.000000000000018,Monday,0,2001-W48
2001-11-27,0.8806,0.884,0.8771,0.8837,69.00000000000017,30.999999999999915,Tuesday,1,2001-W48
2001-11-28,0.8836,0.8888,0.8822,0.8881,66.0000000000005,44.99999999999949,Wednesday,2,2001-W48
2001-11-29,0.888,0.8883,0.8869,0.8872,13.999999999999568,-8.00000000000023,Thursday,3,2001-W48
2001-12-03,0.8955,0.897,0.8893,0.8917,77.0000000000004,-37.99999999999915,Monday,0,2001-W49
2001-12-04,0.8916,0.8925,0.889,0.8907,34.999999999999474,-8.999999999999009,Tuesday,1,2001-W49
2001-12-05,0.8906,0.9097,0.8848,0.8886,248.99999999999923,-20.000000000000018,Wednesday,2,2001-W49
2001-12-06,0.8887,0.8889,0.8868,0.8872,20.999999999999908,-15.000000000000568,Thursday,3,2001-W49
2001-12-10,0.8894,0.8918,0.8845,0.891,73.00000000000084,16.00000000000046,Monday,0,2001-W50
2001-12-11,0.891,0.8935,0.8886,0.8934,49.000000000000156,23.999999999999577,Tuesday,1,2001-W50
2001-12-12,0.8933,0.9068,0.8925,0.897,143.0000000000009,37.00000000000037,Wednesday,2,2001-W50
2001-12-17,0.9041,0.915,0.9019,0.9024,131.0,-17.000000000000348,Monday,0,2001-W51
2001-12-18,0.9025,0.9044,0.8999,0.9034,44.99999999999949,9.000000000000119,Tuesday,1,2001-W51
2001-12-19,0.9034,0.9125,0.8955,0.9012,170.00000000000014,-21.999999999999797,Wednesday,2,2001-W51
2001-12-20,0.9012,0.9017,0.8976,0.8989,40.99999999999993,-22.999999999999687,Thursday,3,2001-W51
2001-12-24,0.8889,0.8912,0.8745,0.8774,166.99999999999937,-115.00000000000065,Monday,0,2001-W52
2001-12-26,0.8799,0.8903,0.8772,0.8808,131.0,9.000000000000119,Wednesday,2,2001-W52
2001-12-27,0.8808,0.8811,0.8792,0.8795,19.000000000000128,-13.000000000000789,Thursday,3,2001-W52
2001-12-31,0.8844,0.9011,0.883,0.8911,181.00000000000006,67.0000000000004,Monday,0,2001-W01
2002-01-02,0.8913,0.9141,0.8913,0.9041,228.00000000000043,128.00000000000034,Wednesday,2,2002-W01
2002-01-03,0.9042,0.9139,0.9036,0.9057,103.00000000000087,14.999999999999458,Thursday,3,2002-W01
2002-01-07,0.8965,0.8999,0.8886,0.8938,113.00000000000088,-26.999999999999247,Monday,0,2002-W02
2002-01-08,0.8938,0.9021,0.8885,0.8937,136.00000000000057,-0.9999999999998899,Tuesday,1,2002-W02
2002-01-09,0.8936,0.9042,0.8866,0.8917,175.9999999999995,-18.99999999999902,Wednesday,2,2002-W02
2002-01-10,0.8917,0.8925,0.8908,0.8919,16.99999999999924,1.9999999999997797,Thursday,3,2002-W02
2002-01-14,0.8948,0.8956,0.8917,0.8948,38.999999999999034,0.0,Monday,0,2002-W03
2002-01-15,0.8948,0.8949,0.8824,0.8827,125.00000000000067,-121.0,Tuesday,1,2002-W03
2002-01-16,0.8828,0.8846,0.8807,0.8823,39.00000000000014,-5.0000000000005596,Wednesday,2,2002-W03
2002-01-17,0.8823,0.8945,0.8819,0.8824,125.99999999999945,0.9999999999998899,Thursday,3,2002-W03
2002-01-21,0.8864,0.8867,0.8832,0.8839,35.00000000000058,-24.999999999999467,Monday,0,2002-W04
2002-01-22,0.8839,0.8867,0.8816,0.8865,50.999999999999936,25.999999999999357,Tuesday,1,2002-W04
2002-01-23,0.8865,0.8892,0.8771,0.8785,121.0,-80.00000000000007,Wednesday,2,2002-W04
2002-01-24,0.8786,0.8787,0.8773,0.8777,14.000000000000679,-9.000000000000119,Thursday,3,2002-W04
2002-01-28,0.8657,0.8744,0.8577,0.8626,166.99999999999937,-30.999999999999915,Monday,0,2002-W05
2002-01-29,0.8626,0.866,0.8602,0.8659,58.00000000000027,32.999999999999694,Tuesday,1,2002-W05
2002-01-30,0.8659,0.8718,0.8602,0.8614,116.00000000000054,-44.99999999999949,Wednesday,2,2002-W05
2002-01-31,0.8615,0.8718,0.8608,0.8628,110.0000000000001,12.999999999999678,Thursday,3,2002-W05
2002-02-04,0.8623,0.871,0.8608,0.8706,101.99999999999987,83.00000000000085,Monday,0,2002-W06
2002-02-05,0.8706,0.8728,0.8653,0.8673,75.00000000000063,-33.00000000000081,Tuesday,1,2002-W06
2002-02-06,0.8673,0.8709,0.8635,0.8681,73.99999999999962,8.00000000000023,Wednesday,2,2002-W06
2002-02-07,0.8681,0.8681,0.8664,0.8669,17.000000000000348,-11.999999999999789,Thursday,3,2002-W06
2002-02-18,0.8734,0.8742,0.8703,0.8712,39.00000000000014,-21.999999999999797,Monday,0,2002-W08
2002-02-19,0.8708,0.8785,0.8667,0.8769,117.99999999999922,60.99999999999994,Tuesday,1,2002-W08
2002-02-20,0.8769,0.8784,0.8689,0.8697,94.99999999999953,-71.99999999999984,Wednesday,2,2002-W08
2002-02-21,0.8697,0.8721,0.8683,0.8702,38.000000000000256,4.999999999999449,Thursday,3,2002-W08
2002-02-22,0.8703,0.8779,0.8683,0.8757,96.00000000000053,54.00000000000071,Friday,4,2002-W08
2002-02-25,0.8756,0.8758,0.869,0.8691,68.00000000000028,-65.00000000000061,Monday,0,2002-W09
2002-02-26,0.869,0.8725,0.8618,0.8642,107.00000000000043,-48.00000000000026,Tuesday,1,2002-W09
2002-02-27,0.8641,0.8671,0.8627,0.8659,43.999999999999595,18.000000000000238,Wednesday,2,2002-W09
2002-02-28,0.8659,0.8665,0.8635,0.8641,30.00000000000003,-18.000000000000238,Thursday,3,2002-W09
2002-03-04,0.8653,0.8716,0.8635,0.8697,80.99999999999996,44.0000000000007,Monday,0,2002-W10
2002-03-05,0.8697,0.8729,0.8652,0.8718,77.0000000000004,20.999999999999908,Tuesday,1,2002-W10
2002-03-06,0.8718,0.8778,0.8698,0.8767,80.00000000000007,49.000000000000156,Wednesday,2,2002-W10
2002-03-07,0.8767,0.878,0.8764,0.878,16.00000000000046,12.999999999999678,Thursday,3,2002-W10
2002-03-11,0.8744,0.8773,0.8734,0.8755,39.00000000000014,10.999999999999899,Monday,0,2002-W11
2002-03-12,0.8755,0.8765,0.8707,0.8763,57.99999999999916,8.00000000000023,Tuesday,1,2002-W11
2002-03-13,0.8763,0.8785,0.8726,0.8759,58.999999999999055,-3.9999999999995595,Wednesday,2,2002-W11
2002-03-14,0.876,0.878,0.8756,0.8774,23.999999999999577,13.999999999999568,Thursday,3,2002-W11
2002-03-18,0.8817,0.8831,0.8785,0.8829,46.00000000000048,11.999999999999789,Monday,0,2002-W12
2002-03-19,0.883,0.8844,0.8797,0.8829,46.99999999999926,-0.9999999999998899,Tuesday,1,2002-W12
2002-03-20,0.8829,0.886,0.8788,0.8856,71.99999999999984,27.000000000000355,Wednesday,2,2002-W12
2002-03-21,0.8857,0.8862,0.8843,0.8854,19.000000000000128,-3.00000000000078,Thursday,3,2002-W12
2002-03-25,0.877,0.8783,0.8756,0.8776,26.999999999999247,6.000000000000449,Monday,0,2002-W13
2002-03-26,0.8775,0.8799,0.8734,0.8773,65.00000000000061,-1.9999999999997797,Tuesday,1,2002-W13
2002-03-27,0.8773,0.8773,0.8721,0.8727,51.99999999999982,-45.999999999999375,Wednesday,2,2002-W13
2002-03-28,0.8727,0.8741,0.8724,0.8736,17.000000000000348,9.000000000000119,Thursday,3,2002-W13
2002-04-01,0.8714,0.8823,0.8714,0.8808,109.00000000000021,94.00000000000075,Monday,0,2002-W14
2002-04-02,0.8809,0.8817,0.8775,0.8795,42.000000000000924,-14.000000000000679,Tuesday,1,2002-W14
2002-04-03,0.8795,0.8832,0.8775,0.8811,57.000000000000384,16.00000000000046,Wednesday,2,2002-W14
2002-04-04,0.8809,0.8814,0.8803,0.8811,10.999999999999899,1.9999999999997797,Thursday,3,2002-W14
2002-04-08,0.8792,0.8795,0.8738,0.8749,56.999999999999275,-42.9999999999997,Monday,0,2002-W15
2002-04-09,0.8748,0.8811,0.8738,0.8807,72.99999999999973,59.00000000000016,Tuesday,1,2002-W15
2002-04-10,0.881,0.8827,0.879,0.8804,37.00000000000037,-6.000000000000449,Wednesday,2,2002-W15
2002-04-11,0.8804,0.881,0.8795,0.8797,15.000000000000568,-6.999999999999229,Thursday,3,2002-W15
2002-04-15,0.8797,0.8824,0.8791,0.8796,32.999999999999694,-0.9999999999998899,Monday,0,2002-W16
2002-04-16,0.8804,0.8896,0.8792,0.8831,103.99999999999964,27.000000000000355,Tuesday,1,2002-W16
2002-04-17,0.8829,0.8913,0.8819,0.8906,93.99999999999964,76.99999999999929,Wednesday,2,2002-W16
2002-04-18,0.8906,0.8916,0.89,0.8909,15.999999999999348,3.00000000000078,Thursday,3,2002-W16
2002-04-22,0.8904,0.8911,0.8868,0.8895,42.9999999999997,-9.000000000000119,Monday,0,2002-W17
2002-04-23,0.8895,0.8903,0.8863,0.8889,40.000000000000036,-5.999999999999339,Tuesday,1,2002-W17
2002-04-24,0.8889,0.8934,0.8876,0.8931,58.00000000000027,41.999999999999815,Wednesday,2,2002-W17
2002-04-25,0.8931,0.8931,0.8918,0.8924,12.999999999999678,-7.000000000000339,Thursday,3,2002-W17
2002-04-29,0.9015,0.9046,0.9012,0.9039,33.99999999999959,24.00000000000069,Monday,0,2002-W18
2002-04-30,0.9038,0.9042,0.8994,0.9003,48.00000000000026,-35.00000000000058,Tuesday,1,2002-W18
2002-05-01,0.9003,0.9088,0.8997,0.9065,90.99999999999997,61.99999999999983,Wednesday,2,2002-W18
2002-05-02,0.9065,0.9077,0.9062,0.907,14.999999999999458,5.0000000000005596,Thursday,3,2002-W18
2002-05-06,0.9174,0.9187,0.9139,0.9183,47.999999999999154,9.000000000000119,Monday,0,2002-W19
2002-05-07,0.9186,0.9191,0.9115,0.9157,76.00000000000051,-29.000000000000135,Tuesday,1,2002-W19
2002-05-08,0.9156,0.9158,0.904,0.9043,117.99999999999922,-112.99999999999977,Wednesday,2,2002-W19
2002-05-09,0.9044,0.9061,0.9041,0.9059,20.000000000000018,15.000000000000568,Thursday,3,2002-W19
2002-05-13,0.9127,0.9168,0.9099,0.9116,68.99999999999906,-10.999999999999899,Monday,0,2002-W20
2002-05-14,0.9116,0.9125,0.9014,0.9026,110.99999999999999,-90.00000000000009,Tuesday,1,2002-W20
2002-05-15,0.9026,0.9128,0.8998,0.9126,129.999999999999,100.00000000000009,Wednesday,2,2002-W20
2002-05-16,0.9125,0.9128,0.911,0.912,17.999999999999126,-4.999999999999449,Thursday,3,2002-W20
2002-05-20,0.9211,0.9231,0.9184,0.9211,47.00000000000038,0.0,Monday,0,2002-W21
2002-05-21,0.9211,0.9223,0.9164,0.9201,59.00000000000016,-10.000000000000009,Tuesday,1,2002-W21
2002-05-22,0.9199,0.9279,0.9184,0.9259,94.99999999999953,59.99999999999894,Wednesday,2,2002-W21
2002-05-23,0.9259,0.9265,0.9248,0.9248,17.000000000000348,-10.999999999999899,Thursday,3,2002-W21
2002-05-27,0.9209,0.9223,0.9186,0.92,37.00000000000037,-9.000000000000119,Monday,0,2002-W22
2002-05-28,0.92,0.9308,0.92,0.9288,107.9999999999992,87.99999999999919,Tuesday,1,2002-W22
2002-05-29,0.9288,0.937,0.9275,0.9356,95.00000000000064,68.00000000000028,Wednesday,2,2002-W22
2002-05-30,0.9353,0.937,0.9348,0.9365,22.00000000000091,11.999999999999789,Thursday,3,2002-W22
2002-06-03,0.9329,0.9414,0.9306,0.941,108.00000000000031,80.99999999999996,Monday,0,2002-W23
2002-06-04,0.942,0.9454,0.9394,0.9395,60.00000000000006,-24.999999999999467,Tuesday,1,2002-W23
2002-06-05,0.9395,0.9417,0.9353,0.9394,63.999999999999616,-0.9999999999998899,Wednesday,2,2002-W23
2002-06-06,0.9394,0.9402,0.9384,0.9386,18.000000000000238,-8.00000000000023,Thursday,3,2002-W23
2002-06-10,0.9432,0.9486,0.9392,0.9446,93.99999999999964,13.999999999999568,Monday,0,2002-W24
2002-06-11,0.9446,0.9497,0.9407,0.9485,90.00000000000009,39.00000000000014,Tuesday,1,2002-W24
2002-06-12,0.9487,0.9508,0.9432,0.9441,75.9999999999994,-45.999999999999375,Wednesday,2,2002-W24
2002-06-13,0.9441,0.9451,0.9423,0.9431,28.00000000000025,-10.000000000000009,Thursday,3,2002-W24
2002-06-17,0.9451,0.9468,0.9414,0.9443,53.9999999999996,-8.00000000000023,Monday,0,2002-W25
2002-06-18,0.9448,0.9523,0.9438,0.952,85.00000000000063,71.99999999999984,Tuesday,1,2002-W25
2002-06-19,0.9525,0.9581,0.9517,0.9575,63.999999999999616,50.00000000000004,Wednesday,2,2002-W25
2002-06-20,0.9577,0.9586,0.9558,0.9573,28.00000000000025,-3.9999999999995595,Thursday,3,2002-W25
2002-06-24,0.9695,0.9818,0.9684,0.9705,133.9999999999997,10.000000000000009,Monday,0,2002-W26
2002-06-25,0.9707,0.9795,0.9663,0.9794,131.9999999999999,87.00000000000041,Tuesday,1,2002-W26
2002-06-26,0.9798,0.9946,0.979,0.9806,156.00000000000057,8.00000000000023,Wednesday,2,2002-W26
2002-06-27,0.9818,0.9857,0.9818,0.9848,39.00000000000014,30.00000000000003,Thursday,3,2002-W26
2002-07-01,0.9933,0.9975,0.9863,0.9913,112.000000000001,-20.000000000000018,Monday,0,2002-W27
2002-07-02,0.992,0.992,0.9801,0.9863,119.00000000000021,-57.000000000000384,Tuesday,1,2002-W27
2002-07-03,0.9867,0.9875,0.9766,0.9813,109.00000000000021,-54.00000000000071,Wednesday,2,2002-W27
2002-07-04,0.9805,0.9808,0.9753,0.9764,55.000000000000604,-40.99999999999993,Thursday,3,2002-W27
2002-07-08,0.9745,0.9908,0.9745,0.9905,162.9999999999998,160.00000000000014,Monday,0,2002-W28
2002-07-09,0.9914,0.9954,0.9875,0.9937,78.99999999999908,23.000000000000796,Tuesday,1,2002-W28
2002-07-10,0.9935,0.9971,0.986,0.9887,110.99999999999999,-48.00000000000026,Wednesday,2,2002-W28
2002-07-11,0.9892,0.991,0.9873,0.9879,37.00000000000037,-12.999999999999678,Thursday,3,2002-W28
2002-07-15,0.9926,1.0091,0.9926,1.0038,165.0000000000007,111.99999999999987,Monday,0,2002-W29
2002-07-16,1.0035,1.015,1.0028,1.012,121.99999999999989,84.99999999999952,Tuesday,1,2002-W29
2002-07-17,1.0118,1.0164,1.0036,1.0073,127.99999999999923,-44.99999999999949,Wednesday,2,2002-W29
2002-07-18,1.0074,1.0118,1.0045,1.0115,73.00000000000084,40.99999999999993,Thursday,3,2002-W29
2002-07-19,1.0173,1.0204,1.0105,1.0115,99.0000000000002,-58.00000000000027,Friday,4,2002-W29
2002-07-22,1.0116,1.0129,1.0056,1.0089,72.99999999999862,-27.000000000001467,Monday,0,2002-W30
2002-07-23,1.0086,1.0091,0.9847,0.9889,244.00000000000088,-196.9999999999994,Tuesday,1,2002-W30
2002-07-24,0.9889,0.9984,0.9875,0.9951,108.99999999999909,61.99999999999983,Wednesday,2,2002-W30
2002-07-25,0.9956,1.0012,0.994,0.9995,72.00000000000095,39.00000000000014,Thursday,3,2002-W30
2002-07-29,0.9879,0.989,0.9773,0.9811,117.00000000000044,-68.00000000000028,Monday,0,2002-W31
2002-07-30,0.9811,0.9894,0.978,0.9837,113.99999999999966,26.00000000000047,Tuesday,1,2002-W31
2002-07-31,0.9828,0.9856,0.9762,0.9781,94.00000000000075,-47.00000000000038,Wednesday,2,2002-W31
2002-08-01,0.9772,0.9859,0.9727,0.9847,131.9999999999999,75.00000000000063,Thursday,3,2002-W31
2002-08-02,0.9847,0.992,0.9839,0.9875,80.99999999999996,28.00000000000025,Friday,4,2002-W31
2002-08-05,0.9864,0.9879,0.9801,0.9802,78.00000000000028,-62.000000000000945,Monday,0,2002-W32
2002-08-06,0.9801,0.981,0.9624,0.9665,185.9999999999995,-135.99999999999946,Tuesday,1,2002-W32
2002-08-07,0.9664,0.9765,0.9642,0.9752,123.00000000000088,87.99999999999919,Wednesday,2,2002-W32
2002-08-08,0.975,0.9774,0.9643,0.9672,131.0,-78.00000000000028,Thursday,3,2002-W32
2002-08-09,0.967,0.9741,0.9656,0.9703,84.99999999999952,33.00000000000081,Friday,4,2002-W32
2002-08-12,0.9699,0.9802,0.9697,0.9793,104.99999999999955,93.99999999999964,Monday,0,2002-W33
2002-08-13,0.9794,0.9839,0.9755,0.9838,83.99999999999963,43.999999999999595,Tuesday,1,2002-W33
2002-08-14,0.9844,0.9895,0.9784,0.9798,110.99999999999999,-46.00000000000048,Wednesday,2,2002-W33
2002-08-15,0.9792,0.9853,0.9749,0.9823,103.99999999999964,30.999999999999915,Thursday,3,2002-W33
2002-08-16,0.982,0.9868,0.9787,0.9851,80.99999999999996,30.999999999999915,Friday,4,2002-W33
2002-08-19,0.9846,0.9874,0.9752,0.9765,122.000000000001,-80.99999999999996,Monday,0,2002-W34
2002-08-20,0.9763,0.981,0.9732,0.9792,78.00000000000028,29.000000000000135,Tuesday,1,2002-W34
2002-08-21,0.9791,0.985,0.9755,0.9808,94.99999999999953,17.000000000000348,Wednesday,2,2002-W34
2002-08-22,0.9815,0.9815,0.9678,0.9693,137.00000000000045,-121.99999999999989,Thursday,3,2002-W34
2002-08-23,0.9695,0.9734,0.9666,0.9728,68.00000000000028,32.999999999999694,Friday,4,2002-W34
2002-08-26,0.9726,0.9741,0.9689,0.9721,51.99999999999982,-5.0000000000005596,Monday,0,2002-W35
2002-08-27,0.9719,0.984,0.9707,0.9833,132.99999999999977,113.99999999999966,Tuesday,1,2002-W35
2002-08-28,0.9828,0.9836,0.9794,0.9796,41.999999999999815,-31.999999999999808,Wednesday,2,2002-W35
2002-08-29,0.9801,0.9888,0.9779,0.9849,109.00000000000021,48.00000000000026,Thursday,3,2002-W35
2002-08-30,0.9842,0.9864,0.9798,0.9814,66.0000000000005,-27.999999999999137,Friday,4,2002-W35
2002-09-02,0.9816,0.9848,0.98,0.9843,48.00000000000026,26.999999999999247,Monday,0,2002-W36
2002-09-03,0.9845,0.9976,0.9834,0.9968,141.99999999999991,122.99999999999977,Tuesday,1,2002-W36
2002-09-04,0.9969,0.9975,0.9906,0.9928,69.00000000000017,-40.99999999999993,Wednesday,2,2002-W36
2002-09-05,0.9924,0.9992,0.989,0.9918,101.99999999999987,-5.999999999999339,Thursday,3,2002-W36
2002-09-06,0.9921,0.9956,0.9807,0.9822,149.00000000000026,-99.0000000000002,Friday,4,2002-W36
2002-09-09,0.9817,0.983,0.9781,0.9797,49.000000000000156,-20.000000000000018,Monday,0,2002-W37
2002-09-10,0.9799,0.9839,0.9724,0.9756,114.99999999999955,-42.9999999999997,Tuesday,1,2002-W37
2002-09-11,0.9751,0.9771,0.9704,0.9761,66.99999999999929,10.000000000000009,Wednesday,2,2002-W37
2002-09-12,0.9763,0.9825,0.9742,0.982,83.00000000000085,57.000000000000384,Thursday,3,2002-W37
2002-09-13,0.9818,0.9841,0.9704,0.9712,136.99999999999935,-106.00000000000054,Friday,4,2002-W37
2002-09-16,0.9721,0.973,0.9665,0.9696,64.9999999999995,-24.999999999999467,Monday,0,2002-W38
2002-09-17,0.969,0.975,0.9609,0.9748,141.0,58.00000000000027,Tuesday,1,2002-W38
2002-09-18,0.9747,0.9796,0.9689,0.9781,107.00000000000043,33.99999999999959,Wednesday,2,2002-W38
2002-09-19,0.978,0.9874,0.9765,0.9867,109.00000000000021,87.00000000000041,Thursday,3,2002-W38
2002-09-20,0.9874,0.9881,0.9785,0.9821,95.99999999999942,-53.000000000000824,Friday,4,2002-W38
2002-09-23,0.9808,0.986,0.9754,0.9783,105.99999999999943,-25.000000000000576,Monday,0,2002-W39
2002-09-24,0.9782,0.9837,0.9761,0.9816,76.00000000000051,34.000000000000696,Tuesday,1,2002-W39
2002-09-25,0.9821,0.9856,0.9758,0.9765,98.00000000000031,-55.99999999999938,Wednesday,2,2002-W39
2002-09-26,0.9768,0.9811,0.9732,0.9768,79.00000000000018,0.0,Thursday,3,2002-W39
2002-09-27,0.977,0.9814,0.9749,0.981,65.00000000000061,40.000000000000036,Friday,4,2002-W39
2002-09-30,0.9815,0.99,0.9811,0.9877,89.00000000000018,61.99999999999983,Monday,0,2002-W40
2002-10-01,0.9875,0.9894,0.9828,0.9833,65.99999999999939,-42.000000000000924,Tuesday,1,2002-W40
2002-10-02,0.9832,0.9871,0.9812,0.9869,59.00000000000016,37.00000000000037,Wednesday,2,2002-W40
2002-10-03,0.9865,0.991,0.986,0.9881,50.00000000000004,15.999999999999348,Thursday,3,2002-W40
2002-10-04,0.9884,0.9887,0.9782,0.9793,105.00000000000065,-90.99999999999997,Friday,4,2002-W40
2002-10-07,0.9794,0.9839,0.978,0.9834,59.00000000000016,40.000000000000036,Monday,0,2002-W41
2002-10-08,0.983,0.9845,0.9766,0.9787,79.00000000000018,-42.9999999999997,Tuesday,1,2002-W41
2002-10-09,0.9788,0.9915,0.9781,0.9897,134.0000000000008,109.00000000000021,Wednesday,2,2002-W41
2002-10-10,0.9897,0.993,0.9849,0.9864,80.99999999999996,-32.999999999999694,Thursday,3,2002-W41
2002-10-11,0.9863,0.988,0.9836,0.9875,43.999999999999595,12.000000000000899,Friday,4,2002-W41
2002-10-14,0.9878,0.9892,0.9856,0.9871,35.99999999999937,-7.000000000000339,Monday,0,2002-W42
2002-10-15,0.9874,0.9888,0.9793,0.9818,95.00000000000064,-56.0000000000005,Tuesday,1,2002-W42
2002-10-16,0.9817,0.9837,0.9804,0.9817,32.999999999999694,0.0,Wednesday,2,2002-W42
2002-10-17,0.9814,0.9815,0.9699,0.9711,116.00000000000054,-103.00000000000087,Thursday,3,2002-W42
2002-10-18,0.9709,0.9746,0.97,0.972,46.00000000000048,10.999999999999899,Friday,4,2002-W42
2002-10-21,0.972,0.9765,0.9689,0.9737,76.00000000000051,17.000000000000348,Monday,0,2002-W43
2002-10-22,0.9736,0.9803,0.9722,0.9779,80.99999999999996,42.9999999999997,Tuesday,1,2002-W43
2002-10-23,0.9785,0.9798,0.975,0.9766,48.00000000000026,-19.000000000000128,Wednesday,2,2002-W43
2002-10-24,0.9756,0.9785,0.9728,0.9781,57.000000000000384,24.999999999999467,Thursday,3,2002-W43
2002-10-25,0.978,0.9796,0.9759,0.9766,37.00000000000037,-13.999999999999568,Friday,4,2002-W43
2002-10-28,0.977,0.985,0.973,0.9848,120.00000000000011,78.00000000000028,Monday,0,2002-W44
2002-10-29,0.9845,0.9868,0.9811,0.9832,57.000000000000384,-13.000000000000789,Tuesday,1,2002-W44
2002-10-30,0.9826,0.9853,0.9818,0.984,34.999999999999474,13.999999999999568,Wednesday,2,2002-W44
2002-10-31,0.9839,0.991,0.9837,0.9904,72.99999999999973,64.9999999999995,Thursday,3,2002-W44
2002-11-01,0.9902,1.0008,0.9891,0.9972,116.99999999999933,70.00000000000006,Friday,4,2002-W44
2002-11-04,0.9972,0.9983,0.9935,0.9981,47.999999999999154,9.000000000000119,Monday,0,2002-W45
2002-11-05,0.9982,1.0044,0.9974,1.0001,70.00000000000006,19.000000000000128,Tuesday,1,2002-W45
2002-11-06,1.0001,1.005,0.9943,1.0035,106.99999999999932,34.000000000000696,Wednesday,2,2002-W45
2002-11-07,1.0035,1.01,0.9994,1.0095,106.00000000000054,60.00000000000006,Thursday,3,2002-W45
2002-11-08,1.009,1.0148,1.0076,1.0133,71.99999999999874,43.000000000001926,Friday,4,2002-W45
2002-11-11,1.0127,1.0173,1.0094,1.0108,79.00000000000018,-19.000000000000128,Monday,0,2002-W46
2002-11-12,1.0108,1.0138,1.007,1.0127,68.00000000000139,19.000000000000128,Tuesday,1,2002-W46
2002-11-13,1.0129,1.014,1.0048,1.0084,92.00000000000097,-44.99999999999949,Wednesday,2,2002-W46
2002-11-14,1.0083,1.0101,1.0033,1.0044,67.99999999999918,-39.00000000000014,Thursday,3,2002-W46
2002-11-15,1.0043,1.0098,1.0016,1.0096,81.99999999999986,53.000000000000824,Friday,4,2002-W46
2002-11-18,1.0102,1.012,1.0065,1.0093,55.000000000000604,-8.999999999999009,Monday,0,2002-W47
2002-11-19,1.0093,1.0144,1.0009,1.004,135.00000000000068,-53.000000000000824,Tuesday,1,2002-W47
2002-11-20,1.0032,1.0047,0.9993,1.0021,53.9999999999996,-11.000000000001009,Wednesday,2,2002-W47
2002-11-21,1.0017,1.0045,0.9978,1.0018,66.99999999999929,0.9999999999998899,Thursday,3,2002-W47
2002-11-22,1.0022,1.0036,0.9963,0.9974,73.00000000000084,-48.00000000000026,Friday,4,2002-W47
2002-11-25,0.9958,0.9972,0.9895,0.9922,76.99999999999929,-36.000000000000476,Monday,0,2002-W48
2002-11-26,0.9924,0.9937,0.9897,0.9936,40.000000000000036,12.000000000000899,Tuesday,1,2002-W48
2002-11-27,0.9938,0.9943,0.988,0.9908,62.99999999999972,-30.00000000000003,Wednesday,2,2002-W48
2002-11-28,0.9904,0.9963,0.9895,0.9952,67.99999999999918,48.00000000000026,Thursday,3,2002-W48
2002-11-29,0.9932,0.9956,0.9921,0.9946,35.00000000000058,14.000000000000679,Friday,4,2002-W48
2002-12-02,0.9946,0.9983,0.9863,0.9975,120.00000000000011,29.000000000000135,Monday,0,2002-W49
2002-12-03,0.997,1.0002,0.9954,0.9967,48.00000000000026,-2.9999999999996696,Tuesday,1,2002-W49
2002-12-04,0.9967,1.0033,0.9966,1.001,67.0000000000004,42.99999999999859,Wednesday,2,2002-W49
2002-12-05,1.0013,1.0028,0.9974,1.0008,53.9999999999996,-5.00000000000167,Thursday,3,2002-W49
2002-12-06,1.0005,1.0129,1.0002,1.0098,126.99999999999933,93.00000000000085,Friday,4,2002-W49
2002-12-09,1.0098,1.012,1.0071,1.0104,48.99999999999905,5.999999999999339,Monday,0,2002-W50
2002-12-10,1.011,1.0143,1.0074,1.0081,68.99999999999906,-28.999999999999027,Tuesday,1,2002-W50
2002-12-11,1.0081,1.0103,1.0063,1.0084,40.000000000000036,2.9999999999996696,Wednesday,2,2002-W50
2002-12-12,1.0089,1.0198,1.0076,1.0187,121.99999999999989,98.00000000000031,Thursday,3,2002-W50
2002-12-13,1.0188,1.0262,1.0174,1.0234,87.99999999999919,46.00000000000159,Friday,4,2002-W50
2002-12-16,1.0239,1.0251,1.0196,1.023,54.99999999999838,-9.00000000000123,Monday,0,2002-W51
2002-12-17,1.0227,1.0337,1.0212,1.0284,124.99999999999956,57.000000000000384,Tuesday,1,2002-W51
2002-12-18,1.0278,1.0288,1.0228,1.0269,60.00000000000006,-9.00000000000123,Wednesday,2,2002-W51
2002-12-19,1.0278,1.029,1.021,1.0273,80.00000000000007,-4.999999999999449,Thursday,3,2002-W51
2002-12-20,1.0271,1.0278,1.0242,1.0271,36.000000000000476,0.0,Friday,4,2002-W51
2002-12-23,1.0275,1.0319,1.0218,1.0264,100.99999999999997,-11.000000000001009,Monday,0,2002-W52
2002-12-24,1.0266,1.0327,1.0256,1.0306,70.99999999999883,40.000000000000036,Tuesday,1,2002-W52
2002-12-26,1.0351,1.038,1.0331,1.0378,49.000000000001265,27.000000000001467,Thursday,3,2002-W52
2002-12-27,1.0376,1.0444,1.0362,1.0436,81.99999999999986,60.00000000000006,Friday,4,2002-W52
2002-12-30,1.0436,1.0493,1.0413,1.049,80.00000000000007,53.999999999998494,Monday,0,2002-W01
2002-12-31,1.0489,1.0504,1.0457,1.0503,46.99999999999926,14.000000000000679,Tuesday,1,2002-W01
2003-01-02,1.0504,1.0504,1.0338,1.036,165.9999999999995,-143.9999999999997,Thursday,3,2003-W01
2003-01-03,1.0357,1.0437,1.0342,1.0423,95.00000000000064,65.99999999999939,Friday,4,2003-W01
2003-01-06,1.042,1.0496,1.0418,1.0465,78.00000000000028,44.99999999999949,Monday,0,2003-W02
2003-01-07,1.0467,1.0468,1.0398,1.0413,69.99999999999895,-54.00000000000071,Tuesday,1,2003-W02
2003-01-08,1.0413,1.0536,1.0364,1.0498,172.00000000000105,85.00000000000173,Wednesday,2,2003-W02
2003-01-09,1.0501,1.0542,1.0463,1.0489,79.00000000000018,-12.000000000000899,Thursday,3,2003-W02
2003-01-10,1.0485,1.0587,1.0476,1.0571,110.99999999999888,85.9999999999994,Friday,4,2003-W02
2003-01-13,1.0581,1.0588,1.0528,1.0542,60.00000000000006,-39.00000000000014,Monday,0,2003-W03
2003-01-14,1.054,1.0599,1.0538,1.0554,60.99999999999994,13.999999999998458,Tuesday,1,2003-W03
2003-01-15,1.0557,1.0593,1.0506,1.056,86.9999999999993,2.9999999999996696,Wednesday,2,2003-W03
2003-01-16,1.0565,1.063,1.0548,1.0621,81.99999999999986,56.0000000000005,Thursday,3,2003-W03
2003-01-17,1.0619,1.068,1.0608,1.0671,72.00000000000095,51.999999999998714,Friday,4,2003-W03
2003-01-20,1.0659,1.0691,1.0636,1.0678,54.99999999999838,19.000000000000128,Monday,0,2003-W04
2003-01-21,1.0683,1.0735,1.0635,1.073,100.00000000000009,46.99999999999926,Tuesday,1,2003-W04
2003-01-22,1.0722,1.074,1.0687,1.0733,53.000000000000824,10.999999999998789,Wednesday,2,2003-W04
2003-01-23,1.0729,1.0779,1.0707,1.075,72.00000000000095,20.999999999999908,Thursday,3,2003-W04
2003-01-24,1.0747,1.0851,1.0742,1.0822,108.99999999999909,75.00000000000063,Friday,4,2003-W04
2003-01-27,1.0838,1.091,1.0784,1.0852,125.99999999999945,13.999999999998458,Monday,0,2003-W05
2003-01-28,1.0851,1.0855,1.0784,1.0829,70.99999999999883,-21.999999999999797,Tuesday,1,2003-W05
2003-01-29,1.0823,1.0902,1.081,1.0842,92.00000000000097,19.000000000000128,Wednesday,2,2003-W05
2003-01-30,1.0843,1.0848,1.0735,1.0824,113.00000000000088,-19.000000000000128,Thursday,3,2003-W05
2003-01-31,1.0827,1.0836,1.0725,1.0776,110.99999999999888,-51.000000000001044,Friday,4,2003-W05
2003-02-03,1.0794,1.0795,1.0694,1.0789,100.99999999999997,-4.999999999999449,Monday,0,2003-W06
2003-02-04,1.0787,1.0909,1.0771,1.0891,138.00000000000034,103.99999999999964,Tuesday,1,2003-W06
2003-02-05,1.0892,1.0939,1.0738,1.0782,201.00000000000006,-109.99999999999899,Wednesday,2,2003-W06
2003-02-06,1.0783,1.0868,1.0768,1.0829,100.00000000000009,45.999999999999375,Thursday,3,2003-W06
2003-02-07,1.0831,1.0838,1.0735,1.0824,103.00000000000198,-6.999999999999229,Friday,4,2003-W06
2003-02-10,1.0819,1.0831,1.0728,1.0732,102.99999999999976,-87.00000000000152,Monday,0,2003-W07
2003-02-11,1.0721,1.0763,1.0666,1.0738,97.00000000000043,17.000000000000348,Tuesday,1,2003-W07
2003-02-12,1.0737,1.0773,1.0705,1.0712,67.99999999999918,-25.000000000001688,Wednesday,2,2003-W07
2003-02-13,1.0716,1.086,1.0707,1.0831,153.0000000000009,114.99999999999844,Thursday,3,2003-W07
2003-02-14,1.0831,1.0854,1.0766,1.079,87.99999999999919,-40.99999999999993,Friday,4,2003-W07
2003-02-17,1.0767,1.0779,1.0678,1.0733,100.99999999999997,-34.000000000000696,Monday,0,2003-W08
2003-02-18,1.0725,1.0761,1.0682,1.0692,79.00000000000018,-33.00000000000081,Tuesday,1,2003-W08
2003-02-19,1.0694,1.0766,1.0666,1.075,100.00000000000009,56.0000000000005,Wednesday,2,2003-W08
2003-02-20,1.075,1.0836,1.0745,1.0825,90.99999999999886,75.00000000000063,Thursday,3,2003-W08
2003-02-21,1.0819,1.0849,1.0752,1.0773,97.00000000000043,-46.00000000000159,Friday,4,2003-W08
2003-02-24,1.0739,1.0808,1.071,1.0801,98.00000000000031,61.99999999999983,Monday,0,2003-W09
2003-02-25,1.08,1.0824,1.0744,1.0764,80.00000000000007,-36.000000000000476,Tuesday,1,2003-W09
2003-02-26,1.0766,1.0813,1.0732,1.0785,80.99999999999996,19.000000000000128,Wednesday,2,2003-W09
2003-02-27,1.0789,1.0838,1.0738,1.0742,100.00000000000009,-46.99999999999926,Thursday,3,2003-W09
2003-02-28,1.074,1.0809,1.0738,1.08,70.99999999999883,60.00000000000006,Friday,4,2003-W09
2003-03-03,1.0777,1.0903,1.077,1.0896,133.0000000000009,118.999999999998,Monday,0,2003-W10
2003-03-04,1.0897,1.0939,1.088,1.0889,59.00000000000016,-7.999999999999119,Tuesday,1,2003-W10
2003-03-05,1.0909,1.1003,1.0906,1.0964,97.00000000000043,55.000000000000604,Wednesday,2,2003-W10
2003-03-06,1.0968,1.1012,1.0926,1.0973,85.9999999999994,4.999999999999449,Thursday,3,2003-W10
2003-03-07,1.0973,1.107,1.0967,1.1009,102.99999999999976,36.000000000000476,Friday,4,2003-W10
2003-03-10,1.1011,1.107,1.1006,1.1061,63.999999999999616,50.00000000000115,Monday,0,2003-W11
2003-03-11,1.106,1.1086,1.1006,1.1046,80.00000000000007,-14.000000000000679,Tuesday,1,2003-W11
2003-03-12,1.1036,1.1059,1.0984,1.0998,75.00000000000063,-37.99999999999804,Wednesday,2,2003-W11
2003-03-13,1.0995,1.0998,1.0777,1.0784,221.00000000000009,-210.99999999999898,Thursday,3,2003-W11
2003-03-14,1.0775,1.0824,1.0692,1.0744,132.000000000001,-30.999999999998806,Friday,4,2003-W11
2003-03-17,1.0782,1.0845,1.0591,1.0624,254.00000000000088,-158.00000000000037,Monday,0,2003-W12
2003-03-18,1.0627,1.0656,1.0545,1.0635,111.0000000000011,7.999999999999119,Tuesday,1,2003-W12
2003-03-19,1.0639,1.0656,1.0555,1.0564,100.99999999999997,-75.00000000000063,Wednesday,2,2003-W12
2003-03-20,1.0567,1.0675,1.0532,1.0614,142.9999999999998,46.99999999999926,Thursday,3,2003-W12
2003-03-21,1.0614,1.0623,1.0505,1.0525,118.00000000000033,-88.99999999999908,Friday,4,2003-W12
2003-03-24,1.0595,1.0678,1.0568,1.0641,110.00000000000121,45.999999999999375,Monday,0,2003-W13
2003-03-25,1.0642,1.0722,1.0636,1.0657,85.9999999999994,15.000000000000568,Tuesday,1,2003-W13
2003-03-26,1.0658,1.0705,1.0624,1.0696,80.99999999999996,38.000000000000256,Wednesday,2,2003-W13
2003-03-27,1.0697,1.0745,1.0678,1.0699,66.99999999999929,1.9999999999997797,Thursday,3,2003-W13
2003-03-28,1.0689,1.0803,1.067,1.0785,133.0000000000009,96.00000000000053,Friday,4,2003-W13
2003-03-31,1.08,1.0935,1.0783,1.0918,151.9999999999988,118.00000000000033,Monday,0,2003-W14
2003-04-01,1.0913,1.0926,1.0868,1.0918,58.00000000000027,5.00000000000167,Tuesday,1,2003-W14
2003-04-02,1.0915,1.0962,1.0752,1.0769,210.0000000000013,-145.99999999999946,Wednesday,2,2003-W14
2003-04-03,1.0772,1.0794,1.069,1.0761,103.99999999999964,-10.999999999998789,Thursday,3,2003-W14
2003-04-04,1.0762,1.077,1.0686,1.0733,83.99999999999963,-29.000000000001247,Friday,4,2003-W14
2003-04-07,1.0694,1.0706,1.0563,1.0698,142.9999999999998,4.00000000000178,Monday,0,2003-W15
2003-04-08,1.0702,1.0726,1.0644,1.0708,81.99999999999986,5.999999999999339,Tuesday,1,2003-W15
2003-04-09,1.0712,1.0785,1.0677,1.0776,107.9999999999992,63.999999999999616,Wednesday,2,2003-W15
2003-04-10,1.0775,1.0832,1.0762,1.0788,69.99999999999895,13.000000000000789,Thursday,3,2003-W15
2003-04-11,1.0788,1.079,1.0696,1.0755,93.99999999999852,-33.00000000000081,Friday,4,2003-W15
2003-04-14,1.0746,1.0815,1.0719,1.0772,95.99999999999831,25.999999999999357,Monday,0,2003-W16
2003-04-15,1.0774,1.0822,1.0738,1.0801,83.99999999999963,27.000000000001467,Tuesday,1,2003-W16
2003-04-16,1.0802,1.0922,1.0785,1.0916,137.00000000000045,113.99999999999855,Wednesday,2,2003-W16
2003-04-17,1.0913,1.0979,1.0867,1.0877,112.000000000001,-36.000000000000476,Thursday,3,2003-W16
2003-04-18,1.0877,1.0899,1.0873,1.0885,26.000000000001577,8.00000000000134,Friday,4,2003-W16
2003-04-21,1.0901,1.0905,1.0824,1.0872,80.99999999999996,-29.000000000001247,Monday,0,2003-W17
2003-04-22,1.0873,1.1006,1.0851,1.097,155.00000000000068,97.00000000000043,Tuesday,1,2003-W17
2003-04-23,1.0973,1.0985,1.0924,1.0973,60.99999999999994,0.0,Wednesday,2,2003-W17
2003-04-24,1.0965,1.105,1.0946,1.1035,103.99999999999964,69.99999999999895,Thursday,3,2003-W17
2003-04-25,1.1033,1.1053,1.0964,1.1039,88.99999999999908,6.00000000000156,Friday,4,2003-W17
2003-04-28,1.104,1.108,1.0978,1.0988,101.99999999999987,-52.00000000000094,Monday,0,2003-W18
2003-04-29,1.0989,1.1086,1.0937,1.1083,149.00000000000136,94.00000000000075,Tuesday,1,2003-W18
2003-04-30,1.1082,1.1189,1.1067,1.1175,121.99999999999989,92.99999999999864,Wednesday,2,2003-W18
2003-05-01,1.1182,1.1288,1.1156,1.1238,132.000000000001,55.99999999999827,Thursday,3,2003-W18
2003-05-02,1.1235,1.1273,1.1189,1.1229,83.99999999999963,-5.999999999999339,Friday,4,2003-W18
2003-05-05,1.1234,1.1307,1.1206,1.1292,100.99999999999997,58.00000000000027,Monday,0,2003-W19
2003-05-06,1.1294,1.1457,1.1278,1.143,179.00000000000028,136.00000000000057,Tuesday,1,2003-W19
2003-05-07,1.1431,1.1445,1.1332,1.1361,113.00000000000088,-69.99999999999895,Wednesday,2,2003-W19
2003-05-08,1.136,1.1509,1.1311,1.15,198.0000000000004,140.0000000000001,Thursday,3,2003-W19
2003-05-09,1.1499,1.154,1.1442,1.1491,97.9999999999981,-7.999999999999119,Friday,4,2003-W19
2003-05-12,1.153,1.1626,1.1527,1.1561,99.0000000000002,30.999999999998806,Monday,0,2003-W20
2003-05-13,1.1558,1.1575,1.1465,1.1529,109.99999999999899,-28.999999999999027,Tuesday,1,2003-W20
2003-05-14,1.1523,1.1539,1.147,1.1497,68.99999999999906,-26.000000000001577,Wednesday,2,2003-W20
2003-05-15,1.1486,1.1493,1.1379,1.1386,114.00000000000077,-100.00000000000009,Thursday,3,2003-W20
2003-05-16,1.1384,1.1597,1.1373,1.159,223.99999999999974,205.99999999999952,Friday,4,2003-W20
2003-05-19,1.1688,1.1741,1.1623,1.1652,117.99999999999811,-36.000000000000476,Monday,0,2003-W21
2003-05-20,1.1658,1.1718,1.1608,1.1708,109.99999999999899,50.00000000000115,Tuesday,1,2003-W21
2003-05-21,1.1714,1.1747,1.1642,1.1644,105.00000000000176,-69.99999999999895,Wednesday,2,2003-W21
2003-05-22,1.1631,1.1732,1.1621,1.1708,111.0000000000011,77.0000000000004,Thursday,3,2003-W21
2003-05-23,1.1698,1.1821,1.1667,1.181,153.99999999999858,112.000000000001,Friday,4,2003-W21
2003-05-26,1.1832,1.1853,1.1802,1.1848,51.000000000001044,16.00000000000046,Monday,0,2003-W22
2003-05-27,1.1862,1.1938,1.1814,1.1816,123.99999999999966,-45.999999999999375,Tuesday,1,2003-W22
2003-05-28,1.1817,1.1848,1.171,1.1768,138.00000000000034,-48.99999999999905,Wednesday,2,2003-W22
2003-05-29,1.1767,1.191,1.1694,1.1908,216.00000000000063,141.0,Thursday,3,2003-W22
2003-05-30,1.1903,1.1917,1.1745,1.1773,171.9999999999988,-129.999999999999,Friday,4,2003-W22
2003-06-02,1.1717,1.177,1.1653,1.1756,117.00000000000044,39.00000000000014,Monday,0,2003-W23
2003-06-03,1.1762,1.1781,1.1689,1.1736,91.99999999999875,-25.999999999999357,Tuesday,1,2003-W23
2003-06-04,1.1729,1.175,1.1635,1.1643,115.00000000000065,-86.00000000000163,Wednesday,2,2003-W23
2003-06-05,1.1645,1.1892,1.1634,1.1839,258.00000000000045,193.9999999999986,Thursday,3,2003-W23
2003-06-06,1.1842,1.1883,1.1687,1.1707,195.9999999999984,-134.99999999999847,Friday,4,2003-W23
2003-06-09,1.1705,1.1791,1.1658,1.1714,133.0000000000009,8.999999999999009,Monday,0,2003-W24
2003-06-10,1.1717,1.1744,1.1671,1.1675,73.00000000000084,-41.999999999999815,Tuesday,1,2003-W24
2003-06-11,1.1676,1.1785,1.1661,1.1758,124.00000000000189,81.99999999999986,Wednesday,2,2003-W24
2003-06-12,1.1756,1.1809,1.1707,1.1774,101.99999999999987,18.000000000000238,Thursday,3,2003-W24
2003-06-13,1.1769,1.1879,1.174,1.1862,139.00000000000023,92.99999999999864,Friday,4,2003-W24
2003-06-16,1.188,1.1933,1.182,1.1828,113.00000000000088,-51.999999999998714,Monday,0,2003-W25
2003-06-17,1.1831,1.1869,1.1771,1.1783,98.00000000000031,-48.00000000000138,Tuesday,1,2003-W25
2003-06-18,1.1789,1.1805,1.1667,1.1693,138.00000000000034,-96.00000000000053,Wednesday,2,2003-W25
2003-06-19,1.1693,1.1744,1.1584,1.1727,160.00000000000014,34.000000000000696,Thursday,3,2003-W25
2003-06-20,1.1722,1.1737,1.1554,1.1601,182.99999999999983,-121.0,Friday,4,2003-W25
2003-06-23,1.1585,1.1608,1.151,1.1557,98.00000000000031,-28.000000000001357,Monday,0,2003-W26
2003-06-24,1.1563,1.1585,1.1478,1.1512,107.00000000000153,-51.000000000001044,Tuesday,1,2003-W26
2003-06-25,1.1509,1.1626,1.1495,1.1545,131.0000000000011,36.000000000000476,Wednesday,2,2003-W26
2003-06-26,1.1538,1.1546,1.1418,1.1425,128.00000000000145,-112.99999999999866,Thursday,3,2003-W26
2003-06-27,1.1421,1.1471,1.1401,1.1434,70.00000000000117,13.000000000000789,Friday,4,2003-W26
2003-06-30,1.144,1.152,1.1403,1.1508,116.99999999999821,68.00000000000139,Monday,0,2003-W27
2003-07-01,1.1512,1.1612,1.151,1.1565,101.99999999999987,53.000000000000824,Tuesday,1,2003-W27
2003-07-02,1.1568,1.1572,1.1509,1.1543,62.99999999999972,-24.999999999999467,Wednesday,2,2003-W27
2003-07-03,1.154,1.1544,1.1435,1.1499,109.00000000000132,-40.99999999999993,Thursday,3,2003-W27
2003-07-04,1.1499,1.1504,1.1451,1.1484,53.000000000000824,-14.999999999998348,Friday,4,2003-W27
2003-07-07,1.1484,1.149,1.1317,1.1318,173.00000000000094,-166.0000000000017,Monday,0,2003-W28
2003-07-08,1.1318,1.1354,1.126,1.1319,94.00000000000075,0.9999999999998899,Tuesday,1,2003-W28
2003-07-09,1.1323,1.137,1.1307,1.1349,62.99999999999972,25.999999999999357,Wednesday,2,2003-W28
2003-07-10,1.1353,1.1395,1.1312,1.1382,82.99999999999974,29.000000000001247,Thursday,3,2003-W28
2003-07-11,1.1377,1.1388,1.1279,1.1296,109.00000000000132,-80.99999999999996,Friday,4,2003-W28
2003-07-14,1.1299,1.1311,1.1244,1.1275,66.99999999999929,-23.999999999999577,Monday,0,2003-W29
2003-07-15,1.1284,1.1339,1.1157,1.1178,181.99999999999994,-106.00000000000165,Tuesday,1,2003-W29
2003-07-16,1.1178,1.1236,1.1115,1.1217,121.0,39.00000000000014,Wednesday,2,2003-W29
2003-07-17,1.1221,1.1254,1.1159,1.1209,95.00000000000064,-12.000000000000899,Thursday,3,2003-W29
2003-07-18,1.121,1.131,1.1176,1.1274,134.0000000000008,63.999999999999616,Friday,4,2003-W29
2003-07-21,1.1268,1.1361,1.1245,1.1356,116.00000000000054,87.99999999999919,Monday,0,2003-W30
2003-07-22,1.1344,1.1375,1.131,1.1328,64.9999999999995,-16.00000000000046,Tuesday,1,2003-W30
2003-07-23,1.1332,1.1492,1.1319,1.1487,173.00000000000094,155.00000000000068,Wednesday,2,2003-W30
2003-07-24,1.1488,1.1513,1.1425,1.1477,87.99999999999919,-11.000000000001009,Thursday,3,2003-W30
2003-07-25,1.1476,1.1552,1.1448,1.1511,103.99999999999964,35.00000000000058,Friday,4,2003-W30
2003-07-28,1.148,1.152,1.1455,1.1498,64.9999999999995,18.000000000000238,Monday,0,2003-W31
2003-07-29,1.1498,1.1541,1.1439,1.1447,101.99999999999987,-50.99999999999882,Tuesday,1,2003-W31
2003-07-30,1.1436,1.1456,1.1338,1.1346,118.00000000000033,-89.99999999999898,Wednesday,2,2003-W31
2003-07-31,1.1367,1.1367,1.1228,1.1234,139.00000000000023,-133.0000000000009,Thursday,3,2003-W31
2003-08-01,1.1234,1.1276,1.1137,1.1272,139.00000000000023,38.000000000000256,Friday,4,2003-W31
2003-08-04,1.1288,1.1378,1.1263,1.1361,114.99999999999844,73.00000000000084,Monday,0,2003-W32
2003-08-05,1.1361,1.1403,1.131,1.139,93.00000000000085,28.999999999999027,Tuesday,1,2003-W32
2003-08-06,1.1398,1.1428,1.1329,1.1337,99.0000000000002,-60.99999999999994,Wednesday,2,2003-W32
2003-08-07,1.1339,1.1418,1.1323,1.1375,94.99999999999842,36.000000000000476,Thursday,3,2003-W32
2003-08-08,1.1378,1.1385,1.1291,1.1307,94.00000000000075,-70.99999999999883,Friday,4,2003-W32
2003-08-11,1.1305,1.1382,1.1267,1.1363,115.00000000000065,58.00000000000027,Monday,0,2003-W33
2003-08-12,1.1364,1.1368,1.1354,1.136,14.000000000000679,-4.00000000000178,Tuesday,1,2003-W33
2003-08-18,1.1265,1.1273,1.1128,1.115,144.99999999999957,-115.00000000000065,Monday,0,2003-W34
2003-08-19,1.1152,1.1153,1.1058,1.1142,95.00000000000064,-9.999999999998899,Tuesday,1,2003-W34
2003-08-20,1.1145,1.115,1.1084,1.1118,65.99999999999939,-27.000000000001467,Wednesday,2,2003-W34
2003-08-21,1.1121,1.1123,1.0887,1.0926,236.00000000000065,-195.00000000000074,Thursday,3,2003-W34
2003-08-22,1.0926,1.095,1.0839,1.089,110.99999999999888,-36.000000000000476,Friday,4,2003-W34
2003-08-25,1.0861,1.0921,1.085,1.0876,71.00000000000107,14.999999999998348,Monday,0,2003-W35
2003-08-26,1.0871,1.0911,1.0795,1.0857,116.00000000000054,-13.999999999998458,Tuesday,1,2003-W35
2003-08-27,1.0858,1.0934,1.0833,1.089,100.99999999999997,31.999999999998696,Wednesday,2,2003-W35
2003-08-28,1.0883,1.0916,1.0814,1.0888,101.99999999999987,4.999999999999449,Thursday,3,2003-W35
2003-08-29,1.0894,1.1001,1.0873,1.099,128.00000000000145,96.00000000000053,Friday,4,2003-W35
2003-09-01,1.0998,1.1017,1.0956,1.0975,60.99999999999994,-23.000000000001908,Monday,0,2003-W36
2003-09-02,1.0961,1.0966,1.0809,1.0812,157.00000000000048,-149.00000000000136,Tuesday,1,2003-W36
2003-09-03,1.0815,1.0875,1.0766,1.0848,108.99999999999909,33.00000000000081,Wednesday,2,2003-W36
2003-09-04,1.0853,1.0951,1.0811,1.0949,140.0000000000001,96.00000000000053,Thursday,3,2003-W36
2003-09-05,1.0947,1.1116,1.0918,1.1105,197.99999999999818,158.00000000000037,Friday,4,2003-W36
2003-09-08,1.1105,1.1131,1.105,1.1068,80.99999999999996,-37.00000000000037,Monday,0,2003-W37
2003-09-09,1.1069,1.1242,1.1057,1.1228,185.00000000000182,159.00000000000026,Tuesday,1,2003-W37
2003-09-10,1.1231,1.124,1.1164,1.1213,76.00000000000051,-18.000000000000238,Wednesday,2,2003-W37
2003-09-11,1.1215,1.1273,1.1156,1.1212,117.00000000000044,-2.9999999999996696,Thursday,3,2003-W37
2003-09-12,1.121,1.1326,1.1137,1.1287,189.0000000000014,77.0000000000004,Friday,4,2003-W37
2003-09-15,1.1275,1.1312,1.1247,1.1286,64.9999999999995,11.000000000001009,Monday,0,2003-W38
2003-09-16,1.1288,1.132,1.1156,1.1179,163.99999999999972,-109.00000000000132,Tuesday,1,2003-W38
2003-09-17,1.1184,1.1302,1.1142,1.1286,160.00000000000014,101.99999999999987,Wednesday,2,2003-W38
2003-09-18,1.1289,1.1347,1.123,1.1256,117.00000000000044,-33.00000000000081,Thursday,3,2003-W38
2003-09-19,1.125,1.1385,1.124,1.1367,144.99999999999957,117.00000000000044,Friday,4,2003-W38
2003-09-22,1.144,1.1507,1.1416,1.1464,91.00000000000108,24.000000000001798,Monday,0,2003-W39
2003-09-23,1.1464,1.153,1.144,1.1445,90.0000000000012,-19.000000000000128,Tuesday,1,2003-W39
2003-09-24,1.145,1.1506,1.143,1.1497,76.00000000000051,46.99999999999926,Wednesday,2,2003-W39
2003-09-25,1.1496,1.1539,1.1461,1.1492,78.00000000000028,-3.9999999999995595,Thursday,3,2003-W39
2003-09-26,1.1488,1.1502,1.1441,1.1477,60.99999999999994,-11.000000000001009,Friday,4,2003-W39
2003-09-29,1.1468,1.1603,1.1397,1.1599,206.00000000000173,130.9999999999989,Monday,0,2003-W40
2003-09-30,1.1601,1.1738,1.1576,1.166,161.99999999999991,59.00000000000016,Tuesday,1,2003-W40
2003-10-01,1.166,1.173,1.1647,1.1719,82.99999999999974,59.00000000000016,Wednesday,2,2003-W40
2003-10-02,1.1725,1.1772,1.1664,1.1694,107.9999999999992,-31.000000000001027,Thursday,3,2003-W40
2003-10-03,1.1692,1.1722,1.1553,1.158,168.99999999999915,-112.000000000001,Friday,4,2003-W40
2003-10-06,1.1573,1.1723,1.1537,1.1712,185.9999999999995,139.00000000000023,Monday,0,2003-W41
2003-10-07,1.1711,1.1816,1.1699,1.1762,117.00000000000044,50.99999999999882,Tuesday,1,2003-W41
2003-10-08,1.1772,1.1841,1.1767,1.1815,73.99999999999851,42.9999999999997,Wednesday,2,2003-W41
2003-10-09,1.1815,1.1861,1.1688,1.1747,172.99999999999872,-67.99999999999918,Thursday,3,2003-W41
2003-10-10,1.1752,1.1851,1.1705,1.1804,145.99999999999946,51.999999999998714,Friday,4,2003-W41
2003-10-13,1.1818,1.1823,1.1655,1.1708,167.99999999999926,-109.99999999999899,Monday,0,2003-W42
2003-10-14,1.1708,1.1768,1.1583,1.1723,184.9999999999996,14.999999999998348,Tuesday,1,2003-W42
2003-10-15,1.1728,1.1748,1.1591,1.1636,157.00000000000048,-92.00000000000097,Wednesday,2,2003-W42
2003-10-16,1.1638,1.1698,1.1571,1.1588,126.99999999999933,-49.999999999998934,Thursday,3,2003-W42
2003-10-17,1.1588,1.1685,1.1546,1.1678,139.00000000000023,89.99999999999898,Friday,4,2003-W42
2003-10-20,1.1718,1.1739,1.1607,1.1639,131.99999999999878,-79.00000000000018,Monday,0,2003-W43
2003-10-21,1.1636,1.1701,1.1619,1.1669,81.99999999999986,33.00000000000081,Tuesday,1,2003-W43
2003-10-22,1.1672,1.1828,1.1653,1.1805,175.0000000000007,133.0000000000009,Wednesday,2,2003-W43
2003-10-23,1.1806,1.1849,1.1757,1.1794,92.00000000000097,-12.000000000000899,Thursday,3,2003-W43
2003-10-24,1.1791,1.186,1.1765,1.1788,94.99999999999842,-2.9999999999996696,Friday,4,2003-W43
2003-10-27,1.1785,1.179,1.1723,1.1747,67.0000000000015,-38.000000000000256,Monday,0,2003-W44
2003-10-28,1.1751,1.1753,1.166,1.1672,93.00000000000085,-79.00000000000018,Tuesday,1,2003-W44
2003-10-29,1.1674,1.1722,1.1663,1.1667,59.00000000000016,-6.999999999999229,Wednesday,2,2003-W44
2003-10-30,1.1668,1.1757,1.1622,1.163,135.00000000000068,-38.000000000000256,Thursday,3,2003-W44
2003-10-31,1.1622,1.1657,1.1603,1.1627,53.999999999998494,5.00000000000167,Friday,4,2003-W44
2003-11-03,1.1593,1.1621,1.1429,1.1462,191.99999999999883,-130.9999999999989,Monday,0,2003-W45
2003-11-04,1.1455,1.1514,1.1431,1.1497,82.99999999999974,41.999999999999815,Tuesday,1,2003-W45
2003-11-05,1.1491,1.1501,1.1416,1.1439,84.99999999999952,-52.00000000000094,Wednesday,2,2003-W45
2003-11-06,1.144,1.1467,1.1391,1.1417,76.00000000000051,-22.999999999999687,Thursday,3,2003-W45
2003-11-07,1.1413,1.1546,1.1379,1.1529,167.0000000000016,116.00000000000054,Friday,4,2003-W45
2003-11-10,1.152,1.1538,1.1469,1.1484,68.99999999999906,-35.99999999999825,Monday,0,2003-W46
2003-11-11,1.1475,1.1533,1.1447,1.152,85.9999999999994,44.99999999999949,Tuesday,1,2003-W46
2003-11-12,1.1522,1.1662,1.1508,1.1635,153.99999999999858,113.00000000000088,Wednesday,2,2003-W46
2003-11-13,1.1633,1.1742,1.163,1.1737,111.99999999999876,103.99999999999964,Thursday,3,2003-W46
2003-11-14,1.1738,1.1806,1.173,1.1778,76.00000000000051,40.000000000000036,Friday,4,2003-W46
2003-11-17,1.1798,1.1851,1.173,1.1752,121.0,-45.999999999999375,Monday,0,2003-W47
2003-11-18,1.1754,1.1976,1.1737,1.1975,239.0000000000003,221.00000000000009,Tuesday,1,2003-W47
2003-11-19,1.1973,1.1982,1.1878,1.1881,103.99999999999964,-92.00000000000097,Wednesday,2,2003-W47
2003-11-20,1.1882,1.197,1.1882,1.1912,88.0000000000014,30.000000000001137,Thursday,3,2003-W47
2003-11-21,1.1916,1.194,1.1859,1.1915,80.99999999999996,-0.9999999999998899,Friday,4,2003-W47
2003-11-24,1.1921,1.1925,1.1763,1.1774,161.99999999999991,-146.99999999999935,Monday,0,2003-W48
2003-11-25,1.1773,1.182,1.1755,1.1796,64.9999999999995,22.999999999999687,Tuesday,1,2003-W48
2003-11-26,1.18,1.1951,1.1774,1.1942,177.00000000000048,141.99999999999991,Wednesday,2,2003-W48
2003-11-27,1.1935,1.1941,1.189,1.1903,50.99999999999882,-32.00000000000092,Thursday,3,2003-W48
2003-11-28,1.192,1.2019,1.1902,1.1995,117.00000000000044,75.00000000000063,Friday,4,2003-W48
2003-12-01,1.1981,1.2044,1.194,1.1979,103.99999999999964,-1.9999999999997797,Monday,0,2003-W49
2003-12-02,1.1986,1.2094,1.1946,1.2083,147.99999999999923,96.9999999999982,Tuesday,1,2003-W49
2003-12-03,1.2084,1.2131,1.207,1.2109,60.99999999999994,25.000000000001688,Wednesday,2,2003-W49
2003-12-04,1.2114,1.2159,1.203,1.2087,128.99999999999912,-26.999999999999247,Thursday,3,2003-W49
2003-12-05,1.2095,1.2179,1.2066,1.2166,113.00000000000088,70.99999999999883,Friday,4,2003-W49
2003-12-08,1.2182,1.2242,1.2154,1.2225,87.99999999999919,42.9999999999997,Monday,0,2003-W50
2003-12-09,1.2228,1.2277,1.2189,1.2256,87.99999999999919,27.999999999999137,Tuesday,1,2003-W50
2003-12-10,1.226,1.227,1.2154,1.222,116.00000000000054,-40.000000000000036,Wednesday,2,2003-W50
2003-12-11,1.2216,1.2239,1.2117,1.2225,121.99999999999989,8.999999999999009,Thursday,3,2003-W50
2003-12-12,1.2222,1.2308,1.2211,1.2291,96.9999999999982,69.00000000000128,Friday,4,2003-W50
2003-12-15,1.2159,1.2326,1.2137,1.2326,188.99999999999918,166.99999999999937,Monday,0,2003-W51
2003-12-16,1.2318,1.2363,1.2304,1.2331,59.00000000000016,13.000000000000789,Tuesday,1,2003-W51
2003-12-17,1.2332,1.2423,1.2298,1.2414,124.99999999999956,81.99999999999986,Wednesday,2,2003-W51
2003-12-18,1.2413,1.2439,1.2363,1.2426,76.00000000000051,12.999999999998568,Thursday,3,2003-W51
2003-12-19,1.2425,1.2435,1.2347,1.2372,88.0000000000014,-52.99999999999861,Friday,4,2003-W51
2003-12-22,1.2417,1.245,1.2352,1.2399,98.00000000000031,-18.000000000000238,Monday,0,2003-W52
2003-12-23,1.2393,1.2429,1.2389,1.2395,40.000000000000036,1.9999999999997797,Tuesday,1,2003-W52
2003-12-24,1.2403,1.2472,1.2397,1.2453,75.00000000000063,50.00000000000115,Wednesday,2,2003-W52
2003-12-26,1.2451,1.2463,1.2428,1.2431,35.00000000000058,-20.000000000000018,Friday,4,2003-W52
2003-12-29,1.2445,1.2511,1.2428,1.2491,83.00000000000196,46.00000000000159,Monday,0,2003-W01
2003-12-30,1.2492,1.2565,1.2482,1.2554,82.99999999999974,61.99999999999983,Tuesday,1,2003-W01
2003-12-31,1.2553,1.2648,1.2517,1.2585,130.9999999999989,31.999999999998696,Wednesday,2,2003-W01
2004-01-02,1.259,1.2631,1.2526,1.2591,104.99999999999955,1.0000000000021103,Friday,4,2004-W01
2004-01-05,1.2596,1.2699,1.2587,1.2677,112.000000000001,80.99999999999996,Monday,0,2004-W02
2004-01-06,1.2678,1.2812,1.267,1.2732,141.99999999999991,54.00000000000071,Tuesday,1,2004-W02
2004-01-07,1.273,1.2745,1.2628,1.2633,117.00000000000044,-96.9999999999982,Wednesday,2,2004-W02
2004-01-08,1.2629,1.2784,1.2562,1.2769,221.99999999999997,140.0000000000001,Thursday,3,2004-W02
2004-01-09,1.2769,1.2869,1.2705,1.2836,163.99999999999972,67.0000000000015,Friday,4,2004-W02
2004-01-12,1.287,1.29,1.2738,1.2751,161.99999999999991,-119.00000000000021,Monday,0,2004-W03
2004-01-13,1.2749,1.2798,1.2717,1.2774,80.99999999999996,25.000000000001688,Tuesday,1,2004-W03
2004-01-14,1.2771,1.279,1.2633,1.265,156.99999999999824,-121.0,Wednesday,2,2004-W03
2004-01-15,1.2652,1.2675,1.2562,1.258,113.00000000000088,-72.00000000000095,Thursday,3,2004-W03
2004-01-16,1.2583,1.261,1.2353,1.2389,256.99999999999835,-194.00000000000085,Friday,4,2004-W03
2004-01-19,1.2381,1.2427,1.2336,1.2353,90.99999999999886,-27.999999999999137,Monday,0,2004-W04
2004-01-20,1.2357,1.2598,1.2349,1.2584,248.99999999999923,226.99999999999943,Tuesday,1,2004-W04
2004-01-21,1.2584,1.2676,1.255,1.2648,126.00000000000166,63.999999999999616,Wednesday,2,2004-W04
2004-01-22,1.2649,1.2754,1.2638,1.2719,116.00000000000054,70.00000000000117,Thursday,3,2004-W04
2004-01-23,1.2716,1.2779,1.257,1.2588,209.00000000000142,-128.00000000000145,Friday,4,2004-W04
2004-01-26,1.2588,1.2691,1.246,1.2463,230.99999999999898,-124.99999999999956,Monday,0,2004-W05
2004-01-27,1.2465,1.2666,1.2442,1.2646,223.99999999999974,181.00000000000006,Tuesday,1,2004-W05
2004-01-28,1.2645,1.2711,1.2468,1.2474,242.9999999999999,-170.99999999999892,Wednesday,2,2004-W05
2004-01-29,1.2458,1.2562,1.2365,1.2411,197.0000000000005,-46.99999999999926,Thursday,3,2004-W05
2004-01-30,1.2411,1.2494,1.2353,1.2473,141.0,61.99999999999983,Friday,4,2004-W05
2004-02-02,1.2482,1.2489,1.2394,1.2426,94.99999999999842,-56.0000000000005,Monday,0,2004-W06
2004-02-03,1.2429,1.2601,1.2419,1.2544,181.99999999999994,115.00000000000065,Tuesday,1,2004-W06
2004-02-04,1.2549,1.2564,1.2496,1.2537,67.99999999999918,-11.999999999998678,Wednesday,2,2004-W06
2004-02-05,1.2542,1.2638,1.2524,1.2549,114.00000000000077,6.999999999999229,Thursday,3,2004-W06
2004-02-06,1.2556,1.2727,1.2515,1.2707,211.99999999999886,150.99999999999892,Friday,4,2004-W06
2004-02-09,1.2613,1.2766,1.2607,1.2706,159.00000000000026,92.99999999999864,Monday,0,2004-W07
2004-02-10,1.2701,1.2792,1.267,1.2674,121.99999999999989,-26.999999999999247,Tuesday,1,2004-W07
2004-02-11,1.2688,1.2841,1.2651,1.283,190.00000000000128,141.99999999999991,Wednesday,2,2004-W07
2004-02-12,1.2835,1.285,1.2791,1.2813,59.00000000000016,-21.999999999999797,Thursday,3,2004-W07
2004-02-13,1.2818,1.2895,1.2717,1.2742,178.00000000000037,-76.00000000000051,Friday,4,2004-W07
2004-02-16,1.2759,1.2791,1.2721,1.2775,69.99999999999895,16.00000000000046,Monday,0,2004-W08
2004-02-17,1.2773,1.2879,1.2761,1.2844,118.00000000000033,70.99999999999883,Tuesday,1,2004-W08
2004-02-18,1.2848,1.2931,1.2662,1.2693,268.99999999999926,-154.99999999999847,Wednesday,2,2004-W08
2004-02-19,1.2697,1.2739,1.265,1.2718,89.00000000000131,20.999999999999908,Thursday,3,2004-W08
2004-02-20,1.2738,1.277,1.2497,1.2532,272.9999999999988,-205.99999999999952,Friday,4,2004-W08
2004-02-23,1.254,1.2598,1.2454,1.2557,143.9999999999997,17.000000000000348,Monday,0,2004-W09
2004-02-24,1.2559,1.2714,1.2526,1.2686,188.0000000000015,126.99999999999933,Tuesday,1,2004-W09
2004-02-25,1.2697,1.2709,1.2479,1.2506,229.9999999999991,-191.00000000000117,Wednesday,2,2004-W09
2004-02-26,1.2503,1.2519,1.2386,1.244,133.0000000000009,-62.99999999999972,Thursday,3,2004-W09
2004-02-27,1.2442,1.2511,1.2374,1.2494,137.00000000000045,52.00000000000094,Friday,4,2004-W09
2004-03-01,1.2495,1.2543,1.2429,1.2461,114.00000000000077,-34.000000000000696,Monday,0,2004-W10
2004-03-02,1.2457,1.2472,1.2197,1.2217,275.0000000000008,-240.00000000000023,Tuesday,1,2004-W10
2004-03-03,1.2221,1.2226,1.2058,1.2205,167.99999999999926,-16.00000000000046,Wednesday,2,2004-W10
2004-03-04,1.2197,1.2245,1.2138,1.2202,106.99999999999932,4.999999999999449,Thursday,3,2004-W10
2004-03-05,1.2203,1.2435,1.2176,1.238,259.00000000000034,177.00000000000048,Friday,4,2004-W10
2004-03-08,1.2397,1.249,1.2341,1.2402,149.00000000000136,4.999999999999449,Monday,0,2004-W11
2004-03-09,1.2403,1.2455,1.2273,1.2317,181.99999999999994,-85.9999999999994,Tuesday,1,2004-W11
2004-03-10,1.2317,1.2338,1.2197,1.2213,141.0,-103.99999999999964,Wednesday,2,2004-W11
2004-03-11,1.2212,1.2386,1.2162,1.237,223.99999999999974,158.00000000000037,Thursday,3,2004-W11
2004-03-12,1.2371,1.2371,1.2172,1.2185,199.00000000000028,-186.0000000000017,Friday,4,2004-W11
2004-03-15,1.2185,1.2316,1.2181,1.2264,135.00000000000068,79.00000000000018,Monday,0,2004-W12
2004-03-16,1.2264,1.237,1.2228,1.227,141.99999999999991,6.00000000000156,Tuesday,1,2004-W12
2004-03-17,1.2269,1.2287,1.2176,1.2238,110.99999999999888,-31.000000000001027,Wednesday,2,2004-W12
2004-03-18,1.2238,1.2436,1.2222,1.2391,214.00000000000085,153.0000000000009,Thursday,3,2004-W12
2004-03-19,1.2392,1.2407,1.2255,1.2276,151.9999999999988,-116.00000000000054,Friday,4,2004-W12
2004-03-22,1.2276,1.2397,1.2221,1.2339,176.0000000000006,62.99999999999972,Monday,0,2004-W13
2004-03-23,1.234,1.2369,1.2265,1.234,104.00000000000188,0.0,Tuesday,1,2004-W13
2004-03-24,1.234,1.2365,1.2116,1.2129,248.99999999999923,-210.99999999999898,Wednesday,2,2004-W13
2004-03-25,1.213,1.2198,1.2096,1.213,101.99999999999987,0.0,Thursday,3,2004-W13
2004-03-26,1.2129,1.221,1.2069,1.2129,141.0,0.0,Friday,4,2004-W13
2004-03-29,1.2121,1.2172,1.2051,1.2161,121.0,40.000000000000036,Monday,0,2004-W14
2004-03-30,1.2159,1.2231,1.2153,1.2172,78.00000000000028,13.000000000000789,Tuesday,1,2004-W14
2004-03-31,1.2177,1.2326,1.2174,1.2319,151.9999999999988,141.99999999999991,Wednesday,2,2004-W14
2004-04-01,1.2316,1.2391,1.2256,1.2368,135.00000000000068,51.999999999998714,Thursday,3,2004-W14
2004-04-02,1.2374,1.2374,1.2104,1.2142,270.00000000000136,-232.00000000000108,Friday,4,2004-W14
2004-04-05,1.2107,1.2131,1.1988,1.202,142.9999999999998,-87.00000000000152,Monday,0,2004-W15
2004-04-06,1.202,1.2137,1.1985,1.212,152.00000000000102,100.00000000000009,Tuesday,1,2004-W15
2004-04-07,1.2113,1.2198,1.2052,1.2176,145.99999999999946,62.99999999999972,Wednesday,2,2004-W15
2004-04-08,1.2176,1.2221,1.2065,1.2089,156.00000000000057,-86.9999999999993,Thursday,3,2004-W15
2004-04-09,1.2089,1.211,1.2067,1.2099,42.9999999999997,9.999999999998899,Friday,4,2004-W15
2004-04-12,1.2093,1.21,1.2057,1.2078,42.9999999999997,-15.000000000000568,Monday,0,2004-W16
2004-04-13,1.2082,1.2084,1.1908,1.1948,175.99999999999838,-133.99999999999858,Tuesday,1,2004-W16
2004-04-14,1.1949,1.1975,1.1871,1.1963,103.99999999999964,13.999999999998458,Wednesday,2,2004-W16
2004-04-15,1.1965,1.1994,1.1897,1.1984,97.00000000000043,19.000000000000128,Thursday,3,2004-W16
2004-04-16,1.1984,1.2049,1.1926,1.1998,122.99999999999977,14.000000000000679,Friday,4,2004-W16
2004-04-19,1.2023,1.2082,1.2003,1.2028,79.00000000000018,5.00000000000167,Monday,0,2004-W17
2004-04-20,1.2016,1.2017,1.1844,1.1867,173.00000000000094,-148.99999999999915,Tuesday,1,2004-W17
2004-04-21,1.1861,1.1919,1.1818,1.1845,100.99999999999997,-15.999999999998238,Wednesday,2,2004-W17
2004-04-22,1.1841,1.1916,1.1783,1.1908,133.0000000000009,67.0000000000015,Thursday,3,2004-W17
2004-04-23,1.1904,1.1945,1.18,1.1844,144.99999999999957,-60.00000000000006,Friday,4,2004-W17
2004-04-26,1.1828,1.1887,1.1763,1.1868,124.00000000000189,40.000000000000036,Monday,0,2004-W18
2004-04-27,1.186,1.1949,1.1836,1.1924,113.00000000000088,63.999999999999616,Tuesday,1,2004-W18
2004-04-28,1.1937,1.1956,1.1824,1.1842,132.000000000001,-95.00000000000064,Wednesday,2,2004-W18
2004-04-29,1.1844,1.1985,1.1807,1.1963,177.99999999999815,119.00000000000021,Thursday,3,2004-W18
2004-04-30,1.197,1.2016,1.1923,1.1982,93.00000000000085,11.999999999998678,Friday,4,2004-W18
2004-05-03,1.199,1.1997,1.1922,1.1945,75.00000000000063,-45.000000000001705,Monday,0,2004-W19
2004-05-04,1.1939,1.2124,1.1928,1.2101,195.9999999999984,161.99999999999991,Tuesday,1,2004-W19
2004-05-05,1.2101,1.2182,1.2098,1.2175,83.99999999999963,74.00000000000074,Wednesday,2,2004-W19
2004-05-06,1.2166,1.2177,1.2065,1.2084,112.000000000001,-81.99999999999986,Thursday,3,2004-W19
2004-05-07,1.208,1.2139,1.1879,1.1894,260.0000000000002,-185.9999999999995,Friday,4,2004-W19
2004-05-10,1.1881,1.1897,1.1815,1.185,81.99999999999986,-30.999999999998806,Monday,0,2004-W20
2004-05-11,1.1843,1.1892,1.1792,1.1873,100.00000000000009,30.000000000001137,Tuesday,1,2004-W20
2004-05-12,1.1877,1.1943,1.1838,1.1903,104.99999999999955,25.999999999999357,Wednesday,2,2004-W20
2004-05-13,1.1903,1.193,1.1776,1.1822,154.0000000000008,-80.99999999999996,Thursday,3,2004-W20
2004-05-14,1.182,1.1904,1.1784,1.1887,120.00000000000011,67.0000000000015,Friday,4,2004-W20
2004-05-17,1.1893,1.2062,1.188,1.203,181.99999999999994,137.00000000000045,Monday,0,2004-W21
2004-05-18,1.2025,1.2043,1.1932,1.1956,110.99999999999888,-68.99999999999906,Tuesday,1,2004-W21
2004-05-19,1.1959,1.2045,1.1939,1.201,105.99999999999943,51.000000000001044,Wednesday,2,2004-W21
2004-05-20,1.2014,1.2021,1.1896,1.1967,124.99999999999956,-46.99999999999926,Thursday,3,2004-W21
2004-05-21,1.1961,1.2072,1.1955,1.1996,117.00000000000044,35.00000000000058,Friday,4,2004-W21
2004-05-24,1.1991,1.2025,1.1935,1.2007,89.99999999999898,16.00000000000046,Monday,0,2004-W22
2004-05-25,1.2009,1.213,1.1988,1.2111,141.99999999999991,101.99999999999987,Tuesday,1,2004-W22
2004-05-26,1.2101,1.2145,1.2079,1.2108,65.99999999999939,7.0000000000014495,Wednesday,2,2004-W22
2004-05-27,1.2113,1.229,1.2091,1.2263,199.00000000000028,149.99999999999903,Thursday,3,2004-W22
2004-05-28,1.2269,1.2298,1.2203,1.2221,95.00000000000064,-48.00000000000138,Friday,4,2004-W22
2004-05-31,1.225,1.2253,1.2186,1.219,67.0000000000015,-60.00000000000006,Monday,0,2004-W23
2004-06-01,1.22,1.2267,1.2158,1.2246,108.99999999999909,45.999999999999375,Tuesday,1,2004-W23
2004-06-02,1.2245,1.2309,1.2208,1.2217,100.99999999999997,-27.999999999999137,Wednesday,2,2004-W23
2004-06-03,1.2218,1.2254,1.2172,1.2229,81.99999999999986,11.000000000001009,Thursday,3,2004-W23
2004-06-04,1.2217,1.2299,1.2142,1.2289,157.00000000000048,72.00000000000095,Friday,4,2004-W23
2004-06-07,1.2329,1.234,1.2301,1.2323,39.00000000000014,-6.00000000000156,Monday,0,2004-W24
2004-06-08,1.2321,1.2355,1.2249,1.227,105.99999999999943,-50.99999999999882,Tuesday,1,2004-W24
2004-06-09,1.2261,1.2276,1.2039,1.2049,237.00000000000054,-211.99999999999886,Wednesday,2,2004-W24
2004-06-10,1.2043,1.212,1.2026,1.2108,94.00000000000075,65.00000000000172,Thursday,3,2004-W24
2004-06-11,1.2109,1.2117,1.197,1.2017,146.99999999999935,-92.00000000000097,Friday,4,2004-W24
2004-06-14,1.2009,1.2089,1.1957,1.2058,132.000000000001,48.99999999999905,Monday,0,2004-W25
2004-06-15,1.2057,1.2171,1.2032,1.216,139.00000000000023,102.99999999999976,Tuesday,1,2004-W25
2004-06-16,1.2162,1.2171,1.1983,1.2011,188.0000000000015,-150.99999999999892,Wednesday,2,2004-W25
2004-06-17,1.2013,1.208,1.1996,1.2055,83.99999999999963,41.999999999999815,Thursday,3,2004-W25
2004-06-18,1.2056,1.2149,1.1977,1.2146,172.00000000000105,89.99999999999898,Friday,4,2004-W25
2004-06-21,1.2141,1.2149,1.2078,1.2116,71.00000000000107,-24.999999999999467,Monday,0,2004-W26
2004-06-22,1.2117,1.2134,1.2068,1.2109,65.99999999999939,-7.999999999999119,Tuesday,1,2004-W26
2004-06-23,1.2114,1.2195,1.2067,1.2096,127.99999999999923,-18.000000000000238,Wednesday,2,2004-W26
2004-06-24,1.2091,1.219,1.2044,1.217,146.00000000000168,79.00000000000018,Thursday,3,2004-W26
2004-06-25,1.218,1.2191,1.2107,1.2173,83.99999999999963,-6.999999999999229,Friday,4,2004-W26
2004-06-28,1.2179,1.2231,1.2125,1.2187,106.00000000000165,7.999999999999119,Monday,0,2004-W27
2004-06-29,1.2186,1.2194,1.2079,1.2083,115.00000000000065,-102.99999999999976,Tuesday,1,2004-W27
2004-06-30,1.2082,1.2208,1.207,1.2203,138.00000000000034,121.0,Wednesday,2,2004-W27
2004-07-01,1.2193,1.2212,1.2137,1.216,75.00000000000063,-33.00000000000081,Thursday,3,2004-W27
2004-07-02,1.2155,1.2329,1.2146,1.2323,183.00000000000205,167.99999999999926,Friday,4,2004-W27
2004-07-05,1.2329,1.2333,1.2273,1.2286,60.00000000000006,-43.000000000001926,Monday,0,2004-W28
2004-07-06,1.2289,1.2331,1.2265,1.2285,66.00000000000162,-4.00000000000178,Tuesday,1,2004-W28
2004-07-07,1.2287,1.2391,1.2276,1.2375,115.00000000000065,88.0000000000014,Wednesday,2,2004-W28
2004-07-08,1.2371,1.2408,1.2343,1.2388,64.9999999999995,16.999999999998128,Thursday,3,2004-W28
2004-07-09,1.239,1.2425,1.2373,1.2415,51.999999999998714,24.999999999999467,Friday,4,2004-W28
2004-07-12,1.2418,1.2438,1.2386,1.2407,52.00000000000094,-11.000000000001009,Monday,0,2004-W29
2004-07-13,1.2413,1.2416,1.2302,1.2332,114.00000000000077,-80.99999999999996,Tuesday,1,2004-W29
2004-07-14,1.2336,1.2423,1.2321,1.2384,101.99999999999987,47.999999999999154,Wednesday,2,2004-W29
2004-07-15,1.2386,1.2395,1.2328,1.2357,67.0000000000015,-28.999999999999027,Thursday,3,2004-W29
2004-07-16,1.236,1.2462,1.233,1.2454,131.99999999999878,94.00000000000075,Friday,4,2004-W29
2004-07-19,1.2444,1.2464,1.2402,1.2441,61.99999999999983,-2.9999999999996696,Monday,0,2004-W30
2004-07-20,1.2443,1.2456,1.2305,1.2333,151.00000000000114,-109.99999999999899,Tuesday,1,2004-W30
2004-07-21,1.2331,1.2352,1.2213,1.2261,139.00000000000023,-70.00000000000117,Wednesday,2,2004-W30
2004-07-22,1.2277,1.2296,1.2236,1.2259,60.00000000000006,-18.000000000000238,Thursday,3,2004-W30
2004-07-23,1.2257,1.2269,1.2091,1.2105,178.00000000000037,-152.00000000000102,Friday,4,2004-W30
2004-07-26,1.2105,1.2173,1.209,1.2148,82.99999999999974,43.000000000001926,Monday,0,2004-W31
2004-07-27,1.215,1.219,1.2036,1.2056,154.0000000000008,-94.00000000000075,Tuesday,1,2004-W31
2004-07-28,1.206,1.208,1.2003,1.2058,77.0000000000004,-1.9999999999997797,Wednesday,2,2004-W31
2004-07-29,1.2052,1.2098,1.1993,1.2045,104.99999999999955,-7.0000000000014495,Thursday,3,2004-W31
2004-07-30,1.2041,1.2123,1.2004,1.2023,119.00000000000021,-18.000000000000238,Friday,4,2004-W31
2004-08-02,1.2058,1.2094,1.2028,1.2029,65.99999999999939,-28.999999999999027,Monday,0,2004-W32
2004-08-03,1.2025,1.2077,1.1996,1.2059,80.99999999999996,34.000000000000696,Tuesday,1,2004-W32
2004-08-04,1.2054,1.2069,1.1971,1.2049,98.00000000000031,-4.999999999999449,Wednesday,2,2004-W32
2004-08-05,1.2051,1.2075,1.2021,1.2063,54.00000000000071,11.999999999998678,Thursday,3,2004-W32
2004-08-06,1.2061,1.2293,1.2046,1.2285,247.00000000000165,223.99999999999974,Friday,4,2004-W32
2004-08-09,1.229,1.2292,1.2248,1.2273,43.999999999999595,-17.000000000000348,Monday,0,2004-W33
2004-08-10,1.2273,1.232,1.2228,1.2238,91.99999999999875,-35.00000000000058,Tuesday,1,2004-W33
2004-08-11,1.2229,1.225,1.2197,1.2219,53.000000000000824,-10.000000000001119,Wednesday,2,2004-W33
2004-08-12,1.2224,1.2305,1.2217,1.2256,87.99999999999919,32.00000000000092,Thursday,3,2004-W33
2004-08-13,1.2251,1.2377,1.218,1.2374,197.0000000000005,122.99999999999977,Friday,4,2004-W33
2004-08-16,1.2378,1.2383,1.2318,1.2363,64.9999999999995,-15.000000000000568,Monday,0,2004-W34
2004-08-17,1.2362,1.2392,1.2312,1.2356,80.00000000000007,-5.999999999999339,Tuesday,1,2004-W34
2004-08-18,1.2358,1.2366,1.2285,1.2339,80.99999999999996,-19.000000000000128,Wednesday,2,2004-W34
2004-08-19,1.2341,1.2381,1.2327,1.2367,54.00000000000071,25.999999999999357,Thursday,3,2004-W34
2004-08-20,1.237,1.2383,1.2281,1.2312,101.99999999999987,-58.00000000000027,Friday,4,2004-W34
2004-08-23,1.2323,1.2323,1.2134,1.2147,188.99999999999918,-176.0000000000006,Monday,0,2004-W35
2004-08-24,1.2133,1.215,1.206,1.2082,90.0000000000012,-51.000000000001044,Tuesday,1,2004-W35
2004-08-25,1.2086,1.2117,1.2056,1.2087,60.99999999999994,1.0000000000021103,Wednesday,2,2004-W35
2004-08-26,1.2086,1.2124,1.2045,1.2103,79.00000000000018,17.000000000000348,Thursday,3,2004-W35
2004-08-27,1.2107,1.2137,1.2008,1.2016,128.99999999999912,-91.00000000000108,Friday,4,2004-W35
2004-08-30,1.2023,1.207,1.199,1.2056,80.00000000000007,33.00000000000081,Monday,0,2004-W36
2004-08-31,1.206,1.2198,1.2045,1.2186,153.0000000000009,125.99999999999945,Tuesday,1,2004-W36
2004-09-01,1.2185,1.2222,1.2146,1.219,76.00000000000051,5.00000000000167,Wednesday,2,2004-W36
2004-09-02,1.2201,1.2201,1.2143,1.2174,58.00000000000027,-26.999999999999247,Thursday,3,2004-W36
2004-09-03,1.2175,1.22,1.2044,1.2064,156.00000000000057,-111.0000000000011,Friday,4,2004-W36
2004-09-06,1.2069,1.2081,1.2049,1.2079,31.999999999998696,9.999999999998899,Monday,0,2004-W37
2004-09-07,1.2067,1.2112,1.2058,1.2107,54.00000000000071,40.000000000000036,Tuesday,1,2004-W37
2004-09-08,1.2109,1.2193,1.2028,1.2183,164.9999999999996,73.99999999999851,Wednesday,2,2004-W37
2004-09-09,1.2185,1.2216,1.2159,1.2212,57.000000000000384,27.000000000001467,Thursday,3,2004-W37
2004-09-10,1.2227,1.2312,1.22,1.2271,112.000000000001,44.00000000000182,Friday,4,2004-W37
2004-09-13,1.2268,1.229,1.2225,1.2258,65.00000000000172,-9.999999999998899,Monday,0,2004-W38
2004-09-14,1.2262,1.2296,1.2228,1.2256,67.99999999999918,-5.999999999999339,Tuesday,1,2004-W38
2004-09-15,1.2252,1.2263,1.2136,1.2155,126.99999999999933,-97.00000000000043,Wednesday,2,2004-W38
2004-09-16,1.2153,1.2199,1.2123,1.2187,76.00000000000051,33.99999999999848,Thursday,3,2004-W38
2004-09-17,1.2186,1.2225,1.216,1.2185,64.9999999999995,-0.9999999999998899,Friday,4,2004-W38
2004-09-20,1.2186,1.2186,1.2127,1.2176,59.00000000000016,-9.999999999998899,Monday,0,2004-W39
2004-09-21,1.2177,1.2348,1.2168,1.2339,179.99999999999795,161.99999999999991,Tuesday,1,2004-W39
2004-09-22,1.2333,1.2334,1.2226,1.2263,108.00000000000142,-70.00000000000117,Wednesday,2,2004-W39
2004-09-23,1.227,1.2335,1.2256,1.2273,79.00000000000018,2.9999999999996696,Thursday,3,2004-W39
2004-09-24,1.227,1.2363,1.2239,1.2269,123.99999999999966,-0.9999999999998899,Friday,4,2004-W39
2004-09-27,1.2283,1.2315,1.225,1.2298,64.9999999999995,15.000000000000568,Monday,0,2004-W40
2004-09-28,1.2307,1.2349,1.2282,1.2327,67.0000000000015,20.000000000000018,Tuesday,1,2004-W40
2004-09-29,1.2325,1.2343,1.2291,1.2335,51.999999999998714,10.000000000001119,Wednesday,2,2004-W40
2004-09-30,1.2331,1.2445,1.2316,1.244,128.99999999999912,108.99999999999909,Thursday,3,2004-W40
2004-10-01,1.2435,1.2441,1.2387,1.2406,54.00000000000071,-29.000000000001247,Friday,4,2004-W40
2004-10-04,1.2391,1.2393,1.226,1.2287,133.0000000000009,-104.00000000000188,Monday,0,2004-W41
2004-10-05,1.2293,1.233,1.2266,1.2314,64.00000000000183,20.999999999999908,Tuesday,1,2004-W41
2004-10-06,1.2312,1.2324,1.225,1.2288,73.99999999999851,-24.000000000001798,Wednesday,2,2004-W41
2004-10-07,1.2291,1.2316,1.2275,1.2288,40.99999999999993,-3.00000000000189,Thursday,3,2004-W41
2004-10-08,1.2288,1.2434,1.2283,1.241,151.00000000000114,122.0000000000021,Friday,4,2004-W41
2004-10-11,1.2423,1.2427,1.2373,1.238,53.999999999998494,-42.9999999999997,Monday,0,2004-W42
2004-10-12,1.2384,1.2393,1.229,1.2327,102.99999999999976,-57.000000000000384,Tuesday,1,2004-W42
2004-10-13,1.2333,1.2357,1.2228,1.2351,128.99999999999912,18.000000000000238,Wednesday,2,2004-W42
2004-10-14,1.2347,1.2421,1.2324,1.2387,97.00000000000043,40.000000000000036,Thursday,3,2004-W42
2004-10-15,1.2385,1.2507,1.2379,1.2474,127.99999999999923,89.00000000000131,Friday,4,2004-W42
2004-10-18,1.2482,1.2535,1.2464,1.2497,71.00000000000107,15.000000000000568,Monday,0,2004-W43
2004-10-19,1.2497,1.2528,1.2456,1.2514,71.99999999999874,17.000000000000348,Tuesday,1,2004-W43
2004-10-20,1.2518,1.2631,1.25,1.259,130.9999999999989,71.99999999999874,Wednesday,2,2004-W43
2004-10-21,1.2585,1.2653,1.2573,1.262,80.00000000000007,35.00000000000058,Thursday,3,2004-W43
2004-10-22,1.2614,1.2685,1.26,1.2678,84.99999999999952,63.999999999999616,Friday,4,2004-W43
2004-10-25,1.2697,1.283,1.2697,1.2809,132.99999999999866,111.99999999999876,Monday,0,2004-W44
2004-10-26,1.2815,1.2844,1.2729,1.2765,115.00000000000065,-50.00000000000115,Tuesday,1,2004-W44
2004-10-27,1.2756,1.2814,1.2696,1.2712,118.00000000000033,-43.999999999999595,Wednesday,2,2004-W44
2004-10-28,1.2709,1.2768,1.2633,1.2747,134.99999999999847,38.000000000000256,Thursday,3,2004-W44
2004-10-29,1.2748,1.28,1.2708,1.2792,92.00000000000097,43.999999999999595,Friday,4,2004-W44
2004-11-01,1.2805,1.2835,1.272,1.2753,115.00000000000065,-51.999999999998714,Monday,0,2004-W45
2004-11-02,1.2756,1.2759,1.2667,1.2747,92.00000000000097,-9.00000000000123,Tuesday,1,2004-W45
2004-11-03,1.2746,1.2833,1.2658,1.2826,175.0000000000007,80.00000000000007,Wednesday,2,2004-W45
2004-11-04,1.2823,1.2901,1.2794,1.2873,106.99999999999932,50.00000000000115,Thursday,3,2004-W45
2004-11-05,1.2873,1.2972,1.2772,1.2971,200.00000000000017,97.9999999999981,Friday,4,2004-W45
2004-11-08,1.2959,1.2989,1.2907,1.292,81.99999999999986,-39.00000000000014,Monday,0,2004-W46
2004-11-09,1.2916,1.2941,1.2885,1.2903,56.0000000000005,-13.000000000000789,Tuesday,1,2004-W46
2004-11-10,1.2901,1.3008,1.2852,1.2891,156.00000000000057,-10.000000000001119,Wednesday,2,2004-W46
2004-11-11,1.289,1.2923,1.2859,1.2908,63.999999999999616,18.000000000000238,Thursday,3,2004-W46
2004-11-12,1.291,1.2991,1.2876,1.2976,114.99999999999844,66.00000000000162,Friday,4,2004-W46
2004-11-15,1.298,1.3,1.2919,1.2949,80.99999999999996,-31.000000000001027,Monday,0,2004-W47
2004-11-16,1.2954,1.2997,1.2922,1.2959,75.00000000000063,4.999999999999449,Tuesday,1,2004-W47
2004-11-17,1.2958,1.305,1.2954,1.304,95.99999999999831,81.99999999999986,Wednesday,2,2004-W47
2004-11-18,1.3037,1.3075,1.2942,1.2963,133.0000000000009,-74.00000000000074,Thursday,3,2004-W47
2004-11-19,1.2962,1.3071,1.2942,1.3023,128.99999999999912,60.99999999999994,Friday,4,2004-W47
2004-11-22,1.3042,1.3054,1.3013,1.305,40.99999999999993,7.999999999999119,Monday,0,2004-W48
2004-11-23,1.3048,1.3108,1.2979,1.3088,128.99999999999912,40.000000000000036,Tuesday,1,2004-W48
2004-11-24,1.3089,1.3192,1.3083,1.319,108.99999999999909,100.99999999999997,Wednesday,2,2004-W48
2004-11-25,1.3189,1.3244,1.3165,1.3241,79.00000000000018,52.00000000000094,Thursday,3,2004-W48
2004-11-26,1.3241,1.3331,1.3186,1.3295,144.99999999999957,53.999999999998494,Friday,4,2004-W48
2004-11-29,1.3269,1.3307,1.3232,1.3283,75.00000000000063,14.000000000000679,Monday,0,2004-W49
2004-11-30,1.3285,1.3338,1.3234,1.328,104.00000000000188,-4.999999999999449,Tuesday,1,2004-W49
2004-12-01,1.3281,1.3361,1.3277,1.3345,83.99999999999963,63.999999999999616,Wednesday,2,2004-W49
2004-12-02,1.3344,1.3385,1.3239,1.3273,145.99999999999946,-71.00000000000107,Thursday,3,2004-W49
2004-12-03,1.3272,1.3462,1.3259,1.3454,202.99999999999986,181.99999999999994,Friday,4,2004-W49
2004-12-06,1.3445,1.3457,1.3391,1.3409,65.99999999999939,-36.000000000000476,Monday,0,2004-W50
2004-12-07,1.341,1.347,1.3394,1.342,76.00000000000051,10.000000000001119,Tuesday,1,2004-W50
2004-12-08,1.3422,1.3436,1.3196,1.3339,239.99999999999798,-82.99999999999974,Wednesday,2,2004-W50
2004-12-09,1.334,1.3364,1.3253,1.3313,111.0000000000011,-27.000000000001467,Thursday,3,2004-W50
2004-12-10,1.3312,1.332,1.3143,1.3226,177.00000000000048,-85.9999999999994,Friday,4,2004-W50
2004-12-13,1.3198,1.3328,1.319,1.3313,138.00000000000034,114.99999999999844,Monday,0,2004-W51
2004-12-14,1.3312,1.334,1.3262,1.3298,78.00000000000028,-13.999999999998458,Tuesday,1,2004-W51
2004-12-15,1.33,1.3444,1.3264,1.3393,180.00000000000017,92.99999999999864,Wednesday,2,2004-W51
2004-12-16,1.3394,1.3431,1.3205,1.3245,225.99999999999955,-148.99999999999915,Thursday,3,2004-W51
2004-12-17,1.3243,1.3319,1.3229,1.3312,90.0000000000012,68.99999999999906,Friday,4,2004-W51
2004-12-20,1.3332,1.3411,1.33,1.3397,110.99999999999888,64.9999999999995,Monday,0,2004-W52
2004-12-21,1.3396,1.341,1.3354,1.3374,56.0000000000005,-21.999999999999797,Tuesday,1,2004-W52
2004-12-22,1.3373,1.3406,1.3346,1.3392,60.00000000000006,19.000000000000128,Wednesday,2,2004-W52
2004-12-23,1.3391,1.352,1.3383,1.3518,137.00000000000045,126.99999999999933,Thursday,3,2004-W52
2004-12-24,1.3517,1.355,1.3487,1.3531,62.99999999999972,14.000000000000679,Friday,4,2004-W52
2004-12-26,1.3531,1.3531,1.3531,1.3531,0.0,0.0,Sunday,6,2004-W52
2004-12-27,1.3531,1.3642,1.3517,1.3621,125.00000000000178,90.0000000000012,Monday,0,2004-W53
2004-12-28,1.3621,1.3646,1.3593,1.3616,53.000000000000824,-5.00000000000167,Tuesday,1,2004-W53
2004-12-29,1.3615,1.365,1.3559,1.361,90.99999999999886,-4.999999999999449,Wednesday,2,2004-W53
2004-12-30,1.3611,1.3667,1.3577,1.3637,90.0000000000012,25.999999999999357,Thursday,3,2004-W53
2004-12-31,1.3636,1.3662,1.3514,1.3555,148.00000000000148,-80.99999999999996,Friday,4,2004-W53
2005-01-03,1.3555,1.3576,1.3441,1.3467,134.99999999999847,-87.99999999999919,Monday,0,2005-W01
2005-01-04,1.3468,1.3497,1.3252,1.328,244.99999999999966,-187.9999999999993,Tuesday,1,2005-W01
2005-01-05,1.3281,1.3303,1.3216,1.3263,86.9999999999993,-18.000000000000238,Wednesday,2,2005-W01
2005-01-06,1.3264,1.3284,1.3158,1.3173,125.99999999999945,-91.00000000000108,Thursday,3,2005-W01
2005-01-07,1.3172,1.3251,1.3028,1.3053,222.99999999999986,-119.00000000000021,Friday,4,2005-W01
2005-01-10,1.3065,1.3124,1.3054,1.3077,70.00000000000117,12.000000000000899,Monday,0,2005-W02
2005-01-11,1.3078,1.3173,1.3069,1.3107,103.99999999999964,28.999999999999027,Tuesday,1,2005-W02
2005-01-12,1.3108,1.3295,1.3084,1.3258,210.99999999999898,150.00000000000125,Wednesday,2,2005-W02
2005-01-13,1.3259,1.3268,1.3195,1.3225,73.00000000000084,-34.000000000000696,Thursday,3,2005-W02
2005-01-14,1.3224,1.3225,1.3058,1.3113,166.99999999999937,-111.0000000000011,Friday,4,2005-W02
2005-01-17,1.3108,1.3129,1.3062,1.3068,66.99999999999929,-40.000000000000036,Monday,0,2005-W03
2005-01-18,1.3067,1.3076,1.2997,1.3022,79.00000000000018,-44.99999999999949,Tuesday,1,2005-W03
2005-01-19,1.3021,1.3119,1.2965,1.3012,154.0000000000008,-9.00000000000123,Wednesday,2,2005-W03
2005-01-20,1.3011,1.3027,1.2924,1.2964,102.99999999999976,-46.99999999999926,Thursday,3,2005-W03
2005-01-21,1.2963,1.3069,1.2935,1.3049,133.99999999999858,85.9999999999994,Friday,4,2005-W03
2005-01-23,1.3049,1.3049,1.3044,1.3045,4.999999999999449,-3.9999999999995595,Sunday,6,2005-W03
2005-01-24,1.3044,1.31,1.303,1.3061,70.00000000000117,17.000000000000348,Monday,0,2005-W04
2005-01-25,1.306,1.3076,1.2947,1.2977,129.00000000000134,-82.99999999999974,Tuesday,1,2005-W04
2005-01-26,1.2978,1.3109,1.2969,1.3076,140.0000000000001,98.00000000000031,Wednesday,2,2005-W04
2005-01-27,1.3077,1.3125,1.3013,1.3048,112.000000000001,-29.000000000001247,Thursday,3,2005-W04
2005-01-28,1.3046,1.3081,1.2988,1.3044,93.00000000000085,-1.9999999999997797,Friday,4,2005-W04
2005-01-31,1.3036,1.3061,1.2977,1.304,83.99999999999963,3.9999999999995595,Monday,0,2005-W05
2005-02-01,1.3039,1.3069,1.3004,1.3048,64.9999999999995,8.999999999999009,Tuesday,1,2005-W05
2005-02-02,1.3049,1.3094,1.3012,1.3027,81.99999999999986,-21.999999999999797,Wednesday,2,2005-W05
2005-02-03,1.3028,1.3039,1.2944,1.2978,95.00000000000064,-49.999999999998934,Thursday,3,2005-W05
2005-02-04,1.2977,1.3045,1.2869,1.2873,176.0000000000006,-103.99999999999964,Friday,4,2005-W05
2005-02-07,1.2832,1.2866,1.2734,1.2759,131.99999999999878,-72.99999999999862,Monday,0,2005-W06
2005-02-08,1.276,1.2799,1.2735,1.2765,63.999999999999616,4.999999999999449,Tuesday,1,2005-W06
2005-02-09,1.2766,1.2815,1.2741,1.2806,74.00000000000074,40.000000000000036,Wednesday,2,2005-W06
2005-02-10,1.2805,1.2908,1.274,1.2876,167.99999999999926,71.00000000000107,Thursday,3,2005-W06
2005-02-11,1.2877,1.2898,1.2848,1.2869,50.00000000000115,-8.00000000000134,Friday,4,2005-W06
2005-02-13,1.2869,1.2885,1.2869,1.2879,16.00000000000046,10.000000000001119,Sunday,6,2005-W06
2005-02-14,1.2879,1.2991,1.2879,1.2977,111.99999999999876,98.00000000000031,Monday,0,2005-W07
2005-02-15,1.2976,1.3054,1.2954,1.3027,99.99999999999787,50.99999999999882,Tuesday,1,2005-W07
2005-02-16,1.3028,1.3065,1.2961,1.3033,103.99999999999964,4.999999999999449,Wednesday,2,2005-W07
2005-02-17,1.3034,1.309,1.3016,1.3073,73.99999999999851,39.00000000000014,Thursday,3,2005-W07
2005-02-18,1.3074,1.3084,1.3016,1.3076,67.99999999999918,2.000000000002,Friday,4,2005-W07
2005-02-20,1.3076,1.3076,1.3048,1.3049,28.000000000001357,-27.000000000001467,Sunday,6,2005-W07
2005-02-21,1.3048,1.308,1.3035,1.3068,44.99999999999949,20.000000000000018,Monday,0,2005-W08
2005-02-22,1.3072,1.3263,1.3057,1.326,205.99999999999952,188.0000000000015,Tuesday,1,2005-W08
2005-02-23,1.3261,1.3276,1.3186,1.3217,89.99999999999898,-43.999999999999595,Wednesday,2,2005-W08
2005-02-24,1.3218,1.3271,1.3179,1.3199,91.99999999999875,-19.000000000000128,Thursday,3,2005-W08
2005-02-25,1.3199,1.325,1.3148,1.3249,101.99999999999987,49.999999999998934,Friday,4,2005-W08
2005-02-28,1.3246,1.3281,1.3222,1.3231,59.00000000000016,-15.000000000000568,Monday,0,2005-W09
2005-03-01,1.3229,1.3234,1.317,1.319,63.999999999999616,-39.00000000000014,Tuesday,1,2005-W09
2005-03-02,1.3191,1.3191,1.309,1.3146,100.99999999999997,-44.99999999999949,Wednesday,2,2005-W09
2005-03-03,1.3145,1.3168,1.3098,1.3111,69.99999999999895,-34.000000000000696,Thursday,3,2005-W09
2005-03-04,1.3111,1.3255,1.309,1.3245,164.9999999999996,134.0000000000008,Friday,4,2005-W09
2005-03-07,1.324,1.325,1.3181,1.3214,68.99999999999906,-26.000000000001577,Monday,0,2005-W10
2005-03-08,1.3224,1.3363,1.321,1.3347,153.0000000000009,122.99999999999977,Tuesday,1,2005-W10
2005-03-09,1.3349,1.3424,1.3333,1.3393,91.00000000000108,43.999999999999595,Wednesday,2,2005-W10
2005-03-10,1.3397,1.3458,1.3373,1.3421,85.00000000000173,24.000000000001798,Thursday,3,2005-W10
2005-03-11,1.3427,1.3481,1.3396,1.3457,85.00000000000173,29.999999999998916,Friday,4,2005-W10
2005-03-14,1.3465,1.3478,1.3337,1.3368,141.0,-97.00000000000043,Monday,0,2005-W11
2005-03-15,1.3368,1.3412,1.3299,1.3311,112.99999999999866,-57.000000000000384,Tuesday,1,2005-W11
2005-03-16,1.3307,1.344,1.3293,1.3422,147.00000000000156,115.00000000000065,Wednesday,2,2005-W11
2005-03-17,1.3422,1.3424,1.3344,1.3377,80.00000000000007,-45.000000000001705,Thursday,3,2005-W11
2005-03-18,1.3375,1.3387,1.3267,1.3321,120.00000000000011,-53.999999999998494,Friday,4,2005-W11
2005-03-21,1.3312,1.3318,1.3142,1.3157,176.0000000000006,-154.99999999999847,Monday,0,2005-W12
2005-03-22,1.3168,1.3224,1.3056,1.3085,167.99999999999926,-82.99999999999974,Tuesday,1,2005-W12
2005-03-23,1.307,1.3089,1.2963,1.2986,125.99999999999945,-83.99999999999963,Wednesday,2,2005-W12
2005-03-24,1.2989,1.3034,1.2936,1.2941,97.9999999999981,-47.999999999999154,Thursday,3,2005-W12
2005-03-25,1.2946,1.2971,1.2931,1.296,40.000000000000036,14.000000000000679,Friday,4,2005-W12
2005-03-28,1.2957,1.2958,1.2859,1.2896,99.0000000000002,-60.99999999999994,Monday,0,2005-W13
2005-03-29,1.2893,1.2958,1.2878,1.2929,80.00000000000007,36.000000000000476,Tuesday,1,2005-W13
2005-03-30,1.2941,1.2985,1.2914,1.2917,70.99999999999883,-23.999999999999577,Wednesday,2,2005-W13
2005-03-31,1.2919,1.3019,1.2914,1.2965,104.99999999999955,45.999999999999375,Thursday,3,2005-W13
2005-04-01,1.2963,1.3058,1.2873,1.2908,184.9999999999996,-55.000000000000604,Friday,4,2005-W13
2005-04-04,1.2895,1.2906,1.2821,1.285,84.99999999999952,-45.000000000001705,Monday,0,2005-W14
2005-04-05,1.2852,1.2879,1.2802,1.2874,77.0000000000004,22.000000000002018,Tuesday,1,2005-W14
2005-04-06,1.2861,1.2912,1.2842,1.2873,69.99999999999895,12.000000000000899,Wednesday,2,2005-W14
2005-04-07,1.2872,1.2941,1.2848,1.2856,93.00000000000085,-15.999999999998238,Thursday,3,2005-W14
2005-04-08,1.2857,1.2934,1.2811,1.2933,123.00000000000199,75.9999999999983,Friday,4,2005-W14
2005-04-11,1.2933,1.3004,1.291,1.2975,94.00000000000075,42.00000000000203,Monday,0,2005-W15
2005-04-12,1.2973,1.3016,1.2865,1.2922,151.00000000000114,-50.99999999999882,Tuesday,1,2005-W15
2005-04-13,1.2926,1.2957,1.2851,1.2919,106.00000000000165,-6.999999999999229,Wednesday,2,2005-W15
2005-04-14,1.2919,1.2923,1.2769,1.281,154.0000000000008,-109.00000000000132,Thursday,3,2005-W15
2005-04-15,1.281,1.2942,1.2781,1.2921,161.00000000000003,111.0000000000011,Friday,4,2005-W15
2005-04-18,1.2915,1.3046,1.2878,1.3027,167.99999999999926,111.99999999999876,Monday,0,2005-W16
2005-04-19,1.3018,1.3079,1.2984,1.3066,95.00000000000064,47.999999999999154,Tuesday,1,2005-W16
2005-04-20,1.3059,1.3105,1.2994,1.309,110.99999999999888,30.999999999998806,Wednesday,2,2005-W16
2005-04-21,1.3086,1.3125,1.3028,1.3052,97.00000000000043,-34.000000000000696,Thursday,3,2005-W16
2005-04-22,1.3059,1.3094,1.3023,1.3065,70.99999999999883,5.999999999999339,Friday,4,2005-W16
2005-04-25,1.3064,1.3071,1.2955,1.3002,115.99999999999832,-61.99999999999983,Monday,0,2005-W17
2005-04-26,1.3001,1.3015,1.2947,1.2988,68.00000000000139,-13.000000000000789,Tuesday,1,2005-W17
2005-04-27,1.299,1.2996,1.2907,1.2935,89.00000000000131,-54.99999999999838,Wednesday,2,2005-W17
2005-04-28,1.2931,1.2943,1.2884,1.2896,59.00000000000016,-34.999999999998366,Thursday,3,2005-W17
2005-04-29,1.2898,1.298,1.2856,1.2866,123.99999999999966,-32.00000000000092,Friday,4,2005-W17
2005-05-02,1.2866,1.2876,1.2839,1.2864,37.00000000000037,-1.9999999999997797,Monday,0,2005-W18
2005-05-03,1.2865,1.2916,1.2833,1.2877,82.99999999999974,12.000000000000899,Tuesday,1,2005-W18
2005-05-04,1.2872,1.2974,1.2871,1.2946,103.00000000000198,74.00000000000074,Wednesday,2,2005-W18
2005-05-05,1.2949,1.2992,1.2928,1.2958,63.999999999999616,9.00000000000123,Thursday,3,2005-W18
2005-05-06,1.2961,1.2966,1.2813,1.2821,152.9999999999987,-140.0000000000001,Friday,4,2005-W18
2005-05-09,1.2819,1.285,1.2792,1.2845,58.00000000000027,25.999999999999357,Monday,0,2005-W19
2005-05-10,1.2867,1.2891,1.2817,1.288,73.99999999999851,13.000000000000789,Tuesday,1,2005-W19
2005-05-11,1.2885,1.2912,1.278,1.2815,131.99999999999878,-69.99999999999895,Wednesday,2,2005-W19
2005-05-12,1.2806,1.2818,1.2685,1.2696,133.0000000000009,-109.99999999999899,Thursday,3,2005-W19
2005-05-13,1.2671,1.2691,1.2611,1.2627,79.99999999999785,-43.999999999999595,Friday,4,2005-W19
2005-05-16,1.263,1.2651,1.2583,1.2647,67.99999999999918,17.000000000000348,Monday,0,2005-W20
2005-05-17,1.2635,1.2667,1.2597,1.2609,69.99999999999895,-26.000000000001577,Tuesday,1,2005-W20
2005-05-18,1.2605,1.2691,1.2589,1.2682,101.99999999999987,77.0000000000004,Wednesday,2,2005-W20
2005-05-19,1.268,1.2691,1.2606,1.2642,84.99999999999952,-38.000000000000256,Thursday,3,2005-W20
2005-05-20,1.2647,1.2656,1.2536,1.2566,120.00000000000011,-80.99999999999996,Friday,4,2005-W20
2005-05-23,1.2552,1.2599,1.2537,1.2583,61.99999999999983,30.999999999998806,Monday,0,2005-W21
2005-05-24,1.2579,1.263,1.256,1.2586,69.99999999999895,6.999999999999229,Tuesday,1,2005-W21
2005-05-25,1.2584,1.262,1.2554,1.2603,65.99999999999939,19.000000000000128,Wednesday,2,2005-W21
2005-05-26,1.2602,1.2616,1.2497,1.2509,119.00000000000021,-93.00000000000085,Thursday,3,2005-W21
2005-05-27,1.2514,1.2591,1.2509,1.258,82.00000000000207,65.99999999999939,Friday,4,2005-W21
2005-05-30,1.2529,1.2547,1.2467,1.2477,80.00000000000007,-51.999999999998714,Monday,0,2005-W22
2005-05-31,1.2482,1.2489,1.2298,1.2308,190.99999999999895,-174.00000000000082,Tuesday,1,2005-W22
2005-06-01,1.231,1.2341,1.2162,1.2181,179.00000000000028,-129.00000000000134,Wednesday,2,2005-W22
2005-06-02,1.2199,1.2298,1.2184,1.2274,114.00000000000077,75.00000000000063,Thursday,3,2005-W22
2005-06-03,1.2276,1.2341,1.2208,1.2232,132.99999999999866,-43.999999999999595,Friday,4,2005-W22
2005-06-06,1.2231,1.2296,1.2222,1.2264,74.00000000000074,32.999999999998586,Monday,0,2005-W23
2005-06-07,1.2262,1.2315,1.2241,1.2286,74.00000000000074,23.999999999999577,Tuesday,1,2005-W23
2005-06-08,1.2288,1.2355,1.2209,1.2235,145.99999999999946,-52.99999999999861,Wednesday,2,2005-W23
2005-06-09,1.224,1.226,1.2177,1.223,82.99999999999974,-9.999999999998899,Thursday,3,2005-W23
2005-06-10,1.2232,1.225,1.2109,1.212,141.0,-112.000000000001,Friday,4,2005-W23
2005-06-13,1.211,1.2122,1.2029,1.2112,92.99999999999864,1.9999999999997797,Monday,0,2005-W24
2005-06-14,1.2114,1.2153,1.2023,1.2033,130.00000000000122,-80.99999999999996,Tuesday,1,2005-W24
2005-06-15,1.2033,1.2134,1.2018,1.212,116.00000000000054,86.9999999999993,Wednesday,2,2005-W24
2005-06-16,1.2121,1.2169,1.2059,1.2108,110.00000000000121,-12.999999999998568,Thursday,3,2005-W24
2005-06-17,1.211,1.2287,1.2093,1.2284,193.9999999999986,173.9999999999986,Friday,4,2005-W24
2005-06-20,1.222,1.224,1.2125,1.2151,115.00000000000065,-68.99999999999906,Monday,0,2005-W25
2005-06-21,1.2148,1.2187,1.2073,1.2185,113.99999999999855,36.999999999998145,Tuesday,1,2005-W25
2005-06-22,1.2177,1.2207,1.2101,1.2127,105.99999999999943,-50.00000000000115,Wednesday,2,2005-W25
2005-06-23,1.2128,1.2146,1.202,1.2044,125.99999999999945,-84.00000000000185,Thursday,3,2005-W25
2005-06-24,1.204,1.2109,1.1984,1.2103,125.00000000000178,62.99999999999972,Friday,4,2005-W25
2005-06-27,1.2095,1.2187,1.2092,1.2161,94.99999999999842,65.99999999999939,Monday,0,2005-W26
2005-06-28,1.2171,1.2177,1.2053,1.2054,123.99999999999966,-117.00000000000044,Tuesday,1,2005-W26
2005-06-29,1.2064,1.2113,1.2018,1.2071,95.00000000000064,7.0000000000014495,Wednesday,2,2005-W26
2005-06-30,1.2072,1.2121,1.2046,1.2105,75.00000000000063,32.999999999998586,Thursday,3,2005-W26
2005-07-04,1.1945,1.195,1.1893,1.1901,57.000000000000384,-43.999999999999595,Monday,0,2005-W27
2005-07-05,1.1908,1.194,1.187,1.1915,69.99999999999895,6.999999999999229,Tuesday,1,2005-W27
2005-07-06,1.1919,1.1953,1.1895,1.1932,58.00000000000027,13.000000000000789,Wednesday,2,2005-W27
2005-07-07,1.1934,1.2039,1.1911,1.1949,127.99999999999923,15.000000000000568,Thursday,3,2005-W27
2005-07-08,1.1955,1.199,1.1877,1.1969,113.00000000000088,14.000000000000679,Friday,4,2005-W27
2005-07-11,1.197,1.2088,1.1958,1.2074,130.00000000000122,103.99999999999964,Monday,0,2005-W28
2005-07-12,1.2076,1.2257,1.2055,1.2242,201.99999999999994,165.9999999999995,Tuesday,1,2005-W28
2005-07-13,1.2244,1.2245,1.2075,1.2092,169.99999999999903,-151.9999999999988,Wednesday,2,2005-W28
2005-07-14,1.2095,1.2126,1.206,1.2086,65.99999999999939,-9.00000000000123,Thursday,3,2005-W28
2005-07-15,1.2085,1.2138,1.2025,1.2044,113.00000000000088,-40.99999999999993,Friday,4,2005-W28
2005-07-18,1.2031,1.2091,1.2024,1.2054,67.0000000000015,22.999999999999687,Monday,0,2005-W29
2005-07-19,1.2055,1.2067,1.1956,1.2036,111.0000000000011,-19.000000000000128,Tuesday,1,2005-W29
2005-07-20,1.204,1.219,1.1999,1.2144,191.00000000000117,103.99999999999964,Wednesday,2,2005-W29
2005-07-21,1.2147,1.2257,1.2101,1.2171,156.00000000000057,24.000000000001798,Thursday,3,2005-W29
2005-07-22,1.2171,1.2192,1.2056,1.206,136.00000000000057,-111.0000000000011,Friday,4,2005-W29
2005-07-25,1.206,1.209,1.2029,1.206,60.99999999999994,0.0,Monday,0,2005-W30
2005-07-26,1.2062,1.207,1.1982,1.2015,88.0000000000014,-46.99999999999926,Tuesday,1,2005-W30
2005-07-27,1.2017,1.2085,1.1968,1.2075,116.99999999999821,58.00000000000027,Wednesday,2,2005-W30
2005-07-28,1.2074,1.215,1.2038,1.2137,112.000000000001,62.99999999999972,Thursday,3,2005-W30
2005-07-29,1.2135,1.2162,1.2077,1.213,84.99999999999952,-4.999999999999449,Friday,4,2005-W30
2005-08-01,1.2128,1.2252,1.2121,1.2183,131.0000000000011,54.99999999999838,Monday,0,2005-W31
2005-08-02,1.2181,1.2255,1.2173,1.2194,81.99999999999986,13.000000000000789,Tuesday,1,2005-W31
2005-08-03,1.2202,1.2345,1.2151,1.2338,193.9999999999986,136.00000000000057,Wednesday,2,2005-W31
2005-08-04,1.2344,1.2404,1.2301,1.2386,102.99999999999976,41.999999999999815,Thursday,3,2005-W31
2005-08-05,1.2387,1.2398,1.2315,1.2355,82.99999999999974,-31.999999999998696,Friday,4,2005-W31
2005-08-08,1.236,1.2392,1.2318,1.2352,74.00000000000074,-7.999999999999119,Monday,0,2005-W32
2005-08-09,1.2353,1.2416,1.2332,1.2371,83.99999999999963,18.000000000000238,Tuesday,1,2005-W32
2005-08-10,1.2371,1.2427,1.2339,1.2379,87.99999999999919,7.999999999999119,Wednesday,2,2005-W32
2005-08-11,1.2388,1.2477,1.238,1.2473,97.00000000000043,85.00000000000173,Thursday,3,2005-W32
2005-08-12,1.2473,1.2487,1.2386,1.244,100.99999999999997,-33.00000000000081,Friday,4,2005-W32
2005-08-15,1.2465,1.2468,1.2347,1.2369,121.0,-95.99999999999831,Monday,0,2005-W33
2005-08-16,1.2371,1.2375,1.2298,1.2366,77.0000000000004,-5.00000000000167,Tuesday,1,2005-W33
2005-08-17,1.2364,1.237,1.2264,1.2274,106.00000000000165,-89.99999999999898,Wednesday,2,2005-W33
2005-08-18,1.2276,1.2295,1.2161,1.2178,134.0000000000008,-98.00000000000031,Thursday,3,2005-W33
2005-08-19,1.2178,1.2195,1.2129,1.2167,65.99999999999939,-11.000000000001009,Friday,4,2005-W33
2005-08-22,1.2167,1.2244,1.2159,1.2231,84.99999999999952,64.00000000000183,Monday,0,2005-W34
2005-08-23,1.2229,1.2256,1.2194,1.2237,61.99999999999983,7.999999999999119,Tuesday,1,2005-W34
2005-08-24,1.2234,1.2283,1.2164,1.2274,119.00000000000021,40.000000000000036,Wednesday,2,2005-W34
2005-08-25,1.2271,1.233,1.2258,1.2303,72.00000000000095,31.999999999998696,Thursday,3,2005-W34
2005-08-26,1.2301,1.2343,1.2274,1.2285,68.99999999999906,-16.00000000000046,Friday,4,2005-W34
2005-08-29,1.2298,1.2349,1.2219,1.2236,130.00000000000122,-61.99999999999983,Monday,0,2005-W35
2005-08-30,1.2232,1.2239,1.2173,1.2222,65.99999999999939,-10.000000000001119,Tuesday,1,2005-W35
2005-08-31,1.2222,1.2359,1.2192,1.2349,166.99999999999937,127.00000000000156,Wednesday,2,2005-W35
2005-09-01,1.2345,1.2525,1.2329,1.2503,195.9999999999984,158.00000000000037,Thursday,3,2005-W35
2005-09-02,1.2503,1.2591,1.247,1.2542,121.0,39.00000000000014,Friday,4,2005-W35
2005-09-05,1.2541,1.2587,1.2514,1.2519,72.99999999999862,-21.999999999999797,Monday,0,2005-W36
2005-09-06,1.2528,1.2528,1.2445,1.247,82.99999999999974,-57.99999999999805,Tuesday,1,2005-W36
2005-09-07,1.2466,1.254,1.2408,1.2418,132.000000000001,-47.999999999999154,Wednesday,2,2005-W36
2005-09-08,1.2417,1.2453,1.2385,1.24,68.00000000000139,-17.000000000000348,Thursday,3,2005-W36
2005-09-09,1.2404,1.246,1.2376,1.2418,83.99999999999963,14.000000000000679,Friday,4,2005-W36
2005-09-12,1.2407,1.2418,1.2274,1.2285,143.9999999999997,-121.99999999999989,Monday,0,2005-W37
2005-09-13,1.2281,1.2318,1.2247,1.2271,71.00000000000107,-9.999999999998899,Tuesday,1,2005-W37
2005-09-14,1.2265,1.2334,1.2259,1.2289,75.00000000000063,24.000000000001798,Wednesday,2,2005-W37
2005-09-15,1.2289,1.229,1.2196,1.2225,94.00000000000075,-64.00000000000183,Thursday,3,2005-W37
2005-09-16,1.2223,1.231,1.2201,1.2233,109.00000000000132,10.000000000001119,Friday,4,2005-W37
2005-09-19,1.2171,1.2178,1.2103,1.2141,75.00000000000063,-30.000000000001137,Monday,0,2005-W38
2005-09-20,1.2141,1.2193,1.2113,1.2117,80.00000000000007,-23.999999999999577,Tuesday,1,2005-W38
2005-09-21,1.2118,1.2242,1.2113,1.2217,128.99999999999912,99.0000000000002,Wednesday,2,2005-W38
2005-09-22,1.2217,1.2271,1.2133,1.2155,138.00000000000034,-61.99999999999983,Thursday,3,2005-W38
2005-09-23,1.2153,1.2165,1.2043,1.2043,121.99999999999989,-110.00000000000121,Friday,4,2005-W38
2005-09-26,1.2032,1.2083,1.2011,1.2075,71.99999999999874,42.9999999999997,Monday,0,2005-W39
2005-09-27,1.2074,1.2084,1.1979,1.2015,104.99999999999955,-59.00000000000016,Tuesday,1,2005-W39
2005-09-28,1.2018,1.2056,1.1994,1.2039,61.99999999999983,20.999999999999908,Wednesday,2,2005-W39
2005-09-29,1.2042,1.2078,1.2006,1.2034,72.00000000000095,-7.999999999999119,Thursday,3,2005-W39
2005-09-30,1.2038,1.2093,1.1998,1.2026,95.00000000000064,-12.000000000000899,Friday,4,2005-W39
2005-10-03,1.2026,1.2035,1.1903,1.192,132.000000000001,-105.99999999999943,Monday,0,2005-W40
2005-10-04,1.1925,1.195,1.1901,1.192,49.000000000001265,-4.999999999999449,Tuesday,1,2005-W40
2005-10-05,1.1921,1.199,1.1918,1.1972,72.00000000000095,51.000000000001044,Wednesday,2,2005-W40
2005-10-06,1.1976,1.2205,1.1976,1.2183,228.9999999999992,206.9999999999994,Thursday,3,2005-W40
2005-10-07,1.2187,1.2192,1.2093,1.2125,99.0000000000002,-61.99999999999983,Friday,4,2005-W40
2005-10-10,1.2118,1.2154,1.2041,1.2068,113.00000000000088,-49.999999999998934,Monday,0,2005-W41
2005-10-11,1.2073,1.2075,1.1978,1.1994,97.00000000000043,-79.00000000000018,Tuesday,1,2005-W41
2005-10-12,1.1995,1.2053,1.1954,1.2026,99.0000000000002,30.999999999998806,Wednesday,2,2005-W41
2005-10-13,1.2024,1.2041,1.1916,1.2025,124.99999999999956,0.9999999999998899,Thursday,3,2005-W41
2005-10-14,1.2025,1.2109,1.1982,1.2085,127.00000000000156,60.00000000000006,Friday,4,2005-W41
2005-10-17,1.2086,1.2123,1.2012,1.2025,110.99999999999888,-60.99999999999994,Monday,0,2005-W42
2005-10-18,1.203,1.203,1.1918,1.1961,112.000000000001,-69.00000000000128,Tuesday,1,2005-W42
2005-10-19,1.1963,1.2006,1.1876,1.1994,129.999999999999,31.000000000001027,Wednesday,2,2005-W42
2005-10-20,1.1994,1.2026,1.195,1.2024,75.9999999999983,29.999999999998916,Thursday,3,2005-W42
2005-10-21,1.2018,1.2079,1.1931,1.1952,147.99999999999923,-65.99999999999939,Friday,4,2005-W42
2005-10-24,1.1939,1.2022,1.1923,1.1989,99.0000000000002,50.00000000000115,Monday,0,2005-W43
2005-10-25,1.1983,1.212,1.1939,1.2108,181.00000000000006,125.00000000000178,Tuesday,1,2005-W43
2005-10-26,1.2109,1.2139,1.205,1.2067,88.99999999999908,-41.999999999999815,Wednesday,2,2005-W43
2005-10-27,1.2068,1.2174,1.2043,1.2143,131.0000000000011,74.99999999999841,Thursday,3,2005-W43
2005-10-28,1.2143,1.2171,1.2051,1.2068,120.00000000000011,-74.99999999999841,Friday,4,2005-W43
2005-10-31,1.2062,1.209,1.1971,1.1994,119.00000000000021,-67.99999999999918,Monday,0,2005-W44
2005-11-01,1.1991,1.2034,1.1973,1.2023,60.99999999999994,31.999999999998696,Tuesday,1,2005-W44
2005-11-02,1.2024,1.2086,1.1991,1.2075,94.99999999999842,51.000000000001044,Wednesday,2,2005-W44
2005-11-03,1.2078,1.2083,1.1938,1.1945,144.99999999999957,-133.0000000000009,Thursday,3,2005-W44
2005-11-04,1.1947,1.1996,1.1804,1.1823,192.00000000000105,-124.00000000000189,Friday,4,2005-W44
2005-11-07,1.1813,1.1834,1.1777,1.1806,57.000000000000384,-6.999999999999229,Monday,0,2005-W45
2005-11-08,1.1801,1.1804,1.1711,1.1781,92.99999999999864,-20.000000000000018,Tuesday,1,2005-W45
2005-11-09,1.1786,1.1795,1.172,1.1766,75.00000000000063,-20.000000000000018,Wednesday,2,2005-W45
2005-11-10,1.1766,1.18,1.168,1.1687,120.00000000000011,-79.00000000000018,Thursday,3,2005-W45
2005-11-11,1.1688,1.1734,1.1673,1.1725,60.99999999999994,37.00000000000037,Friday,4,2005-W45
2005-11-14,1.1723,1.1774,1.1662,1.1687,112.000000000001,-35.99999999999825,Monday,0,2005-W46
2005-11-15,1.169,1.173,1.1641,1.172,89.00000000000131,29.999999999998916,Tuesday,1,2005-W46
2005-11-16,1.1721,1.1739,1.1648,1.167,90.99999999999886,-50.99999999999882,Wednesday,2,2005-W46
2005-11-17,1.1673,1.1764,1.1645,1.1752,118.999999999998,79.00000000000018,Thursday,3,2005-W46
2005-11-18,1.1752,1.1796,1.1666,1.1775,129.999999999999,22.999999999999687,Friday,4,2005-W46
2005-11-21,1.1774,1.1839,1.1721,1.1728,118.00000000000033,-45.999999999999375,Monday,0,2005-W47
2005-11-22,1.1731,1.1829,1.1688,1.1818,141.0,86.9999999999993,Tuesday,1,2005-W47
2005-11-23,1.1817,1.1868,1.1766,1.1824,101.99999999999987,6.999999999999229,Wednesday,2,2005-W47
2005-11-24,1.1821,1.1825,1.1783,1.1789,42.00000000000203,-31.999999999998696,Thursday,3,2005-W47
2005-11-25,1.1781,1.1782,1.1712,1.1726,69.99999999999895,-54.99999999999838,Friday,4,2005-W47
2005-11-28,1.1715,1.1905,1.1684,1.1851,220.99999999999787,136.00000000000057,Monday,0,2005-W48
2005-11-29,1.1851,1.1864,1.174,1.1779,123.99999999999966,-72.00000000000095,Tuesday,1,2005-W48
2005-11-30,1.1778,1.1805,1.1755,1.1791,50.00000000000115,13.000000000000789,Wednesday,2,2005-W48
2005-12-01,1.1793,1.1806,1.1693,1.1737,113.00000000000088,-56.0000000000005,Thursday,3,2005-W48
2005-12-02,1.1736,1.175,1.1664,1.1719,85.9999999999994,-17.000000000000348,Friday,4,2005-W48
2005-12-05,1.1703,1.1822,1.169,1.1791,131.99999999999878,88.0000000000014,Monday,0,2005-W49
2005-12-06,1.1794,1.1809,1.1757,1.1782,52.00000000000094,-12.000000000000899,Tuesday,1,2005-W49
2005-12-07,1.1784,1.1805,1.1707,1.1725,98.00000000000031,-58.99999999999794,Wednesday,2,2005-W49
2005-12-08,1.1726,1.1851,1.1706,1.1821,144.99999999999957,94.99999999999842,Thursday,3,2005-W49
2005-12-09,1.1822,1.1838,1.1768,1.1814,69.99999999999895,-7.999999999999119,Friday,4,2005-W49
2005-12-12,1.1784,1.1985,1.178,1.1956,204.99999999999963,172.00000000000105,Monday,0,2005-W50
2005-12-13,1.196,1.1989,1.1909,1.1945,80.00000000000007,-15.000000000000568,Tuesday,1,2005-W50
2005-12-14,1.194,1.2108,1.1933,1.2003,175.0000000000007,62.99999999999972,Wednesday,2,2005-W50
2005-12-15,1.1997,1.2041,1.1936,1.198,104.99999999999955,-17.000000000000348,Thursday,3,2005-W50
2005-12-16,1.1982,1.2028,1.1937,1.2015,91.00000000000108,33.00000000000081,Friday,4,2005-W50
2005-12-19,1.2029,1.2041,1.1977,1.2009,63.999999999999616,-20.000000000000018,Monday,0,2005-W51
2005-12-20,1.2006,1.2015,1.1841,1.186,174.00000000000082,-145.99999999999946,Tuesday,1,2005-W51
2005-12-21,1.1862,1.1914,1.1803,1.1836,111.0000000000011,-25.999999999999357,Wednesday,2,2005-W51
2005-12-22,1.184,1.1898,1.1811,1.187,86.9999999999993,30.000000000001137,Thursday,3,2005-W51
2005-12-23,1.1869,1.1887,1.183,1.1878,57.000000000000384,8.999999999999009,Friday,4,2005-W51
2005-12-27,1.1839,1.1878,1.1828,1.183,49.999999999998934,-8.999999999999009,Tuesday,1,2005-W52
2005-12-28,1.1833,1.1934,1.1814,1.1834,120.00000000000011,0.9999999999998899,Wednesday,2,2005-W52
2005-12-29,1.184,1.1885,1.1822,1.1843,62.99999999999972,2.9999999999996696,Thursday,3,2005-W52
2006-01-03,1.1815,1.2031,1.1815,1.2018,216.00000000000063,202.99999999999986,Tuesday,1,2006-W01
2006-01-04,1.2012,1.2147,1.2007,1.2122,139.9999999999979,109.99999999999899,Wednesday,2,2006-W01
2006-01-05,1.2117,1.2123,1.2067,1.211,55.99999999999827,-6.999999999999229,Thursday,3,2006-W01
2006-01-06,1.2108,1.2182,1.2083,1.2153,99.0000000000002,44.99999999999949,Friday,4,2006-W01
2006-01-09,1.2149,1.2155,1.2054,1.209,100.99999999999997,-59.00000000000016,Monday,0,2006-W02
2006-01-10,1.2087,1.2111,1.2039,1.2067,72.00000000000095,-20.000000000000018,Tuesday,1,2006-W02
2006-01-11,1.2063,1.2147,1.2046,1.2129,100.99999999999997,66.00000000000162,Wednesday,2,2006-W02
2006-01-12,1.2129,1.2165,1.2009,1.2036,155.99999999999835,-93.00000000000085,Thursday,3,2006-W02
2006-01-13,1.2037,1.2145,1.2027,1.2136,117.99999999999811,99.0000000000002,Friday,4,2006-W02
2006-01-16,1.2151,1.2177,1.2109,1.2125,67.99999999999918,-26.000000000001577,Monday,0,2006-W03
2006-01-17,1.2127,1.2143,1.2052,1.2106,90.99999999999886,-20.999999999999908,Tuesday,1,2006-W03
2006-01-18,1.2104,1.2161,1.2072,1.2116,88.99999999999908,12.000000000000899,Wednesday,2,2006-W03
2006-01-19,1.2113,1.2127,1.2054,1.2098,72.99999999999862,-15.000000000000568,Thursday,3,2006-W03
2006-01-20,1.2098,1.2142,1.2042,1.2141,100.00000000000009,42.9999999999997,Friday,4,2006-W03
2006-01-23,1.2145,1.2314,1.214,1.2306,174.00000000000082,161.00000000000003,Monday,0,2006-W04
2006-01-24,1.23,1.2324,1.2259,1.2282,64.9999999999995,-18.000000000000238,Tuesday,1,2006-W04
2006-01-25,1.2275,1.2326,1.2238,1.2244,87.99999999999919,-31.000000000001027,Wednesday,2,2006-W04
2006-01-26,1.2243,1.227,1.22,1.2208,70.00000000000117,-34.999999999998366,Thursday,3,2006-W04
2006-01-27,1.2209,1.2236,1.2087,1.2105,148.99999999999915,-104.00000000000188,Friday,4,2006-W04
2006-01-30,1.2109,1.2117,1.2066,1.2091,51.000000000001044,-18.000000000000238,Monday,0,2006-W05
2006-01-31,1.2093,1.2192,1.208,1.2158,112.000000000001,64.9999999999995,Tuesday,1,2006-W05
2006-02-01,1.2153,1.2164,1.205,1.2068,113.99999999999855,-84.99999999999952,Wednesday,2,2006-W05
2006-02-02,1.2069,1.2111,1.2033,1.2094,78.00000000000028,24.999999999999467,Thursday,3,2006-W05
2006-02-03,1.2101,1.2114,1.197,1.2026,143.9999999999997,-75.00000000000063,Friday,4,2006-W05
2006-02-06,1.2039,1.2048,1.1948,1.1968,100.00000000000009,-70.99999999999883,Monday,0,2006-W06
2006-02-07,1.1962,1.2017,1.1945,1.1981,72.00000000000095,19.000000000000128,Tuesday,1,2006-W06
2006-02-08,1.1987,1.1996,1.1925,1.1965,71.00000000000107,-22.000000000002018,Wednesday,2,2006-W06
2006-02-09,1.1967,1.1997,1.1949,1.1981,47.999999999999154,13.999999999998458,Thursday,3,2006-W06
2006-02-10,1.1982,1.2026,1.1894,1.1902,131.99999999999878,-80.00000000000007,Friday,4,2006-W06
2006-02-13,1.1902,1.192,1.1879,1.1901,40.99999999999993,-0.9999999999998899,Monday,0,2006-W07
2006-02-14,1.1899,1.1925,1.1861,1.1918,63.999999999999616,19.000000000000128,Tuesday,1,2006-W07
2006-02-15,1.1918,1.1955,1.1871,1.1889,83.99999999999963,-28.999999999999027,Wednesday,2,2006-W07
2006-02-16,1.1892,1.191,1.1852,1.1906,58.00000000000027,14.000000000000679,Thursday,3,2006-W07
2006-02-17,1.1903,1.1945,1.1862,1.1937,82.99999999999974,34.000000000000696,Friday,4,2006-W07
2006-02-20,1.1934,1.1978,1.1925,1.194,53.000000000000824,5.999999999999339,Monday,0,2006-W08
2006-02-21,1.194,1.1944,1.1892,1.1916,51.999999999998714,-23.999999999999577,Tuesday,1,2006-W08
2006-02-22,1.1912,1.1931,1.1865,1.1912,65.99999999999939,0.0,Wednesday,2,2006-W08
2006-02-23,1.1915,1.1971,1.1894,1.1919,77.0000000000004,3.9999999999995595,Thursday,3,2006-W08
2006-02-24,1.1921,1.1937,1.1865,1.1876,71.99999999999874,-44.99999999999949,Friday,4,2006-W08
2006-02-27,1.1876,1.188,1.1827,1.1845,52.99999999999861,-30.999999999998806,Monday,0,2006-W09
2006-02-28,1.1846,1.1943,1.1836,1.1924,106.99999999999932,77.99999999999807,Tuesday,1,2006-W09
2006-03-01,1.1926,1.1977,1.1891,1.192,85.9999999999994,-6.00000000000156,Wednesday,2,2006-W09
2006-03-02,1.1919,1.2047,1.1916,1.204,131.0000000000011,121.0,Thursday,3,2006-W09
2006-03-03,1.2041,1.2053,1.1997,1.2042,56.0000000000005,0.9999999999998899,Friday,4,2006-W09
2006-03-06,1.2049,1.2094,1.1992,1.2017,101.99999999999987,-32.00000000000092,Monday,0,2006-W10
2006-03-07,1.2019,1.2025,1.1871,1.1887,153.99999999999858,-131.99999999999878,Tuesday,1,2006-W10
2006-03-08,1.1889,1.1944,1.1874,1.1929,69.99999999999895,40.000000000000036,Wednesday,2,2006-W10
2006-03-09,1.1927,1.1954,1.1906,1.1911,47.999999999999154,-16.00000000000046,Thursday,3,2006-W10
2006-03-10,1.1906,1.1928,1.1861,1.1919,67.0000000000015,12.999999999998568,Friday,4,2006-W10
2006-03-13,1.1917,1.1972,1.1913,1.1962,59.00000000000016,44.99999999999949,Monday,0,2006-W11
2006-03-14,1.1966,1.2034,1.1943,1.2012,91.00000000000108,45.999999999999375,Tuesday,1,2006-W11
2006-03-15,1.2017,1.2075,1.2008,1.2071,66.99999999999929,54.00000000000071,Wednesday,2,2006-W11
2006-03-16,1.2072,1.219,1.2039,1.2183,151.00000000000114,110.99999999999888,Thursday,3,2006-W11
2006-03-17,1.2178,1.2208,1.2144,1.219,64.00000000000183,12.000000000000899,Friday,4,2006-W11
2006-03-20,1.2184,1.2197,1.215,1.2164,46.99999999999926,-20.000000000000018,Monday,0,2006-W12
2006-03-21,1.216,1.2166,1.2079,1.2096,86.9999999999993,-63.999999999999616,Tuesday,1,2006-W12
2006-03-22,1.2096,1.2116,1.2067,1.2079,48.99999999999905,-17.000000000000348,Wednesday,2,2006-W12
2006-03-23,1.208,1.2083,1.1958,1.1971,124.99999999999956,-108.99999999999909,Thursday,3,2006-W12
2006-03-24,1.1971,1.2047,1.1954,1.2037,93.00000000000085,65.99999999999939,Friday,4,2006-W12
2006-03-27,1.2041,1.206,1.2007,1.2015,52.99999999999861,-25.999999999999357,Monday,0,2006-W13
2006-03-28,1.2012,1.2108,1.1995,1.2003,113.00000000000088,-9.00000000000123,Tuesday,1,2006-W13
2006-03-29,1.1999,1.205,1.1981,1.2028,69.00000000000128,29.000000000001247,Wednesday,2,2006-W13
2006-03-30,1.2029,1.2175,1.2026,1.2164,149.00000000000136,134.99999999999847,Thursday,3,2006-W13
2006-03-31,1.217,1.2179,1.2084,1.2118,95.00000000000064,-52.00000000000094,Friday,4,2006-W13
2006-04-03,1.2118,1.2151,1.2035,1.2139,116.00000000000054,20.999999999999908,Monday,0,2006-W14
2006-04-04,1.2139,1.2278,1.2123,1.2259,155.00000000000068,120.00000000000011,Tuesday,1,2006-W14
2006-04-05,1.2258,1.2306,1.2246,1.2289,60.00000000000006,31.000000000001027,Wednesday,2,2006-W14
2006-04-06,1.2297,1.2335,1.22,1.2229,135.00000000000068,-67.99999999999918,Thursday,3,2006-W14
2006-04-07,1.2227,1.223,1.2092,1.2095,138.00000000000034,-131.99999999999878,Friday,4,2006-W14
2006-04-10,1.2106,1.213,1.2077,1.2112,53.000000000000824,6.00000000000156,Monday,0,2006-W15
2006-04-11,1.2112,1.2156,1.2092,1.2143,63.999999999999616,30.999999999998806,Tuesday,1,2006-W15
2006-04-12,1.2149,1.217,1.2068,1.2105,101.99999999999987,-44.00000000000182,Wednesday,2,2006-W15
2006-04-13,1.2104,1.2135,1.2071,1.211,63.999999999999616,6.00000000000156,Thursday,3,2006-W15
2006-04-14,1.2118,1.2119,1.2102,1.2112,17.000000000000348,-5.999999999999339,Friday,4,2006-W15
2006-04-17,1.2123,1.229,1.2122,1.2251,168.00000000000148,128.00000000000145,Monday,0,2006-W16
2006-04-18,1.2254,1.236,1.2227,1.2344,133.0000000000009,89.99999999999898,Tuesday,1,2006-W16
2006-04-19,1.2353,1.2396,1.2288,1.2382,108.00000000000142,28.999999999999027,Wednesday,2,2006-W16
2006-04-20,1.2384,1.2384,1.229,1.2318,93.99999999999852,-65.99999999999939,Thursday,3,2006-W16
2006-04-21,1.2319,1.2361,1.2268,1.2344,93.00000000000085,24.999999999999467,Friday,4,2006-W16
2006-04-24,1.2373,1.2415,1.2334,1.2395,80.99999999999996,21.999999999999797,Monday,0,2006-W17
2006-04-25,1.2393,1.2442,1.2369,1.2432,72.99999999999862,39.00000000000014,Tuesday,1,2006-W17
2006-04-26,1.2432,1.2472,1.2387,1.2455,85.00000000000173,22.999999999999687,Wednesday,2,2006-W17
2006-04-27,1.2452,1.255,1.2407,1.2535,142.9999999999998,82.99999999999974,Thursday,3,2006-W17
2006-04-28,1.2536,1.2644,1.2523,1.2635,121.0,99.0000000000002,Friday,4,2006-W17
2006-05-01,1.2632,1.2693,1.2557,1.2587,136.00000000000057,-45.000000000001705,Monday,0,2006-W18
2006-05-02,1.259,1.2669,1.2562,1.2618,106.99999999999932,28.000000000001357,Tuesday,1,2006-W18
2006-05-03,1.2619,1.2672,1.2592,1.2633,80.00000000000007,14.000000000000679,Wednesday,2,2006-W18
2006-05-04,1.2635,1.2725,1.2574,1.2693,150.99999999999892,58.00000000000027,Thursday,3,2006-W18
2006-05-05,1.2698,1.2765,1.2677,1.2734,87.99999999999919,36.000000000000476,Friday,4,2006-W18
2006-05-08,1.2738,1.2788,1.2694,1.2712,93.99999999999852,-25.999999999999357,Monday,0,2006-W19
2006-05-09,1.271,1.2786,1.2664,1.2762,121.99999999999989,52.00000000000094,Tuesday,1,2006-W19
2006-05-10,1.2763,1.2834,1.2752,1.2787,82.00000000000207,23.999999999999577,Wednesday,2,2006-W19
2006-05-11,1.2786,1.2874,1.2688,1.2841,186.0000000000017,55.000000000000604,Thursday,3,2006-W19
2006-05-12,1.284,1.296,1.2833,1.2923,126.99999999999933,82.99999999999974,Friday,4,2006-W19
2006-05-15,1.2946,1.2973,1.2782,1.2795,190.99999999999895,-150.99999999999892,Monday,0,2006-W20
2006-05-16,1.2798,1.2869,1.2772,1.2862,97.00000000000043,63.999999999999616,Tuesday,1,2006-W20
2006-05-17,1.2862,1.2921,1.2703,1.2743,218.00000000000043,-119.00000000000021,Wednesday,2,2006-W20
2006-05-18,1.2749,1.286,1.2723,1.2847,137.00000000000045,98.00000000000031,Thursday,3,2006-W20
2006-05-19,1.2849,1.2874,1.2695,1.2778,179.00000000000028,-70.99999999999883,Friday,4,2006-W20
2006-05-22,1.2764,1.2888,1.2695,1.2868,192.99999999999872,103.99999999999964,Monday,0,2006-W21
2006-05-23,1.2869,1.2879,1.2808,1.282,71.00000000000107,-48.99999999999905,Tuesday,1,2006-W21
2006-05-24,1.2812,1.2893,1.2733,1.2756,159.99999999999793,-55.99999999999827,Wednesday,2,2006-W21
2006-05-25,1.2756,1.2819,1.275,1.2805,69.00000000000128,48.99999999999905,Thursday,3,2006-W21
2006-05-26,1.2807,1.2836,1.2702,1.273,134.0000000000008,-77.0000000000004,Friday,4,2006-W21
2006-05-29,1.2738,1.2771,1.272,1.2753,50.99999999999882,15.000000000000568,Monday,0,2006-W22
2006-05-30,1.2753,1.291,1.2745,1.2871,164.9999999999996,117.99999999999811,Tuesday,1,2006-W22
2006-05-31,1.2876,1.2906,1.2807,1.2812,99.0000000000002,-64.00000000000183,Wednesday,2,2006-W22
2006-06-01,1.281,1.2826,1.2725,1.2805,100.99999999999997,-4.999999999999449,Thursday,3,2006-W22
2006-06-02,1.2808,1.2942,1.2797,1.2924,144.99999999999957,116.00000000000054,Friday,4,2006-W22
2006-06-05,1.2937,1.2982,1.2906,1.2907,76.00000000000051,-30.000000000001137,Monday,0,2006-W23
2006-06-06,1.2906,1.2935,1.2811,1.2832,124.00000000000189,-74.00000000000074,Tuesday,1,2006-W23
2006-06-07,1.2832,1.2838,1.2762,1.2787,76.00000000000051,-44.99999999999949,Wednesday,2,2006-W23
2006-06-08,1.2792,1.2811,1.2627,1.2653,183.99999999999972,-138.999999999998,Thursday,3,2006-W23
2006-06-09,1.2652,1.2685,1.2598,1.2644,86.9999999999993,-8.00000000000134,Friday,4,2006-W23
2006-06-12,1.2625,1.2652,1.2568,1.259,84.00000000000185,-35.00000000000058,Monday,0,2006-W24
2006-06-13,1.2591,1.2617,1.2533,1.2538,83.99999999999963,-53.000000000000824,Tuesday,1,2006-W24
2006-06-14,1.2541,1.2649,1.2534,1.26,114.99999999999844,59.00000000000016,Wednesday,2,2006-W24
2006-06-15,1.2601,1.2662,1.2585,1.2637,77.0000000000004,36.000000000000476,Thursday,3,2006-W24
2006-06-16,1.2636,1.2673,1.2619,1.2645,54.00000000000071,8.999999999999009,Friday,4,2006-W24
2006-06-19,1.2649,1.2655,1.2554,1.2575,100.99999999999997,-73.99999999999851,Monday,0,2006-W25
2006-06-20,1.2576,1.262,1.254,1.2582,80.00000000000007,5.999999999999339,Tuesday,1,2006-W25
2006-06-21,1.258,1.2679,1.2579,1.2661,100.00000000000009,80.99999999999996,Wednesday,2,2006-W25
2006-06-22,1.2667,1.2682,1.2553,1.2582,128.99999999999912,-84.99999999999952,Thursday,3,2006-W25
2006-06-23,1.2581,1.2588,1.2481,1.2511,106.99999999999932,-69.99999999999895,Friday,4,2006-W25
2006-06-26,1.2517,1.2604,1.2505,1.2583,99.0000000000002,65.99999999999939,Monday,0,2006-W26
2006-06-27,1.2588,1.2621,1.2563,1.2578,58.00000000000027,-9.999999999998899,Tuesday,1,2006-W26
2006-06-28,1.2579,1.2587,1.2519,1.2556,67.99999999999918,-22.999999999999687,Wednesday,2,2006-W26
2006-06-29,1.2561,1.267,1.2522,1.2666,147.99999999999923,104.99999999999955,Thursday,3,2006-W26
2006-06-30,1.2665,1.2795,1.2659,1.2793,136.00000000000057,128.00000000000145,Friday,4,2006-W26
2006-07-03,1.2785,1.2825,1.2764,1.2805,60.99999999999994,20.000000000000018,Monday,0,2006-W27
2006-07-04,1.2802,1.2823,1.2788,1.2798,35.00000000000058,-3.9999999999995595,Tuesday,1,2006-W27
2006-07-05,1.2801,1.2839,1.271,1.2726,129.00000000000134,-75.00000000000063,Wednesday,2,2006-W27
2006-07-06,1.2722,1.2784,1.272,1.2781,63.999999999999616,59.00000000000016,Thursday,3,2006-W27
2006-07-07,1.2781,1.2865,1.2769,1.2812,96.00000000000053,30.999999999998806,Friday,4,2006-W27
2006-07-10,1.2818,1.282,1.2724,1.2732,96.00000000000053,-85.9999999999994,Monday,0,2006-W28
2006-07-11,1.2732,1.278,1.2708,1.2776,72.00000000000095,43.999999999999595,Tuesday,1,2006-W28
2006-07-12,1.2776,1.278,1.2678,1.2704,101.99999999999987,-72.00000000000095,Wednesday,2,2006-W28
2006-07-13,1.2703,1.2733,1.2668,1.2694,65.00000000000172,-8.999999999999009,Thursday,3,2006-W28
2006-07-14,1.2691,1.2699,1.2629,1.2652,70.00000000000117,-38.999999999997925,Friday,4,2006-W28
2006-07-17,1.2654,1.2658,1.2511,1.2519,146.99999999999935,-135.00000000000068,Monday,0,2006-W29
2006-07-18,1.2519,1.2561,1.2475,1.2507,85.9999999999994,-12.000000000000899,Tuesday,1,2006-W29
2006-07-19,1.2507,1.2611,1.2461,1.259,150.00000000000125,82.99999999999974,Wednesday,2,2006-W29
2006-07-20,1.2593,1.2655,1.259,1.263,65.00000000000172,36.999999999998145,Thursday,3,2006-W29
2006-07-21,1.2629,1.27,1.2627,1.2693,73.00000000000084,64.00000000000183,Friday,4,2006-W29
2006-07-24,1.2711,1.2712,1.2612,1.2635,100.00000000000009,-75.9999999999983,Monday,0,2006-W30
2006-07-25,1.2639,1.2673,1.2566,1.2581,107.00000000000153,-58.00000000000027,Tuesday,1,2006-W30
2006-07-26,1.258,1.2718,1.2561,1.2717,157.00000000000048,137.00000000000045,Wednesday,2,2006-W30
2006-07-27,1.2727,1.2773,1.2682,1.2701,91.00000000000108,-25.999999999999357,Thursday,3,2006-W30
2006-07-28,1.2703,1.2772,1.2663,1.2761,108.99999999999909,58.00000000000027,Friday,4,2006-W30
2006-07-31,1.2769,1.2785,1.2741,1.2769,43.999999999999595,0.0,Monday,0,2006-W31
2006-08-01,1.2769,1.2831,1.2722,1.2828,108.99999999999909,59.00000000000016,Tuesday,1,2006-W31
2006-08-02,1.2829,1.2837,1.2777,1.279,60.00000000000006,-39.00000000000014,Wednesday,2,2006-W31
2006-08-03,1.2791,1.2835,1.2743,1.2806,92.00000000000097,15.000000000000568,Thursday,3,2006-W31
2006-08-04,1.2806,1.2912,1.278,1.288,131.99999999999878,74.00000000000074,Friday,4,2006-W31
2006-08-07,1.2875,1.2895,1.2833,1.284,61.99999999999983,-35.00000000000058,Monday,0,2006-W32
2006-08-08,1.284,1.2895,1.2808,1.2837,87.00000000000152,-2.9999999999996696,Tuesday,1,2006-W32
2006-08-09,1.2837,1.2902,1.2766,1.2863,136.00000000000057,25.999999999999357,Wednesday,2,2006-W32
2006-08-10,1.2863,1.2916,1.2749,1.2796,167.0000000000016,-66.99999999999929,Thursday,3,2006-W32
2006-08-11,1.2795,1.28,1.2716,1.2728,83.99999999999963,-67.0000000000015,Friday,4,2006-W32
2006-08-14,1.2726,1.2765,1.2709,1.2717,56.0000000000005,-8.999999999999009,Monday,0,2006-W33
2006-08-15,1.2716,1.2805,1.2698,1.2789,106.99999999999932,72.99999999999862,Tuesday,1,2006-W33
2006-08-16,1.2789,1.2866,1.2771,1.2844,95.00000000000064,55.000000000000604,Wednesday,2,2006-W33
2006-08-17,1.2843,1.2888,1.2815,1.2831,72.99999999999862,-12.000000000000899,Thursday,3,2006-W33
2006-08-18,1.2832,1.2847,1.2783,1.283,63.999999999999616,-1.9999999999997797,Friday,4,2006-W33
2006-08-21,1.2828,1.2942,1.2826,1.2894,116.00000000000054,66.00000000000162,Monday,0,2006-W34
2006-08-22,1.2896,1.29,1.2785,1.2804,115.00000000000065,-92.00000000000097,Tuesday,1,2006-W34
2006-08-23,1.2806,1.2853,1.2778,1.2789,75.00000000000063,-17.000000000000348,Wednesday,2,2006-W34
2006-08-24,1.2791,1.2845,1.2751,1.2766,94.00000000000075,-24.999999999999467,Thursday,3,2006-W34
2006-08-25,1.2769,1.2785,1.2728,1.2756,57.000000000000384,-12.999999999998568,Friday,4,2006-W34
2006-08-28,1.2768,1.2824,1.2757,1.278,66.99999999999929,12.000000000000899,Monday,0,2006-W35
2006-08-29,1.2779,1.284,1.2753,1.2825,86.9999999999993,45.999999999999375,Tuesday,1,2006-W35
2006-08-30,1.2824,1.2856,1.2813,1.2835,42.9999999999997,11.000000000001009,Wednesday,2,2006-W35
2006-08-31,1.2838,1.288,1.2788,1.2816,92.00000000000097,-21.999999999999797,Thursday,3,2006-W35
2006-09-01,1.2811,1.2848,1.2758,1.2841,89.99999999999898,30.000000000001137,Friday,4,2006-W35
2006-09-04,1.2844,1.2876,1.2841,1.2872,35.00000000000058,27.999999999999137,Monday,0,2006-W36
2006-09-05,1.2873,1.2873,1.2798,1.2818,75.00000000000063,-55.000000000000604,Tuesday,1,2006-W36
2006-09-06,1.2817,1.2833,1.2773,1.2806,60.00000000000006,-11.000000000001009,Wednesday,2,2006-W36
2006-09-07,1.2807,1.2831,1.2709,1.2732,121.99999999999989,-74.99999999999841,Thursday,3,2006-W36
2006-09-08,1.2731,1.2741,1.2654,1.2678,86.9999999999993,-52.99999999999861,Friday,4,2006-W36
2006-09-11,1.2673,1.2743,1.2651,1.2704,92.00000000000097,30.999999999998806,Monday,0,2006-W37
2006-09-12,1.2704,1.2737,1.2673,1.2689,63.999999999999616,-15.000000000000568,Tuesday,1,2006-W37
2006-09-13,1.2689,1.272,1.2667,1.2693,53.000000000000824,4.00000000000178,Wednesday,2,2006-W37
2006-09-14,1.2695,1.2756,1.2678,1.2726,78.00000000000028,30.999999999998806,Thursday,3,2006-W37
2006-09-15,1.2725,1.2737,1.2634,1.2664,102.99999999999976,-60.99999999999994,Friday,4,2006-W37
2006-09-18,1.2644,1.2711,1.2631,1.2709,80.00000000000007,64.9999999999995,Monday,0,2006-W38
2006-09-19,1.2706,1.2727,1.2654,1.268,72.99999999999862,-25.999999999999357,Tuesday,1,2006-W38
2006-09-20,1.2679,1.2732,1.2667,1.2688,65.00000000000172,8.999999999999009,Wednesday,2,2006-W38
2006-09-21,1.2689,1.2801,1.2684,1.278,117.00000000000044,91.00000000000108,Thursday,3,2006-W38
2006-09-22,1.2783,1.2833,1.2779,1.2792,54.00000000000071,8.999999999999009,Friday,4,2006-W38
2006-09-25,1.2787,1.282,1.2733,1.2749,86.9999999999993,-38.000000000000256,Monday,0,2006-W39
2006-09-26,1.2749,1.2765,1.2665,1.2691,100.00000000000009,-58.00000000000027,Tuesday,1,2006-W39
2006-09-27,1.269,1.272,1.2674,1.2703,45.999999999999375,13.000000000000789,Wednesday,2,2006-W39
2006-09-28,1.2704,1.2735,1.2681,1.2703,54.00000000000071,-0.9999999999998899,Thursday,3,2006-W39
2006-09-29,1.2704,1.2714,1.2642,1.2677,72.00000000000095,-26.999999999999247,Friday,4,2006-W39
2006-10-02,1.2687,1.2759,1.2664,1.2739,95.00000000000064,52.00000000000094,Monday,0,2006-W40
2006-10-03,1.2738,1.2768,1.2722,1.2733,45.999999999999375,-4.999999999999449,Tuesday,1,2006-W40
2006-10-04,1.2735,1.2742,1.267,1.2717,72.00000000000095,-18.000000000000238,Wednesday,2,2006-W40
2006-10-05,1.2717,1.2728,1.2674,1.2697,53.999999999998494,-20.000000000000018,Thursday,3,2006-W40
2006-10-06,1.2696,1.2724,1.2573,1.2599,150.99999999999892,-97.00000000000043,Friday,4,2006-W40
2006-10-09,1.2596,1.2615,1.2587,1.26,28.000000000001357,3.9999999999995595,Monday,0,2006-W41
2006-10-10,1.2599,1.2615,1.2521,1.254,94.00000000000075,-59.00000000000016,Tuesday,1,2006-W41
2006-10-11,1.2534,1.2559,1.2503,1.2517,56.0000000000005,-17.000000000000348,Wednesday,2,2006-W41
2006-10-12,1.2517,1.2568,1.2517,1.2557,50.99999999999882,40.000000000000036,Thursday,3,2006-W41
2006-10-13,1.2559,1.2578,1.2485,1.2513,93.00000000000085,-45.999999999999375,Friday,4,2006-W41
2006-10-16,1.2511,1.2539,1.2491,1.2535,47.999999999999154,23.999999999999577,Monday,0,2006-W42
2006-10-17,1.2533,1.2567,1.251,1.2548,57.000000000000384,14.999999999998348,Tuesday,1,2006-W42
2006-10-18,1.2545,1.256,1.2503,1.2532,57.000000000000384,-12.999999999998568,Wednesday,2,2006-W42
2006-10-19,1.2534,1.2646,1.2531,1.2628,114.99999999999844,93.99999999999852,Thursday,3,2006-W42
2006-10-20,1.2627,1.2641,1.2599,1.2617,41.999999999999815,-9.999999999998899,Friday,4,2006-W42
2006-10-23,1.262,1.2624,1.2539,1.2553,84.99999999999952,-66.99999999999929,Monday,0,2006-W43
2006-10-24,1.2552,1.258,1.2528,1.2561,52.00000000000094,8.999999999999009,Tuesday,1,2006-W43
2006-10-25,1.2558,1.2624,1.2553,1.2603,70.99999999999883,44.99999999999949,Wednesday,2,2006-W43
2006-10-26,1.2602,1.2703,1.2601,1.2695,101.99999999999987,93.00000000000085,Thursday,3,2006-W43
2006-10-27,1.2694,1.2753,1.2665,1.2742,88.0000000000014,47.999999999999154,Friday,4,2006-W43
2006-10-30,1.2733,1.2737,1.2701,1.2726,36.000000000000476,-7.0000000000014495,Monday,0,2006-W44
2006-10-31,1.2727,1.2784,1.268,1.2766,103.99999999999964,39.00000000000014,Tuesday,1,2006-W44
2006-11-01,1.2767,1.28,1.2745,1.2759,55.000000000000604,-7.999999999999119,Wednesday,2,2006-W44
2006-11-02,1.2759,1.2787,1.2739,1.278,47.999999999999154,20.999999999999908,Thursday,3,2006-W44
2006-11-03,1.2781,1.2794,1.2685,1.2718,109.00000000000132,-62.99999999999972,Friday,4,2006-W44
2006-11-06,1.2719,1.2726,1.2692,1.2725,33.99999999999848,5.999999999999339,Monday,0,2006-W45
2006-11-07,1.2725,1.282,1.2723,1.2779,97.00000000000043,54.00000000000071,Tuesday,1,2006-W45
2006-11-08,1.2779,1.2809,1.2749,1.2759,60.00000000000006,-20.000000000000018,Wednesday,2,2006-W45
2006-11-09,1.2761,1.2849,1.2752,1.2832,97.00000000000043,70.99999999999883,Thursday,3,2006-W45
2006-11-10,1.2833,1.2901,1.283,1.2843,71.00000000000107,9.999999999998899,Friday,4,2006-W45
2006-11-13,1.2848,1.2879,1.2798,1.2808,80.99999999999996,-40.000000000000036,Monday,0,2006-W46
2006-11-14,1.2808,1.2873,1.2794,1.2813,79.00000000000018,5.00000000000167,Tuesday,1,2006-W46
2006-11-15,1.2811,1.2835,1.2776,1.2829,59.00000000000016,18.000000000000238,Wednesday,2,2006-W46
2006-11-16,1.2831,1.2842,1.2787,1.2796,55.000000000000604,-34.999999999998366,Thursday,3,2006-W46
2006-11-17,1.2798,1.2847,1.2765,1.2831,81.99999999999986,32.999999999998586,Friday,4,2006-W46
2006-11-20,1.2831,1.2854,1.2807,1.2816,47.000000000001485,-14.999999999998348,Monday,0,2006-W47
2006-11-21,1.2818,1.2855,1.2799,1.2847,56.0000000000005,28.999999999999027,Tuesday,1,2006-W47
2006-11-22,1.2846,1.2958,1.2843,1.2944,115.00000000000065,98.00000000000031,Wednesday,2,2006-W47
2006-11-23,1.2945,1.2976,1.2931,1.2951,45.000000000001705,5.999999999999339,Thursday,3,2006-W47
2006-11-24,1.2948,1.311,1.2947,1.3098,162.9999999999998,150.00000000000125,Friday,4,2006-W47
2006-11-27,1.317,1.3173,1.3088,1.3133,84.99999999999952,-37.00000000000037,Monday,0,2006-W48
2006-11-28,1.3135,1.3212,1.3122,1.3201,89.99999999999898,66.00000000000162,Tuesday,1,2006-W48
2006-11-29,1.3202,1.3221,1.3134,1.3156,87.00000000000152,-45.999999999999375,Wednesday,2,2006-W48
2006-11-30,1.3156,1.3276,1.3144,1.3244,131.99999999999878,87.99999999999919,Thursday,3,2006-W48
2006-12-01,1.3244,1.335,1.3223,1.334,126.99999999999933,96.00000000000053,Friday,4,2006-W48
2006-12-04,1.3337,1.337,1.3285,1.3344,84.99999999999952,6.999999999999229,Monday,0,2006-W49
2006-12-05,1.3342,1.3365,1.3289,1.3319,76.00000000000051,-22.999999999999687,Tuesday,1,2006-W49
2006-12-06,1.332,1.3342,1.3257,1.3287,84.99999999999952,-33.00000000000081,Wednesday,2,2006-W49
2006-12-07,1.3286,1.3326,1.3277,1.3287,48.99999999999905,0.9999999999998899,Thursday,3,2006-W49
2006-12-08,1.3287,1.3367,1.3194,1.3204,173.00000000000094,-82.99999999999974,Friday,4,2006-W49
2006-12-11,1.3178,1.3266,1.3131,1.3238,135.00000000000068,60.00000000000006,Monday,0,2006-W50
2006-12-12,1.3239,1.3294,1.3213,1.3285,80.99999999999996,45.999999999999375,Tuesday,1,2006-W50
2006-12-13,1.3286,1.329,1.3195,1.3217,95.00000000000064,-68.99999999999906,Wednesday,2,2006-W50
2006-12-14,1.3217,1.3255,1.3143,1.3146,111.99999999999876,-71.00000000000107,Thursday,3,2006-W50
2006-12-15,1.3147,1.3189,1.3061,1.3083,127.99999999999923,-63.999999999999616,Friday,4,2006-W50
2006-12-18,1.3085,1.3121,1.3054,1.3099,67.0000000000015,14.000000000000679,Monday,0,2006-W51
2006-12-19,1.3097,1.3218,1.3086,1.3198,132.000000000001,100.99999999999997,Tuesday,1,2006-W51
2006-12-20,1.3202,1.3248,1.3162,1.3174,85.9999999999994,-28.000000000001357,Wednesday,2,2006-W51
2006-12-21,1.3175,1.3215,1.3144,1.3178,70.99999999999883,3.00000000000189,Thursday,3,2006-W51
2006-12-22,1.3177,1.3215,1.311,1.3141,104.99999999999955,-36.000000000000476,Friday,4,2006-W51
2006-12-26,1.314,1.3142,1.3092,1.3099,50.00000000000115,-40.99999999999993,Tuesday,1,2006-W52
2006-12-27,1.3098,1.3179,1.3097,1.3117,81.99999999999986,19.000000000000128,Wednesday,2,2006-W52
2006-12-28,1.3118,1.3202,1.3108,1.3151,94.00000000000075,32.999999999998586,Thursday,3,2006-W52
2006-12-29,1.3152,1.3206,1.314,1.3202,65.99999999999939,50.00000000000115,Friday,4,2006-W52
2007-01-02,1.3237,1.3298,1.3229,1.3275,69.00000000000128,37.99999999999804,Tuesday,1,2007-W01
2007-01-03,1.3276,1.3293,1.3148,1.3173,144.99999999999957,-102.99999999999976,Wednesday,2,2007-W01
2007-01-04,1.3172,1.3182,1.3079,1.3085,102.99999999999976,-86.9999999999993,Thursday,3,2007-W01
2007-01-05,1.3086,1.3107,1.2983,1.301,123.99999999999966,-76.00000000000051,Friday,4,2007-W01
2007-01-08,1.3019,1.3038,1.2974,1.3026,63.999999999999616,6.999999999999229,Monday,0,2007-W02
2007-01-09,1.3025,1.3055,1.2989,1.3003,66.00000000000162,-21.999999999999797,Tuesday,1,2007-W02
2007-01-10,1.3002,1.3007,1.2933,1.2939,74.00000000000074,-62.99999999999972,Wednesday,2,2007-W02
2007-01-11,1.2938,1.3018,1.2885,1.2894,133.0000000000009,-43.999999999999595,Thursday,3,2007-W02
2007-01-12,1.2893,1.2945,1.2868,1.2921,77.0000000000004,28.000000000001357,Friday,4,2007-W02
2007-01-15,1.2926,1.296,1.2917,1.2938,42.9999999999997,12.000000000000899,Monday,0,2007-W03
2007-01-16,1.2937,1.2992,1.2911,1.2921,80.99999999999996,-16.00000000000046,Tuesday,1,2007-W03
2007-01-17,1.2922,1.2952,1.2899,1.2939,52.99999999999861,17.000000000000348,Wednesday,2,2007-W03
2007-01-18,1.294,1.298,1.2898,1.2964,81.99999999999986,23.999999999999577,Thursday,3,2007-W03
2007-01-19,1.2965,1.3003,1.2916,1.2968,86.9999999999993,2.9999999999996696,Friday,4,2007-W03
2007-01-22,1.2964,1.2979,1.2926,1.2953,53.000000000000824,-11.000000000001009,Monday,0,2007-W04
2007-01-23,1.2952,1.3047,1.293,1.3028,117.00000000000044,76.00000000000051,Tuesday,1,2007-W04
2007-01-24,1.3027,1.3039,1.2951,1.2973,88.0000000000014,-54.00000000000071,Wednesday,2,2007-W04
2007-01-25,1.2974,1.3005,1.2917,1.2932,87.99999999999919,-42.00000000000203,Thursday,3,2007-W04
2007-01-26,1.2931,1.2947,1.2879,1.2919,67.99999999999918,-11.999999999998678,Friday,4,2007-W04
2007-01-29,1.2919,1.2968,1.2901,1.2958,66.99999999999929,39.00000000000014,Monday,0,2007-W05
2007-01-30,1.2957,1.2984,1.2946,1.2972,38.000000000000256,14.999999999998348,Tuesday,1,2007-W05
2007-01-31,1.2973,1.3039,1.2927,1.3033,112.000000000001,60.00000000000006,Wednesday,2,2007-W05
2007-02-01,1.3032,1.3056,1.3006,1.3024,50.00000000000115,-7.999999999999119,Thursday,3,2007-W05
2007-02-02,1.3025,1.3067,1.2953,1.2965,114.00000000000077,-60.00000000000006,Friday,4,2007-W05
2007-02-05,1.2964,1.2968,1.2915,1.293,52.99999999999861,-34.000000000000696,Monday,0,2007-W06
2007-02-06,1.2929,1.2993,1.2914,1.2985,78.99999999999795,56.0000000000005,Tuesday,1,2007-W06
2007-02-07,1.2986,1.3025,1.2974,1.3012,50.99999999999882,25.999999999999357,Wednesday,2,2007-W06
2007-02-08,1.3013,1.3044,1.2977,1.3044,66.99999999999929,31.000000000001027,Thursday,3,2007-W06
2007-02-09,1.3043,1.3045,1.2986,1.3008,59.00000000000016,-35.00000000000058,Friday,4,2007-W06
2007-02-12,1.2992,1.3039,1.2943,1.2969,96.00000000000053,-22.999999999999687,Monday,0,2007-W07
2007-02-13,1.2968,1.3045,1.2957,1.3039,87.99999999999919,71.00000000000107,Tuesday,1,2007-W07
2007-02-14,1.3038,1.3152,1.3026,1.3133,125.99999999999945,94.99999999999842,Wednesday,2,2007-W07
2007-02-15,1.3134,1.3174,1.3121,1.3143,52.99999999999861,9.00000000000123,Thursday,3,2007-W07
2007-02-16,1.3142,1.3147,1.3097,1.3144,49.999999999998934,1.9999999999997797,Friday,4,2007-W07
2007-02-19,1.3159,1.3165,1.3125,1.3157,40.000000000000036,-1.9999999999997797,Monday,0,2007-W08
2007-02-20,1.3158,1.3193,1.3133,1.3139,60.00000000000006,-19.000000000000128,Tuesday,1,2007-W08
2007-02-21,1.3138,1.3168,1.3115,1.3141,52.99999999999861,2.9999999999996696,Wednesday,2,2007-W08
2007-02-22,1.3142,1.3146,1.3084,1.3129,61.99999999999983,-13.000000000000789,Thursday,3,2007-W08
2007-02-23,1.3128,1.3189,1.3105,1.317,83.99999999999963,41.999999999999815,Friday,4,2007-W08
2007-02-26,1.3169,1.3201,1.3154,1.319,47.000000000001485,20.999999999999908,Monday,0,2007-W09
2007-02-27,1.3189,1.3261,1.3163,1.3244,98.00000000000031,55.000000000000604,Tuesday,1,2007-W09
2007-02-28,1.3243,1.3244,1.3182,1.3231,61.99999999999983,-12.000000000000899,Wednesday,2,2007-W09
2007-03-01,1.3232,1.3242,1.3158,1.3189,83.99999999999963,-42.9999999999997,Thursday,3,2007-W09
2007-03-02,1.3188,1.3202,1.3143,1.3194,59.00000000000016,5.999999999999339,Friday,4,2007-W09
2007-03-05,1.3205,1.3214,1.3074,1.3091,140.0000000000001,-114.00000000000077,Monday,0,2007-W10
2007-03-06,1.3092,1.3133,1.3083,1.3129,49.999999999998934,37.00000000000037,Tuesday,1,2007-W10
2007-03-07,1.3128,1.3189,1.3112,1.3178,77.0000000000004,50.00000000000115,Wednesday,2,2007-W10
2007-03-08,1.3177,1.3184,1.3119,1.3136,64.9999999999995,-40.99999999999993,Thursday,3,2007-W10
2007-03-09,1.3135,1.3161,1.3086,1.312,75.00000000000063,-14.999999999998348,Friday,4,2007-W10
2007-03-12,1.3142,1.3202,1.311,1.319,92.00000000000097,47.999999999999154,Monday,0,2007-W11
2007-03-13,1.3191,1.3225,1.3159,1.3199,65.99999999999939,8.00000000000134,Tuesday,1,2007-W11
2007-03-14,1.3198,1.3249,1.3179,1.3224,69.99999999999895,25.999999999999357,Wednesday,2,2007-W11
2007-03-15,1.3224,1.3253,1.3195,1.324,58.00000000000027,16.00000000000046,Thursday,3,2007-W11
2007-03-16,1.3239,1.3341,1.3236,1.3321,104.99999999999955,81.99999999999986,Friday,4,2007-W11
2007-03-19,1.3318,1.3328,1.3282,1.3303,45.999999999999375,-15.000000000000568,Monday,0,2007-W12
2007-03-20,1.3304,1.3324,1.3275,1.3319,49.000000000001265,15.000000000000568,Tuesday,1,2007-W12
2007-03-21,1.3318,1.3391,1.3292,1.3387,99.0000000000002,68.99999999999906,Wednesday,2,2007-W12
2007-03-22,1.3388,1.3414,1.3312,1.3333,101.99999999999987,-55.000000000000604,Thursday,3,2007-W12
2007-03-23,1.3332,1.3343,1.3285,1.3286,58.00000000000027,-45.999999999999375,Friday,4,2007-W12
2007-03-26,1.3287,1.3348,1.3257,1.333,90.99999999999886,42.9999999999997,Monday,0,2007-W13
2007-03-27,1.333,1.3365,1.3323,1.3354,41.999999999999815,23.999999999999577,Tuesday,1,2007-W13
2007-03-28,1.336,1.3375,1.3311,1.3316,63.999999999999616,-44.00000000000182,Wednesday,2,2007-W13
2007-03-29,1.3317,1.3354,1.3304,1.3333,49.999999999998934,15.999999999998238,Thursday,3,2007-W13
2007-03-30,1.3331,1.3402,1.329,1.3358,112.000000000001,27.000000000001467,Friday,4,2007-W13
2007-04-02,1.3377,1.3385,1.3334,1.3368,51.000000000001044,-8.999999999999009,Monday,0,2007-W14
2007-04-03,1.3369,1.3383,1.3323,1.3333,60.00000000000006,-36.000000000000476,Tuesday,1,2007-W14
2007-04-04,1.3335,1.3384,1.332,1.3368,63.999999999999616,33.00000000000081,Wednesday,2,2007-W14
2007-04-05,1.3369,1.3443,1.3356,1.3431,87.00000000000152,61.99999999999983,Thursday,3,2007-W14
2007-04-06,1.3432,1.3435,1.3367,1.3379,67.99999999999918,-52.99999999999861,Friday,4,2007-W14
2007-04-09,1.3379,1.3383,1.3341,1.3356,41.999999999999815,-23.000000000001908,Monday,0,2007-W15
2007-04-10,1.3355,1.3457,1.3352,1.3441,104.99999999999955,86.00000000000163,Tuesday,1,2007-W15
2007-04-11,1.3442,1.3443,1.3409,1.3432,34.000000000000696,-10.000000000001119,Wednesday,2,2007-W15
2007-04-12,1.3431,1.3505,1.343,1.3484,75.00000000000063,53.000000000000824,Thursday,3,2007-W15
2007-04-13,1.3483,1.3555,1.3482,1.3533,72.99999999999862,49.999999999998934,Friday,4,2007-W15
2007-04-16,1.3558,1.3578,1.3534,1.3537,43.999999999999595,-20.999999999999908,Monday,0,2007-W16
2007-04-17,1.3539,1.3597,1.3527,1.3568,69.99999999999895,28.999999999999027,Tuesday,1,2007-W16
2007-04-18,1.3576,1.3618,1.3559,1.3609,58.99999999999794,33.00000000000081,Wednesday,2,2007-W16
2007-04-19,1.361,1.3621,1.3563,1.3615,58.00000000000027,4.999999999999449,Thursday,3,2007-W16
2007-04-20,1.3616,1.364,1.3589,1.3589,51.000000000001044,-26.999999999999247,Friday,4,2007-W16
2007-04-23,1.3601,1.3609,1.3544,1.3579,64.9999999999995,-21.999999999999797,Monday,0,2007-W17
2007-04-24,1.358,1.3645,1.3551,1.364,94.00000000000075,60.00000000000006,Tuesday,1,2007-W17
2007-04-25,1.3641,1.3667,1.3623,1.364,43.999999999999595,-0.9999999999998899,Wednesday,2,2007-W17
2007-04-26,1.3639,1.3656,1.3585,1.3601,70.99999999999883,-37.99999999999804,Thursday,3,2007-W17
2007-04-27,1.3602,1.3683,1.3587,1.3652,96.00000000000053,49.999999999998934,Friday,4,2007-W17
2007-04-30,1.3632,1.368,1.3592,1.3649,88.0000000000014,17.000000000000348,Monday,0,2007-W18
2007-05-01,1.3648,1.3674,1.3592,1.3606,81.99999999999986,-41.999999999999815,Tuesday,1,2007-W18
2007-05-02,1.3607,1.3613,1.3562,1.3594,50.99999999999882,-13.000000000000789,Wednesday,2,2007-W18
2007-05-03,1.3593,1.3625,1.3549,1.3552,76.00000000000051,-40.99999999999993,Thursday,3,2007-W18
2007-05-04,1.3553,1.3614,1.3536,1.3593,78.00000000000028,40.000000000000036,Friday,4,2007-W18
2007-05-07,1.3606,1.363,1.3593,1.3604,37.00000000000037,-1.9999999999997797,Monday,0,2007-W19
2007-05-08,1.3605,1.3622,1.3517,1.3543,105.00000000000176,-61.99999999999983,Tuesday,1,2007-W19
2007-05-09,1.3544,1.3569,1.3522,1.3529,46.99999999999926,-15.000000000000568,Wednesday,2,2007-W19
2007-05-10,1.3528,1.3566,1.3466,1.3486,100.00000000000009,-41.999999999999815,Thursday,3,2007-W19
2007-05-11,1.3487,1.3534,1.3465,1.3527,68.99999999999906,40.000000000000036,Friday,4,2007-W19
2007-05-14,1.3539,1.3561,1.3526,1.3547,35.00000000000058,7.999999999999119,Monday,0,2007-W20
2007-05-15,1.3546,1.3612,1.3528,1.3594,83.99999999999963,47.999999999999154,Tuesday,1,2007-W20
2007-05-16,1.3595,1.3611,1.3507,1.3518,103.99999999999964,-77.0000000000004,Wednesday,2,2007-W20
2007-05-17,1.3517,1.3546,1.3479,1.3495,66.99999999999929,-21.999999999999797,Thursday,3,2007-W20
2007-05-18,1.3496,1.3524,1.3467,1.351,57.000000000000384,14.000000000000679,Friday,4,2007-W20
2007-05-21,1.3522,1.3534,1.3439,1.3469,94.99999999999842,-53.000000000000824,Monday,0,2007-W21
2007-05-22,1.3468,1.3477,1.344,1.3451,36.999999999998145,-17.000000000000348,Tuesday,1,2007-W21
2007-05-23,1.3452,1.3503,1.3417,1.3462,86.00000000000163,10.000000000001119,Wednesday,2,2007-W21
2007-05-24,1.3461,1.3465,1.3418,1.3431,46.99999999999926,-30.000000000001137,Thursday,3,2007-W21
2007-05-25,1.3432,1.3474,1.3413,1.3446,60.99999999999994,14.000000000000679,Friday,4,2007-W21
2007-05-28,1.3452,1.346,1.3447,1.3456,13.000000000000789,3.9999999999995595,Monday,0,2007-W22
2007-05-29,1.3455,1.3521,1.3423,1.3451,98.00000000000031,-3.9999999999995595,Tuesday,1,2007-W22
2007-05-30,1.3452,1.3459,1.3406,1.343,53.000000000000824,-21.999999999999797,Wednesday,2,2007-W22
2007-05-31,1.3431,1.3478,1.3426,1.3453,52.00000000000094,21.999999999999797,Thursday,3,2007-W22
2007-06-01,1.3452,1.3464,1.3395,1.3451,69.00000000000128,-0.9999999999998899,Friday,4,2007-W22
2007-06-04,1.3444,1.3503,1.3433,1.349,70.00000000000117,45.999999999999375,Monday,0,2007-W23
2007-06-05,1.3491,1.3555,1.3489,1.3526,65.99999999999939,35.00000000000058,Tuesday,1,2007-W23
2007-06-06,1.3525,1.3541,1.3486,1.3505,55.000000000000604,-20.000000000000018,Wednesday,2,2007-W23
2007-06-07,1.3506,1.3515,1.3425,1.3435,89.99999999999898,-71.00000000000107,Thursday,3,2007-W23
2007-06-08,1.3434,1.3437,1.3322,1.3373,114.99999999999844,-60.99999999999994,Friday,4,2007-W23
2007-06-11,1.3374,1.3375,1.3335,1.3359,40.000000000000036,-14.999999999998348,Monday,0,2007-W24
2007-06-12,1.336,1.337,1.3303,1.3303,66.99999999999929,-57.000000000000384,Tuesday,1,2007-W24
2007-06-13,1.3305,1.3318,1.3264,1.3312,54.00000000000071,6.999999999999229,Wednesday,2,2007-W24
2007-06-14,1.3313,1.3327,1.3282,1.3313,44.99999999999949,0.0,Thursday,3,2007-W24
2007-06-15,1.3314,1.339,1.3307,1.3388,82.99999999999974,74.00000000000074,Friday,4,2007-W24
2007-06-18,1.338,1.342,1.3378,1.3415,41.999999999999815,34.999999999998366,Monday,0,2007-W25
2007-06-19,1.3416,1.3439,1.3386,1.3428,53.000000000000824,12.000000000000899,Tuesday,1,2007-W25
2007-06-20,1.3427,1.344,1.3399,1.3406,40.99999999999993,-20.999999999999908,Wednesday,2,2007-W25
2007-06-21,1.3405,1.341,1.3374,1.3392,36.000000000000476,-13.000000000000789,Thursday,3,2007-W25
2007-06-22,1.3391,1.3473,1.3383,1.3472,89.99999999999898,80.99999999999996,Friday,4,2007-W25
2007-06-25,1.3471,1.3475,1.3442,1.3464,32.999999999998586,-6.999999999999229,Monday,0,2007-W26
2007-06-26,1.3465,1.3481,1.3434,1.3458,47.000000000001485,-6.999999999999229,Tuesday,1,2007-W26
2007-06-27,1.3457,1.346,1.3417,1.3454,43.000000000001926,-2.9999999999996696,Wednesday,2,2007-W26
2007-06-28,1.3453,1.3482,1.3425,1.3453,57.000000000000384,0.0,Thursday,3,2007-W26
2007-06-29,1.3454,1.3544,1.3433,1.3544,111.0000000000011,90.0000000000012,Friday,4,2007-W26
2007-07-02,1.3544,1.3641,1.3529,1.3625,112.000000000001,80.99999999999996,Monday,0,2007-W27
2007-07-03,1.3624,1.3636,1.3586,1.3612,49.999999999998934,-12.000000000000899,Tuesday,1,2007-W27
2007-07-04,1.3611,1.3632,1.3607,1.3613,24.999999999999467,1.9999999999997797,Wednesday,2,2007-W27
2007-07-05,1.3614,1.3661,1.3581,1.3599,80.00000000000007,-14.999999999998348,Thursday,3,2007-W27
2007-07-06,1.3598,1.3644,1.3569,1.3631,75.00000000000063,33.00000000000081,Friday,4,2007-W27
2007-07-09,1.3637,1.3639,1.3611,1.3628,27.999999999999137,-8.999999999999009,Monday,0,2007-W28
2007-07-10,1.3627,1.375,1.3595,1.375,155.00000000000068,122.99999999999977,Tuesday,1,2007-W28
2007-07-11,1.3749,1.3789,1.3733,1.3748,56.0000000000005,-0.9999999999998899,Wednesday,2,2007-W28
2007-07-12,1.3747,1.3801,1.3744,1.3792,57.000000000000384,44.99999999999949,Thursday,3,2007-W28
2007-07-13,1.3791,1.3815,1.3764,1.3784,50.99999999999882,-6.999999999999229,Friday,4,2007-W28
2007-07-16,1.3788,1.3805,1.3761,1.3775,43.999999999999595,-13.000000000000789,Monday,0,2007-W29
2007-07-17,1.3776,1.3799,1.3757,1.3783,41.999999999999815,7.0000000000014495,Tuesday,1,2007-W29
2007-07-18,1.3782,1.3834,1.3754,1.3805,80.00000000000007,22.999999999999687,Wednesday,2,2007-W29
2007-07-19,1.3806,1.3833,1.3787,1.3805,45.999999999999375,-0.9999999999998899,Thursday,3,2007-W29
2007-07-20,1.3804,1.3845,1.378,1.3827,65.00000000000172,22.999999999999687,Friday,4,2007-W29
2007-07-23,1.3837,1.3847,1.3797,1.3807,50.00000000000115,-29.999999999998916,Monday,0,2007-W30
2007-07-24,1.3809,1.3853,1.3799,1.3823,54.00000000000071,14.000000000000679,Tuesday,1,2007-W30
2007-07-25,1.3822,1.3833,1.3698,1.3722,135.00000000000068,-100.00000000000009,Wednesday,2,2007-W30
2007-07-26,1.3723,1.377,1.3694,1.3746,76.00000000000051,22.999999999999687,Thursday,3,2007-W30
2007-07-27,1.3747,1.3754,1.3628,1.3634,125.99999999999945,-113.00000000000088,Friday,4,2007-W30
2007-07-30,1.3619,1.3708,1.361,1.3697,98.00000000000031,77.99999999999807,Monday,0,2007-W31
2007-07-31,1.3698,1.373,1.3681,1.3684,48.99999999999905,-13.999999999998458,Tuesday,1,2007-W31
2007-08-01,1.3683,1.371,1.3639,1.3668,71.00000000000107,-15.000000000000568,Wednesday,2,2007-W31
2007-08-02,1.3667,1.3707,1.3652,1.3706,55.000000000000604,39.00000000000014,Thursday,3,2007-W31
2007-08-03,1.3707,1.3822,1.3685,1.3774,137.00000000000045,66.99999999999929,Friday,4,2007-W31
2007-08-06,1.3809,1.3842,1.3782,1.3795,60.00000000000006,-14.000000000000679,Monday,0,2007-W32
2007-08-07,1.3794,1.3817,1.3737,1.374,80.00000000000007,-53.999999999998494,Tuesday,1,2007-W32
2007-08-08,1.3739,1.3826,1.3723,1.38,102.99999999999976,60.99999999999994,Wednesday,2,2007-W32
2007-08-09,1.3799,1.3818,1.3657,1.368,161.00000000000003,-118.999999999998,Thursday,3,2007-W32
2007-08-10,1.3681,1.3706,1.3642,1.3694,63.999999999999616,12.999999999998568,Friday,4,2007-W32
2007-08-13,1.3689,1.3711,1.3605,1.3616,105.99999999999943,-73.00000000000084,Monday,0,2007-W33
2007-08-14,1.3615,1.3627,1.3533,1.3536,94.00000000000075,-79.00000000000018,Tuesday,1,2007-W33
2007-08-15,1.3535,1.3542,1.344,1.3443,101.99999999999987,-91.99999999999875,Wednesday,2,2007-W33
2007-08-16,1.3442,1.3449,1.3362,1.3426,86.9999999999993,-16.00000000000046,Thursday,3,2007-W33
2007-08-17,1.3427,1.355,1.3371,1.3476,179.00000000000028,48.99999999999905,Friday,4,2007-W33
2007-08-20,1.3485,1.351,1.3462,1.3477,47.999999999999154,-8.00000000000134,Monday,0,2007-W34
2007-08-21,1.3478,1.3521,1.3458,1.3468,62.99999999999972,-10.000000000001119,Tuesday,1,2007-W34
2007-08-22,1.3469,1.3551,1.3451,1.3543,100.00000000000009,74.00000000000074,Wednesday,2,2007-W34
2007-08-23,1.3542,1.359,1.3537,1.3567,53.000000000000824,24.999999999999467,Thursday,3,2007-W34
2007-08-24,1.3568,1.3689,1.3555,1.3677,134.0000000000008,108.99999999999909,Friday,4,2007-W34
2007-08-27,1.3678,1.3687,1.3637,1.3649,50.00000000000115,-28.999999999999027,Monday,0,2007-W35
2007-08-28,1.3647,1.3682,1.3603,1.3606,79.00000000000018,-40.99999999999993,Tuesday,1,2007-W35
2007-08-29,1.3605,1.368,1.3565,1.3678,115.00000000000065,72.99999999999862,Wednesday,2,2007-W35
2007-08-30,1.3677,1.3681,1.3595,1.3628,86.00000000000163,-48.99999999999905,Thursday,3,2007-W35
2007-08-31,1.3627,1.372,1.3623,1.3631,97.00000000000043,3.9999999999995595,Friday,4,2007-W35
2007-09-03,1.3635,1.3656,1.3607,1.3626,48.99999999999905,-8.999999999999009,Monday,0,2007-W36
2007-09-04,1.3625,1.3629,1.3553,1.3605,76.00000000000051,-20.000000000000018,Tuesday,1,2007-W36
2007-09-05,1.3606,1.3672,1.357,1.3649,101.99999999999987,42.9999999999997,Wednesday,2,2007-W36
2007-09-06,1.3648,1.371,1.3638,1.3691,72.00000000000095,42.9999999999997,Thursday,3,2007-W36
2007-09-07,1.369,1.38,1.3665,1.3771,134.99999999999847,80.99999999999996,Friday,4,2007-W36
2007-09-10,1.3774,1.3818,1.3769,1.3804,48.99999999999905,30.000000000001137,Monday,0,2007-W37
2007-09-11,1.3803,1.3851,1.378,1.384,71.00000000000107,36.999999999998145,Tuesday,1,2007-W37
2007-09-12,1.3839,1.3917,1.3825,1.3904,91.99999999999875,65.00000000000172,Wednesday,2,2007-W37
2007-09-13,1.3905,1.393,1.3866,1.3886,63.999999999999616,-19.000000000000128,Thursday,3,2007-W37
2007-09-14,1.3884,1.3897,1.3845,1.3875,51.999999999998714,-9.00000000000123,Friday,4,2007-W37
2007-09-17,1.3869,1.3889,1.3851,1.387,38.000000000000256,0.9999999999998899,Monday,0,2007-W38
2007-09-18,1.3871,1.3991,1.3829,1.3987,161.99999999999991,116.00000000000054,Tuesday,1,2007-W38
2007-09-19,1.3986,1.3989,1.3939,1.396,50.00000000000115,-26.000000000001577,Wednesday,2,2007-W38
2007-09-20,1.3961,1.4099,1.3957,1.4068,141.99999999999991,107.00000000000153,Thursday,3,2007-W38
2007-09-21,1.4069,1.4121,1.4043,1.409,77.99999999999807,20.999999999999908,Friday,4,2007-W38
2007-09-24,1.4093,1.4132,1.407,1.4089,61.99999999999983,-3.9999999999995595,Monday,0,2007-W39
2007-09-25,1.4088,1.4156,1.4063,1.4138,92.99999999999864,49.999999999998934,Tuesday,1,2007-W39
2007-09-26,1.4139,1.4163,1.4112,1.4128,50.99999999999882,-10.999999999998789,Wednesday,2,2007-W39
2007-09-27,1.4129,1.4192,1.4125,1.4154,66.99999999999929,24.999999999999467,Thursday,3,2007-W39
2007-09-28,1.4155,1.4281,1.4146,1.427,134.99999999999847,115.00000000000065,Friday,4,2007-W39
2007-10-01,1.4277,1.4283,1.4213,1.4234,69.99999999999895,-42.9999999999997,Monday,0,2007-W40
2007-10-02,1.4233,1.424,1.4141,1.4155,99.0000000000002,-78.00000000000028,Tuesday,1,2007-W40
2007-10-03,1.4157,1.4203,1.4086,1.4093,116.99999999999821,-63.999999999999616,Wednesday,2,2007-W40
2007-10-04,1.4092,1.415,1.4068,1.4139,81.99999999999986,46.99999999999926,Thursday,3,2007-W40
2007-10-05,1.414,1.4158,1.4035,1.4137,122.99999999999977,-2.9999999999996696,Friday,4,2007-W40
2007-10-08,1.4141,1.4155,1.4038,1.4051,117.00000000000044,-89.99999999999898,Monday,0,2007-W41
2007-10-09,1.4052,1.4116,1.4018,1.4107,98.00000000000031,55.000000000000604,Tuesday,1,2007-W41
2007-10-10,1.4106,1.4173,1.4096,1.4146,77.0000000000004,40.000000000000036,Wednesday,2,2007-W41
2007-10-11,1.4145,1.4243,1.4136,1.4197,106.99999999999932,51.999999999998714,Thursday,3,2007-W41
2007-10-12,1.4198,1.4217,1.4156,1.418,60.99999999999994,-18.000000000000238,Friday,4,2007-W41
2007-10-15,1.4179,1.4245,1.4162,1.4205,83.00000000000196,26.000000000001577,Monday,0,2007-W42
2007-10-16,1.4208,1.4227,1.4146,1.4173,80.99999999999996,-35.00000000000058,Tuesday,1,2007-W42
2007-10-17,1.4174,1.4231,1.4158,1.4208,73.00000000000084,34.000000000000696,Wednesday,2,2007-W42
2007-10-18,1.4209,1.4312,1.4197,1.4298,115.00000000000065,88.99999999999908,Thursday,3,2007-W42
2007-10-19,1.4297,1.4321,1.4248,1.4302,72.99999999999862,4.999999999999449,Friday,4,2007-W42
2007-10-22,1.4334,1.4351,1.4127,1.4182,223.99999999999974,-152.00000000000102,Monday,0,2007-W43
2007-10-23,1.4181,1.4282,1.4172,1.4264,109.99999999999899,82.99999999999974,Tuesday,1,2007-W43
2007-10-24,1.4263,1.427,1.419,1.4267,80.00000000000007,4.00000000000178,Wednesday,2,2007-W43
2007-10-25,1.4266,1.4344,1.4249,1.4324,94.99999999999842,57.99999999999805,Thursday,3,2007-W43
2007-10-26,1.4323,1.4397,1.4318,1.4396,79.00000000000018,73.00000000000084,Friday,4,2007-W43
2007-10-29,1.4419,1.4441,1.4379,1.4426,61.99999999999983,7.0000000000014495,Monday,0,2007-W44
2007-10-30,1.4425,1.4444,1.4376,1.4433,67.99999999999918,8.00000000000134,Tuesday,1,2007-W44
2007-10-31,1.4432,1.4508,1.4422,1.449,86.00000000000163,58.00000000000027,Wednesday,2,2007-W44
2007-11-01,1.4489,1.449,1.4405,1.4427,85.00000000000173,-61.99999999999983,Thursday,3,2007-W44
2007-11-02,1.4428,1.4531,1.4417,1.4506,114.00000000000077,77.99999999999807,Friday,4,2007-W44
2007-11-05,1.4518,1.4526,1.4444,1.4472,81.99999999999986,-45.999999999999375,Monday,0,2007-W45
2007-11-06,1.4471,1.4573,1.4469,1.4555,103.99999999999964,83.99999999999963,Tuesday,1,2007-W45
2007-11-07,1.4556,1.4733,1.4555,1.4639,178.00000000000037,82.99999999999974,Wednesday,2,2007-W45
2007-11-08,1.4638,1.4706,1.4615,1.4676,90.99999999999886,38.000000000000256,Thursday,3,2007-W45
2007-11-09,1.4677,1.4754,1.4633,1.468,121.0,2.9999999999996696,Friday,4,2007-W45
2007-11-12,1.4673,1.4677,1.4527,1.4535,149.99999999999903,-138.00000000000034,Monday,0,2007-W46
2007-11-13,1.4534,1.4634,1.4521,1.4604,113.00000000000088,69.99999999999895,Tuesday,1,2007-W46
2007-11-14,1.4605,1.4726,1.4602,1.4653,123.99999999999966,48.00000000000138,Wednesday,2,2007-W46
2007-11-15,1.4652,1.4705,1.4607,1.4614,97.9999999999981,-38.000000000000256,Thursday,3,2007-W46
2007-11-16,1.4615,1.4675,1.4584,1.4663,91.00000000000108,47.999999999999154,Friday,4,2007-W46
2007-11-19,1.4672,1.4688,1.4623,1.4665,65.00000000000172,-7.0000000000014495,Monday,0,2007-W47
2007-11-20,1.4666,1.4855,1.4638,1.4841,217.0000000000005,175.0000000000007,Tuesday,1,2007-W47
2007-11-21,1.484,1.4872,1.4778,1.4859,94.00000000000075,19.000000000000128,Wednesday,2,2007-W47
2007-11-22,1.4858,1.4876,1.4824,1.4851,52.00000000000094,-6.999999999999229,Thursday,3,2007-W47
2007-11-23,1.4853,1.497,1.4787,1.4839,183.00000000000205,-14.000000000000679,Friday,4,2007-W47
2007-11-26,1.4825,1.4889,1.4806,1.4874,82.99999999999974,49.000000000001265,Monday,0,2007-W48
2007-11-27,1.4873,1.4911,1.4811,1.4831,100.00000000000009,-41.999999999999815,Tuesday,1,2007-W48
2007-11-28,1.4832,1.4859,1.4714,1.4843,144.99999999999957,10.999999999998789,Wednesday,2,2007-W48
2007-11-29,1.4842,1.4845,1.4724,1.4746,121.0,-96.00000000000053,Thursday,3,2007-W48
2007-11-30,1.4747,1.4787,1.4629,1.4634,157.99999999999815,-112.99999999999866,Friday,4,2007-W48
2007-12-03,1.464,1.471,1.4622,1.4668,88.0000000000014,28.000000000001357,Monday,0,2007-W49
2007-12-04,1.4667,1.4769,1.4638,1.476,131.0000000000011,93.00000000000085,Tuesday,1,2007-W49
2007-12-05,1.4762,1.4773,1.4593,1.4613,180.00000000000017,-148.99999999999915,Wednesday,2,2007-W49
2007-12-06,1.4614,1.4654,1.4529,1.464,124.99999999999956,25.999999999999357,Thursday,3,2007-W49
2007-12-07,1.4639,1.4673,1.46,1.4659,73.00000000000084,20.000000000000018,Friday,4,2007-W49
2007-12-10,1.4656,1.4737,1.4642,1.4713,95.00000000000064,57.000000000000384,Monday,0,2007-W50
2007-12-11,1.4714,1.4751,1.464,1.4656,111.0000000000011,-58.00000000000027,Tuesday,1,2007-W50
2007-12-12,1.4658,1.4749,1.4651,1.4709,98.00000000000031,51.000000000001044,Wednesday,2,2007-W50
2007-12-13,1.4708,1.474,1.4577,1.4635,162.9999999999998,-73.00000000000084,Thursday,3,2007-W50
2007-12-14,1.4636,1.4658,1.4414,1.4433,243.99999999999977,-202.99999999999986,Friday,4,2007-W50
2007-12-17,1.4394,1.4453,1.4331,1.4403,121.99999999999989,8.999999999999009,Monday,0,2007-W51
2007-12-18,1.4402,1.4437,1.4368,1.4416,68.99999999999906,14.000000000000679,Tuesday,1,2007-W51
2007-12-19,1.4417,1.4424,1.4325,1.4386,98.99999999999798,-30.999999999998806,Wednesday,2,2007-W51
2007-12-20,1.4385,1.4394,1.4311,1.4332,82.99999999999974,-52.99999999999861,Thursday,3,2007-W51
2007-12-21,1.4333,1.4412,1.4317,1.4381,95.00000000000064,47.999999999999154,Friday,4,2007-W51
2007-12-24,1.4376,1.4416,1.4368,1.4397,47.999999999999154,20.999999999999908,Monday,0,2007-W52
2007-12-26,1.4417,1.4506,1.4415,1.449,90.99999999999886,73.00000000000084,Wednesday,2,2007-W52
2007-12-27,1.4491,1.4641,1.447,1.4627,170.99999999999892,135.99999999999835,Thursday,3,2007-W52
2007-12-28,1.4626,1.473,1.4595,1.4724,135.00000000000068,98.00000000000031,Friday,4,2007-W52
2007-12-31,1.4717,1.475,1.4571,1.459,179.00000000000028,-126.99999999999933,Monday,0,2007-W01
2008-01-02,1.4621,1.4752,1.4597,1.4714,155.00000000000068,93.00000000000085,Wednesday,2,2008-W01
2008-01-03,1.4715,1.4784,1.4689,1.4751,94.99999999999842,36.000000000000476,Thursday,3,2008-W01
2008-01-04,1.4752,1.4827,1.4696,1.4745,130.9999999999989,-7.0000000000014495,Friday,4,2008-W01
2008-01-07,1.4749,1.4758,1.4661,1.4698,97.00000000000043,-51.000000000001044,Monday,0,2008-W02
2008-01-08,1.4697,1.4742,1.4682,1.4709,60.00000000000006,12.000000000000899,Tuesday,1,2008-W02
2008-01-09,1.471,1.4743,1.4642,1.466,100.99999999999997,-50.00000000000115,Wednesday,2,2008-W02
2008-01-10,1.4659,1.4814,1.4644,1.4805,170.00000000000125,145.99999999999946,Thursday,3,2008-W02
2008-01-11,1.4804,1.4822,1.4764,1.4777,58.00000000000027,-26.999999999999247,Friday,4,2008-W02
2008-01-14,1.4784,1.4916,1.4784,1.4871,132.000000000001,87.00000000000152,Monday,0,2008-W03
2008-01-15,1.4872,1.4924,1.4802,1.4806,121.99999999999989,-66.00000000000162,Tuesday,1,2008-W03
2008-01-16,1.4807,1.4862,1.4598,1.4652,263.9999999999998,-154.99999999999847,Wednesday,2,2008-W03
2008-01-17,1.4653,1.4716,1.4591,1.4644,124.99999999999956,-9.00000000000123,Thursday,3,2008-W03
2008-01-18,1.4645,1.4696,1.4604,1.4624,92.00000000000097,-20.999999999999908,Friday,4,2008-W03
2008-01-21,1.4605,1.4606,1.4424,1.4456,181.99999999999994,-148.99999999999915,Monday,0,2008-W04
2008-01-22,1.4455,1.4645,1.4367,1.463,277.99999999999824,175.0000000000007,Tuesday,1,2008-W04
2008-01-23,1.4629,1.4685,1.4513,1.4631,171.9999999999988,1.9999999999997797,Wednesday,2,2008-W04
2008-01-24,1.463,1.4782,1.4592,1.4756,189.99999999999906,125.99999999999945,Thursday,3,2008-W04
2008-01-25,1.4755,1.478,1.4664,1.4683,116.00000000000054,-72.00000000000095,Friday,4,2008-W04
2008-01-28,1.4681,1.48,1.4664,1.4782,136.00000000000057,100.99999999999997,Monday,0,2008-W05
2008-01-29,1.4784,1.4799,1.474,1.4778,59.00000000000016,-5.999999999999339,Tuesday,1,2008-W05
2008-01-30,1.4777,1.4907,1.4757,1.4864,149.99999999999903,86.9999999999993,Wednesday,2,2008-W05
2008-01-31,1.4865,1.4915,1.4806,1.4863,109.00000000000132,-1.9999999999997797,Thursday,3,2008-W05
2008-02-01,1.4864,1.495,1.4786,1.4805,164.00000000000193,-59.00000000000016,Friday,4,2008-W05
2008-02-04,1.4807,1.485,1.4795,1.4832,55.000000000000604,25.000000000001688,Monday,0,2008-W06
2008-02-05,1.4833,1.4837,1.4625,1.4648,212.00000000000108,-184.9999999999996,Tuesday,1,2008-W06
2008-02-06,1.4649,1.4671,1.4593,1.4632,78.00000000000028,-17.000000000000348,Wednesday,2,2008-W06
2008-02-07,1.4633,1.4652,1.4439,1.4487,213.00000000000097,-145.99999999999946,Thursday,3,2008-W06
2008-02-08,1.4488,1.4547,1.4451,1.4512,96.00000000000053,23.999999999999577,Friday,4,2008-W06
2008-02-11,1.4518,1.4578,1.4482,1.4519,96.00000000000053,0.9999999999998899,Monday,0,2008-W07
2008-02-12,1.452,1.4617,1.4498,1.4586,119.00000000000021,65.99999999999939,Tuesday,1,2008-W07
2008-02-13,1.4585,1.4599,1.4534,1.4574,64.9999999999995,-10.999999999998789,Wednesday,2,2008-W07
2008-02-14,1.4575,1.4651,1.455,1.4643,100.99999999999997,67.99999999999918,Thursday,3,2008-W07
2008-02-15,1.4642,1.471,1.4632,1.4684,78.00000000000028,41.999999999999815,Friday,4,2008-W07
2008-02-18,1.468,1.4693,1.4611,1.4658,81.99999999999986,-21.999999999999797,Monday,0,2008-W08
2008-02-19,1.4657,1.476,1.4643,1.4728,117.00000000000044,71.00000000000107,Tuesday,1,2008-W08
2008-02-20,1.4729,1.4733,1.4617,1.4719,116.00000000000054,-10.000000000001119,Wednesday,2,2008-W08
2008-02-21,1.472,1.4839,1.4704,1.4814,135.00000000000068,94.00000000000075,Thursday,3,2008-W08
2008-02-22,1.4815,1.4863,1.4789,1.4828,73.99999999999851,12.999999999998568,Friday,4,2008-W08
2008-02-25,1.4841,1.4845,1.4796,1.4832,48.99999999999905,-8.999999999999009,Monday,0,2008-W09
2008-02-26,1.4831,1.4988,1.4781,1.4975,206.9999999999994,143.9999999999997,Tuesday,1,2008-W09
2008-02-27,1.4974,1.5147,1.4972,1.5122,174.9999999999985,147.99999999999923,Wednesday,2,2008-W09
2008-02-28,1.5123,1.5233,1.5076,1.5196,157.00000000000048,73.00000000000084,Thursday,3,2008-W09
2008-02-29,1.5194,1.5241,1.5147,1.5181,94.00000000000075,-13.000000000000789,Friday,4,2008-W09
2008-03-03,1.52,1.5276,1.516,1.5204,116.00000000000054,3.9999999999995595,Monday,0,2008-W10
2008-03-04,1.5203,1.525,1.5174,1.522,75.9999999999983,17.000000000000348,Tuesday,1,2008-W10
2008-03-05,1.5219,1.5305,1.5148,1.5265,157.00000000000048,45.999999999999375,Wednesday,2,2008-W10
2008-03-06,1.5264,1.5397,1.5262,1.5382,135.00000000000068,118.00000000000033,Thursday,3,2008-W10
2008-03-07,1.5383,1.5463,1.5315,1.5356,147.99999999999923,-26.999999999999247,Friday,4,2008-W10
2008-03-10,1.5364,1.5407,1.5316,1.5345,90.99999999999886,-19.000000000000128,Monday,0,2008-W11
2008-03-11,1.5346,1.5498,1.5285,1.534,213.00000000000097,-5.999999999999339,Tuesday,1,2008-W11
2008-03-12,1.5339,1.5574,1.5334,1.5553,239.99999999999798,213.99999999999864,Wednesday,2,2008-W11
2008-03-13,1.5554,1.5646,1.5523,1.5638,122.99999999999977,84.00000000000185,Thursday,3,2008-W11
2008-03-14,1.5637,1.5692,1.5535,1.5674,156.99999999999824,36.999999999998145,Friday,4,2008-W11
2008-03-17,1.5678,1.5906,1.5678,1.5732,227.99999999999932,53.999999999998494,Monday,0,2008-W12
2008-03-18,1.5731,1.5834,1.5619,1.5624,214.99999999999852,-106.99999999999932,Tuesday,1,2008-W12
2008-03-19,1.5625,1.5786,1.5585,1.5628,201.00000000000006,2.9999999999996696,Wednesday,2,2008-W12
2008-03-20,1.5627,1.5651,1.5397,1.5429,253.99999999999866,-198.0000000000004,Thursday,3,2008-W12
2008-03-21,1.543,1.5474,1.5407,1.5433,67.0000000000015,2.9999999999996696,Friday,4,2008-W12
2008-03-24,1.5441,1.5458,1.5344,1.5425,114.00000000000077,-16.00000000000046,Monday,0,2008-W13
2008-03-25,1.5424,1.5659,1.541,1.565,249.00000000000145,225.99999999999955,Tuesday,1,2008-W13
2008-03-26,1.5649,1.5861,1.5585,1.5846,276.0000000000007,197.0000000000005,Wednesday,2,2008-W13
2008-03-27,1.5847,1.585,1.5728,1.5781,121.99999999999989,-65.99999999999939,Thursday,3,2008-W13
2008-03-28,1.578,1.5839,1.5743,1.5798,96.00000000000053,18.000000000000238,Friday,4,2008-W13
2008-03-31,1.5803,1.5897,1.5761,1.5789,135.99999999999835,-14.000000000000679,Monday,0,2008-W14
2008-04-01,1.579,1.579,1.5566,1.5617,223.99999999999974,-172.99999999999872,Tuesday,1,2008-W14
2008-04-02,1.5616,1.5703,1.5534,1.5686,169.00000000000136,69.99999999999895,Wednesday,2,2008-W14
2008-04-03,1.5687,1.5698,1.5511,1.5687,187.00000000000162,0.0,Thursday,3,2008-W14
2008-04-04,1.5686,1.5772,1.564,1.574,131.99999999999878,54.00000000000071,Friday,4,2008-W14
2008-04-07,1.5733,1.574,1.5628,1.5713,112.000000000001,-20.000000000000018,Monday,0,2008-W15
2008-04-08,1.5714,1.5801,1.5675,1.5713,126.00000000000166,-0.9999999999998899,Tuesday,1,2008-W15
2008-04-09,1.5712,1.5867,1.5685,1.5834,181.99999999999994,121.99999999999989,Wednesday,2,2008-W15
2008-04-10,1.5832,1.5917,1.5728,1.5745,188.99999999999918,-86.9999999999993,Thursday,3,2008-W15
2008-04-11,1.5744,1.5857,1.574,1.5808,117.00000000000044,63.999999999999616,Friday,4,2008-W15
2008-04-14,1.5699,1.5888,1.5672,1.5832,216.00000000000063,132.99999999999866,Monday,0,2008-W16
2008-04-15,1.5831,1.5876,1.5754,1.579,121.99999999999989,-40.99999999999993,Tuesday,1,2008-W16
2008-04-16,1.5789,1.598,1.5759,1.5948,221.00000000000009,159.00000000000026,Wednesday,2,2008-W16
2008-04-17,1.5949,1.5986,1.5849,1.5909,137.00000000000045,-40.000000000000036,Thursday,3,2008-W16
2008-04-18,1.591,1.5958,1.5714,1.5817,244.000000000002,-92.99999999999864,Friday,4,2008-W16
2008-04-21,1.5807,1.5951,1.5793,1.5914,158.00000000000037,106.99999999999932,Monday,0,2008-W17
2008-04-22,1.5915,1.602,1.5835,1.5992,185.00000000000182,77.0000000000004,Tuesday,1,2008-W17
2008-04-23,1.5994,1.6005,1.5863,1.5892,141.99999999999991,-101.99999999999987,Wednesday,2,2008-W17
2008-04-24,1.5893,1.5897,1.5639,1.5682,257.99999999999824,-210.99999999999898,Thursday,3,2008-W17
2008-04-25,1.5683,1.571,1.5556,1.5631,153.99999999999858,-52.00000000000094,Friday,4,2008-W17
2008-04-28,1.5613,1.5696,1.5594,1.5657,102.00000000000209,44.00000000000182,Monday,0,2008-W18
2008-04-29,1.5658,1.5665,1.5542,1.5572,122.99999999999977,-86.00000000000163,Tuesday,1,2008-W18
2008-04-30,1.5573,1.5645,1.5519,1.5624,125.99999999999945,51.000000000001044,Wednesday,2,2008-W18
2008-05-01,1.5623,1.5645,1.5431,1.5475,214.00000000000085,-147.99999999999923,Thursday,3,2008-W18
2008-05-02,1.5476,1.5501,1.5362,1.5426,139.00000000000023,-50.00000000000115,Friday,4,2008-W18
2008-05-05,1.5438,1.5523,1.5425,1.5498,98.00000000000031,60.00000000000006,Monday,0,2008-W19
2008-05-06,1.5499,1.5595,1.5454,1.5535,141.0,36.000000000000476,Tuesday,1,2008-W19
2008-05-07,1.553,1.5541,1.5368,1.5394,173.00000000000094,-135.99999999999835,Wednesday,2,2008-W19
2008-05-08,1.5393,1.5444,1.5286,1.5397,158.00000000000037,4.00000000000178,Thursday,3,2008-W19
2008-05-09,1.5396,1.549,1.5393,1.5483,97.00000000000043,86.9999999999993,Friday,4,2008-W19
2008-05-12,1.5453,1.5572,1.5367,1.5555,204.99999999999963,102.00000000000209,Monday,0,2008-W20
2008-05-13,1.5554,1.5569,1.5433,1.5477,136.00000000000057,-76.99999999999818,Tuesday,1,2008-W20
2008-05-14,1.5478,1.549,1.5398,1.5476,91.99999999999875,-1.9999999999997797,Wednesday,2,2008-W20
2008-05-15,1.5475,1.5548,1.5422,1.5449,125.99999999999945,-26.000000000001577,Thursday,3,2008-W20
2008-05-16,1.5448,1.5603,1.5438,1.5578,164.9999999999996,130.00000000000122,Friday,4,2008-W20
2008-05-19,1.5597,1.5635,1.5489,1.5513,145.99999999999946,-84.00000000000185,Monday,0,2008-W21
2008-05-20,1.5516,1.5682,1.5505,1.5648,177.00000000000048,131.99999999999878,Tuesday,1,2008-W21
2008-05-21,1.5647,1.5798,1.5633,1.5797,165.00000000000182,150.00000000000125,Wednesday,2,2008-W21
2008-05-22,1.5796,1.5815,1.5696,1.5735,118.999999999998,-60.99999999999994,Thursday,3,2008-W21
2008-05-23,1.5734,1.5795,1.5699,1.5762,95.99999999999831,28.000000000001357,Friday,4,2008-W21
2008-05-26,1.577,1.5795,1.5743,1.5772,51.999999999998714,1.9999999999997797,Monday,0,2008-W22
2008-05-27,1.5773,1.582,1.5683,1.5693,137.00000000000045,-80.00000000000007,Tuesday,1,2008-W22
2008-05-28,1.5691,1.5762,1.561,1.564,152.00000000000102,-50.99999999999882,Wednesday,2,2008-W22
2008-05-29,1.5642,1.5666,1.5487,1.552,179.00000000000028,-121.99999999999989,Thursday,3,2008-W22
2008-05-30,1.5519,1.557,1.5463,1.5557,106.99999999999932,38.000000000000256,Friday,4,2008-W22
2008-06-02,1.5557,1.559,1.5488,1.5538,101.99999999999987,-19.000000000000128,Monday,0,2008-W23
2008-06-03,1.554,1.5629,1.5412,1.5446,217.0000000000005,-94.00000000000075,Tuesday,1,2008-W23
2008-06-04,1.5447,1.5485,1.5421,1.5443,63.999999999999616,-3.9999999999995595,Wednesday,2,2008-W23
2008-06-05,1.5444,1.5602,1.5366,1.5597,236.00000000000065,153.0000000000009,Thursday,3,2008-W23
2008-06-06,1.5596,1.5781,1.5575,1.5781,205.99999999999952,184.9999999999996,Friday,4,2008-W23
2008-06-09,1.5787,1.5846,1.5622,1.5648,223.99999999999974,-139.00000000000023,Monday,0,2008-W24
2008-06-10,1.5648,1.5655,1.5444,1.5468,210.99999999999898,-180.00000000000017,Tuesday,1,2008-W24
2008-06-11,1.5469,1.5589,1.5449,1.5554,140.0000000000001,84.99999999999952,Wednesday,2,2008-W24
2008-06-12,1.5552,1.5568,1.5381,1.5441,186.99999999999937,-110.99999999999888,Thursday,3,2008-W24
2008-06-13,1.544,1.5485,1.5305,1.5383,180.00000000000017,-57.000000000000384,Friday,4,2008-W24
2008-06-16,1.5408,1.5521,1.5347,1.5479,174.00000000000082,71.00000000000107,Monday,0,2008-W25
2008-06-17,1.5478,1.5553,1.5462,1.5512,90.99999999999886,33.99999999999848,Tuesday,1,2008-W25
2008-06-18,1.5511,1.5539,1.5466,1.5537,73.00000000000084,26.000000000001577,Wednesday,2,2008-W25
2008-06-19,1.5536,1.5588,1.5468,1.5506,120.00000000000011,-30.000000000001137,Thursday,3,2008-W25
2008-06-20,1.5507,1.5653,1.5494,1.5609,158.99999999999804,101.99999999999987,Friday,4,2008-W25
2008-06-23,1.5625,1.5638,1.547,1.552,168.00000000000148,-104.99999999999955,Monday,0,2008-W26
2008-06-24,1.5519,1.5623,1.5494,1.557,128.99999999999912,50.99999999999882,Tuesday,1,2008-W26
2008-06-25,1.5569,1.5688,1.5539,1.5668,148.99999999999915,99.0000000000002,Wednesday,2,2008-W26
2008-06-26,1.5667,1.5768,1.5631,1.5757,137.00000000000045,90.0000000000012,Thursday,3,2008-W26
2008-06-27,1.5758,1.5794,1.5722,1.5794,71.99999999999874,35.99999999999825,Friday,4,2008-W26
2008-06-30,1.578,1.5839,1.5733,1.5757,106.00000000000165,-22.999999999999687,Monday,0,2008-W27
2008-07-01,1.5756,1.5829,1.5724,1.5792,104.99999999999955,36.000000000000476,Tuesday,1,2008-W27
2008-07-02,1.5793,1.589,1.5779,1.5885,110.99999999999888,92.00000000000097,Wednesday,2,2008-W27
2008-07-03,1.5884,1.5911,1.5684,1.5704,226.99999999999943,-180.00000000000017,Thursday,3,2008-W27
2008-07-04,1.5706,1.5729,1.5657,1.5708,71.99999999999874,1.9999999999997797,Friday,4,2008-W27
2008-07-07,1.5702,1.5755,1.5614,1.5728,141.0,25.999999999999357,Monday,0,2008-W28
2008-07-08,1.5729,1.5741,1.5637,1.5672,103.99999999999964,-57.000000000000384,Tuesday,1,2008-W28
2008-07-09,1.5673,1.5752,1.5651,1.5745,100.99999999999997,72.00000000000095,Wednesday,2,2008-W28
2008-07-10,1.5743,1.5804,1.5692,1.579,112.000000000001,46.99999999999926,Thursday,3,2008-W28
2008-07-11,1.5791,1.5949,1.5768,1.5941,181.00000000000006,150.00000000000125,Friday,4,2008-W28
2008-07-14,1.597,1.5972,1.5843,1.5909,128.99999999999912,-60.99999999999994,Monday,0,2008-W29
2008-07-15,1.591,1.6041,1.5868,1.5913,173.00000000000094,2.9999999999996696,Tuesday,1,2008-W29
2008-07-16,1.5914,1.5949,1.5803,1.5829,145.99999999999946,-84.99999999999952,Wednesday,2,2008-W29
2008-07-17,1.5828,1.5895,1.5787,1.5866,107.9999999999992,38.000000000000256,Thursday,3,2008-W29
2008-07-18,1.5865,1.589,1.5809,1.5852,80.99999999999996,-13.000000000000789,Friday,4,2008-W29
2008-07-21,1.5845,1.5932,1.583,1.5924,101.99999999999987,79.00000000000018,Monday,0,2008-W30
2008-07-22,1.5923,1.5946,1.576,1.5789,185.9999999999995,-134.0000000000008,Tuesday,1,2008-W30
2008-07-23,1.5787,1.5799,1.5672,1.57,127.00000000000156,-86.9999999999993,Wednesday,2,2008-W30
2008-07-24,1.5698,1.5716,1.563,1.5679,86.00000000000163,-19.000000000000128,Thursday,3,2008-W30
2008-07-25,1.5678,1.5755,1.5664,1.5713,90.99999999999886,34.999999999998366,Friday,4,2008-W30
2008-07-28,1.5711,1.5771,1.5687,1.5742,83.99999999999963,31.000000000001027,Monday,0,2008-W31
2008-07-29,1.5741,1.576,1.5556,1.5591,203.99999999999974,-150.00000000000125,Tuesday,1,2008-W31
2008-07-30,1.559,1.5618,1.5525,1.5578,93.00000000000085,-11.999999999998678,Wednesday,2,2008-W31
2008-07-31,1.5579,1.5703,1.5572,1.5606,131.0000000000011,26.999999999999247,Thursday,3,2008-W31
2008-08-01,1.5605,1.5607,1.5518,1.5566,88.99999999999908,-39.00000000000014,Friday,4,2008-W31
2008-08-04,1.557,1.5633,1.5557,1.558,75.9999999999983,10.000000000001119,Monday,0,2008-W32
2008-08-05,1.5581,1.5581,1.5447,1.5457,134.0000000000008,-123.99999999999966,Tuesday,1,2008-W32
2008-08-06,1.5458,1.5518,1.5401,1.541,117.00000000000044,-48.00000000000138,Wednesday,2,2008-W32
2008-08-07,1.5409,1.5505,1.5313,1.5326,191.99999999999883,-82.99999999999974,Thursday,3,2008-W32
2008-08-08,1.5325,1.5337,1.5002,1.5011,335.00000000000085,-313.99999999999875,Friday,4,2008-W32
2008-08-11,1.4932,1.5085,1.4882,1.4912,202.99999999999986,-20.000000000000018,Monday,0,2008-W33
2008-08-12,1.4913,1.4967,1.4817,1.4928,149.99999999999903,14.999999999998348,Tuesday,1,2008-W33
2008-08-13,1.4927,1.4983,1.4845,1.492,138.00000000000034,-6.999999999999229,Wednesday,2,2008-W33
2008-08-14,1.4919,1.4952,1.4779,1.4828,173.00000000000094,-91.00000000000108,Thursday,3,2008-W33
2008-08-15,1.4827,1.4828,1.4659,1.469,168.99999999999915,-136.99999999999824,Friday,4,2008-W33
2008-08-18,1.468,1.4769,1.467,1.4696,99.0000000000002,16.00000000000046,Monday,0,2008-W34
2008-08-19,1.4697,1.4795,1.4633,1.4776,161.99999999999991,79.00000000000018,Tuesday,1,2008-W34
2008-08-20,1.4775,1.4809,1.4674,1.4749,135.00000000000068,-25.999999999999357,Wednesday,2,2008-W34
2008-08-21,1.475,1.4904,1.4733,1.4901,170.99999999999892,150.99999999999892,Thursday,3,2008-W34
2008-08-22,1.4902,1.4911,1.476,1.4794,151.00000000000114,-107.9999999999992,Friday,4,2008-W34
2008-08-25,1.4786,1.481,1.4697,1.4756,113.00000000000088,-29.999999999998916,Monday,0,2008-W35
2008-08-26,1.4754,1.4762,1.4571,1.4655,190.99999999999895,-99.0000000000002,Tuesday,1,2008-W35
2008-08-27,1.4656,1.4778,1.4635,1.4729,142.9999999999998,73.00000000000084,Wednesday,2,2008-W35
2008-08-28,1.4727,1.4813,1.4674,1.4708,139.00000000000023,-18.999999999997907,Thursday,3,2008-W35
2008-08-29,1.4709,1.4769,1.4641,1.4673,128.00000000000145,-36.000000000000476,Friday,4,2008-W35
2008-09-01,1.4699,1.4725,1.4583,1.4619,141.99999999999991,-80.00000000000007,Monday,0,2008-W36
2008-09-02,1.462,1.462,1.4468,1.4521,151.9999999999988,-99.0000000000002,Tuesday,1,2008-W36
2008-09-03,1.4522,1.4533,1.4387,1.45,145.99999999999946,-21.999999999999797,Wednesday,2,2008-W36
2008-09-04,1.4499,1.4546,1.4319,1.4326,226.99999999999943,-172.99999999999872,Thursday,3,2008-W36
2008-09-05,1.4325,1.4349,1.4199,1.4268,150.00000000000125,-57.000000000000384,Friday,4,2008-W36
2008-09-08,1.4337,1.443,1.4056,1.4131,374.000000000001,-205.99999999999952,Monday,0,2008-W37
2008-09-09,1.4128,1.4229,1.4047,1.4136,181.99999999999994,7.999999999999119,Tuesday,1,2008-W37
2008-09-10,1.4135,1.4181,1.3992,1.4001,188.99999999999918,-134.0000000000008,Wednesday,2,2008-W37
2008-09-11,1.4,1.4002,1.3883,1.4,118.999999999998,0.0,Thursday,3,2008-W37
2008-09-12,1.4001,1.4234,1.3976,1.4216,258.00000000000045,215.00000000000074,Friday,4,2008-W37
2008-09-15,1.4345,1.4483,1.4087,1.4245,395.9999999999986,-100.00000000000009,Monday,0,2008-W38
2008-09-16,1.4244,1.4311,1.4075,1.4133,236.00000000000065,-111.0000000000011,Tuesday,1,2008-W38
2008-09-17,1.4131,1.4386,1.4078,1.4328,308.0000000000016,197.0000000000005,Wednesday,2,2008-W38
2008-09-18,1.4327,1.4544,1.4281,1.4351,262.9999999999999,23.999999999999577,Thursday,3,2008-W38
2008-09-19,1.4352,1.45,1.4155,1.447,344.9999999999998,118.00000000000033,Friday,4,2008-W38
2008-09-22,1.4492,1.4869,1.4439,1.4777,430.0000000000015,284.9999999999997,Monday,0,2008-W39
2008-09-23,1.4779,1.4827,1.4625,1.465,201.99999999999994,-128.99999999999912,Tuesday,1,2008-W39
2008-09-24,1.4649,1.4749,1.4612,1.4623,137.00000000000045,-26.000000000001577,Wednesday,2,2008-W39
2008-09-25,1.4624,1.4771,1.4561,1.461,210.0000000000013,-13.999999999998458,Thursday,3,2008-W39
2008-09-26,1.4609,1.468,1.4557,1.4618,122.99999999999977,8.999999999999009,Friday,4,2008-W39
2008-09-29,1.4559,1.4571,1.4304,1.4436,267.0000000000017,-122.99999999999977,Monday,0,2008-W40
2008-09-30,1.4435,1.4437,1.4011,1.4094,425.9999999999997,-341.00000000000017,Tuesday,1,2008-W40
2008-10-01,1.4095,1.4176,1.3977,1.4011,199.00000000000028,-83.99999999999963,Wednesday,2,2008-W40
2008-10-02,1.401,1.4034,1.3749,1.3821,284.9999999999997,-188.99999999999918,Thursday,3,2008-W40
2008-10-03,1.382,1.391,1.3704,1.3777,205.99999999999952,-42.9999999999997,Friday,4,2008-W40
2008-10-06,1.367,1.3708,1.3444,1.3501,263.9999999999998,-168.99999999999915,Monday,0,2008-W41
2008-10-07,1.35,1.3744,1.3484,1.359,260.0000000000002,89.99999999999898,Tuesday,1,2008-W41
2008-10-08,1.3591,1.3756,1.3546,1.3656,209.9999999999991,64.9999999999995,Wednesday,2,2008-W41
2008-10-09,1.3657,1.3787,1.3583,1.3607,203.99999999999974,-49.999999999998934,Thursday,3,2008-W41
2008-10-10,1.3609,1.3654,1.3261,1.3413,392.9999999999989,-196.00000000000063,Friday,4,2008-W41
2008-10-13,1.3577,1.3684,1.3459,1.3582,224.99999999999966,5.00000000000167,Monday,0,2008-W42
2008-10-14,1.3586,1.3771,1.3578,1.3621,193.00000000000094,35.00000000000058,Tuesday,1,2008-W42
2008-10-15,1.3622,1.369,1.3486,1.3501,203.99999999999974,-121.0,Wednesday,2,2008-W42
2008-10-16,1.3502,1.354,1.3348,1.3457,192.00000000000105,-45.000000000001705,Thursday,3,2008-W42
2008-10-17,1.3458,1.352,1.3388,1.3413,132.000000000001,-45.000000000001705,Friday,4,2008-W42
2008-10-20,1.3431,1.3532,1.329,1.3345,242.0,-85.9999999999994,Monday,0,2008-W43
2008-10-21,1.334,1.3359,1.3054,1.3065,305.00000000000193,-275.0000000000008,Tuesday,1,2008-W43
2008-10-22,1.3066,1.3081,1.274,1.2854,341.00000000000017,-211.99999999999886,Wednesday,2,2008-W43
2008-10-23,1.2855,1.2937,1.273,1.2936,207.00000000000162,80.99999999999996,Thursday,3,2008-W43
2008-10-24,1.2937,1.3008,1.2498,1.2624,509.9999999999993,-313.0000000000011,Friday,4,2008-W43
2008-10-27,1.2567,1.269,1.2336,1.2495,353.99999999999875,-71.99999999999874,Monday,0,2008-W44
2008-10-28,1.2494,1.2745,1.2331,1.2684,413.9999999999988,189.99999999999906,Tuesday,1,2008-W44
2008-10-29,1.2683,1.2994,1.2628,1.2967,366.0000000000019,283.99999999999983,Wednesday,2,2008-W44
2008-10-30,1.2969,1.3299,1.2807,1.2917,492.0000000000013,-51.999999999998714,Thursday,3,2008-W44
2008-10-31,1.2915,1.2925,1.267,1.2729,255.0000000000008,-186.0000000000017,Friday,4,2008-W44
2008-11-03,1.2753,1.29,1.2597,1.2645,302.99999999999994,-108.00000000000142,Monday,0,2008-W45
2008-11-04,1.2645,1.3051,1.2528,1.2983,523.0000000000001,338.0000000000005,Tuesday,1,2008-W45
2008-11-05,1.2984,1.3118,1.2796,1.2957,322.00000000000006,-26.999999999999247,Wednesday,2,2008-W45
2008-11-06,1.2958,1.2958,1.2681,1.2717,277.00000000000057,-241.0000000000001,Thursday,3,2008-W45
2008-11-07,1.2716,1.2853,1.2655,1.2719,198.0000000000004,2.9999999999996696,Friday,4,2008-W45
2008-11-10,1.2827,1.2929,1.272,1.2751,208.99999999999918,-76.00000000000051,Monday,0,2008-W46
2008-11-11,1.2752,1.2802,1.2509,1.2524,293.000000000001,-227.99999999999932,Tuesday,1,2008-W46
2008-11-12,1.2525,1.2634,1.2469,1.2508,165.00000000000182,-17.000000000000348,Wednesday,2,2008-W46
2008-11-13,1.2509,1.2858,1.239,1.2771,467.99999999999955,262.0,Thursday,3,2008-W46
2008-11-14,1.277,1.283,1.2575,1.2605,254.99999999999855,-164.9999999999996,Friday,4,2008-W46
2008-11-17,1.2541,1.2744,1.2514,1.2652,229.9999999999991,111.0000000000011,Monday,0,2008-W47
2008-11-18,1.2653,1.2702,1.2569,1.262,133.0000000000009,-33.00000000000081,Tuesday,1,2008-W47
2008-11-19,1.2619,1.2816,1.2486,1.249,330.0000000000014,-128.99999999999912,Wednesday,2,2008-W47
2008-11-20,1.2491,1.2596,1.2436,1.2455,160.00000000000014,-36.000000000000476,Thursday,3,2008-W47
2008-11-21,1.2456,1.264,1.2425,1.2592,215.00000000000074,136.00000000000057,Friday,4,2008-W47
2008-11-24,1.2592,1.2957,1.2569,1.2956,388.0000000000017,363.9999999999999,Monday,0,2008-W48
2008-11-25,1.2955,1.3083,1.2806,1.3066,277.00000000000057,110.99999999999888,Tuesday,1,2008-W48
2008-11-26,1.3067,1.3073,1.2821,1.2882,251.9999999999989,-184.9999999999996,Wednesday,2,2008-W48
2008-11-27,1.2881,1.297,1.2862,1.2906,107.9999999999992,24.999999999999467,Thursday,3,2008-W48
2008-11-28,1.2907,1.2958,1.2647,1.2693,311.00000000000125,-213.99999999999864,Friday,4,2008-W48
2008-12-01,1.2718,1.2718,1.2584,1.2613,134.0000000000008,-104.99999999999955,Monday,0,2008-W49
2008-12-02,1.2611,1.2768,1.2564,1.2716,203.99999999999974,104.99999999999955,Tuesday,1,2008-W49
2008-12-03,1.2717,1.2744,1.2604,1.2719,140.0000000000001,1.9999999999997797,Wednesday,2,2008-W49
2008-12-04,1.2718,1.285,1.2551,1.2779,298.9999999999982,60.99999999999994,Thursday,3,2008-W49
2008-12-05,1.2782,1.28,1.2629,1.2724,171.00000000000114,-58.00000000000027,Friday,4,2008-W49
2008-12-08,1.2735,1.2969,1.2721,1.2965,247.99999999999932,229.9999999999991,Monday,0,2008-W50
2008-12-09,1.2961,1.3003,1.2801,1.2929,201.99999999999994,-32.00000000000092,Tuesday,1,2008-W50
2008-12-10,1.2928,1.3072,1.2905,1.3024,166.99999999999937,96.00000000000053,Wednesday,2,2008-W50
2008-12-11,1.3022,1.3408,1.3003,1.3354,404.99999999999983,331.999999999999,Thursday,3,2008-W50
2008-12-12,1.3353,1.3417,1.3254,1.3371,162.9999999999998,18.000000000000238,Friday,4,2008-W50
2008-12-15,1.3372,1.3724,1.3371,1.369,353.0000000000011,318.0000000000005,Monday,0,2008-W51
2008-12-16,1.3689,1.4149,1.3631,1.4011,518.0000000000007,322.00000000000006,Tuesday,1,2008-W51
2008-12-17,1.3999,1.444,1.3999,1.4421,441.0000000000003,422.00000000000017,Wednesday,2,2008-W51
2008-12-18,1.4422,1.4721,1.4184,1.4248,536.9999999999986,-173.9999999999986,Thursday,3,2008-W51
2008-12-19,1.4246,1.4312,1.3827,1.3909,484.9999999999999,-337.0000000000006,Friday,4,2008-W51
2008-12-22,1.3939,1.4127,1.3905,1.3946,221.99999999999997,7.0000000000014495,Monday,0,2008-W52
2008-12-23,1.3947,1.4023,1.3922,1.3928,100.99999999999997,-19.000000000000128,Tuesday,1,2008-W52
2008-12-24,1.3927,1.4021,1.3917,1.4005,103.99999999999964,78.00000000000028,Wednesday,2,2008-W52
2008-12-26,1.4066,1.412,1.4015,1.4031,104.99999999999955,-35.00000000000058,Friday,4,2008-W52
2008-12-29,1.4071,1.4365,1.3923,1.393,442.00000000000017,-141.0,Monday,0,2008-W01
2008-12-30,1.3929,1.4224,1.392,1.4059,304.00000000000205,129.999999999999,Tuesday,1,2008-W01
2008-12-31,1.406,1.415,1.3852,1.397,298.0000000000005,-89.99999999999898,Wednesday,2,2008-W01
2009-01-02,1.4005,1.403,1.3842,1.3923,187.9999999999993,-81.99999999999986,Friday,4,2009-W01
2009-01-05,1.391,1.3965,1.3548,1.3637,417.0000000000007,-273.000000000001,Monday,0,2009-W02
2009-01-06,1.3638,1.3662,1.3314,1.3539,348.00000000000165,-98.99999999999798,Tuesday,1,2009-W02
2009-01-07,1.3538,1.3749,1.3434,1.3647,315.00000000000085,109.00000000000132,Wednesday,2,2009-W02
2009-01-08,1.3648,1.3801,1.3536,1.3704,265.0000000000019,56.0000000000005,Thursday,3,2009-W02
2009-01-09,1.3702,1.3754,1.3417,1.348,337.0000000000006,-221.99999999999997,Friday,4,2009-W02
2009-01-12,1.3482,1.3482,1.3292,1.3364,190.00000000000128,-118.00000000000033,Monday,0,2009-W03
2009-01-13,1.336,1.3375,1.3142,1.3183,232.99999999999875,-177.00000000000048,Tuesday,1,2009-W03
2009-01-14,1.3184,1.3338,1.3095,1.3193,242.9999999999999,8.999999999999009,Wednesday,2,2009-W03
2009-01-15,1.3191,1.3245,1.3028,1.3116,217.0000000000005,-74.99999999999841,Thursday,3,2009-W03
2009-01-16,1.3111,1.3346,1.3111,1.3268,235.00000000000077,157.00000000000048,Friday,4,2009-W03
2009-01-19,1.3343,1.3388,1.3068,1.3069,320.0000000000003,-274.0000000000009,Monday,0,2009-W04
2009-01-20,1.307,1.3105,1.2858,1.2907,246.99999999999943,-162.9999999999998,Tuesday,1,2009-W04
2009-01-21,1.2906,1.3088,1.2826,1.3025,262.0,119.00000000000021,Wednesday,2,2009-W04
2009-01-22,1.3027,1.3085,1.291,1.3003,175.0000000000007,-23.999999999999577,Thursday,3,2009-W04
2009-01-23,1.3002,1.3037,1.2766,1.2973,271.00000000000125,-29.000000000001247,Friday,4,2009-W04
2009-01-26,1.297,1.3209,1.2863,1.3191,345.99999999999966,221.00000000000009,Monday,0,2009-W05
2009-01-27,1.319,1.3331,1.3121,1.3162,209.9999999999991,-27.999999999999137,Tuesday,1,2009-W05
2009-01-28,1.3163,1.3328,1.3104,1.3168,223.99999999999974,4.999999999999449,Wednesday,2,2009-W05
2009-01-29,1.3166,1.3181,1.2934,1.2956,246.99999999999943,-209.9999999999991,Thursday,3,2009-W05
2009-01-30,1.2955,1.296,1.2765,1.2815,195.00000000000074,-140.0000000000001,Friday,4,2009-W05
2009-02-02,1.2774,1.2901,1.2708,1.2845,193.00000000000094,70.99999999999883,Monday,0,2009-W06
2009-02-03,1.2846,1.306,1.2804,1.3042,256.0000000000007,196.00000000000063,Tuesday,1,2009-W06
2009-02-04,1.3043,1.3073,1.2814,1.2851,258.9999999999981,-192.00000000000105,Wednesday,2,2009-W06
2009-02-05,1.2852,1.2907,1.2763,1.2793,143.9999999999997,-58.99999999999794,Thursday,3,2009-W06
2009-02-06,1.2794,1.2995,1.2749,1.2946,246.00000000000176,151.9999999999988,Friday,4,2009-W06
2009-02-09,1.297,1.3095,1.2876,1.3005,219.0000000000003,35.00000000000058,Monday,0,2009-W07
2009-02-10,1.3006,1.3076,1.2812,1.2915,264.000000000002,-90.99999999999886,Tuesday,1,2009-W07
2009-02-11,1.2914,1.2999,1.2836,1.2907,162.9999999999998,-7.0000000000014495,Wednesday,2,2009-W07
2009-02-12,1.2908,1.2946,1.2724,1.2863,221.99999999999997,-44.99999999999949,Thursday,3,2009-W07
2009-02-13,1.2864,1.2946,1.2823,1.2864,122.99999999999977,0.0,Friday,4,2009-W07
2009-02-16,1.2785,1.2827,1.2729,1.2804,98.00000000000031,19.000000000000128,Monday,0,2009-W08
2009-02-17,1.2804,1.2808,1.2564,1.2584,243.99999999999977,-220.0000000000002,Tuesday,1,2009-W08
2009-02-18,1.2582,1.2642,1.2515,1.2532,126.99999999999933,-49.999999999998934,Wednesday,2,2009-W08
2009-02-19,1.2531,1.2762,1.2529,1.2675,233.000000000001,143.9999999999997,Thursday,3,2009-W08
2009-02-20,1.2674,1.2885,1.256,1.283,324.9999999999997,155.99999999999835,Friday,4,2009-W08
2009-02-23,1.281,1.2993,1.2693,1.2695,299.99999999999807,-114.99999999999844,Monday,0,2009-W09
2009-02-24,1.2696,1.2879,1.2664,1.2848,215.00000000000074,151.9999999999988,Tuesday,1,2009-W09
2009-02-25,1.2846,1.2901,1.2692,1.2725,208.99999999999918,-121.0,Wednesday,2,2009-W09
2009-02-26,1.2724,1.2812,1.2684,1.2745,127.99999999999923,20.999999999999908,Thursday,3,2009-W09
2009-02-27,1.2746,1.2752,1.2605,1.2674,146.99999999999935,-71.99999999999874,Friday,4,2009-W09
2009-03-02,1.2635,1.2639,1.2547,1.2579,92.00000000000097,-56.0000000000005,Monday,0,2009-W10
2009-03-03,1.2578,1.268,1.2523,1.2563,157.00000000000048,-15.000000000000568,Tuesday,1,2009-W10
2009-03-04,1.2562,1.2664,1.2458,1.2662,205.99999999999952,100.00000000000009,Wednesday,2,2009-W10
2009-03-05,1.2661,1.2665,1.2483,1.2542,181.99999999999994,-119.00000000000021,Thursday,3,2009-W10
2009-03-06,1.2541,1.2756,1.2534,1.2654,221.99999999999997,113.00000000000088,Friday,4,2009-W10
2009-03-09,1.2657,1.2729,1.2558,1.2613,170.99999999999892,-43.999999999999595,Monday,0,2009-W11
2009-03-10,1.2614,1.2824,1.2581,1.2684,242.9999999999999,69.99999999999895,Tuesday,1,2009-W11
2009-03-11,1.2684,1.2866,1.2619,1.2839,246.99999999999943,155.00000000000068,Wednesday,2,2009-W11
2009-03-12,1.2836,1.2947,1.2734,1.2916,212.99999999999875,80.00000000000007,Thursday,3,2009-W11
2009-03-13,1.2915,1.2959,1.2865,1.2931,94.00000000000075,15.999999999998238,Friday,4,2009-W11
2009-03-16,1.2883,1.3073,1.2836,1.297,236.99999999999832,86.9999999999993,Monday,0,2009-W12
2009-03-17,1.2969,1.3035,1.2933,1.3018,102.00000000000209,49.000000000001265,Tuesday,1,2009-W12
2009-03-18,1.3017,1.35,1.2988,1.3475,512.0000000000014,457.9999999999984,Wednesday,2,2009-W12
2009-03-19,1.3473,1.374,1.3419,1.3667,321.00000000000017,194.00000000000085,Thursday,3,2009-W12
2009-03-20,1.3667,1.3728,1.3519,1.3584,208.99999999999918,-82.99999999999974,Friday,4,2009-W12
2009-03-23,1.3627,1.3738,1.3487,1.3635,250.999999999999,7.999999999999119,Monday,0,2009-W13
2009-03-24,1.3635,1.368,1.3433,1.347,247.00000000000165,-164.9999999999996,Tuesday,1,2009-W13
2009-03-25,1.347,1.3653,1.342,1.3584,232.99999999999875,114.00000000000077,Wednesday,2,2009-W13
2009-03-26,1.3585,1.3642,1.3496,1.3528,146.00000000000168,-57.000000000000384,Thursday,3,2009-W13
2009-03-27,1.3529,1.3593,1.3259,1.3291,333.99999999999875,-238.00000000000043,Friday,4,2009-W13
2009-03-30,1.3231,1.3288,1.3115,1.3201,172.99999999999872,-29.999999999998916,Monday,0,2009-W14
2009-03-31,1.32,1.3345,1.3176,1.3252,168.99999999999915,51.999999999998714,Tuesday,1,2009-W14
2009-04-01,1.3252,1.3289,1.3168,1.3251,121.0,-0.9999999999998899,Wednesday,2,2009-W14
2009-04-02,1.3251,1.3519,1.3225,1.3464,294.0000000000009,213.00000000000097,Thursday,3,2009-W14
2009-04-03,1.3465,1.3497,1.3367,1.3487,129.999999999999,21.999999999999797,Friday,4,2009-W14
2009-04-06,1.3505,1.3584,1.336,1.3418,223.99999999999974,-86.9999999999993,Monday,0,2009-W15
2009-04-07,1.3418,1.3421,1.3229,1.3274,192.00000000000105,-144.0000000000019,Tuesday,1,2009-W15
2009-04-08,1.3275,1.3312,1.315,1.3284,161.99999999999991,9.00000000000123,Wednesday,2,2009-W15
2009-04-09,1.3285,1.3338,1.3128,1.3171,210.0000000000013,-114.00000000000077,Thursday,3,2009-W15
2009-04-10,1.3171,1.3191,1.3092,1.3191,99.0000000000002,20.000000000000018,Friday,4,2009-W15
2009-04-13,1.3192,1.3396,1.3128,1.337,267.9999999999994,178.00000000000037,Monday,0,2009-W16
2009-04-14,1.3369,1.3383,1.3228,1.3261,155.00000000000068,-107.9999999999992,Tuesday,1,2009-W16
2009-04-15,1.3261,1.33,1.3149,1.3229,151.00000000000114,-32.00000000000092,Wednesday,2,2009-W16
2009-04-16,1.323,1.3271,1.3128,1.3188,142.9999999999998,-41.999999999999815,Thursday,3,2009-W16
2009-04-17,1.3189,1.32,1.3018,1.3045,181.99999999999994,-143.9999999999997,Friday,4,2009-W16
2009-04-20,1.3064,1.3064,1.289,1.2922,174.00000000000082,-141.99999999999991,Monday,0,2009-W17
2009-04-21,1.2922,1.2996,1.2898,1.2949,98.00000000000031,26.999999999999247,Tuesday,1,2009-W17
2009-04-22,1.2951,1.3041,1.2887,1.3007,154.0000000000008,56.0000000000005,Wednesday,2,2009-W17
2009-04-23,1.3007,1.3162,1.2982,1.3145,180.00000000000017,138.00000000000034,Thursday,3,2009-W17
2009-04-24,1.3145,1.3303,1.3115,1.3244,187.9999999999993,99.0000000000002,Friday,4,2009-W17
2009-04-27,1.3249,1.3251,1.3001,1.304,249.99999999999912,-208.99999999999918,Monday,0,2009-W18
2009-04-28,1.3041,1.3168,1.2967,1.3151,201.00000000000006,109.99999999999899,Tuesday,1,2009-W18
2009-04-29,1.315,1.3345,1.3123,1.3276,221.99999999999997,125.99999999999945,Wednesday,2,2009-W18
2009-04-30,1.3277,1.3388,1.3194,1.3232,194.00000000000085,-45.000000000001705,Thursday,3,2009-W18
2009-05-01,1.3232,1.333,1.322,1.3272,109.99999999999899,40.000000000000036,Friday,4,2009-W18
2009-05-04,1.3277,1.3427,1.3215,1.3408,212.00000000000108,130.9999999999989,Monday,0,2009-W19
2009-05-05,1.3408,1.344,1.3284,1.3331,156.00000000000057,-77.0000000000004,Tuesday,1,2009-W19
2009-05-06,1.3332,1.3376,1.3248,1.3336,127.99999999999923,3.9999999999995595,Wednesday,2,2009-W19
2009-05-07,1.3335,1.3472,1.3254,1.3393,218.00000000000043,58.00000000000027,Thursday,3,2009-W19
2009-05-08,1.3395,1.3654,1.3344,1.3642,309.99999999999915,247.00000000000165,Friday,4,2009-W19
2009-05-11,1.3648,1.3671,1.356,1.3584,110.99999999999888,-63.999999999999616,Monday,0,2009-W20
2009-05-12,1.3583,1.3709,1.3565,1.3651,143.9999999999997,67.99999999999918,Tuesday,1,2009-W20
2009-05-13,1.3652,1.3724,1.3568,1.3602,156.00000000000057,-49.999999999998934,Wednesday,2,2009-W20
2009-05-14,1.3601,1.3667,1.3527,1.3641,140.0000000000001,40.000000000000036,Thursday,3,2009-W20
2009-05-15,1.3642,1.3653,1.3464,1.3496,188.99999999999918,-146.00000000000168,Friday,4,2009-W20
2009-05-18,1.3482,1.3566,1.3426,1.3563,140.0000000000001,80.99999999999996,Monday,0,2009-W21
2009-05-19,1.3564,1.367,1.3532,1.3633,138.00000000000034,68.99999999999906,Tuesday,1,2009-W21
2009-05-20,1.3631,1.3832,1.3586,1.3782,245.99999999999955,151.00000000000114,Wednesday,2,2009-W21
2009-05-21,1.3783,1.3925,1.373,1.3892,195.00000000000074,108.99999999999909,Thursday,3,2009-W21
2009-05-22,1.3893,1.4053,1.3891,1.4001,161.99999999999991,107.9999999999992,Friday,4,2009-W21
2009-05-25,1.4017,1.4047,1.3958,1.4017,89.00000000000131,0.0,Monday,0,2009-W22
2009-05-26,1.4016,1.4023,1.386,1.3985,163.00000000000205,-30.999999999998806,Tuesday,1,2009-W22
2009-05-27,1.3984,1.4001,1.3823,1.3824,177.99999999999815,-160.00000000000014,Wednesday,2,2009-W22
2009-05-28,1.3825,1.3983,1.3793,1.3941,190.00000000000128,115.99999999999832,Thursday,3,2009-W22
2009-05-29,1.394,1.4169,1.3926,1.416,242.9999999999999,220.0000000000002,Friday,4,2009-W22
2009-06-01,1.4145,1.4246,1.4099,1.4159,147.00000000000156,13.999999999998458,Monday,0,2009-W23
2009-06-02,1.416,1.4331,1.4102,1.4303,229.00000000000142,142.9999999999998,Tuesday,1,2009-W23
2009-06-03,1.4302,1.4338,1.4109,1.4163,228.9999999999992,-139.00000000000023,Wednesday,2,2009-W23
2009-06-04,1.4161,1.4241,1.407,1.4184,170.99999999999892,23.000000000001908,Thursday,3,2009-W23
2009-06-05,1.4183,1.4268,1.3933,1.397,335.00000000000085,-212.99999999999875,Friday,4,2009-W23
2009-06-08,1.3969,1.4002,1.3805,1.3899,196.9999999999983,-70.00000000000117,Monday,0,2009-W24
2009-06-09,1.3899,1.4101,1.3852,1.4065,248.99999999999923,166.0000000000017,Tuesday,1,2009-W24
2009-06-10,1.4064,1.4144,1.3915,1.3984,229.00000000000142,-80.00000000000007,Wednesday,2,2009-W24
2009-06-11,1.3983,1.4178,1.3943,1.4108,234.99999999999855,124.99999999999956,Thursday,3,2009-W24
2009-06-12,1.4109,1.4129,1.3936,1.4016,193.00000000000094,-93.00000000000085,Friday,4,2009-W24
2009-06-15,1.3996,1.4002,1.3756,1.3803,245.99999999999955,-192.99999999999872,Monday,0,2009-W25
2009-06-16,1.3803,1.3933,1.3748,1.3836,184.9999999999996,32.999999999998586,Tuesday,1,2009-W25
2009-06-17,1.3836,1.3985,1.3807,1.3941,178.00000000000037,104.99999999999955,Wednesday,2,2009-W25
2009-06-18,1.3942,1.4001,1.3871,1.39,129.999999999999,-42.00000000000203,Thursday,3,2009-W25
2009-06-19,1.39,1.4012,1.3883,1.394,128.99999999999912,40.000000000000036,Friday,4,2009-W25
2009-06-22,1.3948,1.3957,1.3827,1.3866,129.999999999999,-81.99999999999986,Monday,0,2009-W26
2009-06-23,1.3865,1.4107,1.3829,1.4076,278.00000000000045,210.99999999999898,Tuesday,1,2009-W26
2009-06-24,1.4075,1.4138,1.3889,1.3929,248.99999999999923,-145.99999999999946,Wednesday,2,2009-W26
2009-06-25,1.3928,1.4013,1.3889,1.3987,123.99999999999966,59.00000000000016,Thursday,3,2009-W26
2009-06-26,1.3986,1.4118,1.3982,1.4059,135.99999999999835,72.99999999999862,Friday,4,2009-W26
2009-06-29,1.4066,1.4103,1.3983,1.4081,120.00000000000011,14.999999999998348,Monday,0,2009-W27
2009-06-30,1.4082,1.4152,1.4001,1.4032,151.00000000000114,-49.999999999998934,Tuesday,1,2009-W27
2009-07-01,1.4031,1.4201,1.4001,1.4141,200.00000000000017,109.99999999999899,Wednesday,2,2009-W27
2009-07-02,1.4142,1.4154,1.3989,1.4002,164.9999999999996,-140.0000000000001,Thursday,3,2009-W27
2009-07-03,1.4003,1.4028,1.3927,1.3981,100.99999999999997,-22.000000000002018,Friday,4,2009-W27
2009-07-06,1.3958,1.3998,1.3876,1.3984,121.99999999999989,26.000000000001577,Monday,0,2009-W28
2009-07-07,1.3983,1.405,1.3904,1.3924,145.99999999999946,-59.00000000000016,Tuesday,1,2009-W28
2009-07-08,1.3923,1.3938,1.3833,1.3884,104.99999999999955,-39.00000000000014,Wednesday,2,2009-W28
2009-07-09,1.3883,1.407,1.3858,1.4017,212.00000000000108,133.99999999999858,Thursday,3,2009-W28
2009-07-10,1.4018,1.4029,1.3878,1.3935,151.00000000000114,-82.99999999999974,Friday,4,2009-W28
2009-07-13,1.3948,1.4001,1.3897,1.3977,103.99999999999964,28.999999999999027,Monday,0,2009-W29
2009-07-14,1.3978,1.4014,1.3911,1.3966,102.99999999999976,-11.999999999998678,Tuesday,1,2009-W29
2009-07-15,1.3965,1.4135,1.3963,1.4107,171.9999999999988,141.99999999999991,Wednesday,2,2009-W29
2009-07-16,1.4106,1.4166,1.4057,1.4146,109.00000000000132,40.000000000000036,Thursday,3,2009-W29
2009-07-17,1.4147,1.415,1.4062,1.4103,88.0000000000014,-43.999999999999595,Friday,4,2009-W29
2009-07-20,1.4099,1.4249,1.4095,1.423,154.0000000000008,131.0000000000011,Monday,0,2009-W30
2009-07-21,1.423,1.4277,1.4163,1.4224,114.00000000000077,-5.999999999999339,Tuesday,1,2009-W30
2009-07-22,1.4222,1.4257,1.4156,1.4219,100.99999999999997,-2.9999999999996696,Wednesday,2,2009-W30
2009-07-23,1.4219,1.4291,1.4119,1.4142,172.00000000000105,-77.0000000000004,Thursday,3,2009-W30
2009-07-24,1.4144,1.4253,1.4135,1.4205,118.00000000000033,60.99999999999994,Friday,4,2009-W30
2009-07-27,1.4225,1.4298,1.4171,1.423,126.99999999999933,4.999999999999449,Monday,0,2009-W31
2009-07-28,1.4229,1.4304,1.4131,1.4167,172.99999999999872,-61.99999999999983,Tuesday,1,2009-W31
2009-07-29,1.4166,1.4195,1.4007,1.4049,187.9999999999993,-117.00000000000044,Wednesday,2,2009-W31
2009-07-30,1.4046,1.4095,1.4009,1.4075,85.9999999999994,28.999999999999027,Thursday,3,2009-W31
2009-07-31,1.4076,1.4279,1.4064,1.4258,214.99999999999852,181.99999999999994,Friday,4,2009-W31
2009-08-03,1.4266,1.4445,1.4207,1.4412,237.9999999999982,145.99999999999946,Monday,0,2009-W32
2009-08-04,1.4413,1.4431,1.4367,1.4407,63.999999999999616,-5.999999999999339,Tuesday,1,2009-W32
2009-08-05,1.4407,1.4447,1.4355,1.4403,92.00000000000097,-4.00000000000178,Wednesday,2,2009-W32
2009-08-06,1.4402,1.443,1.4329,1.4346,100.99999999999997,-55.99999999999827,Thursday,3,2009-W32
2009-08-07,1.4345,1.4412,1.4154,1.4182,258.00000000000045,-163.00000000000205,Friday,4,2009-W32
2009-08-10,1.418,1.4218,1.4105,1.4139,112.99999999999866,-40.99999999999993,Monday,0,2009-W33
2009-08-11,1.414,1.4185,1.411,1.4149,75.00000000000063,9.00000000000123,Tuesday,1,2009-W33
2009-08-12,1.4151,1.4247,1.4086,1.4184,161.00000000000003,33.00000000000081,Wednesday,2,2009-W33
2009-08-13,1.4187,1.4327,1.418,1.4292,147.00000000000156,104.99999999999955,Thursday,3,2009-W33
2009-08-14,1.4287,1.4306,1.416,1.4203,146.00000000000168,-84.00000000000185,Friday,4,2009-W33
2009-08-17,1.4188,1.4193,1.4045,1.4082,147.99999999999923,-106.00000000000165,Monday,0,2009-W34
2009-08-18,1.4081,1.415,1.4066,1.4135,83.99999999999963,54.00000000000071,Tuesday,1,2009-W34
2009-08-19,1.4136,1.4265,1.4083,1.4222,181.99999999999994,85.9999999999994,Wednesday,2,2009-W34
2009-08-20,1.4221,1.4274,1.4199,1.4252,75.00000000000063,31.000000000001027,Thursday,3,2009-W34
2009-08-21,1.4252,1.4374,1.4208,1.4327,165.9999999999995,75.00000000000063,Friday,4,2009-W34
2009-08-24,1.4332,1.4359,1.428,1.4302,79.00000000000018,-30.000000000001137,Monday,0,2009-W35
2009-08-25,1.4302,1.4362,1.4252,1.4297,109.99999999999899,-4.999999999999449,Tuesday,1,2009-W35
2009-08-26,1.4297,1.4352,1.4207,1.4254,144.99999999999957,-42.9999999999997,Wednesday,2,2009-W35
2009-08-27,1.4253,1.4406,1.422,1.434,186.0000000000017,86.9999999999993,Thursday,3,2009-W35
2009-08-28,1.4341,1.4388,1.428,1.4301,108.00000000000142,-40.000000000000036,Friday,4,2009-W35
2009-08-31,1.4308,1.4367,1.4255,1.4331,112.000000000001,22.999999999999687,Monday,0,2009-W36
2009-09-01,1.4331,1.4377,1.4176,1.4223,201.00000000000006,-108.00000000000142,Tuesday,1,2009-W36
2009-09-02,1.4222,1.4293,1.4189,1.4263,103.99999999999964,40.99999999999993,Wednesday,2,2009-W36
2009-09-03,1.4262,1.4347,1.4235,1.425,112.000000000001,-11.999999999998678,Thursday,3,2009-W36
2009-09-04,1.425,1.4325,1.419,1.4297,135.00000000000068,46.99999999999926,Friday,4,2009-W36
2009-09-07,1.4302,1.4361,1.43,1.4332,60.99999999999994,30.000000000001137,Monday,0,2009-W37
2009-09-08,1.4331,1.4534,1.4328,1.4478,205.99999999999952,146.99999999999935,Tuesday,1,2009-W37
2009-09-09,1.4477,1.4599,1.4466,1.4556,132.99999999999866,79.00000000000018,Wednesday,2,2009-W37
2009-09-10,1.4557,1.4612,1.4501,1.458,111.0000000000011,22.999999999999687,Thursday,3,2009-W37
2009-09-11,1.458,1.4634,1.4552,1.4569,81.99999999999986,-10.999999999998789,Friday,4,2009-W37
2009-09-14,1.46,1.4652,1.4514,1.4617,138.00000000000034,17.000000000000348,Monday,0,2009-W38
2009-09-15,1.4617,1.4684,1.4561,1.4656,122.99999999999977,39.00000000000014,Tuesday,1,2009-W38
2009-09-16,1.4656,1.4735,1.4645,1.4709,90.0000000000012,53.000000000000824,Wednesday,2,2009-W38
2009-09-17,1.4707,1.4766,1.4687,1.4738,79.00000000000018,31.000000000001027,Thursday,3,2009-W38
2009-09-18,1.4737,1.4745,1.4647,1.4707,98.00000000000031,-30.000000000001137,Friday,4,2009-W38
2009-09-21,1.4706,1.4712,1.4611,1.4678,100.99999999999997,-27.999999999999137,Monday,0,2009-W39
2009-09-22,1.468,1.4822,1.467,1.479,151.9999999999988,110.00000000000121,Tuesday,1,2009-W39
2009-09-23,1.4791,1.4842,1.4728,1.4733,113.99999999999855,-58.00000000000027,Wednesday,2,2009-W39
2009-09-24,1.4733,1.4803,1.4628,1.4664,174.9999999999985,-69.00000000000128,Thursday,3,2009-W39
2009-09-25,1.4662,1.4724,1.4616,1.4692,107.9999999999992,30.000000000001137,Friday,4,2009-W39
2009-09-28,1.4702,1.472,1.4564,1.4621,156.00000000000057,-80.99999999999996,Monday,0,2009-W40
2009-09-29,1.4622,1.4645,1.4527,1.4586,117.99999999999811,-36.000000000000476,Tuesday,1,2009-W40
2009-09-30,1.4587,1.4673,1.4575,1.4638,98.00000000000031,50.99999999999882,Wednesday,2,2009-W40
2009-10-01,1.4641,1.4667,1.4516,1.4542,150.99999999999892,-99.0000000000002,Thursday,3,2009-W40
2009-10-02,1.4541,1.4646,1.448,1.4575,165.9999999999995,34.000000000000696,Friday,4,2009-W40
2009-10-05,1.461,1.4667,1.4579,1.4647,87.99999999999919,36.999999999998145,Monday,0,2009-W41
2009-10-06,1.4646,1.4761,1.4645,1.4719,116.00000000000054,73.00000000000084,Tuesday,1,2009-W41
2009-10-07,1.4719,1.4736,1.465,1.469,85.9999999999994,-28.999999999999027,Wednesday,2,2009-W41
2009-10-08,1.4689,1.4816,1.4682,1.4792,134.0000000000008,102.99999999999976,Thursday,3,2009-W41
2009-10-09,1.4792,1.4795,1.4673,1.4725,121.99999999999989,-67.0000000000015,Friday,4,2009-W41
2009-10-12,1.4722,1.4812,1.4678,1.4773,134.0000000000008,51.000000000001044,Monday,0,2009-W42
2009-10-13,1.4772,1.4874,1.4761,1.4853,113.00000000000088,80.99999999999996,Tuesday,1,2009-W42
2009-10-14,1.4854,1.4944,1.4838,1.4923,105.99999999999943,68.99999999999906,Wednesday,2,2009-W42
2009-10-15,1.4924,1.4965,1.4842,1.4946,122.99999999999977,21.999999999999797,Thursday,3,2009-W42
2009-10-16,1.4945,1.4966,1.4848,1.4902,118.00000000000033,-42.9999999999997,Friday,4,2009-W42
2009-10-19,1.4887,1.4965,1.4829,1.4964,135.99999999999835,77.0000000000004,Monday,0,2009-W43
2009-10-20,1.4962,1.4992,1.4882,1.4944,110.00000000000121,-18.000000000000238,Tuesday,1,2009-W43
2009-10-21,1.4944,1.5045,1.4889,1.5015,156.00000000000057,71.00000000000107,Wednesday,2,2009-W43
2009-10-22,1.5016,1.5037,1.4945,1.5033,92.00000000000097,17.000000000000348,Thursday,3,2009-W43
2009-10-23,1.5034,1.506,1.4986,1.5007,74.00000000000074,-27.000000000001467,Friday,4,2009-W43
2009-10-26,1.4995,1.5063,1.4845,1.4876,218.00000000000043,-119.00000000000021,Monday,0,2009-W44
2009-10-27,1.4875,1.4927,1.477,1.4804,156.99999999999824,-71.00000000000107,Tuesday,1,2009-W44
2009-10-28,1.4803,1.484,1.4691,1.4706,148.99999999999915,-97.00000000000043,Wednesday,2,2009-W44
2009-10-29,1.4708,1.4859,1.4683,1.4821,176.0000000000006,112.99999999999866,Thursday,3,2009-W44
2009-10-30,1.4822,1.4858,1.4703,1.4723,155.00000000000068,-99.0000000000002,Friday,4,2009-W44
2009-11-02,1.4717,1.4845,1.4684,1.4775,161.00000000000003,58.00000000000027,Monday,0,2009-W45
2009-11-03,1.4776,1.481,1.4626,1.4724,184.00000000000193,-52.00000000000094,Tuesday,1,2009-W45
2009-11-04,1.4723,1.4909,1.4702,1.486,206.9999999999994,137.00000000000045,Wednesday,2,2009-W45
2009-11-05,1.4861,1.4918,1.481,1.487,107.9999999999992,9.00000000000123,Thursday,3,2009-W45
2009-11-06,1.487,1.4914,1.4813,1.4845,100.99999999999997,-25.000000000001688,Friday,4,2009-W45
2009-11-09,1.4883,1.502,1.4853,1.4999,166.99999999999937,116.00000000000054,Monday,0,2009-W46
2009-11-10,1.4998,1.5021,1.4938,1.4993,82.99999999999974,-4.999999999999449,Tuesday,1,2009-W46
2009-11-11,1.4992,1.5049,1.4953,1.4987,95.99999999999831,-5.00000000000167,Wednesday,2,2009-W46
2009-11-12,1.4986,1.5016,1.4821,1.4851,195.00000000000074,-134.99999999999847,Thursday,3,2009-W46
2009-11-13,1.485,1.4938,1.4824,1.4904,114.00000000000077,53.999999999998494,Friday,4,2009-W46
2009-11-16,1.492,1.5016,1.488,1.497,136.00000000000057,50.00000000000115,Monday,0,2009-W47
2009-11-17,1.497,1.4999,1.4808,1.4876,191.00000000000117,-94.00000000000075,Tuesday,1,2009-W47
2009-11-18,1.4875,1.499,1.4859,1.4963,131.0000000000011,87.99999999999919,Wednesday,2,2009-W47
2009-11-19,1.4962,1.4965,1.4842,1.4924,122.99999999999977,-38.000000000000256,Thursday,3,2009-W47
2009-11-20,1.4923,1.4935,1.4801,1.4861,134.0000000000008,-61.99999999999983,Friday,4,2009-W47
2009-11-23,1.4862,1.4999,1.4854,1.496,144.99999999999957,98.00000000000031,Monday,0,2009-W48
2009-11-24,1.4961,1.4989,1.4889,1.4968,100.00000000000009,6.999999999999229,Tuesday,1,2009-W48
2009-11-25,1.4969,1.5144,1.4955,1.5133,188.99999999999918,164.00000000000193,Wednesday,2,2009-W48
2009-11-26,1.5135,1.5142,1.4959,1.502,182.99999999999983,-115.00000000000065,Thursday,3,2009-W48
2009-11-27,1.502,1.502,1.4829,1.4987,190.99999999999895,-33.00000000000081,Friday,4,2009-W48
2009-11-30,1.5014,1.5084,1.4963,1.5004,121.0,-10.000000000001119,Monday,0,2009-W49
2009-12-01,1.5005,1.5117,1.4971,1.508,145.99999999999946,75.00000000000063,Tuesday,1,2009-W49
2009-12-02,1.5082,1.5109,1.5032,1.5044,76.99999999999818,-38.000000000000256,Wednesday,2,2009-W49
2009-12-03,1.5044,1.5141,1.5042,1.5052,99.0000000000002,8.00000000000134,Thursday,3,2009-W49
2009-12-04,1.5052,1.509,1.4822,1.4855,267.9999999999994,-197.0000000000005,Friday,4,2009-W49
2009-12-07,1.4856,1.4905,1.4756,1.4827,148.99999999999915,-29.000000000001247,Monday,0,2009-W50
2009-12-08,1.4825,1.4867,1.4681,1.4703,185.9999999999995,-121.99999999999989,Tuesday,1,2009-W50
2009-12-09,1.4704,1.4782,1.4669,1.4725,112.99999999999866,20.999999999999908,Wednesday,2,2009-W50
2009-12-10,1.4724,1.476,1.4684,1.4731,76.00000000000051,7.0000000000014495,Thursday,3,2009-W50
2009-12-11,1.4732,1.4777,1.4586,1.4617,191.00000000000117,-115.00000000000065,Friday,4,2009-W50
2009-12-14,1.4622,1.4685,1.4598,1.4656,86.9999999999993,34.000000000000696,Monday,0,2009-W51
2009-12-15,1.4657,1.4663,1.4503,1.4538,160.00000000000014,-119.00000000000021,Tuesday,1,2009-W51
2009-12-16,1.4537,1.459,1.4505,1.4531,85.00000000000173,-5.999999999999339,Wednesday,2,2009-W51
2009-12-17,1.453,1.4536,1.4304,1.4337,232.00000000000108,-193.00000000000094,Thursday,3,2009-W51
2009-12-18,1.4338,1.4412,1.4261,1.4331,151.00000000000114,-6.999999999999229,Friday,4,2009-W51
2009-12-21,1.4309,1.4373,1.4267,1.4276,105.99999999999943,-33.00000000000081,Monday,0,2009-W52
2009-12-22,1.4277,1.4332,1.4217,1.4248,115.00000000000065,-28.999999999999027,Tuesday,1,2009-W52
2009-12-23,1.4248,1.4366,1.4234,1.4337,132.000000000001,88.99999999999908,Wednesday,2,2009-W52
2009-12-24,1.4338,1.4418,1.4323,1.438,95.00000000000064,41.999999999999815,Thursday,3,2009-W52
2009-12-25,1.438,1.4395,1.4357,1.4366,38.000000000000256,-13.999999999998458,Friday,4,2009-W52
2009-12-28,1.4389,1.4414,1.4354,1.4379,60.00000000000006,-10.000000000001119,Monday,0,2009-W53
2009-12-29,1.4378,1.4458,1.4331,1.4353,126.99999999999933,-24.999999999999467,Tuesday,1,2009-W53
2009-12-30,1.4352,1.4361,1.4273,1.4339,87.99999999999919,-13.000000000000789,Wednesday,2,2009-W53
2009-12-31,1.4338,1.444,1.4306,1.4324,133.99999999999858,-14.000000000000679,Thursday,3,2009-W53
2010-01-04,1.4301,1.4456,1.4257,1.4413,199.00000000000028,112.000000000001,Monday,0,2010-W01
2010-01-05,1.4412,1.4483,1.4346,1.4365,136.99999999999824,-46.99999999999926,Tuesday,1,2010-W01
2010-01-06,1.4366,1.4435,1.4283,1.4407,152.00000000000102,40.99999999999993,Wednesday,2,2010-W01
2010-01-07,1.4408,1.4447,1.4299,1.4308,148.00000000000148,-100.00000000000009,Thursday,3,2010-W01
2010-01-08,1.4307,1.4439,1.4263,1.4409,176.0000000000006,101.99999999999987,Friday,4,2010-W01
2010-01-11,1.4428,1.4556,1.4408,1.4512,147.99999999999923,83.99999999999963,Monday,0,2010-W02
2010-01-12,1.4512,1.4546,1.4453,1.4485,92.99999999999864,-27.000000000001467,Tuesday,1,2010-W02
2010-01-13,1.4484,1.4579,1.4456,1.451,122.99999999999977,26.000000000001577,Wednesday,2,2010-W02
2010-01-14,1.4509,1.4555,1.4446,1.4499,108.99999999999909,-10.000000000001119,Thursday,3,2010-W02
2010-01-15,1.45,1.4512,1.4337,1.4386,175.0000000000007,-113.99999999999855,Friday,4,2010-W02
2010-01-18,1.4353,1.44,1.4335,1.4383,64.9999999999995,29.999999999998916,Monday,0,2010-W03
2010-01-19,1.4384,1.4414,1.4252,1.4287,161.99999999999991,-96.9999999999982,Tuesday,1,2010-W03
2010-01-20,1.4287,1.4295,1.408,1.4106,215.00000000000074,-181.00000000000006,Wednesday,2,2010-W03
2010-01-21,1.4105,1.4143,1.403,1.4083,112.99999999999866,-21.999999999999797,Thursday,3,2010-W03
2010-01-22,1.4084,1.4182,1.4066,1.4138,115.99999999999832,53.999999999998494,Friday,4,2010-W03
2010-01-25,1.4156,1.4194,1.4128,1.4151,65.99999999999939,-4.999999999999449,Monday,0,2010-W04
2010-01-26,1.415,1.4179,1.4042,1.4071,137.00000000000045,-79.00000000000018,Tuesday,1,2010-W04
2010-01-27,1.4072,1.4097,1.3993,1.4023,103.99999999999964,-48.99999999999905,Wednesday,2,2010-W04
2010-01-28,1.4023,1.4051,1.394,1.3971,111.0000000000011,-52.00000000000094,Thursday,3,2010-W04
2010-01-29,1.397,1.3987,1.3862,1.3862,124.99999999999956,-107.9999999999992,Friday,4,2010-W04
2010-02-01,1.3866,1.3938,1.3852,1.3931,85.9999999999994,64.9999999999995,Monday,0,2010-W05
2010-02-02,1.3932,1.3974,1.3886,1.3964,87.99999999999919,32.00000000000092,Tuesday,1,2010-W05
2010-02-03,1.3965,1.4025,1.3886,1.3893,139.00000000000023,-72.00000000000095,Wednesday,2,2010-W05
2010-02-04,1.3894,1.3902,1.3722,1.3723,180.00000000000017,-170.99999999999892,Thursday,3,2010-W05
2010-02-05,1.3722,1.3746,1.3585,1.3678,161.00000000000003,-44.00000000000182,Friday,4,2010-W05
2010-02-08,1.3658,1.3713,1.3621,1.3648,91.99999999999875,-9.999999999998899,Monday,0,2010-W06
2010-02-09,1.3649,1.3839,1.3643,1.3796,195.9999999999984,146.99999999999935,Tuesday,1,2010-W06
2010-02-10,1.3796,1.3812,1.3677,1.3737,135.00000000000068,-59.00000000000016,Wednesday,2,2010-W06
2010-02-11,1.3736,1.3801,1.3595,1.3693,206.00000000000173,-42.9999999999997,Thursday,3,2010-W06
2010-02-12,1.3692,1.3695,1.3531,1.3631,163.99999999999972,-60.99999999999994,Friday,4,2010-W06
2010-02-15,1.3625,1.3634,1.3579,1.3598,54.99999999999838,-27.000000000001467,Monday,0,2010-W07
2010-02-16,1.3598,1.3779,1.3588,1.3771,190.99999999999895,173.00000000000094,Tuesday,1,2010-W07
2010-02-17,1.377,1.3788,1.3584,1.3606,203.99999999999974,-163.99999999999972,Wednesday,2,2010-W07
2010-02-18,1.3604,1.3654,1.3509,1.3525,144.99999999999957,-79.00000000000018,Thursday,3,2010-W07
2010-02-19,1.3525,1.3617,1.3442,1.3611,174.9999999999985,85.9999999999994,Friday,4,2010-W07
2010-02-22,1.3636,1.3653,1.3574,1.3594,79.00000000000018,-41.999999999999815,Monday,0,2010-W08
2010-02-23,1.3595,1.3691,1.3496,1.3506,195.00000000000074,-88.99999999999908,Tuesday,1,2010-W08
2010-02-24,1.3505,1.3625,1.3501,1.3536,123.99999999999966,30.999999999998806,Wednesday,2,2010-W08
2010-02-25,1.3539,1.357,1.345,1.3547,120.00000000000011,7.999999999999119,Thursday,3,2010-W08
2010-02-26,1.3546,1.3682,1.3529,1.363,153.0000000000009,83.99999999999963,Friday,4,2010-W08
2010-03-01,1.3623,1.3652,1.3459,1.3559,192.99999999999872,-63.999999999999616,Monday,0,2010-W09
2010-03-02,1.356,1.3621,1.3436,1.3614,185.00000000000182,53.999999999998494,Tuesday,1,2010-W09
2010-03-03,1.3613,1.3735,1.3591,1.3695,143.9999999999997,81.99999999999986,Wednesday,2,2010-W09
2010-03-04,1.3694,1.3711,1.355,1.358,161.00000000000003,-113.99999999999855,Thursday,3,2010-W09
2010-03-05,1.3582,1.3629,1.3529,1.362,100.00000000000009,38.000000000000256,Friday,4,2010-W09
2010-03-08,1.363,1.3702,1.3604,1.3632,98.00000000000031,1.9999999999997797,Monday,0,2010-W10
2010-03-09,1.3633,1.3634,1.3536,1.36,98.00000000000031,-32.999999999998586,Tuesday,1,2010-W10
2010-03-10,1.3599,1.3678,1.3543,1.3656,134.99999999999847,56.99999999999817,Wednesday,2,2010-W10
2010-03-11,1.3654,1.3686,1.362,1.368,65.99999999999939,26.000000000001577,Thursday,3,2010-W10
2010-03-12,1.3679,1.3795,1.3668,1.3767,126.99999999999933,88.0000000000014,Friday,4,2010-W10
2010-03-15,1.3776,1.3777,1.3639,1.3675,138.00000000000034,-100.99999999999997,Monday,0,2010-W11
2010-03-16,1.3675,1.3782,1.3655,1.3764,127.00000000000156,89.00000000000131,Tuesday,1,2010-W11
2010-03-17,1.3765,1.3817,1.3725,1.3736,91.99999999999875,-29.000000000001247,Wednesday,2,2010-W11
2010-03-18,1.3737,1.374,1.3585,1.3607,155.00000000000068,-129.999999999999,Thursday,3,2010-W11
2010-03-19,1.3608,1.3626,1.3502,1.3528,123.99999999999966,-80.00000000000007,Friday,4,2010-W11
2010-03-22,1.3536,1.3567,1.3462,1.3556,104.99999999999955,20.000000000000018,Monday,0,2010-W12
2010-03-23,1.3556,1.3568,1.3475,1.3497,93.00000000000085,-59.00000000000016,Tuesday,1,2010-W12
2010-03-24,1.3498,1.3505,1.3311,1.3312,194.00000000000085,-186.0000000000017,Wednesday,2,2010-W12
2010-03-25,1.3313,1.3386,1.3266,1.3271,120.00000000000011,-41.999999999999815,Thursday,3,2010-W12
2010-03-26,1.3273,1.3424,1.3266,1.3408,158.00000000000037,135.00000000000068,Friday,4,2010-W12
2010-03-29,1.347,1.3506,1.3418,1.3481,87.99999999999919,11.000000000001009,Monday,0,2010-W13
2010-03-30,1.348,1.3536,1.3395,1.3412,141.0,-68.00000000000139,Tuesday,1,2010-W13
2010-03-31,1.3411,1.3548,1.3383,1.3508,164.9999999999996,97.00000000000043,Wednesday,2,2010-W13
2010-04-01,1.351,1.359,1.3459,1.3587,130.9999999999989,77.0000000000004,Thursday,3,2010-W13
2010-04-02,1.3586,1.359,1.3474,1.3503,116.00000000000054,-82.99999999999974,Friday,4,2010-W13
2010-04-05,1.3496,1.3537,1.3459,1.3483,77.99999999999807,-12.999999999998568,Monday,0,2010-W14
2010-04-06,1.3482,1.3495,1.3354,1.3398,141.0,-83.99999999999963,Tuesday,1,2010-W14
2010-04-07,1.3399,1.3407,1.3325,1.3342,81.99999999999986,-57.000000000000384,Wednesday,2,2010-W14
2010-04-08,1.3341,1.3365,1.3281,1.3359,83.99999999999963,18.000000000000238,Thursday,3,2010-W14
2010-04-09,1.3359,1.3498,1.3341,1.3497,157.00000000000048,137.99999999999812,Friday,4,2010-W14
2010-04-12,1.366,1.3691,1.3565,1.359,125.99999999999945,-70.00000000000117,Monday,0,2010-W15
2010-04-13,1.3591,1.3626,1.3544,1.3612,81.99999999999986,20.999999999999908,Tuesday,1,2010-W15
2010-04-14,1.3613,1.3678,1.3593,1.3652,84.99999999999952,39.00000000000014,Wednesday,2,2010-W15
2010-04-15,1.3651,1.3666,1.352,1.3571,145.99999999999946,-80.00000000000007,Thursday,3,2010-W15
2010-04-16,1.357,1.3584,1.3471,1.35,113.00000000000088,-69.99999999999895,Friday,4,2010-W15
2010-04-19,1.3467,1.3497,1.3415,1.3488,81.99999999999986,20.999999999999908,Monday,0,2010-W16
2010-04-20,1.3487,1.3521,1.3427,1.3433,94.00000000000075,-54.00000000000071,Tuesday,1,2010-W16
2010-04-21,1.3433,1.3446,1.3357,1.3388,88.99999999999908,-44.99999999999949,Wednesday,2,2010-W16
2010-04-22,1.3387,1.342,1.3257,1.3293,162.9999999999998,-94.00000000000075,Thursday,3,2010-W16
2010-04-23,1.3291,1.3399,1.3201,1.3383,198.0000000000004,92.00000000000097,Friday,4,2010-W16
2010-04-26,1.3347,1.3396,1.329,1.338,105.99999999999943,33.00000000000081,Monday,0,2010-W17
2010-04-27,1.338,1.3415,1.3165,1.3174,249.99999999999912,-206.00000000000173,Tuesday,1,2010-W17
2010-04-28,1.3173,1.3265,1.3113,1.3219,152.00000000000102,46.00000000000159,Wednesday,2,2010-W17
2010-04-29,1.3218,1.3278,1.3183,1.3232,95.00000000000064,13.999999999998458,Thursday,3,2010-W17
2010-04-30,1.3233,1.3341,1.3223,1.3292,118.00000000000033,59.00000000000016,Friday,4,2010-W17
2010-05-03,1.3358,1.3359,1.3153,1.3193,206.00000000000173,-165.00000000000182,Monday,0,2010-W18
2010-05-04,1.3192,1.3213,1.298,1.2985,232.99999999999875,-206.9999999999994,Tuesday,1,2010-W18
2010-05-05,1.2985,1.2995,1.2803,1.2812,192.00000000000105,-173.00000000000094,Wednesday,2,2010-W18
2010-05-06,1.2813,1.2856,1.2518,1.2618,338.0000000000005,-195.00000000000074,Thursday,3,2010-W18
2010-05-07,1.2616,1.2797,1.2585,1.275,212.00000000000108,133.99999999999858,Friday,4,2010-W18
2010-05-10,1.2918,1.3092,1.2758,1.2786,333.99999999999875,-132.000000000001,Monday,0,2010-W19
2010-05-11,1.2785,1.2802,1.2655,1.266,146.99999999999935,-124.99999999999956,Tuesday,1,2010-W19
2010-05-12,1.266,1.2737,1.2604,1.2612,133.0000000000009,-47.999999999999154,Wednesday,2,2010-W19
2010-05-13,1.2613,1.2683,1.2517,1.2533,165.9999999999995,-80.00000000000007,Thursday,3,2010-W19
2010-05-14,1.2533,1.2575,1.2353,1.2356,221.99999999999997,-177.00000000000048,Friday,4,2010-W19
2010-05-17,1.2341,1.2413,1.2233,1.2393,180.00000000000017,52.00000000000094,Monday,0,2010-W20
2010-05-18,1.2394,1.2443,1.216,1.2201,282.99999999999994,-193.00000000000094,Tuesday,1,2010-W20
2010-05-19,1.22,1.2424,1.2143,1.2415,281.0000000000001,215.00000000000074,Wednesday,2,2010-W20
2010-05-20,1.2416,1.2597,1.2296,1.2486,301.00000000000017,69.99999999999895,Thursday,3,2010-W20
2010-05-21,1.2487,1.2671,1.2455,1.2569,215.9999999999984,81.99999999999986,Friday,4,2010-W20
2010-05-24,1.2537,1.2562,1.2343,1.2371,219.0000000000003,-165.9999999999995,Monday,0,2010-W21
2010-05-25,1.237,1.2372,1.2177,1.2344,195.00000000000074,-26.000000000001577,Tuesday,1,2010-W21
2010-05-26,1.2345,1.2387,1.2166,1.2177,221.00000000000009,-167.99999999999926,Wednesday,2,2010-W21
2010-05-27,1.2176,1.2393,1.2153,1.236,240.00000000000023,183.99999999999972,Thursday,3,2010-W21
2010-05-28,1.2359,1.2452,1.2264,1.2271,188.0000000000015,-87.99999999999919,Friday,4,2010-W21
2010-05-31,1.2265,1.2333,1.226,1.2304,73.00000000000084,39.00000000000014,Monday,0,2010-W22
2010-06-01,1.2305,1.2352,1.211,1.2227,242.0,-78.00000000000028,Tuesday,1,2010-W22
2010-06-02,1.2226,1.2272,1.2174,1.2248,98.00000000000031,22.000000000002018,Wednesday,2,2010-W22
2010-06-03,1.2249,1.2326,1.2151,1.2161,174.9999999999985,-88.0000000000014,Thursday,3,2010-W22
2010-06-04,1.216,1.2214,1.1954,1.1966,260.0000000000002,-193.9999999999986,Friday,4,2010-W22
2010-06-07,1.1928,1.199,1.1875,1.1922,115.00000000000065,-6.00000000000156,Monday,0,2010-W23
2010-06-08,1.1923,1.2008,1.1901,1.1972,107.00000000000153,49.000000000001265,Tuesday,1,2010-W23
2010-06-09,1.1973,1.2072,1.1923,1.1978,149.00000000000136,4.999999999999449,Wednesday,2,2010-W23
2010-06-10,1.1979,1.2141,1.1956,1.2123,184.9999999999996,143.9999999999997,Thursday,3,2010-W23
2010-06-11,1.2128,1.2151,1.2044,1.2111,107.00000000000153,-17.000000000000348,Friday,4,2010-W23
2010-06-14,1.2128,1.2297,1.2115,1.222,181.99999999999994,91.99999999999875,Monday,0,2010-W24
2010-06-15,1.2221,1.2348,1.2167,1.2331,181.00000000000006,110.00000000000121,Tuesday,1,2010-W24
2010-06-16,1.233,1.2352,1.2254,1.2309,98.00000000000031,-20.999999999999908,Wednesday,2,2010-W24
2010-06-17,1.2308,1.2412,1.2241,1.2387,171.00000000000114,79.00000000000018,Thursday,3,2010-W24
2010-06-18,1.2386,1.2415,1.2352,1.2387,62.99999999999972,0.9999999999998899,Friday,4,2010-W24
2010-06-21,1.2451,1.2467,1.2303,1.2311,163.99999999999972,-140.0000000000001,Monday,0,2010-W25
2010-06-22,1.2312,1.2353,1.2251,1.2269,101.99999999999987,-42.9999999999997,Tuesday,1,2010-W25
2010-06-23,1.227,1.2342,1.2208,1.2309,133.99999999999858,39.00000000000014,Wednesday,2,2010-W25
2010-06-24,1.2308,1.2387,1.226,1.2332,126.99999999999933,24.000000000001798,Thursday,3,2010-W25
2010-06-25,1.2331,1.2394,1.2253,1.2367,141.0,35.99999999999825,Friday,4,2010-W25
2010-06-28,1.2373,1.2396,1.2264,1.2276,132.000000000001,-97.00000000000043,Monday,0,2010-W26
2010-06-29,1.2275,1.229,1.215,1.2186,140.0000000000001,-89.00000000000131,Tuesday,1,2010-W26
2010-06-30,1.2185,1.2303,1.2165,1.2236,138.00000000000034,51.000000000001044,Wednesday,2,2010-W26
2010-07-01,1.2235,1.2539,1.2192,1.2526,346.99999999999955,290.99999999999903,Thursday,3,2010-W26
2010-07-02,1.2526,1.261,1.2481,1.2565,128.99999999999912,39.00000000000014,Friday,4,2010-W26
2010-07-05,1.2561,1.2564,1.2508,1.2537,56.0000000000005,-23.999999999999577,Monday,0,2010-W27
2010-07-06,1.2536,1.2661,1.2479,1.2625,181.99999999999994,88.99999999999908,Tuesday,1,2010-W27
2010-07-07,1.2624,1.2663,1.2552,1.2637,110.99999999999888,13.000000000000789,Wednesday,2,2010-W27
2010-07-08,1.2636,1.2711,1.2619,1.2696,91.99999999999875,60.00000000000006,Thursday,3,2010-W27
2010-07-09,1.2695,1.2728,1.2608,1.2639,120.00000000000011,-56.0000000000005,Friday,4,2010-W27
2010-07-12,1.2636,1.2646,1.255,1.2595,96.00000000000053,-40.99999999999993,Monday,0,2010-W28
2010-07-13,1.2594,1.2737,1.2522,1.2723,215.00000000000074,128.99999999999912,Tuesday,1,2010-W28
2010-07-14,1.2724,1.2777,1.2682,1.2743,95.00000000000064,19.000000000000128,Wednesday,2,2010-W28
2010-07-15,1.2741,1.2954,1.2707,1.2949,247.00000000000165,207.9999999999993,Thursday,3,2010-W28
2010-07-16,1.2948,1.3006,1.2888,1.2929,118.00000000000033,-19.000000000000128,Friday,4,2010-W28
2010-07-19,1.2905,1.2991,1.2869,1.2941,121.99999999999989,36.000000000000476,Monday,0,2010-W29
2010-07-20,1.2942,1.3027,1.2838,1.2878,188.99999999999918,-63.999999999999616,Tuesday,1,2010-W29
2010-07-21,1.288,1.2912,1.2731,1.2752,181.00000000000006,-128.00000000000145,Wednesday,2,2010-W29
2010-07-22,1.2753,1.2932,1.2736,1.2891,195.9999999999984,137.99999999999812,Thursday,3,2010-W29
2010-07-23,1.2892,1.2964,1.2792,1.2908,172.00000000000105,16.00000000000046,Friday,4,2010-W29
2010-07-26,1.289,1.3004,1.2876,1.2993,127.99999999999923,102.99999999999976,Monday,0,2010-W30
2010-07-27,1.2994,1.3045,1.2951,1.2995,94.00000000000075,0.9999999999998899,Tuesday,1,2010-W30
2010-07-28,1.2995,1.3041,1.2965,1.2994,76.00000000000051,-0.9999999999998899,Wednesday,2,2010-W30
2010-07-29,1.2994,1.3105,1.2977,1.3078,127.99999999999923,83.99999999999963,Thursday,3,2010-W30
2010-07-30,1.3073,1.3092,1.2979,1.305,112.99999999999866,-22.999999999999687,Friday,4,2010-W30
2010-08-02,1.3062,1.3194,1.3053,1.3179,141.0,117.00000000000044,Monday,0,2010-W31
2010-08-03,1.3178,1.3261,1.3146,1.3229,115.00000000000065,50.99999999999882,Tuesday,1,2010-W31
2010-08-04,1.323,1.3239,1.313,1.316,109.00000000000132,-69.99999999999895,Wednesday,2,2010-W31
2010-08-05,1.3166,1.3234,1.3118,1.3187,115.99999999999832,20.999999999999908,Thursday,3,2010-W31
2010-08-06,1.3186,1.3333,1.3157,1.328,175.99999999999838,94.00000000000075,Friday,4,2010-W31
2010-08-09,1.3294,1.3307,1.3215,1.322,92.00000000000097,-73.99999999999851,Monday,0,2010-W32
2010-08-10,1.3219,1.3233,1.3073,1.3175,160.00000000000014,-44.00000000000182,Tuesday,1,2010-W32
2010-08-11,1.3174,1.3185,1.286,1.2861,324.9999999999997,-312.99999999999886,Wednesday,2,2010-W32
2010-08-12,1.2862,1.2931,1.2779,1.2828,151.9999999999988,-34.000000000000696,Thursday,3,2010-W32
2010-08-13,1.2827,1.2905,1.2748,1.2753,157.00000000000048,-73.99999999999851,Friday,4,2010-W32
2010-08-16,1.2765,1.287,1.2733,1.2825,136.99999999999824,60.00000000000006,Monday,0,2010-W33
2010-08-17,1.2826,1.2915,1.2803,1.2884,112.000000000001,58.00000000000027,Tuesday,1,2010-W33
2010-08-18,1.2885,1.2921,1.2823,1.2852,98.00000000000031,-33.00000000000081,Wednesday,2,2010-W33
2010-08-19,1.2851,1.2901,1.277,1.2822,131.0000000000011,-28.999999999999027,Thursday,3,2010-W33
2010-08-20,1.2821,1.2832,1.2663,1.2711,168.99999999999915,-110.00000000000121,Friday,4,2010-W33
2010-08-23,1.2704,1.2728,1.2646,1.2656,81.99999999999986,-47.999999999999154,Monday,0,2010-W34
2010-08-24,1.2655,1.2718,1.2587,1.2626,131.0000000000011,-29.000000000001247,Tuesday,1,2010-W34
2010-08-25,1.2625,1.2726,1.2607,1.2657,119.00000000000021,32.00000000000092,Wednesday,2,2010-W34
2010-08-26,1.2656,1.2763,1.2649,1.2715,114.00000000000077,59.00000000000016,Thursday,3,2010-W34
2010-08-27,1.2714,1.2778,1.2675,1.2762,102.99999999999976,47.999999999999154,Friday,4,2010-W34
2010-08-30,1.276,1.2768,1.2658,1.2661,109.99999999999899,-99.0000000000002,Monday,0,2010-W35
2010-08-31,1.2662,1.2742,1.2624,1.2678,118.00000000000033,16.00000000000046,Tuesday,1,2010-W35
2010-09-01,1.2679,1.2854,1.2662,1.2807,192.00000000000105,127.99999999999923,Wednesday,2,2010-W35
2010-09-02,1.2808,1.2847,1.2776,1.2824,70.99999999999883,16.00000000000046,Thursday,3,2010-W35
2010-09-03,1.2823,1.2896,1.2808,1.2895,88.0000000000014,72.00000000000095,Friday,4,2010-W35
2010-09-06,1.289,1.2918,1.2866,1.2874,52.00000000000094,-15.999999999998238,Monday,0,2010-W36
2010-09-07,1.2875,1.2876,1.2677,1.2682,199.00000000000028,-193.00000000000094,Tuesday,1,2010-W36
2010-09-08,1.2683,1.2763,1.2659,1.272,103.99999999999964,37.00000000000037,Wednesday,2,2010-W36
2010-09-09,1.2721,1.2765,1.2664,1.2695,100.99999999999997,-25.999999999999357,Thursday,3,2010-W36
2010-09-10,1.2694,1.2746,1.2644,1.2679,101.99999999999987,-15.000000000000568,Friday,4,2010-W36
2010-09-13,1.2714,1.2892,1.2703,1.2883,188.99999999999918,168.99999999999915,Monday,0,2010-W37
2010-09-14,1.2882,1.3033,1.2829,1.2997,203.99999999999974,115.00000000000065,Tuesday,1,2010-W37
2010-09-15,1.2996,1.3036,1.2955,1.301,80.99999999999996,13.999999999998458,Wednesday,2,2010-W37
2010-09-16,1.3011,1.3116,1.2975,1.3077,141.0,66.00000000000162,Thursday,3,2010-W37
2010-09-17,1.3076,1.3159,1.3019,1.3048,140.0000000000001,-28.000000000001357,Friday,4,2010-W37
2010-09-20,1.3063,1.312,1.3028,1.3061,92.00000000000097,-1.9999999999997797,Monday,0,2010-W38
2010-09-21,1.3062,1.3286,1.3057,1.3264,228.9999999999992,201.99999999999994,Tuesday,1,2010-W38
2010-09-22,1.3263,1.344,1.3248,1.3405,192.00000000000105,141.99999999999991,Wednesday,2,2010-W38
2010-09-23,1.3404,1.3413,1.3304,1.3314,108.99999999999909,-90.0000000000012,Thursday,3,2010-W38
2010-09-24,1.3313,1.3495,1.3286,1.3489,208.99999999999918,176.0000000000006,Friday,4,2010-W38
2010-09-27,1.3486,1.3506,1.3425,1.3454,80.99999999999996,-32.00000000000092,Monday,0,2010-W39
2010-09-28,1.3453,1.3595,1.338,1.3585,214.99999999999852,132.000000000001,Tuesday,1,2010-W39
2010-09-29,1.3586,1.3646,1.3566,1.3626,80.00000000000007,40.000000000000036,Wednesday,2,2010-W39
2010-09-30,1.3627,1.3683,1.3559,1.3634,123.99999999999966,6.999999999999229,Thursday,3,2010-W39
2010-10-01,1.3633,1.3791,1.3619,1.379,171.9999999999988,157.00000000000048,Friday,4,2010-W39
2010-10-04,1.3801,1.3805,1.3666,1.3684,139.00000000000023,-117.00000000000044,Monday,0,2010-W40
2010-10-05,1.3683,1.3858,1.3636,1.3838,221.99999999999997,154.99999999999847,Tuesday,1,2010-W40
2010-10-06,1.3839,1.3947,1.3797,1.3929,150.00000000000125,90.0000000000012,Wednesday,2,2010-W40
2010-10-07,1.3928,1.4028,1.3856,1.3925,172.00000000000105,-2.9999999999996696,Thursday,3,2010-W40
2010-10-08,1.3924,1.3983,1.3832,1.3937,151.00000000000114,12.999999999998568,Friday,4,2010-W40
2010-10-11,1.3994,1.4012,1.3865,1.3875,146.99999999999935,-119.00000000000021,Monday,0,2010-W41
2010-10-12,1.3874,1.3935,1.3774,1.3923,161.00000000000003,49.000000000001265,Tuesday,1,2010-W41
2010-10-13,1.3924,1.4,1.3911,1.396,88.99999999999908,35.99999999999825,Wednesday,2,2010-W41
2010-10-14,1.3961,1.4121,1.3953,1.4083,167.99999999999926,122.0000000000021,Thursday,3,2010-W41
2010-10-15,1.4082,1.4158,1.3936,1.3976,221.99999999999997,-105.99999999999943,Friday,4,2010-W41
2010-10-18,1.399,1.3997,1.383,1.3933,166.99999999999937,-57.000000000000384,Monday,0,2010-W42
2010-10-19,1.3932,1.4003,1.3712,1.3725,291.00000000000125,-206.9999999999994,Tuesday,1,2010-W42
2010-10-20,1.3724,1.399,1.3697,1.3963,293.000000000001,239.0000000000003,Wednesday,2,2010-W42
2010-10-21,1.3962,1.4049,1.387,1.3919,179.00000000000028,-43.000000000001926,Thursday,3,2010-W42
2010-10-22,1.3918,1.3971,1.3857,1.3952,114.00000000000077,34.000000000000696,Friday,4,2010-W42
2010-10-25,1.3973,1.4079,1.3933,1.3964,145.99999999999946,-8.999999999999009,Monday,0,2010-W43
2010-10-26,1.3963,1.3981,1.3825,1.3857,155.99999999999835,-106.00000000000165,Tuesday,1,2010-W43
2010-10-27,1.3858,1.3878,1.3733,1.3768,144.99999999999957,-89.99999999999898,Wednesday,2,2010-W43
2010-10-28,1.3767,1.3945,1.3763,1.3929,181.99999999999994,161.99999999999991,Thursday,3,2010-W43
2010-10-29,1.3928,1.395,1.3806,1.3946,143.9999999999997,18.000000000000238,Friday,4,2010-W43
2010-11-01,1.3961,1.401,1.3863,1.3891,146.99999999999935,-69.99999999999895,Monday,0,2010-W44
2010-11-02,1.3892,1.4057,1.3881,1.4032,176.0000000000006,140.0000000000001,Tuesday,1,2010-W44
2010-11-03,1.4031,1.4152,1.3991,1.4137,161.00000000000003,105.99999999999943,Wednesday,2,2010-W44
2010-11-04,1.4136,1.4281,1.4101,1.4206,180.00000000000017,70.00000000000117,Thursday,3,2010-W44
2010-11-05,1.4208,1.4248,1.4023,1.4031,224.99999999999966,-177.00000000000048,Friday,4,2010-W44
2010-11-08,1.4057,1.4085,1.3886,1.3918,199.00000000000028,-139.00000000000023,Monday,0,2010-W45
2010-11-09,1.3919,1.3973,1.375,1.3771,222.99999999999986,-147.99999999999923,Tuesday,1,2010-W45
2010-11-10,1.3772,1.3824,1.3669,1.3782,155.00000000000068,10.000000000001119,Wednesday,2,2010-W45
2010-11-11,1.3781,1.382,1.3636,1.3666,183.99999999999972,-115.00000000000065,Thursday,3,2010-W45
2010-11-12,1.3665,1.3775,1.3573,1.369,201.99999999999994,24.999999999999467,Friday,4,2010-W45
2010-11-15,1.3706,1.3749,1.3562,1.3586,186.99999999999937,-120.00000000000011,Monday,0,2010-W46
2010-11-16,1.3587,1.3655,1.3446,1.3488,208.99999999999918,-99.0000000000002,Tuesday,1,2010-W46
2010-11-17,1.3487,1.3564,1.346,1.3528,103.99999999999964,40.99999999999993,Wednesday,2,2010-W46
2010-11-18,1.3526,1.3667,1.3524,1.3642,142.9999999999998,116.00000000000054,Thursday,3,2010-W46
2010-11-19,1.3641,1.373,1.3607,1.3671,122.99999999999977,29.999999999998916,Friday,4,2010-W46
2010-11-22,1.3719,1.3785,1.3575,1.3626,210.0000000000013,-92.99999999999864,Monday,0,2010-W47
2010-11-23,1.3627,1.3632,1.336,1.3366,271.9999999999989,-261.0000000000001,Tuesday,1,2010-W47
2010-11-24,1.3365,1.342,1.3283,1.3334,137.00000000000045,-31.000000000001027,Wednesday,2,2010-W47
2010-11-25,1.3333,1.3386,1.3285,1.3358,100.99999999999997,25.000000000001688,Thursday,3,2010-W47
2010-11-26,1.3359,1.3362,1.3199,1.324,162.9999999999998,-119.00000000000021,Friday,4,2010-W47
2010-11-29,1.3283,1.3301,1.3063,1.3123,238.00000000000043,-160.00000000000014,Monday,0,2010-W48
2010-11-30,1.3124,1.3149,1.2968,1.2981,181.00000000000006,-142.9999999999998,Tuesday,1,2010-W48
2010-12-01,1.2982,1.3181,1.297,1.3137,211.0000000000012,155.00000000000068,Wednesday,2,2010-W48
2010-12-02,1.3138,1.3246,1.3059,1.3208,186.99999999999937,69.99999999999895,Thursday,3,2010-W48
2010-12-03,1.3207,1.3437,1.3192,1.3413,244.99999999999966,205.99999999999952,Friday,4,2010-W48
2010-12-06,1.3376,1.3421,1.3245,1.3307,176.0000000000006,-68.99999999999906,Monday,0,2010-W49
2010-12-07,1.3306,1.34,1.3257,1.326,142.9999999999998,-45.999999999999375,Tuesday,1,2010-W49
2010-12-08,1.3259,1.3279,1.3179,1.326,100.00000000000009,0.9999999999998899,Wednesday,2,2010-W49
2010-12-09,1.3261,1.3321,1.3163,1.3238,158.00000000000037,-22.999999999999687,Thursday,3,2010-W49
2010-12-10,1.3237,1.3281,1.3178,1.3227,102.99999999999976,-10.000000000001119,Friday,4,2010-W49
2010-12-13,1.3198,1.3432,1.3181,1.339,250.999999999999,191.99999999999883,Monday,0,2010-W50
2010-12-14,1.3389,1.3498,1.3362,1.3377,136.00000000000057,-12.000000000000899,Tuesday,1,2010-W50
2010-12-15,1.3376,1.3381,1.3208,1.3213,173.00000000000094,-162.9999999999998,Wednesday,2,2010-W50
2010-12-16,1.3212,1.3264,1.318,1.3243,83.99999999999963,31.000000000001027,Thursday,3,2010-W50
2010-12-17,1.3242,1.3358,1.3132,1.3188,226.00000000000176,-54.00000000000071,Friday,4,2010-W50
2010-12-20,1.3186,1.3186,1.3093,1.313,93.00000000000085,-56.0000000000005,Monday,0,2010-W51
2010-12-21,1.3129,1.3201,1.3073,1.31,128.00000000000145,-28.999999999999027,Tuesday,1,2010-W51
2010-12-22,1.3101,1.318,1.3077,1.3099,102.99999999999976,-1.9999999999997797,Wednesday,2,2010-W51
2010-12-23,1.3098,1.315,1.3054,1.3113,96.00000000000053,14.999999999998348,Thursday,3,2010-W51
2010-12-24,1.3114,1.3147,1.3087,1.3116,60.00000000000006,2.000000000002,Friday,4,2010-W51
2010-12-27,1.3114,1.3169,1.3071,1.3163,98.00000000000031,49.000000000001265,Monday,0,2010-W52
2010-12-28,1.3164,1.3273,1.3093,1.3113,180.00000000000017,-51.000000000001044,Tuesday,1,2010-W52
2010-12-29,1.3114,1.3238,1.3083,1.3224,155.00000000000068,110.00000000000121,Wednesday,2,2010-W52
2010-12-30,1.3225,1.3314,1.3215,1.3289,99.0000000000002,63.999999999999616,Thursday,3,2010-W52
2010-12-31,1.329,1.3423,1.3284,1.3364,139.00000000000023,74.00000000000074,Friday,4,2010-W52
2011-01-03,1.3345,1.3394,1.3249,1.3359,144.99999999999957,14.000000000000679,Monday,0,2011-W01
2011-01-04,1.3358,1.3433,1.3291,1.3306,141.99999999999991,-52.00000000000094,Tuesday,1,2011-W01
2011-01-05,1.3307,1.3324,1.3125,1.3149,199.00000000000028,-158.00000000000037,Wednesday,2,2011-W01
2011-01-06,1.3148,1.3169,1.2997,1.3001,171.9999999999988,-146.99999999999935,Thursday,3,2011-W01
2011-01-07,1.3002,1.3021,1.2904,1.2906,117.00000000000044,-96.00000000000053,Friday,4,2011-W01
2011-01-10,1.2876,1.2963,1.2873,1.295,89.99999999999898,73.99999999999851,Monday,0,2011-W02
2011-01-11,1.2949,1.2992,1.2904,1.2973,87.99999999999919,23.999999999999577,Tuesday,1,2011-W02
2011-01-12,1.2972,1.3144,1.2961,1.313,182.99999999999983,158.00000000000037,Wednesday,2,2011-W02
2011-01-13,1.3132,1.3382,1.3088,1.3363,294.0000000000009,231.0000000000012,Thursday,3,2011-W02
2011-01-14,1.3362,1.3456,1.3314,1.3388,141.99999999999991,25.999999999999357,Friday,4,2011-W02
2011-01-17,1.3384,1.3384,1.3244,1.3292,140.0000000000001,-92.00000000000097,Monday,0,2011-W03
2011-01-18,1.3293,1.3466,1.3252,1.3385,214.00000000000085,92.00000000000097,Tuesday,1,2011-W03
2011-01-19,1.3384,1.3537,1.3367,1.3472,169.99999999999903,87.99999999999919,Wednesday,2,2011-W03
2011-01-20,1.3473,1.3522,1.3395,1.3471,127.00000000000156,-1.9999999999997797,Thursday,3,2011-W03
2011-01-21,1.347,1.3625,1.3448,1.362,177.00000000000048,150.00000000000125,Friday,4,2011-W03
2011-01-24,1.364,1.3685,1.3539,1.3636,145.99999999999946,-4.00000000000178,Monday,0,2011-W04
2011-01-25,1.3637,1.3703,1.3572,1.368,131.0000000000011,43.000000000001926,Tuesday,1,2011-W04
2011-01-26,1.3681,1.3721,1.364,1.3711,80.99999999999996,29.999999999998916,Wednesday,2,2011-W04
2011-01-27,1.3712,1.3757,1.3636,1.3732,121.0,20.000000000000018,Thursday,3,2011-W04
2011-01-28,1.3731,1.3745,1.3582,1.361,162.9999999999998,-121.0,Friday,4,2011-W04
2011-01-31,1.3587,1.3738,1.357,1.3693,167.99999999999926,105.99999999999943,Monday,0,2011-W05
2011-02-01,1.3692,1.3842,1.3689,1.3827,153.0000000000009,135.00000000000068,Tuesday,1,2011-W05
2011-02-02,1.3828,1.386,1.3766,1.3809,93.99999999999852,-19.000000000000128,Wednesday,2,2011-W05
2011-02-03,1.3808,1.3825,1.3608,1.3632,217.0000000000005,-176.0000000000006,Thursday,3,2011-W05
2011-02-04,1.3631,1.3678,1.3542,1.358,135.99999999999835,-50.99999999999882,Friday,4,2011-W05
2011-02-07,1.3562,1.3626,1.3507,1.3581,119.00000000000021,19.000000000000128,Monday,0,2011-W06
2011-02-08,1.3582,1.3687,1.3571,1.3624,116.00000000000054,41.999999999999815,Tuesday,1,2011-W06
2011-02-09,1.3623,1.3743,1.361,1.3731,133.0000000000009,107.9999999999992,Wednesday,2,2011-W06
2011-02-10,1.373,1.3735,1.3576,1.3602,159.00000000000026,-127.99999999999923,Thursday,3,2011-W06
2011-02-11,1.3601,1.362,1.3496,1.3556,124.00000000000189,-45.000000000001705,Friday,4,2011-W06
2011-02-14,1.3506,1.3557,1.3427,1.3487,129.999999999999,-19.000000000000128,Monday,0,2011-W07
2011-02-15,1.3488,1.3549,1.346,1.3485,88.99999999999908,-2.9999999999996696,Tuesday,1,2011-W07
2011-02-16,1.3484,1.3587,1.3461,1.3567,125.99999999999945,82.99999999999974,Wednesday,2,2011-W07
2011-02-17,1.3566,1.3618,1.3536,1.3608,81.99999999999986,41.999999999999815,Thursday,3,2011-W07
2011-02-18,1.3607,1.3714,1.3544,1.3692,169.99999999999903,84.99999999999952,Friday,4,2011-W07
2011-02-21,1.37,1.3715,1.3646,1.3678,68.99999999999906,-22.000000000002018,Monday,0,2011-W08
2011-02-22,1.3679,1.3703,1.3524,1.3649,179.00000000000028,-29.999999999998916,Tuesday,1,2011-W08
2011-02-23,1.3648,1.3786,1.3647,1.3748,139.00000000000023,100.00000000000009,Wednesday,2,2011-W08
2011-02-24,1.3751,1.382,1.3703,1.3799,116.99999999999821,47.999999999999154,Thursday,3,2011-W08
2011-02-25,1.3798,1.3837,1.3723,1.3752,113.99999999999855,-45.999999999999375,Friday,4,2011-W08
2011-02-28,1.3758,1.3855,1.371,1.3805,144.99999999999957,47.000000000001485,Monday,0,2011-W09
2011-03-01,1.3806,1.3853,1.3762,1.3776,90.99999999999886,-30.000000000001137,Tuesday,1,2011-W09
2011-03-02,1.3775,1.3889,1.3742,1.3864,146.99999999999935,89.00000000000131,Wednesday,2,2011-W09
2011-03-03,1.3863,1.3975,1.3832,1.3968,142.9999999999998,104.99999999999955,Thursday,3,2011-W09
2011-03-04,1.3969,1.4006,1.394,1.3986,66.00000000000162,17.000000000000348,Friday,4,2011-W09
2011-03-07,1.3988,1.4035,1.3955,1.3968,80.00000000000007,-20.000000000000018,Monday,0,2011-W10
2011-03-08,1.3967,1.3988,1.3861,1.3903,126.99999999999933,-63.999999999999616,Tuesday,1,2011-W10
2011-03-09,1.3904,1.3941,1.3855,1.3907,85.9999999999994,2.9999999999996696,Wednesday,2,2011-W10
2011-03-10,1.3906,1.3924,1.3774,1.3796,150.00000000000125,-110.00000000000121,Thursday,3,2011-W10
2011-03-11,1.3795,1.3914,1.3751,1.3902,162.9999999999998,107.00000000000153,Friday,4,2011-W10
2011-03-14,1.3963,1.4002,1.3904,1.399,97.9999999999981,26.999999999999247,Monday,0,2011-W11
2011-03-15,1.3991,1.4012,1.3854,1.3997,158.00000000000037,5.999999999999339,Tuesday,1,2011-W11
2011-03-16,1.3998,1.4001,1.3866,1.3898,134.99999999999847,-100.00000000000009,Wednesday,2,2011-W11
2011-03-17,1.3899,1.4052,1.3868,1.402,183.99999999999972,121.0,Thursday,3,2011-W11
2011-03-18,1.4021,1.4183,1.3979,1.4181,203.99999999999974,160.00000000000014,Friday,4,2011-W11
2011-03-21,1.4194,1.4239,1.4138,1.4224,100.99999999999997,30.000000000001137,Monday,0,2011-W12
2011-03-22,1.4223,1.4247,1.4178,1.4195,69.00000000000128,-27.999999999999137,Tuesday,1,2011-W12
2011-03-23,1.4196,1.4213,1.4084,1.4087,128.99999999999912,-108.99999999999909,Wednesday,2,2011-W12
2011-03-24,1.4086,1.4219,1.4053,1.4175,165.9999999999995,88.99999999999908,Thursday,3,2011-W12
2011-03-25,1.4176,1.4193,1.4055,1.4086,138.00000000000034,-89.99999999999898,Friday,4,2011-W12
2011-03-28,1.404,1.4114,1.402,1.4086,94.00000000000075,46.00000000000159,Monday,0,2011-W13
2011-03-29,1.4085,1.4148,1.4046,1.4113,101.99999999999987,27.999999999999137,Tuesday,1,2011-W13
2011-03-30,1.4112,1.4146,1.4051,1.4126,95.00000000000064,14.000000000000679,Wednesday,2,2011-W13
2011-03-31,1.4127,1.4232,1.4115,1.4157,117.00000000000044,29.999999999998916,Thursday,3,2011-W13
2011-04-01,1.4158,1.4245,1.4061,1.4234,184.00000000000193,76.00000000000051,Friday,4,2011-W13
2011-04-04,1.423,1.4268,1.4192,1.4219,76.00000000000051,-11.000000000001009,Monday,0,2011-W14
2011-04-05,1.422,1.4245,1.415,1.4221,95.00000000000064,0.9999999999998899,Tuesday,1,2011-W14
2011-04-06,1.422,1.4348,1.4207,1.433,141.0,110.00000000000121,Wednesday,2,2011-W14
2011-04-07,1.4331,1.4336,1.4241,1.4307,95.00000000000064,-23.999999999999577,Thursday,3,2011-W14
2011-04-08,1.4308,1.4487,1.429,1.4482,197.0000000000005,173.9999999999986,Friday,4,2011-W14
2011-04-11,1.4472,1.4482,1.442,1.4434,61.99999999999983,-38.000000000000256,Monday,0,2011-W15
2011-04-12,1.4435,1.4518,1.4377,1.4476,141.0,40.99999999999993,Tuesday,1,2011-W15
2011-04-13,1.4477,1.4519,1.4412,1.4442,106.99999999999932,-35.00000000000058,Wednesday,2,2011-W15
2011-04-14,1.4441,1.4513,1.4364,1.4487,149.00000000000136,46.00000000000159,Thursday,3,2011-W15
2011-04-15,1.4488,1.4503,1.439,1.4429,112.99999999999866,-59.00000000000016,Friday,4,2011-W15
2011-04-18,1.4412,1.442,1.4156,1.4233,263.9999999999998,-179.00000000000028,Monday,0,2011-W16
2011-04-19,1.4235,1.4352,1.4204,1.4333,147.99999999999923,98.00000000000031,Tuesday,1,2011-W16
2011-04-20,1.4334,1.4546,1.4327,1.4522,218.9999999999981,187.9999999999993,Wednesday,2,2011-W16
2011-04-21,1.4521,1.4648,1.4504,1.4551,144.0000000000019,30.000000000001137,Thursday,3,2011-W16
2011-04-22,1.4552,1.4588,1.4533,1.456,55.000000000000604,7.999999999999119,Friday,4,2011-W16
2011-04-25,1.4561,1.4626,1.4524,1.4579,101.99999999999987,18.000000000000238,Monday,0,2011-W17
2011-04-26,1.4578,1.4656,1.4492,1.4643,163.99999999999972,64.9999999999995,Tuesday,1,2011-W17
2011-04-27,1.4642,1.4794,1.4632,1.4786,161.99999999999991,143.9999999999997,Wednesday,2,2011-W17
2011-04-28,1.4785,1.4881,1.4768,1.4821,113.00000000000088,36.000000000000476,Thursday,3,2011-W17
2011-04-29,1.482,1.4877,1.4803,1.4807,74.00000000000074,-13.000000000000789,Friday,4,2011-W17
2011-05-02,1.4816,1.4901,1.4762,1.4829,139.00000000000023,13.000000000000789,Monday,0,2011-W18
2011-05-03,1.4829,1.4889,1.4754,1.4824,134.99999999999847,-5.00000000000167,Tuesday,1,2011-W18
2011-05-04,1.4825,1.4939,1.4774,1.4825,164.9999999999996,0.0,Wednesday,2,2011-W18
2011-05-05,1.4824,1.4898,1.4509,1.4537,388.9999999999993,-286.9999999999995,Thursday,3,2011-W18
2011-05-06,1.454,1.4587,1.4309,1.4315,278.00000000000045,-224.99999999999966,Friday,4,2011-W18
2011-05-09,1.4363,1.4441,1.4253,1.4364,187.9999999999993,0.9999999999998899,Monday,0,2011-W19
2011-05-10,1.4365,1.4412,1.427,1.4408,141.99999999999991,42.9999999999997,Tuesday,1,2011-W19
2011-05-11,1.4407,1.4422,1.4172,1.4191,249.99999999999912,-216.00000000000063,Wednesday,2,2011-W19
2011-05-12,1.419,1.4276,1.4122,1.4245,154.0000000000008,55.000000000000604,Thursday,3,2011-W19
2011-05-13,1.4246,1.4338,1.4066,1.4117,271.9999999999989,-129.00000000000134,Friday,4,2011-W19
2011-05-16,1.409,1.4243,1.4047,1.4155,195.9999999999984,64.9999999999995,Monday,0,2011-W20
2011-05-17,1.4156,1.4237,1.412,1.4236,117.00000000000044,80.00000000000007,Tuesday,1,2011-W20
2011-05-18,1.4235,1.4286,1.4194,1.4248,92.00000000000097,13.000000000000789,Wednesday,2,2011-W20
2011-05-19,1.4247,1.4324,1.4205,1.4307,118.999999999998,60.00000000000006,Thursday,3,2011-W20
2011-05-20,1.4308,1.4344,1.4132,1.416,211.99999999999886,-148.00000000000148,Friday,4,2011-W20
2011-05-23,1.4125,1.4146,1.3968,1.4047,178.00000000000037,-78.00000000000028,Monday,0,2011-W21
2011-05-24,1.4046,1.4132,1.4001,1.4098,131.0000000000011,51.999999999998714,Tuesday,1,2011-W21
2011-05-25,1.4099,1.4117,1.4012,1.4087,104.99999999999955,-11.999999999998678,Wednesday,2,2011-W21
2011-05-26,1.4086,1.4206,1.4067,1.4144,139.00000000000023,58.00000000000027,Thursday,3,2011-W21
2011-05-27,1.4143,1.4323,1.4125,1.4318,197.99999999999818,175.0000000000007,Friday,4,2011-W21
2011-05-30,1.4322,1.4322,1.4256,1.4281,65.99999999999939,-40.99999999999993,Monday,0,2011-W22
2011-05-31,1.4282,1.4423,1.4278,1.4395,144.99999999999957,113.00000000000088,Tuesday,1,2011-W22
2011-06-01,1.4396,1.4458,1.432,1.4327,138.00000000000034,-68.99999999999906,Wednesday,2,2011-W22
2011-06-02,1.4326,1.4513,1.4307,1.4491,205.99999999999952,164.9999999999996,Thursday,3,2011-W22
2011-06-03,1.449,1.4642,1.445,1.4635,191.99999999999883,144.99999999999957,Friday,4,2011-W22
2011-06-06,1.461,1.4657,1.4556,1.4575,100.99999999999997,-35.00000000000058,Monday,0,2011-W23
2011-06-07,1.4574,1.4695,1.4563,1.469,132.000000000001,116.00000000000054,Tuesday,1,2011-W23
2011-06-08,1.4691,1.4694,1.4563,1.4582,131.0000000000011,-109.00000000000132,Wednesday,2,2011-W23
2011-06-09,1.4585,1.4645,1.4476,1.4509,168.99999999999915,-75.9999999999983,Thursday,3,2011-W23
2011-06-10,1.451,1.455,1.4321,1.4346,229.00000000000142,-163.99999999999972,Friday,4,2011-W23
2011-06-13,1.4325,1.4429,1.432,1.4412,109.00000000000132,86.9999999999993,Monday,0,2011-W24
2011-06-14,1.4411,1.4496,1.4378,1.4439,118.00000000000033,27.999999999999137,Tuesday,1,2011-W24
2011-06-15,1.4441,1.445,1.4155,1.4178,295.0000000000008,-262.9999999999999,Wednesday,2,2011-W24
2011-06-16,1.4179,1.4218,1.4072,1.4205,145.99999999999946,26.000000000001577,Thursday,3,2011-W24
2011-06-17,1.4205,1.4338,1.4126,1.4312,211.99999999999886,106.99999999999932,Friday,4,2011-W24
2011-06-20,1.428,1.4327,1.419,1.4303,137.00000000000045,22.999999999999687,Monday,0,2011-W25
2011-06-21,1.4304,1.4421,1.4302,1.441,119.00000000000021,106.00000000000165,Tuesday,1,2011-W25
2011-06-22,1.4414,1.4441,1.434,1.4355,100.99999999999997,-59.00000000000016,Wednesday,2,2011-W25
2011-06-23,1.4353,1.4356,1.4125,1.4255,230.99999999999898,-98.00000000000031,Thursday,3,2011-W25
2011-06-24,1.4254,1.4305,1.4141,1.4188,164.00000000000193,-65.99999999999939,Friday,4,2011-W25
2011-06-27,1.4192,1.4293,1.4102,1.4286,191.00000000000117,94.00000000000075,Monday,0,2011-W26
2011-06-28,1.4285,1.4396,1.4236,1.4369,160.00000000000014,83.99999999999963,Tuesday,1,2011-W26
2011-06-29,1.437,1.4447,1.4337,1.4434,110.00000000000121,63.999999999999616,Wednesday,2,2011-W26
2011-06-30,1.4433,1.4537,1.4426,1.4501,110.99999999999888,67.99999999999918,Thursday,3,2011-W26
2011-07-01,1.4499,1.4551,1.4435,1.4525,116.00000000000054,25.999999999999357,Friday,4,2011-W26
2011-07-04,1.4534,1.4577,1.4494,1.4538,82.99999999999974,3.9999999999995595,Monday,0,2011-W27
2011-07-05,1.4537,1.4552,1.4396,1.4427,156.00000000000057,-109.99999999999899,Tuesday,1,2011-W27
2011-07-06,1.4426,1.4465,1.4285,1.4318,179.99999999999795,-108.00000000000142,Wednesday,2,2011-W27
2011-07-07,1.4319,1.4373,1.422,1.4362,153.0000000000009,42.9999999999997,Thursday,3,2011-W27
2011-07-08,1.4361,1.4368,1.4205,1.4264,162.9999999999998,-97.00000000000043,Friday,4,2011-W27
2011-07-11,1.4206,1.4227,1.3985,1.4028,242.0,-178.00000000000037,Monday,0,2011-W28
2011-07-12,1.403,1.4061,1.3836,1.3975,224.99999999999966,-55.000000000000604,Tuesday,1,2011-W28
2011-07-13,1.3974,1.4191,1.395,1.4167,241.0000000000001,193.00000000000094,Wednesday,2,2011-W28
2011-07-14,1.4168,1.4282,1.4115,1.4141,166.99999999999937,-27.000000000001467,Thursday,3,2011-W28
2011-07-15,1.4137,1.4198,1.4091,1.4155,106.99999999999932,18.000000000000238,Friday,4,2011-W28
2011-07-18,1.4106,1.4133,1.4013,1.4111,120.00000000000011,4.999999999999449,Monday,0,2011-W29
2011-07-19,1.411,1.4216,1.4068,1.4155,147.99999999999923,44.99999999999949,Tuesday,1,2011-W29
2011-07-20,1.4154,1.4239,1.4132,1.4214,106.99999999999932,60.00000000000006,Wednesday,2,2011-W29
2011-07-21,1.4212,1.4433,1.4138,1.4423,295.0000000000008,210.99999999999898,Thursday,3,2011-W29
2011-07-22,1.4424,1.4437,1.4323,1.4357,114.00000000000077,-66.99999999999929,Friday,4,2011-W29
2011-07-25,1.4388,1.4417,1.4324,1.4375,93.00000000000085,-13.000000000000789,Monday,0,2011-W30
2011-07-26,1.4376,1.4524,1.4356,1.451,167.99999999999926,134.0000000000008,Tuesday,1,2011-W30
2011-07-27,1.4509,1.4535,1.4338,1.4368,197.0000000000005,-141.0,Wednesday,2,2011-W30
2011-07-28,1.4368,1.44,1.4253,1.4333,146.99999999999935,-35.00000000000058,Thursday,3,2011-W30
2011-07-29,1.4332,1.4412,1.4229,1.4398,182.99999999999983,65.99999999999939,Friday,4,2011-W30
2011-08-01,1.4381,1.4453,1.4184,1.4249,268.99999999999926,-131.99999999999878,Monday,0,2011-W31
2011-08-02,1.425,1.4282,1.415,1.4202,131.99999999999878,-48.00000000000138,Tuesday,1,2011-W31
2011-08-03,1.4204,1.4343,1.4142,1.4322,201.00000000000006,117.99999999999811,Wednesday,2,2011-W31
2011-08-04,1.4322,1.4371,1.4088,1.4091,282.99999999999994,-230.99999999999898,Thursday,3,2011-W31
2011-08-05,1.4095,1.4297,1.4054,1.4281,242.9999999999999,185.9999999999995,Friday,4,2011-W31
2011-08-08,1.4423,1.4431,1.4128,1.4177,302.99999999999994,-245.99999999999955,Monday,0,2011-W32
2011-08-09,1.4176,1.4375,1.4151,1.4374,223.99999999999974,198.0000000000004,Tuesday,1,2011-W32
2011-08-10,1.4375,1.44,1.4161,1.4176,239.0000000000003,-199.00000000000028,Wednesday,2,2011-W32
2011-08-11,1.4177,1.4293,1.4103,1.4239,189.99999999999906,61.99999999999983,Thursday,3,2011-W32
2011-08-12,1.4238,1.429,1.4149,1.4246,141.0,8.00000000000134,Friday,4,2011-W32
2011-08-15,1.4268,1.4476,1.4251,1.4443,224.99999999999966,174.9999999999985,Monday,0,2011-W33
2011-08-16,1.4442,1.4471,1.4353,1.4406,118.00000000000033,-35.99999999999825,Tuesday,1,2011-W33
2011-08-17,1.4407,1.4516,1.4324,1.4425,192.00000000000105,17.999999999998018,Wednesday,2,2011-W33
2011-08-18,1.4424,1.4451,1.427,1.4331,181.00000000000006,-92.99999999999864,Thursday,3,2011-W33
2011-08-19,1.433,1.4451,1.4258,1.4396,193.00000000000094,65.99999999999939,Friday,4,2011-W33
2011-08-22,1.4379,1.4433,1.4346,1.4357,86.9999999999993,-21.999999999999797,Monday,0,2011-W34
2011-08-23,1.4356,1.4499,1.4353,1.444,145.99999999999946,83.99999999999963,Tuesday,1,2011-W34
2011-08-24,1.4441,1.4481,1.4379,1.4413,101.99999999999987,-27.999999999999137,Wednesday,2,2011-W34
2011-08-25,1.4412,1.4474,1.4327,1.4378,146.99999999999935,-34.000000000000696,Thursday,3,2011-W34
2011-08-26,1.4377,1.4501,1.4328,1.4498,172.99999999999872,121.0,Friday,4,2011-W34
2011-08-29,1.4499,1.4548,1.4465,1.4509,83.00000000000196,10.000000000001119,Monday,0,2011-W35
2011-08-30,1.451,1.4532,1.4384,1.444,148.00000000000148,-70.00000000000117,Tuesday,1,2011-W35
2011-08-31,1.4441,1.4468,1.4358,1.4368,110.00000000000121,-72.99999999999862,Wednesday,2,2011-W35
2011-09-01,1.4369,1.4385,1.4225,1.4258,159.99999999999793,-111.0000000000011,Thursday,3,2011-W35
2011-09-02,1.4257,1.4287,1.4183,1.4204,104.00000000000188,-52.99999999999861,Friday,4,2011-W35
2011-09-05,1.4162,1.4173,1.4059,1.4097,114.00000000000077,-64.9999999999995,Monday,0,2011-W36
2011-09-06,1.4096,1.4248,1.3973,1.3996,275.0000000000008,-100.00000000000009,Tuesday,1,2011-W36
2011-09-07,1.3995,1.4148,1.3991,1.4097,157.00000000000048,101.99999999999987,Wednesday,2,2011-W36
2011-09-08,1.4096,1.4099,1.3872,1.3881,226.99999999999943,-215.00000000000074,Thursday,3,2011-W36
2011-09-09,1.388,1.3936,1.3626,1.3655,309.99999999999915,-224.99999999999966,Friday,4,2011-W36
2011-09-12,1.3586,1.3693,1.3501,1.3677,191.99999999999883,90.99999999999886,Monday,0,2011-W37
2011-09-13,1.3681,1.3738,1.3557,1.3677,181.00000000000006,-4.00000000000178,Tuesday,1,2011-W37
2011-09-14,1.3676,1.3782,1.359,1.3754,192.00000000000105,78.00000000000028,Wednesday,2,2011-W37
2011-09-15,1.3753,1.3935,1.3702,1.3876,232.99999999999875,122.99999999999977,Thursday,3,2011-W37
2011-09-16,1.3875,1.3892,1.3753,1.3795,139.00000000000023,-80.00000000000007,Friday,4,2011-W37
2011-09-19,1.3692,1.372,1.3585,1.3683,135.00000000000068,-8.999999999999009,Monday,0,2011-W38
2011-09-20,1.3684,1.3743,1.3592,1.3702,151.00000000000114,18.000000000000238,Tuesday,1,2011-W38
2011-09-21,1.3699,1.3787,1.3562,1.3572,224.99999999999966,-126.99999999999933,Wednesday,2,2011-W38
2011-09-22,1.3571,1.36,1.3385,1.3462,215.00000000000074,-108.99999999999909,Thursday,3,2011-W38
2011-09-23,1.3458,1.3566,1.3418,1.35,147.99999999999923,41.999999999999815,Friday,4,2011-W38
2011-09-26,1.3521,1.3549,1.3361,1.3532,187.9999999999993,10.999999999998789,Monday,0,2011-W39
2011-09-27,1.3531,1.3667,1.3478,1.3581,188.99999999999918,50.00000000000115,Tuesday,1,2011-W39
2011-09-28,1.3585,1.3689,1.3532,1.3542,157.00000000000048,-42.9999999999997,Wednesday,2,2011-W39
2011-09-29,1.3541,1.3678,1.3519,1.3597,158.99999999999804,55.99999999999827,Thursday,3,2011-W39
2011-09-30,1.3596,1.3601,1.3383,1.3387,218.00000000000043,-208.99999999999918,Friday,4,2011-W39
2011-10-03,1.3344,1.3381,1.3167,1.3176,214.00000000000085,-167.99999999999926,Monday,0,2011-W40
2011-10-04,1.3174,1.3369,1.3145,1.3348,223.99999999999974,174.00000000000082,Tuesday,1,2011-W40
2011-10-05,1.3352,1.3383,1.326,1.3348,122.99999999999977,-3.9999999999995595,Wednesday,2,2011-W40
2011-10-06,1.3349,1.345,1.3241,1.3437,208.99999999999918,87.99999999999919,Thursday,3,2011-W40
2011-10-07,1.3436,1.3524,1.3361,1.3377,162.9999999999998,-59.00000000000016,Friday,4,2011-W40
2011-10-10,1.3389,1.3698,1.3377,1.3642,321.00000000000017,253.000000000001,Monday,0,2011-W41
2011-10-11,1.3643,1.3683,1.3565,1.3639,118.00000000000033,-4.00000000000178,Tuesday,1,2011-W41
2011-10-12,1.3641,1.3833,1.3582,1.3791,250.999999999999,149.99999999999903,Wednesday,2,2011-W41
2011-10-13,1.379,1.3826,1.3685,1.3777,141.0,-13.000000000000789,Thursday,3,2011-W41
2011-10-14,1.3776,1.3894,1.3723,1.3881,170.99999999999892,104.99999999999955,Friday,4,2011-W41
2011-10-17,1.3867,1.3914,1.3725,1.3737,188.99999999999918,-130.00000000000122,Monday,0,2011-W42
2011-10-18,1.3738,1.3817,1.3652,1.3752,164.9999999999996,14.000000000000679,Tuesday,1,2011-W42
2011-10-19,1.3751,1.3868,1.3725,1.3759,142.9999999999998,7.999999999999119,Wednesday,2,2011-W42
2011-10-20,1.3758,1.3842,1.3656,1.378,186.0000000000017,21.999999999999797,Thursday,3,2011-W42
2011-10-21,1.3778,1.3901,1.3703,1.3895,197.99999999999818,117.00000000000044,Friday,4,2011-W42
2011-10-24,1.3843,1.3956,1.3822,1.3928,133.99999999999858,84.99999999999952,Monday,0,2011-W43
2011-10-25,1.3927,1.396,1.3848,1.3907,111.99999999999876,-20.000000000000018,Tuesday,1,2011-W43
2011-10-26,1.3908,1.3975,1.3797,1.3906,178.00000000000037,-1.9999999999997797,Wednesday,2,2011-W43
2011-10-27,1.3905,1.4247,1.3864,1.4188,383.0,282.99999999999994,Thursday,3,2011-W43
2011-10-28,1.4189,1.42,1.4133,1.4151,66.99999999999929,-38.000000000000256,Friday,4,2011-W43
2011-10-31,1.4142,1.417,1.3828,1.3857,342.00000000000006,-284.9999999999997,Monday,0,2011-W44
2011-11-01,1.3858,1.387,1.3608,1.3703,262.0,-154.99999999999847,Tuesday,1,2011-W44
2011-11-02,1.3702,1.3827,1.3636,1.3746,191.00000000000117,43.999999999999595,Wednesday,2,2011-W44
2011-11-03,1.3747,1.3854,1.3656,1.3822,198.0000000000004,75.00000000000063,Thursday,3,2011-W44
2011-11-04,1.3823,1.3867,1.371,1.3792,157.00000000000048,-31.000000000001027,Friday,4,2011-W44
2011-11-07,1.3827,1.3831,1.3681,1.3776,149.99999999999903,-51.000000000001044,Monday,0,2011-W45
2011-11-08,1.3775,1.3845,1.3724,1.3832,121.0,57.000000000000384,Tuesday,1,2011-W45
2011-11-09,1.3831,1.3857,1.3523,1.3542,333.99999999999875,-288.99999999999926,Wednesday,2,2011-W45
2011-11-10,1.3541,1.3652,1.3483,1.3605,168.99999999999915,63.999999999999616,Thursday,3,2011-W45
2011-11-11,1.3606,1.3795,1.3578,1.3749,217.0000000000005,142.9999999999998,Friday,4,2011-W45
2011-11-14,1.3808,1.3809,1.3591,1.3632,218.00000000000043,-176.0000000000006,Monday,0,2011-W46
2011-11-15,1.3633,1.364,1.3496,1.3539,144.0000000000019,-93.99999999999852,Tuesday,1,2011-W46
2011-11-16,1.3538,1.3556,1.3428,1.3463,127.99999999999923,-74.99999999999841,Wednesday,2,2011-W46
2011-11-17,1.3462,1.3539,1.3421,1.3458,118.00000000000033,-3.9999999999995595,Thursday,3,2011-W46
2011-11-18,1.3457,1.3614,1.3446,1.3524,167.99999999999926,67.0000000000015,Friday,4,2011-W46
2011-11-21,1.3512,1.354,1.343,1.3488,110.00000000000121,-23.999999999999577,Monday,0,2011-W47
2011-11-22,1.3487,1.3568,1.3469,1.3505,99.0000000000002,18.000000000000238,Tuesday,1,2011-W47
2011-11-23,1.3504,1.3531,1.332,1.3341,210.99999999999898,-162.9999999999998,Wednesday,2,2011-W47
2011-11-24,1.3342,1.3411,1.3315,1.3346,96.00000000000053,3.9999999999995595,Thursday,3,2011-W47
2011-11-25,1.3348,1.3352,1.3212,1.3238,140.0000000000001,-109.99999999999899,Friday,4,2011-W47
2011-11-28,1.3322,1.3398,1.3272,1.3319,126.00000000000166,-2.9999999999996696,Monday,0,2011-W48
2011-11-29,1.332,1.3441,1.3285,1.3316,156.00000000000057,-4.00000000000178,Tuesday,1,2011-W48
2011-11-30,1.3315,1.3532,1.3259,1.3445,272.9999999999988,130.00000000000122,Wednesday,2,2011-W48
2011-12-01,1.3446,1.352,1.3417,1.3461,103.00000000000198,15.000000000000568,Thursday,3,2011-W48
2011-12-02,1.346,1.3548,1.3362,1.339,185.9999999999995,-70.00000000000117,Friday,4,2011-W48
2011-12-05,1.3419,1.34857,1.33745,1.34004,111.20000000000019,-18.60000000000195,Monday,0,2011-W49
2011-12-06,1.34005,1.3427,1.33326,1.34004,94.40000000000114,-0.10000000000065512,Tuesday,1,2011-W49
2011-12-07,1.34021,1.34527,1.33503,1.34111,102.40000000000026,9.00000000000123,Wednesday,2,2011-W49
2011-12-08,1.34114,1.34588,1.32883,1.33396,170.50000000000009,-71.79999999999964,Thursday,3,2011-W49
2011-12-09,1.33397,1.34332,1.32808,1.33857,152.40000000000143,45.999999999999375,Friday,4,2011-W49
2011-12-12,1.3381,1.3381,1.31624,1.31868,218.5999999999999,-194.19999999999993,Monday,0,2011-W50
2011-12-13,1.31885,1.32361,1.30083,1.3036,227.80000000000024,-152.49999999999986,Tuesday,1,2011-W50
2011-12-14,1.30357,1.30636,1.29455,1.29822,118.09999999999876,-53.49999999999966,Wednesday,2,2011-W50
2011-12-15,1.29823,1.30491,1.29565,1.3015,92.60000000000046,32.70000000000106,Thursday,3,2011-W50
2011-12-16,1.30149,1.30835,1.29944,1.3045,89.09999999999974,30.09999999999957,Friday,4,2011-W50
2011-12-19,1.30421,1.30435,1.29823,1.29972,61.19999999999904,-44.90000000000105,Monday,0,2011-W51
2011-12-20,1.29973,1.3131,1.29933,1.30812,137.69999999999837,83.89999999999898,Tuesday,1,2011-W51
2011-12-21,1.30817,1.31962,1.30244,1.3047,171.79999999999973,-34.70000000000084,Wednesday,2,2011-W51
2011-12-22,1.30472,1.31184,1.30166,1.30502,101.79999999999856,2.9999999999996696,Thursday,3,2011-W51
2011-12-23,1.30503,1.30951,1.30254,1.30422,69.6999999999992,-8.099999999999774,Friday,4,2011-W51
2011-12-26,1.3055,1.30817,1.30503,1.306,31.400000000001427,4.999999999999449,Monday,0,2011-W52
2011-12-27,1.30579,1.30826,1.30425,1.30707,40.10000000000069,12.799999999999478,Tuesday,1,2011-W52
2011-12-28,1.30701,1.30795,1.29114,1.29403,168.0999999999999,-129.79999999999993,Wednesday,2,2011-W52
2011-12-29,1.29402,1.29639,1.28577,1.29605,106.19999999999851,20.299999999999763,Thursday,3,2011-W52
2011-12-30,1.29607,1.2998,1.29034,1.29573,94.60000000000024,-3.4000000000000696,Friday,4,2011-W52
2012-01-02,1.29324,1.29709,1.29167,1.29338,54.199999999999804,1.40000000000029,Monday,0,2012-W01
2012-01-03,1.29337,1.30763,1.29316,1.30489,144.69999999999982,115.20000000000196,Tuesday,1,2012-W01
2012-01-04,1.3049,1.30721,1.28969,1.29421,175.1999999999998,-106.89999999999867,Wednesday,2,2012-W01
2012-01-05,1.29414,1.29459,1.27698,1.27876,176.09999999999903,-153.80000000000172,Thursday,3,2012-W01
2012-01-06,1.27871,1.28119,1.26968,1.27189,115.10000000000132,-68.20000000000049,Friday,4,2012-W01
2012-01-09,1.26946,1.27846,1.26654,1.2764,119.1999999999993,69.39999999999947,Monday,0,2012-W02
2012-01-10,1.27638,1.28175,1.27421,1.2777,75.3999999999988,13.199999999999878,Tuesday,1,2012-W02
2012-01-11,1.27769,1.27891,1.26608,1.27056,128.29999999999896,-71.30000000000081,Wednesday,2,2012-W02
2012-01-12,1.2706,1.28442,1.26984,1.28137,145.79999999999816,107.69999999999946,Thursday,3,2012-W02
2012-01-13,1.28136,1.28776,1.26255,1.26803,252.09999999999954,-133.30000000000064,Friday,4,2012-W02
2012-01-16,1.26359,1.26869,1.26253,1.26662,61.60000000000166,30.300000000000882,Monday,0,2012-W03
2012-01-17,1.26661,1.28072,1.26486,1.27359,158.59999999999985,69.79999999999987,Tuesday,1,2012-W03
2012-01-18,1.2736,1.28675,1.27336,1.28627,133.90000000000012,126.69999999999959,Wednesday,2,2012-W03
2012-01-19,1.28628,1.29704,1.28387,1.29671,131.69999999999905,104.29999999999939,Thursday,3,2012-W03
2012-01-20,1.29674,1.29855,1.28868,1.29301,98.70000000000046,-37.30000000000011,Friday,4,2012-W03
2012-01-23,1.28804,1.30519,1.28754,1.30151,176.50000000000165,134.6999999999987,Monday,0,2012-W04
2012-01-24,1.30155,1.30619,1.29529,1.30351,108.99999999999909,19.599999999999618,Tuesday,1,2012-W04
2012-01-25,1.30349,1.31198,1.29304,1.31057,189.39999999999958,70.79999999999976,Wednesday,2,2012-W04
2012-01-26,1.31056,1.31832,1.30896,1.3108,93.60000000000035,2.4000000000001798,Thursday,3,2012-W04
2012-01-27,1.31075,1.32333,1.30772,1.32192,156.09999999999903,111.69999999999902,Friday,4,2012-W04
2012-01-30,1.32268,1.32271,1.30763,1.31427,150.7999999999998,-84.10000000000028,Monday,0,2012-W05
2012-01-31,1.31429,1.32127,1.30416,1.30829,171.0999999999996,-60.00000000000006,Tuesday,1,2012-W05
2012-02-01,1.3083,1.32173,1.30253,1.31598,192.00000000000105,76.79999999999909,Wednesday,2,2012-W05
2012-02-02,1.31597,1.31959,1.30848,1.3143,111.09999999999954,-16.700000000000603,Thursday,3,2012-W05
2012-02-03,1.31431,1.32044,1.30658,1.31564,138.59999999999982,13.299999999998313,Friday,4,2012-W05
2012-02-06,1.3118,1.31407,1.30272,1.31295,113.49999999999972,11.499999999999844,Monday,0,2012-W06
2012-02-07,1.31294,1.32691,1.30886,1.32597,180.50000000000122,130.30000000000098,Tuesday,1,2012-W06
2012-02-08,1.32596,1.32878,1.32205,1.32596,67.30000000000125,0.0,Wednesday,2,2012-W06
2012-02-09,1.32595,1.33203,1.32143,1.32846,105.99999999999943,25.100000000000122,Thursday,3,2012-W06
2012-02-10,1.32845,1.32902,1.31548,1.3196,135.40000000000109,-88.49999999999802,Friday,4,2012-W06
2012-02-13,1.32088,1.32835,1.31854,1.31855,98.09999999999874,-23.299999999999432,Monday,0,2012-W07
2012-02-14,1.31856,1.32151,1.30795,1.31331,135.60000000000016,-52.49999999999977,Tuesday,1,2012-W07
2012-02-15,1.3133,1.31899,1.30432,1.3065,146.70000000000184,-67.99999999999918,Wednesday,2,2012-W07
2012-02-16,1.30654,1.31578,1.29736,1.31296,184.1999999999988,64.19999999999871,Thursday,3,2012-W07
2012-02-17,1.31298,1.31967,1.31145,1.31392,82.19999999999894,9.399999999999409,Friday,4,2012-W07
2012-02-20,1.31806,1.3276,1.31727,1.32426,103.2999999999995,61.99999999999983,Monday,0,2012-W08
2012-02-21,1.32428,1.32925,1.31862,1.32327,106.30000000000139,-10.099999999999554,Tuesday,1,2012-W08
2012-02-22,1.32336,1.32658,1.32106,1.32481,55.200000000001914,14.499999999999513,Wednesday,2,2012-W08
2012-02-23,1.32477,1.33777,1.32307,1.33722,146.99999999999935,124.50000000000072,Thursday,3,2012-W08
2012-02-24,1.33715,1.34856,1.33566,1.34465,128.99999999999912,74.99999999999841,Friday,4,2012-W08
2012-02-27,1.34634,1.34789,1.33658,1.33966,113.09999999999931,-66.8000000000002,Monday,0,2012-W09
2012-02-28,1.33968,1.34705,1.3389,1.34573,81.50000000000102,60.50000000000111,Tuesday,1,2012-W09
2012-02-29,1.34567,1.34848,1.33142,1.33236,170.59999999999854,-133.09999999999934,Wednesday,2,2012-W09
2012-03-01,1.33235,1.33555,1.32819,1.33098,73.60000000000034,-13.699999999998713,Thursday,3,2012-W09
2012-03-02,1.33097,1.3332,1.31864,1.31972,145.59999999999906,-112.49999999999983,Friday,4,2012-W09
2012-03-05,1.31913,1.32403,1.31596,1.32159,80.70000000000022,24.600000000001288,Monday,0,2012-W10
2012-03-06,1.32162,1.32252,1.31026,1.31116,122.59999999999937,-104.59999999999914,Tuesday,1,2012-W10
2012-03-07,1.31113,1.31634,1.30959,1.31487,67.50000000000034,37.400000000000766,Wednesday,2,2012-W10
2012-03-08,1.31486,1.32904,1.31347,1.3273,155.70000000000084,124.40000000000006,Thursday,3,2012-W10
2012-03-09,1.32728,1.32773,1.30961,1.31227,181.20000000000135,-150.09999999999968,Friday,4,2012-W10
2012-03-12,1.3104,1.31579,1.30782,1.31539,79.70000000000033,49.9000000000005,Monday,0,2012-W11
2012-03-13,1.31535,1.31906,1.30514,1.3083,139.19999999999933,-70.5,Tuesday,1,2012-W11
2012-03-14,1.30831,1.30894,1.30103,1.30318,79.10000000000083,-51.30000000000079,Wednesday,2,2012-W11
2012-03-15,1.30321,1.31188,1.30033,1.30796,115.49999999999949,47.50000000000032,Thursday,3,2012-W11
2012-03-16,1.30797,1.31866,1.30484,1.31741,138.19999999999942,94.39999999999893,Friday,4,2012-W11
2012-03-19,1.31756,1.32645,1.31412,1.32377,123.29999999999953,62.09999999999827,Monday,0,2012-W12
2012-03-20,1.32376,1.32514,1.31716,1.32241,79.79999999999876,-13.499999999999623,Tuesday,1,2012-W12
2012-03-21,1.32236,1.32843,1.3178,1.32152,106.29999999999917,-8.399999999999519,Wednesday,2,2012-W12
2012-03-22,1.32153,1.32538,1.31333,1.32,120.49999999999895,-15.300000000000313,Thursday,3,2012-W12
2012-03-23,1.32001,1.32925,1.31894,1.32691,103.10000000000042,69.00000000000128,Friday,4,2012-W12
2012-03-26,1.32708,1.3367,1.31913,1.33577,175.70000000000084,86.89999999999864,Monday,0,2012-W13
2012-03-27,1.33584,1.33846,1.3312,1.33128,72.60000000000045,-45.59999999999897,Tuesday,1,2012-W13
2012-03-28,1.3313,1.33727,1.32767,1.33161,96.00000000000053,3.1000000000003247,Wednesday,2,2012-W13
2012-03-29,1.33162,1.33447,1.32515,1.33012,93.19999999999995,-15.000000000000568,Thursday,3,2012-W13
2012-03-30,1.33013,1.33757,1.32936,1.33436,82.09999999999829,42.29999999999956,Friday,4,2012-W13
2012-04-02,1.33602,1.33796,1.32776,1.33198,101.99999999999987,-40.40000000000043,Monday,0,2012-W14
2012-04-03,1.33195,1.33668,1.32127,1.32327,154.10000000000144,-86.80000000000021,Tuesday,1,2012-W14
2012-04-04,1.32326,1.32384,1.31064,1.31413,131.99999999999878,-91.30000000000082,Wednesday,2,2012-W14
2012-04-05,1.31414,1.31637,1.30345,1.3065,129.20000000000041,-76.40000000000092,Thursday,3,2012-W14
2012-04-06,1.30648,1.31117,1.30508,1.30956,60.89999999999929,30.799999999999716,Friday,4,2012-W14
2012-04-09,1.31019,1.31332,1.30327,1.31049,100.50000000000114,2.9999999999996696,Monday,0,2012-W15
2012-04-10,1.31048,1.31437,1.30537,1.3081,90.0000000000012,-23.800000000000487,Tuesday,1,2012-W15
2012-04-11,1.30811,1.31563,1.30657,1.31085,90.60000000000068,27.399999999999647,Wednesday,2,2012-W15
2012-04-12,1.31086,1.3212,1.31013,1.31868,110.69999999999914,78.20000000000161,Thursday,3,2012-W15
2012-04-13,1.31866,1.32003,1.30688,1.3077,131.49999999999994,-109.59999999999859,Friday,4,2012-W15
2012-04-16,1.30661,1.3147,1.2994,1.3141,152.9999999999987,74.89999999999996,Monday,0,2012-W16
2012-04-17,1.31412,1.31718,1.30897,1.31255,82.1000000000005,-15.699999999998493,Tuesday,1,2012-W16
2012-04-18,1.31268,1.31404,1.30571,1.31222,83.3000000000017,-4.60000000000127,Wednesday,2,2012-W16
2012-04-19,1.31221,1.31644,1.30685,1.31368,95.89999999999988,14.699999999998603,Thursday,3,2012-W16
2012-04-20,1.31366,1.32266,1.31281,1.32189,98.49999999999915,82.2999999999996,Friday,4,2012-W16
2012-04-23,1.31828,1.32096,1.3104,1.31554,105.59999999999903,-27.399999999999647,Monday,0,2012-W17
2012-04-24,1.31558,1.32175,1.31443,1.31965,73.19999999999993,40.70000000000018,Tuesday,1,2012-W17
2012-04-25,1.31964,1.32358,1.31732,1.32162,62.599999999999326,19.800000000000928,Wednesday,2,2012-W17
2012-04-26,1.32161,1.32621,1.3198,1.32207,64.10000000000026,4.60000000000127,Thursday,3,2012-W17
2012-04-27,1.32176,1.32695,1.31567,1.32535,112.80000000000179,35.89999999999982,Friday,4,2012-W17
2012-04-30,1.32367,1.3266,1.32073,1.32382,58.700000000000415,1.500000000000945,Monday,0,2012-W18
2012-05-01,1.32384,1.32829,1.32035,1.32362,79.40000000000057,-2.1999999999988695,Tuesday,1,2012-W18
2012-05-02,1.32363,1.32407,1.31216,1.31578,119.10000000000088,-78.50000000000135,Wednesday,2,2012-W18
2012-05-03,1.31577,1.31796,1.3095,1.31517,84.59999999999911,-6.00000000000156,Thursday,3,2012-W18
2012-05-04,1.31519,1.31776,1.30797,1.30835,97.89999999999965,-68.4000000000018,Friday,4,2012-W18
2012-05-07,1.3013,1.30639,1.29545,1.30499,109.3999999999995,36.90000000000193,Monday,0,2012-W19
2012-05-08,1.30501,1.30648,1.29819,1.30049,82.90000000000131,-45.2000000000008,Tuesday,1,2012-W19
2012-05-09,1.3005,1.30069,1.29108,1.29282,96.09999999999897,-76.79999999999909,Wednesday,2,2012-W19
2012-05-10,1.29283,1.29788,1.29236,1.2935,55.19999999999969,6.700000000001705,Thursday,3,2012-W19
2012-05-11,1.29346,1.29566,1.29043,1.29161,52.30000000000068,-18.500000000001293,Friday,4,2012-W19
2012-05-14,1.2901,1.29036,1.28208,1.28227,82.79999999999843,-78.30000000000004,Monday,0,2012-W20
2012-05-15,1.28229,1.28684,1.27212,1.27286,147.20000000000067,-94.29999999999828,Tuesday,1,2012-W20
2012-05-16,1.27285,1.27583,1.26806,1.27153,77.70000000000054,-13.199999999999878,Wednesday,2,2012-W20
2012-05-17,1.27152,1.27486,1.26662,1.26975,82.40000000000025,-17.700000000000493,Thursday,3,2012-W20
2012-05-18,1.26977,1.27938,1.26415,1.27795,152.29999999999853,81.79999999999853,Friday,4,2012-W20
2012-05-21,1.27642,1.2824,1.27246,1.28165,99.4000000000006,52.29999999999846,Monday,0,2012-W21
2012-05-22,1.28162,1.28192,1.26572,1.26828,161.99999999999991,-133.39999999999907,Tuesday,1,2012-W21
2012-05-23,1.26829,1.26876,1.25447,1.25815,142.90000000000137,-101.39999999999816,Wednesday,2,2012-W21
2012-05-24,1.25818,1.2619,1.25153,1.25317,103.6999999999999,-50.10000000000181,Thursday,3,2012-W21
2012-05-25,1.25318,1.26011,1.24956,1.25162,105.5000000000006,-15.600000000000058,Friday,4,2012-W21
2012-05-28,1.25752,1.26238,1.25242,1.25405,99.59999999999968,-34.699999999998624,Monday,0,2012-W22
2012-05-29,1.25406,1.25739,1.24604,1.25018,113.49999999999972,-38.79999999999883,Tuesday,1,2012-W22
2012-05-30,1.25017,1.25047,1.23609,1.23658,143.80000000000058,-135.89999999999992,Wednesday,2,2012-W22
2012-05-31,1.23657,1.24277,1.23358,1.2365,91.90000000000032,-0.700000000000145,Thursday,3,2012-W22
2012-06-01,1.23646,1.2455,1.22877,1.24338,167.30000000000135,69.20000000000037,Friday,4,2012-W22
2012-06-04,1.24172,1.25089,1.23852,1.24984,123.69999999999992,81.20000000000127,Monday,0,2012-W23
2012-06-05,1.24983,1.25417,1.24094,1.24517,132.30000000000075,-46.599999999998865,Tuesday,1,2012-W23
2012-06-06,1.2452,1.25846,1.24402,1.25804,144.4000000000001,128.39999999999964,Wednesday,2,2012-W23
2012-06-07,1.25805,1.26246,1.25394,1.25595,85.19999999999861,-20.999999999999908,Thursday,3,2012-W23
2012-06-08,1.25601,1.25742,1.24349,1.25158,139.29999999999998,-44.30000000000156,Friday,4,2012-W23
2012-06-11,1.264,1.26681,1.24799,1.24826,188.20000000000059,-157.4000000000009,Monday,0,2012-W24
2012-06-12,1.24814,1.25287,1.24419,1.25026,86.80000000000021,21.199999999998997,Tuesday,1,2012-W24
2012-06-13,1.25025,1.26098,1.24731,1.2556,136.7000000000007,53.49999999999966,Wednesday,2,2012-W24
2012-06-14,1.25561,1.26362,1.25413,1.26322,94.89999999999998,76.10000000000116,Thursday,3,2012-W24
2012-06-15,1.26323,1.26641,1.25914,1.26396,72.7000000000011,7.299999999998974,Friday,4,2012-W24
2012-06-18,1.26973,1.27471,1.25564,1.25752,190.6999999999992,-122.10000000000053,Monday,0,2012-W25
2012-06-19,1.25755,1.27298,1.2568,1.26844,161.80000000000084,108.90000000000066,Tuesday,1,2012-W25
2012-06-20,1.26848,1.27423,1.26374,1.27058,104.89999999999888,20.999999999999908,Wednesday,2,2012-W25
2012-06-21,1.27059,1.27072,1.25308,1.25404,176.400000000001,-165.50000000000065,Thursday,3,2012-W25
2012-06-22,1.25401,1.25826,1.25187,1.25696,63.899999999998954,29.50000000000008,Friday,4,2012-W25
2012-06-25,1.25467,1.25578,1.24705,1.25031,87.29999999999905,-43.5999999999992,Monday,0,2012-W26
2012-06-26,1.25032,1.25298,1.24413,1.24906,88.50000000000024,-12.600000000000389,Tuesday,1,2012-W26
2012-06-27,1.24902,1.25075,1.2445,1.24682,62.50000000000089,-21.999999999999797,Wednesday,2,2012-W26
2012-06-28,1.2468,1.25237,1.24067,1.24427,117.00000000000044,-25.299999999999212,Thursday,3,2012-W26
2012-06-29,1.24426,1.2692,1.24321,1.26602,259.9000000000018,217.60000000000002,Friday,4,2012-W26
2012-07-02,1.26769,1.26797,1.25675,1.25768,112.20000000000007,-100.10000000000075,Monday,0,2012-W27
2012-07-03,1.25739,1.26265,1.25586,1.26067,67.90000000000074,32.7999999999995,Tuesday,1,2012-W27
2012-07-04,1.26066,1.26071,1.25075,1.25271,99.59999999999968,-79.49999999999902,Wednesday,2,2012-W27
2012-07-05,1.25272,1.25381,1.23633,1.23908,174.80000000000163,-136.40000000000097,Thursday,3,2012-W27
2012-07-06,1.23909,1.24007,1.22595,1.22871,141.1999999999991,-103.80000000000055,Friday,4,2012-W27
2012-07-09,1.22634,1.23232,1.22556,1.2312,67.60000000000099,48.60000000000086,Monday,0,2012-W28
2012-07-10,1.23119,1.23331,1.22344,1.22492,98.69999999999823,-62.699999999999974,Tuesday,1,2012-W28
2012-07-11,1.22491,1.22963,1.22122,1.22383,84.10000000000028,-10.799999999999699,Wednesday,2,2012-W28
2012-07-12,1.22386,1.2248,1.21662,1.22025,81.80000000000076,-36.099999999998914,Thursday,3,2012-W28
2012-07-13,1.22024,1.22558,1.21617,1.22486,94.09999999999918,46.200000000000685,Friday,4,2012-W28
2012-07-16,1.22672,1.2289,1.21748,1.2272,114.20000000000208,4.8000000000003595,Monday,0,2012-W29
2012-07-17,1.22713,1.23161,1.21884,1.22936,127.7000000000017,22.299999999999542,Tuesday,1,2012-W29
2012-07-18,1.22937,1.23055,1.22162,1.22828,89.30000000000105,-10.900000000000354,Wednesday,2,2012-W29
2012-07-19,1.22825,1.23211,1.22285,1.22803,92.60000000000046,-2.20000000000109,Thursday,3,2012-W29
2012-07-20,1.22801,1.22822,1.21436,1.21564,138.59999999999982,-123.69999999999992,Friday,4,2012-W29
2012-07-23,1.21202,1.2144,1.20667,1.21159,77.30000000000015,-4.300000000001525,Monday,0,2012-W30
2012-07-24,1.21157,1.21373,1.20414,1.20591,95.89999999999988,-56.59999999999998,Tuesday,1,2012-W30
2012-07-25,1.2059,1.21697,1.20526,1.21573,117.10000000000109,98.30000000000005,Wednesday,2,2012-W30
2012-07-26,1.2157,1.23288,1.21169,1.22822,211.90000000000043,125.20000000000087,Thursday,3,2012-W30
2012-07-27,1.22819,1.23891,1.22409,1.23211,148.20000000000056,39.20000000000145,Friday,4,2012-W30
2012-07-30,1.22981,1.23098,1.22246,1.22597,85.19999999999861,-38.40000000000066,Monday,0,2012-W31
2012-07-31,1.22595,1.23294,1.22482,1.23025,81.19999999999905,42.9999999999997,Tuesday,1,2012-W31
2012-08-01,1.23032,1.23358,1.22173,1.22245,118.49999999999916,-78.70000000000044,Wednesday,2,2012-W31
2012-08-02,1.22244,1.24046,1.21332,1.21795,271.3999999999994,-44.899999999998826,Thursday,3,2012-W31
2012-08-03,1.21797,1.23916,1.21659,1.23865,225.6999999999998,206.80000000000032,Friday,4,2012-W31
2012-08-06,1.23972,1.24426,1.2341,1.24,101.59999999999947,2.80000000000058,Monday,0,2012-W32
2012-08-07,1.24001,1.24412,1.23753,1.23983,65.89999999999874,-1.80000000000069,Tuesday,1,2012-W32
2012-08-08,1.23982,1.24016,1.23261,1.23645,75.49999999999946,-33.69999999999873,Wednesday,2,2012-W32
2012-08-09,1.23644,1.23865,1.22664,1.23054,120.10000000000076,-59.00000000000016,Thursday,3,2012-W32
2012-08-10,1.23053,1.23161,1.22407,1.2289,75.40000000000103,-16.299999999997983,Friday,4,2012-W32
2012-08-13,1.22899,1.23727,1.22602,1.23312,112.49999999999983,41.29999999999967,Monday,0,2012-W33
2012-08-14,1.23314,1.2385,1.23164,1.23216,68.59999999999866,-9.799999999999809,Tuesday,1,2012-W33
2012-08-15,1.23217,1.23429,1.22634,1.22897,79.50000000000124,-32.00000000000092,Wednesday,2,2012-W33
2012-08-16,1.22895,1.2372,1.22551,1.23551,116.89999999999978,65.60000000000122,Thursday,3,2012-W33
2012-08-17,1.2355,1.23813,1.22883,1.23326,92.99999999999864,-22.400000000000198,Friday,4,2012-W33
2012-08-20,1.23516,1.2368,1.22946,1.23446,73.39999999999903,-7.0000000000014495,Monday,0,2012-W34
2012-08-21,1.23447,1.24869,1.23415,1.24716,145.39999999999998,126.9000000000009,Tuesday,1,2012-W34
2012-08-22,1.24714,1.25373,1.24305,1.25281,106.80000000000022,56.70000000000064,Wednesday,2,2012-W34
2012-08-23,1.25283,1.25887,1.25228,1.25629,65.89999999999874,34.59999999999796,Thursday,3,2012-W34
2012-08-24,1.25632,1.25678,1.24807,1.25112,87.09999999999995,-52.00000000000094,Friday,4,2012-W34
2012-08-27,1.25123,1.25348,1.24892,1.24982,45.59999999999897,-14.100000000001334,Monday,0,2012-W35
2012-08-28,1.24979,1.2576,1.24646,1.25638,111.4000000000015,65.90000000000096,Tuesday,1,2012-W35
2012-08-29,1.25637,1.25726,1.25181,1.25294,54.499999999999545,-34.30000000000044,Wednesday,2,2012-W35
2012-08-30,1.25292,1.2563,1.24866,1.25055,76.3999999999987,-23.699999999999832,Thursday,3,2012-W35
2012-08-31,1.25054,1.26369,1.24929,1.25786,143.9999999999997,73.19999999999993,Friday,4,2012-W35
2012-09-03,1.25707,1.26103,1.25595,1.25919,50.80000000000196,21.200000000001218,Monday,0,2012-W36
2012-09-04,1.25918,1.26271,1.25545,1.25654,72.60000000000045,-26.399999999999757,Tuesday,1,2012-W36
2012-09-05,1.25655,1.26236,1.2501,1.25997,122.59999999999937,34.19999999999979,Wednesday,2,2012-W36
2012-09-06,1.25997,1.26509,1.25607,1.263,90.20000000000027,30.29999999999866,Thursday,3,2012-W36
2012-09-07,1.26301,1.28167,1.26257,1.28155,191.00000000000117,185.4,Friday,4,2012-W36
2012-09-10,1.28081,1.28117,1.27549,1.27574,56.79999999999907,-50.69999999999908,Monday,0,2012-W37
2012-09-11,1.27575,1.28704,1.27543,1.2854,116.09999999999899,96.50000000000159,Tuesday,1,2012-W37
2012-09-12,1.28542,1.29359,1.28149,1.28987,121.0,44.500000000000654,Wednesday,2,2012-W37
2012-09-13,1.28988,1.30008,1.28563,1.29887,144.49999999999852,89.90000000000053,Thursday,3,2012-W37
2012-09-14,1.29891,1.31682,1.29793,1.31275,188.90000000000074,138.40000000000074,Friday,4,2012-W37
2012-09-17,1.312,1.31709,1.30825,1.31166,88.40000000000181,-3.4000000000000696,Monday,0,2012-W38
2012-09-18,1.31161,1.31207,1.30287,1.3047,92.00000000000097,-69.09999999999971,Tuesday,1,2012-W38
2012-09-19,1.30468,1.30842,1.29927,1.30478,91.49999999999991,0.9999999999998899,Wednesday,2,2012-W38
2012-09-20,1.30482,1.30583,1.29186,1.29678,139.7000000000004,-80.40000000000047,Thursday,3,2012-W38
2012-09-21,1.29679,1.3047,1.29548,1.29782,92.20000000000006,10.299999999998644,Friday,4,2012-W38
2012-09-24,1.29758,1.29903,1.28903,1.29299,100.00000000000009,-45.89999999999872,Monday,0,2012-W39
2012-09-25,1.29302,1.29701,1.28856,1.29005,84.50000000000068,-29.700000000001392,Tuesday,1,2012-W39
2012-09-26,1.29006,1.29122,1.28345,1.28728,77.70000000000054,-27.800000000000047,Wednesday,2,2012-W39
2012-09-27,1.28722,1.29274,1.28285,1.29128,98.89999999999955,40.599999999999525,Thursday,3,2012-W39
2012-09-28,1.29139,1.2959,1.2838,1.2858,121.0,-55.899999999999835,Friday,4,2012-W39
2012-10-01,1.28456,1.2938,1.28031,1.28873,134.90000000000003,41.700000000000074,Monday,0,2012-W40
2012-10-02,1.28875,1.29671,1.28796,1.29185,87.50000000000036,30.999999999998806,Tuesday,1,2012-W40
2012-10-03,1.29184,1.29364,1.28767,1.29046,59.699999999998084,-13.800000000001589,Wednesday,2,2012-W40
2012-10-04,1.29047,1.30308,1.2901,1.3017,129.79999999999993,112.30000000000074,Thursday,3,2012-W40
2012-10-05,1.30169,1.30708,1.29933,1.30355,77.49999999999923,18.599999999999728,Friday,4,2012-W40
2012-10-08,1.30243,1.3025,1.29371,1.29676,87.90000000000076,-56.70000000000064,Monday,0,2012-W41
2012-10-09,1.29674,1.299,1.28582,1.28842,131.7999999999997,-83.20000000000105,Tuesday,1,2012-W41
2012-10-10,1.28844,1.29126,1.28347,1.28734,77.89999999999964,-11.000000000001009,Wednesday,2,2012-W41
2012-10-11,1.28732,1.29512,1.28248,1.29265,126.39999999999985,53.300000000000566,Thursday,3,2012-W41
2012-10-12,1.29264,1.29909,1.29218,1.29505,69.09999999999971,24.100000000000232,Friday,4,2012-W41
2012-10-15,1.29532,1.2978,1.28899,1.2948,88.09999999999985,-5.20000000000076,Monday,0,2012-W42
2012-10-16,1.29474,1.30601,1.29421,1.30528,117.99999999999811,105.39999999999993,Tuesday,1,2012-W42
2012-10-17,1.3053,1.31387,1.30521,1.31178,86.60000000000112,64.80000000000041,Wednesday,2,2012-W42
2012-10-18,1.31183,1.31279,1.3055,1.30658,72.89999999999796,-52.49999999999977,Thursday,3,2012-W42
2012-10-19,1.30659,1.30763,1.30124,1.30236,63.90000000000118,-42.29999999999956,Friday,4,2012-W42
2012-10-22,1.30207,1.30828,1.30149,1.30587,67.90000000000074,38.000000000000256,Monday,0,2012-W43
2012-10-23,1.30586,1.30748,1.29513,1.29857,123.50000000000082,-72.90000000000019,Tuesday,1,2012-W43
2012-10-24,1.29858,1.2996,1.29196,1.29725,76.40000000000092,-13.300000000000534,Wednesday,2,2012-W43
2012-10-25,1.29726,1.30223,1.29263,1.29329,96.00000000000053,-39.70000000000029,Thursday,3,2012-W43
2012-10-26,1.29328,1.29555,1.2882,1.29382,73.49999999999967,5.399999999999849,Friday,4,2012-W43
2012-10-29,1.29411,1.29456,1.28845,1.29033,61.099999999998374,-37.80000000000116,Monday,0,2012-W44
2012-10-30,1.29035,1.29828,1.28852,1.29592,97.59999999999991,55.699999999998525,Tuesday,1,2012-W44
2012-10-31,1.29589,1.30199,1.29458,1.29591,74.09999999999917,0.1999999999990898,Wednesday,2,2012-W44
2012-11-01,1.29592,1.29819,1.29239,1.2942,58.00000000000027,-17.199999999999438,Thursday,3,2012-W44
2012-11-02,1.29419,1.29502,1.28206,1.28337,129.60000000000082,-108.20000000000051,Friday,4,2012-W44
2012-11-05,1.28161,1.28419,1.27666,1.27952,75.30000000000037,-20.899999999999253,Monday,0,2012-W45
2012-11-06,1.27953,1.28259,1.27628,1.28134,63.09999999999816,18.099999999998673,Tuesday,1,2012-W45
2012-11-07,1.28132,1.28756,1.27357,1.27704,139.89999999999947,-42.800000000000615,Wednesday,2,2012-W45
2012-11-08,1.27703,1.27802,1.27164,1.2746,63.799999999998306,-24.300000000001543,Thursday,3,2012-W45
2012-11-09,1.27459,1.27894,1.26892,1.27097,100.19999999999918,-36.19999999999956,Friday,4,2012-W45
2012-11-12,1.27118,1.27383,1.26967,1.27087,41.59999999999941,-3.1000000000003247,Monday,0,2012-W46
2012-11-13,1.2709,1.27276,1.26608,1.27035,66.79999999999797,-5.499999999998284,Tuesday,1,2012-W46
2012-11-14,1.2703,1.27775,1.26996,1.27346,77.89999999999964,31.600000000000517,Wednesday,2,2012-W46
2012-11-15,1.27349,1.28011,1.27167,1.27802,84.40000000000003,45.29999999999923,Thursday,3,2012-W46
2012-11-16,1.27801,1.2785,1.26898,1.2742,95.19999999999973,-38.10000000000091,Friday,4,2012-W46
2012-11-19,1.27481,1.2819,1.27395,1.28125,79.50000000000124,64.4,Monday,0,2012-W47
2012-11-20,1.28124,1.28287,1.27641,1.28161,64.5999999999991,3.6999999999998145,Tuesday,1,2012-W47
2012-11-21,1.28159,1.28326,1.27357,1.28284,96.89999999999976,12.499999999999734,Wednesday,2,2012-W47
2012-11-22,1.28275,1.2898,1.28256,1.28831,72.40000000000136,55.600000000000094,Thursday,3,2012-W47
2012-11-23,1.28826,1.29899,1.28677,1.29722,122.2000000000012,89.60000000000079,Friday,4,2012-W47
2012-11-26,1.29674,1.29839,1.29435,1.29708,40.40000000000043,3.4000000000000696,Monday,0,2012-W48
2012-11-27,1.2971,1.3008,1.29148,1.29418,93.19999999999995,-29.199999999998116,Tuesday,1,2012-W48
2012-11-28,1.29417,1.29538,1.28793,1.29517,74.49999999999957,9.999999999998899,Wednesday,2,2012-W48
2012-11-29,1.29518,1.30133,1.29384,1.29781,74.89999999999996,26.299999999999102,Thursday,3,2012-W48
2012-11-30,1.29776,1.30267,1.29675,1.2986,59.19999999999925,8.399999999999519,Friday,4,2012-W48
2012-12-03,1.29824,1.3075,1.29824,1.30526,92.60000000000046,70.20000000000026,Monday,0,2012-W49
2012-12-04,1.30527,1.31075,1.30452,1.30936,62.3000000000018,40.90000000000149,Tuesday,1,2012-W49
2012-12-05,1.30935,1.31259,1.30595,1.30669,66.39999999999979,-26.600000000001067,Wednesday,2,2012-W49
2012-12-06,1.30668,1.30858,1.29497,1.29664,136.10000000000122,-100.40000000000049,Thursday,3,2012-W49
2012-12-07,1.29671,1.29718,1.28761,1.29264,95.70000000000078,-40.70000000000018,Friday,4,2012-W49
2012-12-10,1.28893,1.29458,1.28852,1.29399,60.59999999999954,50.60000000000065,Monday,0,2012-W50
2012-12-11,1.29401,1.30141,1.2928,1.30048,86.10000000000007,64.69999999999976,Tuesday,1,2012-W50
2012-12-12,1.30046,1.30968,1.2995,1.30729,101.79999999999856,68.30000000000113,Wednesday,2,2012-W50
2012-12-13,1.3073,1.30996,1.30402,1.30763,59.40000000000056,3.300000000001635,Thursday,3,2012-W50
2012-12-14,1.30765,1.31726,1.30657,1.31625,106.90000000000089,85.9999999999994,Friday,4,2012-W50
2012-12-17,1.31782,1.31879,1.31434,1.31633,44.49999999999843,-14.899999999999913,Monday,0,2012-W51
2012-12-18,1.31632,1.32376,1.31551,1.32277,82.50000000000091,64.50000000000067,Tuesday,1,2012-W51
2012-12-19,1.32282,1.33075,1.32225,1.32257,85.00000000000173,-2.500000000000835,Wednesday,2,2012-W51
2012-12-20,1.32258,1.32944,1.31878,1.32434,106.59999999999891,17.599999999999838,Thursday,3,2012-W51
2012-12-21,1.32432,1.32519,1.3158,1.31876,93.90000000000009,-55.600000000000094,Friday,4,2012-W51
2012-12-24,1.31752,1.32329,1.31707,1.31905,62.20000000000114,15.300000000000313,Monday,0,2012-W52
2012-12-26,1.32099,1.32535,1.31869,1.32237,66.6000000000011,13.799999999999368,Wednesday,2,2012-W52
2012-12-27,1.32238,1.32828,1.32008,1.32359,81.99999999999986,12.099999999999334,Thursday,3,2012-W52
2012-12-28,1.32354,1.32558,1.31652,1.32162,90.60000000000068,-19.199999999999218,Friday,4,2012-W52
2012-12-31,1.32134,1.32341,1.31716,1.31928,62.499999999998664,-20.599999999999508,Monday,0,2012-W01
2013-01-02,1.32041,1.32987,1.3156,1.31854,142.70000000000005,-18.700000000000383,Wednesday,2,2013-W01
2013-01-03,1.31856,1.31897,1.3046,1.30481,143.69999999999993,-137.4999999999993,Thursday,3,2013-W01
2013-01-04,1.30482,1.30887,1.29968,1.30677,91.90000000000032,19.499999999998963,Friday,4,2013-W01
2013-01-07,1.30751,1.31187,1.30162,1.31157,102.50000000000092,40.599999999999525,Monday,0,2013-W02
2013-01-08,1.31159,1.31391,1.30556,1.30805,83.49999999999858,-35.400000000000986,Tuesday,1,2013-W02
2013-01-09,1.30804,1.30951,1.30358,1.30639,59.29999999999991,-16.500000000001513,Wednesday,2,2013-W02
2013-01-10,1.30638,1.32731,1.30381,1.32708,235.00000000000077,206.9999999999994,Thursday,3,2013-W02
2013-01-11,1.32709,1.33651,1.32477,1.33418,117.40000000000083,70.89999999999819,Friday,4,2013-W02
2013-01-14,1.33608,1.34031,1.33355,1.33814,67.59999999999877,20.600000000001728,Monday,0,2013-W03
2013-01-15,1.33812,1.33929,1.32628,1.33045,130.10000000000187,-76.70000000000066,Tuesday,1,2013-W03
2013-01-16,1.33042,1.3324,1.32559,1.32883,68.09999999999982,-15.899999999999803,Wednesday,2,2013-W03
2013-01-17,1.32882,1.33867,1.32691,1.3375,117.59999999999992,86.80000000000021,Thursday,3,2013-W03
2013-01-18,1.33755,1.33974,1.32798,1.33188,117.59999999999992,-56.70000000000064,Friday,4,2013-W03
2013-01-21,1.33087,1.33315,1.32991,1.3313,32.40000000000131,4.299999999999304,Monday,0,2013-W04
2013-01-22,1.33128,1.33708,1.32662,1.33219,104.60000000000136,9.099999999999664,Tuesday,1,2013-W04
2013-01-23,1.3322,1.33537,1.32638,1.33172,89.90000000000053,-4.8000000000003595,Wednesday,2,2013-W04
2013-01-24,1.33175,1.33919,1.32855,1.33764,106.40000000000205,58.89999999999951,Thursday,3,2013-W04
2013-01-25,1.33768,1.34784,1.33491,1.34637,129.29999999999887,86.90000000000086,Friday,4,2013-W04
2013-01-28,1.34653,1.34766,1.3424,1.34547,52.60000000000042,-10.600000000000609,Monday,0,2013-W05
2013-01-29,1.34541,1.34965,1.34137,1.34915,82.80000000000065,37.400000000000766,Tuesday,1,2013-W05
2013-01-30,1.3491,1.35867,1.34814,1.3566,105.3000000000015,75.00000000000063,Wednesday,2,2013-W05
2013-01-31,1.35659,1.35935,1.35406,1.35766,52.90000000000017,10.700000000001264,Thursday,3,2013-W05
2013-02-01,1.35765,1.37102,1.35725,1.36398,137.69999999999837,63.29999999999947,Friday,4,2013-W05
2013-02-04,1.36503,1.36591,1.35045,1.35125,154.6000000000003,-137.79999999999905,Monday,0,2013-W06
2013-02-05,1.35137,1.35967,1.34577,1.35825,139.00000000000023,68.79999999999997,Tuesday,1,2013-W06
2013-02-06,1.35824,1.35953,1.34928,1.35217,102.4999999999987,-60.69999999999798,Wednesday,2,2013-W06
2013-02-07,1.35218,1.35767,1.33698,1.33972,206.89999999999876,-124.59999999999916,Thursday,3,2013-W06
2013-02-08,1.33968,1.34284,1.33526,1.33652,75.80000000000142,-31.600000000000517,Friday,4,2013-W06
2013-02-11,1.33684,1.34266,1.33564,1.34051,70.20000000000026,36.70000000000062,Monday,0,2013-W07
2013-02-12,1.34055,1.34749,1.33632,1.34538,111.70000000000124,48.30000000000112,Tuesday,1,2013-W07
2013-02-13,1.34533,1.35192,1.34255,1.3451,93.70000000000101,-2.2999999999995246,Wednesday,2,2013-W07
2013-02-14,1.34512,1.34549,1.33145,1.33622,140.40000000000052,-89.00000000000131,Thursday,3,2013-W07
2013-02-15,1.33625,1.33925,1.33056,1.33587,86.90000000000086,-3.8000000000004697,Friday,4,2013-W07
2013-02-18,1.33488,1.33761,1.33208,1.33505,55.30000000000035,1.7000000000000348,Monday,0,2013-W08
2013-02-19,1.33502,1.33952,1.33283,1.33874,66.90000000000084,37.199999999999456,Tuesday,1,2013-W08
2013-02-20,1.3387,1.34333,1.32704,1.32828,162.89999999999915,-104.20000000000095,Wednesday,2,2013-W08
2013-02-21,1.32814,1.32896,1.31606,1.31892,128.99999999999912,-92.20000000000006,Thursday,3,2013-W08
2013-02-22,1.31902,1.32446,1.31444,1.31912,100.19999999999918,0.9999999999998899,Friday,4,2013-W08
2013-02-25,1.32162,1.3318,1.30471,1.30616,270.9000000000006,-154.6000000000003,Monday,0,2013-W09
2013-02-26,1.30617,1.31218,1.30176,1.306,104.19999999999874,-1.7000000000000348,Tuesday,1,2013-W09
2013-02-27,1.30602,1.31461,1.30406,1.31381,105.5000000000006,77.89999999999964,Wednesday,2,2013-W09
2013-02-28,1.31384,1.31611,1.30525,1.30557,108.5999999999987,-82.69999999999999,Thursday,3,2013-W09
2013-03-01,1.30559,1.31003,1.29658,1.30188,134.49999999999963,-37.10000000000102,Friday,4,2013-W09
2013-03-04,1.30119,1.30305,1.29816,1.30249,48.90000000000061,12.999999999998568,Monday,0,2013-W10
2013-03-05,1.30251,1.30746,1.30094,1.30505,65.20000000000081,25.399999999999867,Tuesday,1,2013-W10
2013-03-06,1.30507,1.30699,1.29644,1.29663,105.5000000000006,-84.40000000000003,Wednesday,2,2013-W10
2013-03-07,1.2966,1.31177,1.29654,1.31062,152.30000000000078,140.19999999999922,Thursday,3,2013-W10
2013-03-08,1.3106,1.31335,1.29545,1.30043,179.00000000000028,-101.70000000000013,Friday,4,2013-W10
2013-03-11,1.29862,1.30529,1.29787,1.30451,74.19999999999982,58.89999999999951,Monday,0,2013-W11
2013-03-12,1.30447,1.30737,1.29903,1.3033,83.40000000000015,-11.700000000001154,Tuesday,1,2013-W11
2013-03-13,1.30331,1.3064,1.29226,1.29603,141.4000000000004,-72.79999999999953,Wednesday,2,2013-W11
2013-03-14,1.29606,1.30316,1.29107,1.30039,120.90000000000157,43.29999999999945,Thursday,3,2013-W11
2013-03-15,1.30037,1.31064,1.29986,1.30752,107.80000000000013,71.4999999999999,Friday,4,2013-W11
2013-03-18,1.29074,1.2995,1.28812,1.29551,113.80000000000167,47.699999999999406,Monday,0,2013-W12
2013-03-19,1.29552,1.2969,1.28431,1.28813,125.89999999999878,-73.90000000000008,Tuesday,1,2013-W12
2013-03-20,1.28812,1.29776,1.2856,1.29318,121.59999999999948,50.60000000000065,Wednesday,2,2013-W12
2013-03-21,1.29317,1.29545,1.28789,1.28973,75.60000000000011,-34.399999999998876,Thursday,3,2013-W12
2013-03-22,1.28972,1.30092,1.28875,1.29884,121.70000000000014,91.20000000000017,Friday,4,2013-W12
2013-03-25,1.29473,1.30473,1.28292,1.28521,218.09999999999886,-95.19999999999973,Monday,0,2013-W13
2013-03-26,1.28522,1.2889,1.28275,1.28598,61.49999999999878,7.599999999998719,Tuesday,1,2013-W13
2013-03-27,1.28603,1.28663,1.27505,1.27794,115.79999999999924,-80.89999999999931,Wednesday,2,2013-W13
2013-03-28,1.27796,1.28437,1.27545,1.28154,89.20000000000039,35.799999999999166,Thursday,3,2013-W13
2013-03-29,1.28153,1.28364,1.27926,1.28196,43.799999999998285,4.299999999999304,Friday,4,2013-W13
2013-04-01,1.28046,1.28672,1.27707,1.28477,96.50000000000159,43.100000000000364,Monday,0,2013-W14
2013-04-02,1.2847,1.28769,1.28083,1.28183,68.60000000000088,-28.69999999999928,Tuesday,1,2013-W14
2013-04-03,1.28187,1.28637,1.2789,1.28475,74.70000000000087,28.799999999999937,Wednesday,2,2013-W14
2013-04-04,1.28471,1.29481,1.2745,1.29353,203.1000000000005,88.2000000000005,Thursday,3,2013-W14
2013-04-05,1.29355,1.30392,1.28999,1.29895,139.29999999999998,54.00000000000071,Friday,4,2013-W14
2013-04-08,1.2973,1.3037,1.29676,1.30077,69.40000000000168,34.70000000000084,Monday,0,2013-W15
2013-04-09,1.30082,1.31024,1.30043,1.30814,98.10000000000096,73.19999999999993,Tuesday,1,2013-W15
2013-04-10,1.30813,1.31212,1.30517,1.30692,69.50000000000011,-12.099999999999334,Wednesday,2,2013-W15
2013-04-11,1.30699,1.31375,1.3043,1.30992,94.49999999999959,29.29999999999877,Thursday,3,2013-W15
2013-04-12,1.31002,1.31259,1.30361,1.31117,89.79999999999988,11.499999999999844,Friday,4,2013-W15
2013-04-15,1.31147,1.31148,1.3021,1.30343,93.79999999999944,-80.39999999999824,Monday,0,2013-W16
2013-04-16,1.30355,1.32008,1.30274,1.31762,173.39999999999912,140.70000000000027,Tuesday,1,2013-W16
2013-04-17,1.31764,1.31989,1.30008,1.30307,198.10000000000105,-145.6999999999997,Wednesday,2,2013-W16
2013-04-18,1.30306,1.30955,1.30202,1.305,75.30000000000037,19.399999999998307,Thursday,3,2013-W16
2013-04-19,1.30502,1.31281,1.30446,1.30509,83.5000000000008,0.700000000000145,Friday,4,2013-W16
2013-04-22,1.30769,1.30835,1.30145,1.30653,68.99999999999906,-11.600000000000499,Monday,0,2013-W17
2013-04-23,1.30655,1.30833,1.29722,1.29944,111.09999999999954,-71.10000000000171,Tuesday,1,2013-W17
2013-04-24,1.2993,1.30332,1.29538,1.30164,79.40000000000057,23.400000000000087,Wednesday,2,2013-W17
2013-04-25,1.30164,1.30926,1.2988,1.30105,104.60000000000136,-5.899999999998684,Thursday,3,2013-W17
2013-04-26,1.30103,1.30468,1.29901,1.30293,56.70000000000064,19.000000000000128,Friday,4,2013-W17
2013-04-29,1.30483,1.31158,1.30312,1.3098,84.59999999999911,49.70000000000141,Monday,0,2013-W18
2013-04-30,1.30982,1.31849,1.30535,1.3167,131.3999999999993,68.79999999999997,Tuesday,1,2013-W18
2013-05-01,1.31667,1.32421,1.316,1.31782,82.1000000000005,11.499999999999844,Wednesday,2,2013-W18
2013-05-02,1.31784,1.32171,1.30365,1.30642,180.59999999999965,-114.19999999999986,Thursday,3,2013-W18
2013-05-03,1.30645,1.31586,1.30323,1.31136,126.29999999999919,49.10000000000192,Friday,4,2013-W18
2013-05-06,1.31222,1.31402,1.30529,1.30757,87.29999999999905,-46.500000000000426,Monday,0,2013-W19
2013-05-07,1.30758,1.31312,1.30672,1.30783,63.999999999999616,2.500000000000835,Tuesday,1,2013-W19
2013-05-08,1.30786,1.31935,1.3071,1.31515,122.50000000000094,72.90000000000019,Wednesday,2,2013-W19
2013-05-09,1.31518,1.31764,1.30097,1.30421,166.69999999999962,-109.69999999999925,Thursday,3,2013-W19
2013-05-10,1.30423,1.30502,1.29346,1.29897,115.60000000000015,-52.60000000000042,Friday,4,2013-W19
2013-05-13,1.29701,1.29989,1.29408,1.29742,58.10000000000093,4.100000000000215,Monday,0,2013-W20
2013-05-14,1.29744,1.30283,1.2912,1.2919,116.3000000000003,-55.39999999999878,Tuesday,1,2013-W20
2013-05-15,1.29192,1.29418,1.28425,1.28857,99.30000000000217,-33.499999999999645,Wednesday,2,2013-W20
2013-05-16,1.28854,1.29289,1.28457,1.28817,83.20000000000105,-3.6999999999998145,Thursday,3,2013-W20
2013-05-17,1.28814,1.2889,1.27957,1.28379,93.29999999999839,-43.50000000000076,Friday,4,2013-W20
2013-05-20,1.28417,1.29002,1.28188,1.28819,81.40000000000036,40.19999999999912,Monday,0,2013-W21
2013-05-21,1.28817,1.29328,1.28407,1.29053,92.0999999999994,23.599999999999177,Tuesday,1,2013-W21
2013-05-22,1.2905,1.29973,1.28329,1.28574,164.4000000000001,-47.59999999999876,Wednesday,2,2013-W21
2013-05-23,1.28573,1.29561,1.28207,1.29326,135.39999999999884,75.30000000000037,Thursday,3,2013-W21
2013-05-24,1.29327,1.29926,1.29035,1.29317,89.09999999999974,-0.9999999999998899,Friday,4,2013-W21
2013-05-27,1.29341,1.29479,1.29146,1.29299,33.30000000000055,-4.199999999998649,Monday,0,2013-W22
2013-05-28,1.29307,1.29488,1.28488,1.2855,100.00000000000009,-75.69999999999854,Tuesday,1,2013-W22
2013-05-29,1.28534,1.29767,1.28372,1.29403,139.50000000000128,86.90000000000086,Wednesday,2,2013-W22
2013-05-30,1.29402,1.30607,1.29327,1.30486,128.00000000000145,108.39999999999961,Thursday,3,2013-W22
2013-05-31,1.30489,1.30587,1.29435,1.29976,115.20000000000196,-51.30000000000079,Friday,4,2013-W22
2013-06-03,1.29932,1.31067,1.29547,1.30756,152.00000000000102,82.40000000000025,Monday,0,2013-W23
2013-06-04,1.30759,1.31007,1.30415,1.308,59.200000000001474,4.100000000000215,Tuesday,1,2013-W23
2013-06-05,1.30805,1.3115,1.30525,1.30925,62.50000000000089,12.000000000000899,Wednesday,2,2013-W23
2013-06-06,1.30926,1.33049,1.30744,1.32448,230.50000000000014,152.2000000000001,Thursday,3,2013-W23
2013-06-07,1.32446,1.32844,1.31911,1.32177,93.30000000000061,-26.900000000000812,Friday,4,2013-W23
2013-06-10,1.31912,1.32684,1.31768,1.32567,91.60000000000056,65.49999999999834,Monday,0,2013-W24
2013-06-11,1.32566,1.33169,1.32316,1.33124,85.30000000000149,55.79999999999919,Tuesday,1,2013-W24
2013-06-12,1.33127,1.33585,1.32648,1.33366,93.69999999999878,23.900000000001143,Wednesday,2,2013-W24
2013-06-13,1.33363,1.33894,1.32778,1.33742,111.60000000000059,37.8999999999996,Thursday,3,2013-W24
2013-06-14,1.33731,1.33747,1.32941,1.33467,80.59999999999957,-26.399999999999757,Friday,4,2013-W24
2013-06-17,1.33474,1.33807,1.33178,1.33659,62.900000000001285,18.499999999999073,Monday,0,2013-W25
2013-06-18,1.33658,1.3415,1.33251,1.33917,89.89999999999831,25.899999999998702,Tuesday,1,2013-W25
2013-06-19,1.33915,1.34162,1.32614,1.3294,154.7999999999994,-97.50000000000148,Wednesday,2,2013-W25
2013-06-20,1.32937,1.33011,1.31607,1.3219,140.3999999999983,-74.69999999999865,Thursday,3,2013-W25
2013-06-21,1.32192,1.32535,1.30979,1.31207,155.6000000000002,-98.49999999999915,Friday,4,2013-W25
2013-06-24,1.30908,1.31434,1.30584,1.31187,85.00000000000173,27.900000000000702,Monday,0,2013-W26
2013-06-25,1.31182,1.31499,1.30644,1.30766,85.50000000000057,-41.59999999999941,Tuesday,1,2013-W26
2013-06-26,1.30759,1.30864,1.29842,1.30112,102.20000000000118,-64.69999999999976,Wednesday,2,2013-W26
2013-06-27,1.30108,1.30564,1.29994,1.30379,56.99999999999817,27.099999999999902,Thursday,3,2013-W26
2013-06-28,1.30378,1.31024,1.29907,1.30092,111.70000000000124,-28.599999999998627,Friday,4,2013-W26
2013-07-01,1.3013,1.3066,1.30048,1.30624,61.19999999999904,49.40000000000167,Monday,0,2013-W27
2013-07-02,1.30642,1.30773,1.29627,1.29772,114.60000000000025,-86.9999999999993,Tuesday,1,2013-W27
2013-07-03,1.29769,1.30313,1.29224,1.3009,108.89999999999844,32.099999999999355,Wednesday,2,2013-W27
2013-07-04,1.30088,1.30226,1.28825,1.2913,140.1000000000008,-95.80000000000143,Thursday,3,2013-W27
2013-07-05,1.29122,1.29163,1.28053,1.28294,111.0000000000011,-82.80000000000065,Friday,4,2013-W27
2013-07-08,1.28108,1.28812,1.28106,1.28696,70.59999999999845,58.80000000000108,Monday,0,2013-W28
2013-07-09,1.28695,1.28975,1.27545,1.27803,142.9999999999998,-89.20000000000039,Tuesday,1,2013-W28
2013-07-10,1.27806,1.2988,1.27642,1.29772,223.79999999999845,196.6000000000001,Wednesday,2,2013-W28
2013-07-11,1.2977,1.32053,1.29626,1.30962,242.70000000000013,119.1999999999993,Thursday,3,2013-W28
2013-07-12,1.30964,1.30993,1.29985,1.30666,100.80000000000089,-29.799999999999827,Friday,4,2013-W28
2013-07-15,1.30772,1.30796,1.29927,1.30611,86.90000000000086,-16.099999999998893,Monday,0,2013-W29
2013-07-16,1.3061,1.31736,1.30501,1.31616,123.50000000000082,100.59999999999958,Tuesday,1,2013-W29
2013-07-17,1.31617,1.31776,1.30825,1.3124,95.1000000000013,-37.700000000000514,Wednesday,2,2013-W29
2013-07-18,1.31243,1.3127,1.30662,1.31083,60.80000000000085,-16.00000000000046,Thursday,3,2013-W29
2013-07-19,1.31084,1.31537,1.30886,1.31422,65.10000000000016,33.799999999999386,Friday,4,2013-W29
2013-07-22,1.31382,1.32174,1.31352,1.31853,82.19999999999894,47.09999999999992,Monday,0,2013-W30
2013-07-23,1.31849,1.3238,1.31628,1.32219,75.20000000000194,37.00000000000037,Tuesday,1,2013-W30
2013-07-24,1.3222,1.32555,1.31759,1.31994,79.59999999999967,-22.600000000001508,Wednesday,2,2013-W30
2013-07-25,1.31991,1.32952,1.3165,1.32763,130.20000000000033,77.20000000000171,Thursday,3,2013-W30
2013-07-26,1.32761,1.32962,1.3252,1.32782,44.200000000000905,2.100000000000435,Friday,4,2013-W30
2013-07-29,1.32855,1.32944,1.32385,1.32619,55.899999999999835,-23.599999999999177,Monday,0,2013-W31
2013-07-30,1.3262,1.33011,1.32337,1.32617,67.39999999999968,-0.2999999999997449,Tuesday,1,2013-W31
2013-07-31,1.32614,1.3344,1.32086,1.3302,135.40000000000109,40.599999999999525,Wednesday,2,2013-W31
2013-08-01,1.33018,1.33101,1.31931,1.32061,117.00000000000044,-95.69999999999857,Thursday,3,2013-W31
2013-08-02,1.32059,1.32933,1.31889,1.32794,104.40000000000005,73.49999999999967,Friday,4,2013-W31
2013-08-05,1.32813,1.32996,1.32322,1.32578,67.39999999999968,-23.500000000000743,Monday,0,2013-W32
2013-08-06,1.32577,1.33223,1.32455,1.33034,76.80000000000132,45.70000000000185,Tuesday,1,2013-W32
2013-08-07,1.33036,1.33448,1.3265,1.3335,79.80000000000098,31.399999999999206,Wednesday,2,2013-W32
2013-08-08,1.33355,1.33995,1.33274,1.33803,72.09999999999938,44.800000000000395,Thursday,3,2013-W32
2013-08-09,1.33802,1.33896,1.33321,1.33417,57.49999999999922,-38.49999999999909,Friday,4,2013-W32
2013-08-12,1.33206,1.33434,1.32765,1.32992,66.90000000000084,-21.400000000000308,Monday,0,2013-W33
2013-08-13,1.32991,1.33162,1.32328,1.32617,83.40000000000015,-37.39999999999854,Tuesday,1,2013-W33
2013-08-14,1.32618,1.32798,1.32382,1.32545,41.59999999999941,-7.299999999998974,Wednesday,2,2013-W33
2013-08-15,1.32542,1.33623,1.32051,1.3346,157.19999999999956,91.79999999999966,Thursday,3,2013-W33
2013-08-16,1.33468,1.33792,1.33104,1.33281,68.79999999999997,-18.700000000000383,Friday,4,2013-W33
2013-08-19,1.33335,1.33738,1.33144,1.33336,59.40000000000056,0.10000000000065512,Monday,0,2013-W34
2013-08-20,1.33341,1.34513,1.33226,1.34167,128.69999999999936,82.59999999999934,Tuesday,1,2013-W34
2013-08-21,1.34164,1.34263,1.33346,1.33545,91.69999999999901,-61.89999999999918,Wednesday,2,2013-W34
2013-08-22,1.33543,1.33724,1.32975,1.33557,74.89999999999996,1.40000000000029,Thursday,3,2013-W34
2013-08-23,1.33558,1.3409,1.33326,1.33807,76.40000000000092,24.900000000001032,Friday,4,2013-W34
2013-08-26,1.33846,1.33935,1.33559,1.33682,37.59999999999985,-16.40000000000086,Monday,0,2013-W35
2013-08-27,1.33676,1.3398,1.33223,1.33921,75.70000000000077,24.500000000000632,Tuesday,1,2013-W35
2013-08-28,1.3392,1.3397,1.33043,1.33386,92.6999999999989,-53.399999999999004,Wednesday,2,2013-W35
2013-08-29,1.33388,1.33424,1.32186,1.32403,123.80000000000058,-98.49999999999915,Thursday,3,2013-W35
2013-08-30,1.324,1.3254,1.31732,1.32207,80.79999999999865,-19.299999999999873,Friday,4,2013-W35
2013-09-02,1.32133,1.32265,1.3183,1.31906,43.50000000000076,-22.699999999999942,Monday,0,2013-W36
2013-09-03,1.31912,1.31962,1.31377,1.317,58.499999999999105,-21.200000000001218,Tuesday,1,2013-W36
2013-09-04,1.31696,1.32172,1.31562,1.32069,60.99999999999994,37.30000000000011,Wednesday,2,2013-W36
2013-09-05,1.32067,1.32223,1.31097,1.31192,112.60000000000048,-87.50000000000036,Thursday,3,2013-W36
2013-09-06,1.31194,1.31884,1.3104,1.31771,84.40000000000003,57.69999999999831,Friday,4,2013-W36
2013-09-09,1.31627,1.328,1.31626,1.32545,117.40000000000083,91.79999999999966,Monday,0,2013-W37
2013-09-10,1.32546,1.32751,1.32296,1.32666,45.50000000000054,11.999999999998678,Tuesday,1,2013-W37
2013-09-11,1.32673,1.33238,1.32432,1.33104,80.59999999999957,43.100000000000364,Wednesday,2,2013-W37
2013-09-12,1.33102,1.33242,1.32563,1.32987,67.89999999999851,-11.499999999999844,Thursday,3,2013-W37
2013-09-13,1.32983,1.33204,1.32533,1.32928,67.09999999999994,-5.5000000000005045,Friday,4,2013-W37
2013-09-16,1.33596,1.33848,1.33292,1.33334,55.59999999999788,-26.200000000000667,Monday,0,2013-W38
2013-09-17,1.33333,1.33686,1.33245,1.33571,44.10000000000025,23.800000000000487,Tuesday,1,2013-W38
2013-09-18,1.33582,1.35412,1.33374,1.35209,203.80000000000064,162.70000000000007,Wednesday,2,2013-W38
2013-09-19,1.35206,1.35678,1.35002,1.3528,67.60000000000099,7.399999999999629,Thursday,3,2013-W38
2013-09-20,1.35285,1.35479,1.34972,1.35232,50.69999999999908,-5.300000000001415,Friday,4,2013-W38
2013-09-23,1.35473,1.35477,1.34789,1.34922,68.79999999999997,-55.09999999999904,Monday,0,2013-W39
2013-09-24,1.34923,1.3518,1.34637,1.34729,54.299999999998235,-19.399999999998307,Tuesday,1,2013-W39
2013-09-25,1.34727,1.35364,1.34612,1.35247,75.1999999999997,52.00000000000094,Wednesday,2,2013-W39
2013-09-26,1.35253,1.35318,1.34715,1.34877,60.2999999999998,-37.59999999999985,Thursday,3,2013-W39
2013-09-27,1.34879,1.35636,1.34738,1.35212,89.79999999999988,33.30000000000055,Friday,4,2013-W39
2013-09-30,1.3493,1.35553,1.3477,1.35256,78.30000000000004,32.600000000000406,Monday,0,2013-W40
2013-10-01,1.35237,1.35872,1.35161,1.35252,71.0999999999995,1.4999999999987246,Tuesday,1,2013-W40
2013-10-02,1.35251,1.36062,1.35042,1.35783,101.99999999999987,53.19999999999992,Wednesday,2,2013-W40
2013-10-03,1.35779,1.36453,1.35769,1.36177,68.39999999999958,39.799999999998725,Thursday,3,2013-W40
2013-10-04,1.36179,1.36311,1.35378,1.35567,93.30000000000061,-61.20000000000125,Friday,4,2013-W40
2013-10-07,1.35638,1.35904,1.35419,1.35804,48.50000000000021,16.599999999999948,Monday,0,2013-W41
2013-10-08,1.35802,1.36064,1.35568,1.35726,49.600000000000755,-7.600000000000939,Tuesday,1,2013-W41
2013-10-09,1.35724,1.36039,1.34852,1.35237,118.70000000000047,-48.6999999999993,Wednesday,2,2013-W41
2013-10-10,1.35235,1.35457,1.34869,1.35192,58.80000000000108,-4.299999999999304,Thursday,3,2013-W41
2013-10-11,1.35193,1.35809,1.35175,1.35417,63.40000000000012,22.400000000000198,Friday,4,2013-W41
2013-10-14,1.35612,1.35969,1.35447,1.35604,52.200000000000024,-0.8000000000008001,Monday,0,2013-W42
2013-10-15,1.35602,1.35703,1.34788,1.3523,91.49999999999991,-37.199999999999456,Tuesday,1,2013-W42
2013-10-16,1.35235,1.35667,1.34721,1.35332,94.60000000000024,9.700000000001374,Wednesday,2,2013-W42
2013-10-17,1.35337,1.3681,1.3515,1.36748,166.0000000000017,141.10000000000068,Thursday,3,2013-W42
2013-10-18,1.36752,1.37032,1.36587,1.36856,44.500000000000654,10.399999999999299,Friday,4,2013-W42
2013-10-21,1.36832,1.36878,1.36504,1.36799,37.400000000000766,-3.2999999999994145,Monday,0,2013-W43
2013-10-22,1.36797,1.37912,1.36616,1.37802,129.5999999999986,100.50000000000114,Tuesday,1,2013-W43
2013-10-23,1.37803,1.37924,1.37408,1.37751,51.600000000000534,-5.20000000000076,Wednesday,2,2013-W43
2013-10-24,1.37752,1.38245,1.37638,1.38005,60.7000000000002,25.299999999999212,Thursday,3,2013-W43
2013-10-25,1.38003,1.38315,1.37739,1.38027,57.6000000000021,2.4000000000001798,Friday,4,2013-W43
2013-10-28,1.38065,1.3817,1.37744,1.37842,42.599999999999305,-22.299999999999542,Monday,0,2013-W44
2013-10-29,1.37844,1.38125,1.37357,1.37445,76.80000000000132,-39.9000000000016,Tuesday,1,2013-W44
2013-10-30,1.37447,1.37843,1.36951,1.37352,89.20000000000039,-9.500000000000064,Wednesday,2,2013-W44
2013-10-31,1.37348,1.37379,1.35746,1.35828,163.29999999999956,-152.00000000000102,Thursday,3,2013-W44
2013-11-01,1.35829,1.35886,1.34794,1.34862,109.20000000000041,-96.70000000000067,Friday,4,2013-W44
2013-11-04,1.34865,1.35235,1.34418,1.35133,81.7000000000001,26.800000000000157,Monday,0,2013-W45
2013-11-05,1.35136,1.35216,1.34484,1.34739,73.19999999999993,-39.69999999999807,Tuesday,1,2013-W45
2013-11-06,1.34737,1.35467,1.34669,1.35123,79.80000000000098,38.599999999999746,Wednesday,2,2013-W45
2013-11-07,1.35122,1.35281,1.32948,1.34184,233.30000000000072,-93.80000000000166,Thursday,3,2013-W45
2013-11-08,1.34182,1.34371,1.3317,1.33707,120.09999999999854,-47.50000000000032,Friday,4,2013-W45
2013-11-11,1.33562,1.34153,1.33439,1.34059,71.39999999999924,49.69999999999919,Monday,0,2013-W46
2013-11-12,1.34056,1.34554,1.33585,1.34348,96.89999999999976,29.200000000000337,Tuesday,1,2013-W46
2013-11-13,1.34346,1.34947,1.33894,1.34861,105.29999999999929,51.49999999999988,Wednesday,2,2013-W46
2013-11-14,1.34851,1.3497,1.34177,1.34585,79.29999999999993,-26.600000000001067,Thursday,3,2013-W46
2013-11-15,1.34579,1.35046,1.34317,1.34952,72.90000000000019,37.30000000000011,Friday,4,2013-W46
2013-11-18,1.34958,1.3541,1.34738,1.35051,67.20000000000059,9.300000000000974,Monday,0,2013-W47
2013-11-19,1.35048,1.35464,1.34871,1.35379,59.29999999999991,33.10000000000146,Tuesday,1,2013-W47
2013-11-20,1.35373,1.3578,1.34147,1.34376,163.29999999999956,-99.70000000000034,Wednesday,2,2013-W47
2013-11-21,1.34373,1.34857,1.33987,1.3481,87.00000000000152,43.69999999999985,Thursday,3,2013-W47
2013-11-22,1.34809,1.3557,1.34615,1.3556,95.49999999999947,75.09999999999906,Friday,4,2013-W47
2013-11-25,1.35481,1.35594,1.34895,1.35156,69.8999999999983,-32.49999999999975,Monday,0,2013-W48
2013-11-26,1.35166,1.35742,1.35147,1.35719,59.50000000000122,55.29999999999813,Tuesday,1,2013-W48
2013-11-27,1.35713,1.3612,1.35569,1.35787,55.09999999999904,7.399999999999629,Wednesday,2,2013-W48
2013-11-28,1.35788,1.36179,1.35629,1.36058,55.000000000000604,26.999999999999247,Thursday,3,2013-W48
2013-11-29,1.36046,1.36209,1.35795,1.35896,41.400000000000325,-15.000000000000568,Friday,4,2013-W48
2013-12-02,1.35868,1.3615,1.35252,1.35406,89.79999999999988,-46.200000000000685,Monday,0,2013-W49
2013-12-03,1.35408,1.36129,1.35237,1.35893,89.19999999999817,48.50000000000021,Tuesday,1,2013-W49
2013-12-04,1.3587,1.36047,1.35276,1.35925,77.10000000000106,5.5000000000005045,Wednesday,2,2013-W49
2013-12-05,1.35921,1.36765,1.35423,1.36671,134.19999999999987,75.00000000000063,Thursday,3,2013-W49
2013-12-06,1.3666,1.37056,1.36191,1.37047,86.50000000000047,38.7000000000004,Friday,4,2013-W49
2013-12-09,1.37143,1.37447,1.36935,1.37382,51.20000000000013,23.900000000001143,Monday,0,2013-W50
2013-12-10,1.37375,1.3794,1.37336,1.37606,60.40000000000045,23.100000000000342,Tuesday,1,2013-W50
2013-12-11,1.37603,1.38099,1.37398,1.37858,70.09999999999961,25.499999999998302,Wednesday,2,2013-W50
2013-12-12,1.37854,1.38025,1.37368,1.37525,65.69999999999965,-32.90000000000015,Thursday,3,2013-W50
2013-12-13,1.37522,1.37684,1.37089,1.37407,59.50000000000122,-11.500000000002064,Friday,4,2013-W50
2013-12-16,1.37282,1.37978,1.37277,1.37598,70.09999999999961,31.600000000000517,Monday,0,2013-W51
2013-12-17,1.37597,1.37815,1.37224,1.37676,59.10000000000082,7.900000000000684,Tuesday,1,2013-W51
2013-12-18,1.37674,1.38109,1.36738,1.36836,137.0999999999989,-83.80000000000054,Wednesday,2,2013-W51
2013-12-19,1.36837,1.36932,1.36487,1.36604,44.500000000000654,-23.300000000001653,Thursday,3,2013-W51
2013-12-20,1.36602,1.37085,1.36245,1.36706,83.99999999999963,10.399999999999299,Friday,4,2013-W51
2013-12-23,1.36721,1.37162,1.3666,1.36951,50.200000000000244,22.999999999999687,Monday,0,2013-W52
2013-12-24,1.36952,1.3713,1.36542,1.3681,58.79999999999885,-14.199999999999768,Tuesday,1,2013-W52
2013-12-26,1.36884,1.36987,1.36793,1.36904,19.399999999998307,1.9999999999997797,Thursday,3,2013-W52
2013-12-27,1.36903,1.38922,1.36867,1.37477,205.49999999999847,57.40000000000079,Friday,4,2013-W52
2013-12-30,1.37563,1.38183,1.37276,1.3802,90.69999999999911,45.70000000000185,Monday,0,2013-W01
2013-12-31,1.37987,1.38119,1.37435,1.37574,68.39999999999958,-41.29999999999967,Tuesday,1,2013-W01
2014-01-02,1.37615,1.37744,1.36289,1.36706,145.50000000000063,-90.90000000000043,Thursday,3,2014-W01
2014-01-03,1.36711,1.36723,1.35816,1.35882,90.69999999999911,-82.90000000000131,Friday,4,2014-W01
2014-01-06,1.35933,1.36523,1.35706,1.36277,81.7000000000001,34.4000000000011,Monday,0,2014-W02
2014-01-07,1.36281,1.36555,1.35961,1.36147,59.40000000000056,-13.400000000001189,Tuesday,1,2014-W02
2014-01-08,1.36143,1.36342,1.35528,1.35749,81.40000000000036,-39.39999999999833,Wednesday,2,2014-W02
2014-01-09,1.3575,1.36322,1.35479,1.36075,84.3000000000016,32.49999999999975,Thursday,3,2014-W02
2014-01-10,1.36078,1.36865,1.35686,1.36687,117.89999999999966,60.89999999999929,Friday,4,2014-W02
2014-01-13,1.36779,1.3684,1.36367,1.36702,47.30000000000123,-7.7000000000015945,Monday,0,2014-W03
2014-01-14,1.367,1.36986,1.36484,1.36784,50.200000000000244,8.399999999999519,Tuesday,1,2014-W03
2014-01-15,1.36781,1.36802,1.35807,1.36045,99.49999999999903,-73.60000000000034,Wednesday,2,2014-W03
2014-01-16,1.36041,1.36489,1.35823,1.36188,66.59999999999889,14.700000000000824,Thursday,3,2014-W03
2014-01-17,1.3619,1.36204,1.35163,1.35403,104.09999999999809,-78.70000000000044,Friday,4,2014-W03
2014-01-20,1.35364,1.35672,1.35069,1.35512,60.2999999999998,14.800000000001479,Monday,0,2014-W04
2014-01-21,1.35508,1.3568,1.35156,1.35604,52.39999999999911,9.599999999998499,Tuesday,1,2014-W04
2014-01-22,1.35605,1.35828,1.35339,1.35465,48.899999999998386,-14.000000000000679,Wednesday,2,2014-W04
2014-01-23,1.35467,1.36973,1.35296,1.3695,167.6999999999995,148.299999999999,Thursday,3,2014-W04
2014-01-24,1.36956,1.37387,1.36619,1.36767,76.79999999999909,-18.900000000001693,Friday,4,2014-W04
2014-01-27,1.36777,1.37159,1.36526,1.36727,63.30000000000169,-4.999999999999449,Monday,0,2014-W05
2014-01-28,1.36724,1.36877,1.36285,1.36699,59.200000000001474,-2.500000000000835,Tuesday,1,2014-W05
2014-01-29,1.367,1.3684,1.36022,1.36627,81.80000000000076,-7.299999999998974,Wednesday,2,2014-W05
2014-01-30,1.36615,1.36647,1.35425,1.35537,122.2000000000012,-107.80000000000013,Thursday,3,2014-W05
2014-01-31,1.35538,1.35727,1.34783,1.34862,94.39999999999893,-67.60000000000099,Friday,4,2014-W05
2014-02-03,1.34837,1.35347,1.34763,1.35242,58.39999999999846,40.49999999999887,Monday,0,2014-W06
2014-02-04,1.35239,1.3538,1.34927,1.35174,45.29999999999923,-6.500000000000394,Tuesday,1,2014-W06
2014-02-05,1.35177,1.35543,1.34981,1.35329,56.199999999999584,15.200000000001879,Wednesday,2,2014-W06
2014-02-06,1.35324,1.36182,1.34817,1.35892,136.4999999999994,56.79999999999907,Thursday,3,2014-W06
2014-02-07,1.35893,1.36425,1.35512,1.36352,91.2999999999986,45.900000000000944,Friday,4,2014-W06
2014-02-10,1.36158,1.36508,1.36155,1.36447,35.30000000000033,28.900000000000592,Monday,0,2014-W07
2014-02-11,1.36441,1.36822,1.36286,1.36372,53.600000000000314,-6.899999999998574,Tuesday,1,2014-W07
2014-02-12,1.36367,1.36519,1.35614,1.35923,90.50000000000003,-44.39999999999999,Wednesday,2,2014-W07
2014-02-13,1.35925,1.3691,1.35841,1.3679,106.90000000000089,86.49999999999824,Thursday,3,2014-W07
2014-02-14,1.36793,1.3714,1.36729,1.36922,41.10000000000058,12.900000000000134,Friday,4,2014-W07
2014-02-17,1.37081,1.37235,1.36913,1.37065,32.2,-1.6000000000016001,Monday,0,2014-W08
2014-02-18,1.37061,1.37693,1.36937,1.37579,75.60000000000011,51.79999999999963,Tuesday,1,2014-W08
2014-02-19,1.37578,1.37725,1.37237,1.37322,48.799999999999955,-25.599999999998957,Wednesday,2,2014-W08
2014-02-20,1.37323,1.37618,1.36848,1.37179,77.0000000000004,-14.399999999998858,Thursday,3,2014-W08
2014-02-21,1.37178,1.37578,1.37011,1.37382,56.70000000000064,20.400000000000418,Friday,4,2014-W08
2014-02-24,1.37343,1.37707,1.37076,1.37343,63.10000000000038,0.0,Monday,0,2014-W09
2014-02-25,1.37341,1.37663,1.37148,1.37443,51.49999999999988,10.200000000000209,Tuesday,1,2014-W09
2014-02-26,1.37444,1.37566,1.36609,1.36857,95.70000000000078,-58.700000000000415,Wednesday,2,2014-W09
2014-02-27,1.36858,1.3726,1.36425,1.37092,83.5000000000008,23.400000000000087,Thursday,3,2014-W09
2014-02-28,1.3709,1.38239,1.36934,1.38017,130.50000000000006,92.6999999999989,Friday,4,2014-W09
2014-03-03,1.37592,1.37919,1.37254,1.3734,66.49999999999822,-25.200000000000777,Monday,0,2014-W10
2014-03-04,1.37339,1.37809,1.37202,1.37424,60.7000000000002,8.499999999997954,Tuesday,1,2014-W10
2014-03-05,1.37423,1.37484,1.37067,1.37326,41.700000000000074,-9.700000000001374,Wednesday,2,2014-W10
2014-03-06,1.37325,1.38721,1.37206,1.38601,151.49999999999997,127.59999999999883,Thursday,3,2014-W10
2014-03-07,1.38602,1.39142,1.38515,1.38756,62.699999999999974,15.399999999998748,Friday,4,2014-W10
2014-03-10,1.38745,1.38971,1.38609,1.38756,36.19999999999956,1.0999999999983245,Monday,0,2014-W11
2014-03-11,1.38758,1.3878,1.3833,1.38588,44.99999999999949,-17.000000000000348,Tuesday,1,2014-W11
2014-03-12,1.38589,1.39136,1.38427,1.39027,70.9000000000004,43.799999999998285,Wednesday,2,2014-W11
2014-03-13,1.39026,1.3966,1.38449,1.38684,121.10000000000065,-34.19999999999979,Thursday,3,2014-W11
2014-03-14,1.38677,1.39363,1.38468,1.39113,89.50000000000014,43.5999999999992,Friday,4,2014-W11
2014-03-17,1.39076,1.39469,1.38783,1.3921,68.60000000000088,13.399999999998968,Monday,0,2014-W12
2014-03-18,1.39211,1.39419,1.38793,1.39335,62.599999999999326,12.400000000001299,Tuesday,1,2014-W12
2014-03-19,1.39333,1.39337,1.38089,1.38318,124.80000000000047,-101.4999999999988,Wednesday,2,2014-W12
2014-03-20,1.38315,1.38442,1.37485,1.37777,95.70000000000078,-53.800000000001624,Thursday,3,2014-W12
2014-03-21,1.37776,1.381,1.37649,1.37951,45.100000000000136,17.499999999999183,Friday,4,2014-W12
2014-03-24,1.37976,1.38752,1.37596,1.38381,115.60000000000015,40.49999999999887,Monday,0,2014-W13
2014-03-25,1.38384,1.38462,1.37486,1.38259,97.59999999999991,-12.499999999999734,Tuesday,1,2014-W13
2014-03-26,1.38256,1.3827,1.37756,1.37807,51.40000000000144,-44.90000000000105,Wednesday,2,2014-W13
2014-03-27,1.37781,1.37961,1.37278,1.37394,68.30000000000113,-38.7000000000004,Thursday,3,2014-W13
2014-03-28,1.37393,1.37723,1.3704,1.37508,68.29999999999892,11.499999999999844,Friday,4,2014-W13
2014-03-31,1.37627,1.38077,1.37216,1.37678,86.10000000000007,5.099999999997884,Monday,0,2014-W14
2014-04-01,1.3768,1.38148,1.37674,1.37922,47.399999999999665,24.199999999998667,Tuesday,1,2014-W14
2014-04-02,1.37919,1.38195,1.37524,1.37665,67.09999999999994,-25.399999999999867,Wednesday,2,2014-W14
2014-04-03,1.37667,1.3806,1.36974,1.37194,108.60000000000092,-47.30000000000123,Thursday,3,2014-W14
2014-04-04,1.37189,1.37304,1.36719,1.3703,58.50000000000133,-15.899999999999803,Friday,4,2014-W14
2014-04-07,1.36966,1.37478,1.36955,1.37405,52.29999999999846,43.89999999999894,Monday,0,2014-W15
2014-04-08,1.37407,1.38108,1.37367,1.37962,74.10000000000139,55.50000000000166,Tuesday,1,2014-W15
2014-04-09,1.3796,1.38613,1.37793,1.38545,81.99999999999986,58.50000000000133,Wednesday,2,2014-W15
2014-04-10,1.38544,1.38984,1.38351,1.38853,63.29999999999947,30.90000000000037,Thursday,3,2014-W15
2014-04-11,1.38854,1.39047,1.38627,1.38843,42.00000000000203,-1.100000000000545,Friday,4,2014-W15
2014-04-14,1.38432,1.38623,1.38075,1.38199,54.80000000000152,-23.299999999999432,Monday,0,2014-W16
2014-04-15,1.382,1.38326,1.37895,1.38138,43.100000000000364,-6.199999999998429,Tuesday,1,2014-W16
2014-04-16,1.38139,1.38502,1.3803,1.38145,47.199999999998354,0.6000000000017103,Wednesday,2,2014-W16
2014-04-17,1.38148,1.38639,1.38103,1.38127,53.600000000000314,-2.100000000000435,Thursday,3,2014-W16
2014-04-18,1.38128,1.38217,1.38078,1.38086,13.900000000000023,-4.20000000000087,Friday,4,2014-W16
2014-04-21,1.38137,1.38298,1.37865,1.37922,43.300000000001674,-21.500000000000963,Monday,0,2014-W17
2014-04-22,1.37918,1.3824,1.37844,1.38044,39.59999999999964,12.599999999998168,Tuesday,1,2014-W17
2014-04-23,1.38042,1.38538,1.37995,1.38161,54.30000000000046,11.900000000000244,Wednesday,2,2014-W17
2014-04-24,1.38166,1.38426,1.37907,1.38308,51.900000000000276,14.199999999999768,Thursday,3,2014-W17
2014-04-25,1.38307,1.38475,1.38262,1.38315,21.299999999999653,0.8000000000008001,Friday,4,2014-W17
2014-04-28,1.38449,1.38787,1.38139,1.38504,64.80000000000041,5.5000000000005045,Monday,0,2014-W18
2014-04-29,1.38502,1.38784,1.38048,1.38111,73.60000000000034,-39.09999999999858,Tuesday,1,2014-W18
2014-04-30,1.38115,1.38758,1.37734,1.38663,102.40000000000026,54.799999999999294,Wednesday,2,2014-W18
2014-05-01,1.38662,1.38885,1.3862,1.38686,26.49999999999819,2.4000000000001798,Thursday,3,2014-W18
2014-05-02,1.38683,1.38808,1.38115,1.38689,69.2999999999988,0.5999999999994898,Friday,4,2014-W18
2014-05-05,1.38838,1.38853,1.38638,1.38746,21.500000000000963,-9.200000000000319,Monday,0,2014-W19
2014-05-06,1.38745,1.39504,1.38714,1.39269,79.00000000000018,52.39999999999911,Tuesday,1,2014-W19
2014-05-07,1.39268,1.39379,1.39093,1.39093,28.600000000000847,-17.499999999999183,Wednesday,2,2014-W19
2014-05-08,1.39095,1.39927,1.38326,1.3839,160.1000000000008,-70.5,Thursday,3,2014-W19
2014-05-09,1.38389,1.38437,1.37444,1.37595,99.29999999999994,-79.40000000000057,Friday,4,2014-W19
2014-05-12,1.37524,1.3774,1.37486,1.37565,25.399999999999867,4.100000000000215,Monday,0,2014-W20
2014-05-13,1.37567,1.37709,1.36882,1.37025,82.69999999999999,-54.199999999999804,Tuesday,1,2014-W20
2014-05-14,1.37023,1.37301,1.36973,1.37139,32.80000000000172,11.600000000000499,Wednesday,2,2014-W20
2014-05-15,1.37137,1.37314,1.36476,1.37084,83.80000000000054,-5.299999999999194,Thursday,3,2014-W20
2014-05-16,1.37082,1.3726,1.36847,1.36928,41.29999999999967,-15.399999999998748,Friday,4,2014-W20
2014-05-19,1.36923,1.37334,1.36922,1.37083,41.199999999999015,16.00000000000046,Monday,0,2014-W21
2014-05-20,1.37082,1.37131,1.36773,1.37006,35.80000000000139,-7.599999999998719,Tuesday,1,2014-W21
2014-05-21,1.37008,1.37225,1.3634,1.36859,88.50000000000024,-14.899999999999913,Wednesday,2,2014-W21
2014-05-22,1.36864,1.36872,1.36445,1.3655,42.69999999999996,-31.400000000001427,Thursday,3,2014-W21
2014-05-23,1.36549,1.36584,1.36149,1.36301,43.499999999998536,-24.800000000000377,Friday,4,2014-W21
2014-05-26,1.36225,1.36537,1.36144,1.36455,39.29999999999989,22.999999999999687,Monday,0,2014-W22
2014-05-27,1.36448,1.36679,1.36119,1.3634,56.0000000000005,-10.799999999999699,Tuesday,1,2014-W22
2014-05-28,1.36337,1.36371,1.35879,1.359,49.20000000000036,-43.69999999999985,Wednesday,2,2014-W22
2014-05-29,1.35896,1.36249,1.35854,1.36012,39.49999999999898,11.600000000000499,Thursday,3,2014-W22
2014-05-30,1.3601,1.36494,1.35978,1.36329,51.600000000000534,31.89999999999804,Friday,4,2014-W22
2014-06-02,1.35962,1.35981,1.35949,1.35957,3.1999999999987594,-0.5000000000010552,Monday,0,2014-W23
2014-06-03,1.35958,1.36469,1.35906,1.36269,56.30000000000024,31.09999999999946,Tuesday,1,2014-W23
2014-06-04,1.36256,1.3638,1.35958,1.35977,42.19999999999891,-27.900000000000702,Wednesday,2,2014-W23
2014-06-05,1.35978,1.36691,1.35023,1.36593,166.8000000000003,61.500000000000995,Thursday,3,2014-W23
2014-06-06,1.36597,1.3676,1.36202,1.36418,55.79999999999919,-17.899999999999583,Friday,4,2014-W23
2014-06-09,1.36427,1.36679,1.35818,1.35931,86.10000000000007,-49.600000000000755,Monday,0,2014-W24
2014-06-10,1.3593,1.36011,1.35327,1.35473,68.39999999999958,-45.69999999999963,Tuesday,1,2014-W24
2014-06-11,1.35466,1.35563,1.35208,1.35308,35.49999999999942,-15.799999999999148,Wednesday,2,2014-W24
2014-06-12,1.35305,1.35711,1.35115,1.35512,59.59999999999965,20.700000000000163,Thursday,3,2014-W24
2014-06-13,1.35514,1.35783,1.35202,1.35384,58.10000000000093,-13.000000000000789,Friday,4,2014-W24
2014-06-16,1.35409,1.35786,1.35124,1.35731,66.2000000000007,32.2,Monday,0,2014-W25
2014-06-17,1.3573,1.35863,1.35355,1.35461,50.799999999999734,-26.89999999999859,Tuesday,1,2014-W25
2014-06-18,1.3546,1.35987,1.3541,1.35947,57.69999999999831,48.6999999999993,Wednesday,2,2014-W25
2014-06-19,1.35943,1.36427,1.35835,1.36067,59.200000000001474,12.400000000001299,Thursday,3,2014-W25
2014-06-20,1.36064,1.36332,1.35636,1.35982,69.60000000000078,-8.20000000000043,Friday,4,2014-W25
2014-06-23,1.35892,1.36128,1.35732,1.36035,39.59999999999964,14.300000000000423,Monday,0,2014-W26
2014-06-24,1.36041,1.36269,1.35826,1.36054,44.29999999999934,1.3000000000018552,Tuesday,1,2014-W26
2014-06-25,1.36051,1.36505,1.35997,1.36282,50.80000000000196,23.099999999998122,Wednesday,2,2014-W26
2014-06-26,1.36281,1.36405,1.35752,1.36105,65.29999999999924,-17.599999999999838,Thursday,3,2014-W26
2014-06-27,1.36107,1.36497,1.36087,1.36481,40.99999999999993,37.400000000000766,Friday,4,2014-W26
2014-06-30,1.36436,1.36969,1.36395,1.36913,57.40000000000079,47.699999999999406,Monday,0,2014-W27
2014-07-01,1.36911,1.36996,1.36747,1.3678,24.900000000001032,-13.100000000001444,Tuesday,1,2014-W27
2014-07-02,1.36781,1.36817,1.36418,1.36587,39.9000000000016,-19.400000000000528,Wednesday,2,2014-W27
2014-07-03,1.36586,1.36635,1.35953,1.36096,68.20000000000049,-49.000000000001265,Thursday,3,2014-W27
2014-07-04,1.36095,1.36104,1.35847,1.35936,25.699999999999612,-15.900000000002024,Friday,4,2014-W27
2014-07-07,1.35937,1.36084,1.35752,1.36039,33.199999999999896,10.200000000000209,Monday,0,2014-W28
2014-07-08,1.3604,1.36165,1.35874,1.36115,29.09999999999968,7.500000000000284,Tuesday,1,2014-W28
2014-07-09,1.36114,1.36478,1.36014,1.36408,46.400000000001995,29.399999999999427,Wednesday,2,2014-W28
2014-07-10,1.36405,1.36499,1.35884,1.36077,61.49999999999878,-32.7999999999995,Thursday,3,2014-W28
2014-07-11,1.36079,1.3624,1.35911,1.36062,32.90000000000015,-1.7000000000000348,Friday,4,2014-W28
2014-07-14,1.3599,1.36395,1.35968,1.36181,42.69999999999996,19.099999999998563,Monday,0,2014-W29
2014-07-15,1.36182,1.36273,1.35612,1.35669,66.10000000000005,-51.30000000000079,Tuesday,1,2014-W29
2014-07-16,1.35667,1.35718,1.35201,1.35246,51.70000000000119,-42.10000000000047,Wednesday,2,2014-W29
2014-07-17,1.35245,1.35395,1.35158,1.35252,23.699999999999832,0.700000000000145,Thursday,3,2014-W29
2014-07-18,1.35255,1.35352,1.34902,1.35236,44.99999999999949,-1.8999999999991246,Friday,4,2014-W29
2014-07-21,1.35277,1.35483,1.35123,1.3523,36.000000000000476,-4.699999999999704,Monday,0,2014-W30
2014-07-22,1.35228,1.35288,1.34583,1.34648,70.5,-58.00000000000027,Tuesday,1,2014-W30
2014-07-23,1.34649,1.34734,1.34543,1.34625,19.100000000000783,-2.4000000000001798,Wednesday,2,2014-W30
2014-07-24,1.34627,1.34841,1.34374,1.34626,46.70000000000174,-0.10000000000065512,Thursday,3,2014-W30
2014-07-25,1.34629,1.34749,1.34207,1.34292,54.199999999999804,-33.700000000000955,Friday,4,2014-W30
2014-07-28,1.34307,1.34431,1.34262,1.34389,16.899999999999693,8.20000000000043,Monday,0,2014-W31
2014-07-29,1.34391,1.34438,1.34035,1.34079,40.299999999999784,-31.200000000000117,Tuesday,1,2014-W31
2014-07-30,1.34078,1.34145,1.33661,1.3396,48.39999999999955,-11.800000000001809,Wednesday,2,2014-W31
2014-07-31,1.33959,1.33997,1.33708,1.33896,28.900000000000592,-6.300000000001305,Thursday,3,2014-W31
2014-08-01,1.33899,1.3444,1.33778,1.34288,66.2000000000007,38.90000000000171,Friday,4,2014-W31
2014-08-04,1.34304,1.34319,1.34087,1.34209,23.200000000000998,-9.500000000000064,Monday,0,2014-W32
2014-08-05,1.34212,1.3424,1.33575,1.33754,66.50000000000045,-45.80000000000028,Tuesday,1,2014-W32
2014-08-06,1.33755,1.33861,1.33323,1.33819,53.800000000001624,6.399999999999739,Wednesday,2,2014-W32
2014-08-07,1.33817,1.33931,1.33364,1.33628,56.70000000000064,-18.900000000001693,Thursday,3,2014-W32
2014-08-08,1.33625,1.34319,1.33428,1.34082,89.10000000000196,45.69999999999963,Friday,4,2014-W32
2014-08-11,1.34089,1.34111,1.33797,1.3384,31.399999999999206,-24.899999999998812,Monday,0,2014-W33
2014-08-12,1.33844,1.33854,1.33353,1.33684,50.09999999999959,-16.00000000000046,Tuesday,1,2014-W33
2014-08-13,1.33685,1.34144,1.33416,1.33638,72.79999999999953,-4.700000000001925,Wednesday,2,2014-W33
2014-08-14,1.33635,1.3407,1.33478,1.33641,59.19999999999925,0.6000000000017103,Thursday,3,2014-W33
2014-08-15,1.33642,1.3411,1.3358,1.34001,52.99999999999861,35.89999999999982,Friday,4,2014-W33
2014-08-18,1.33919,1.33984,1.33522,1.33629,46.19999999999847,-29.000000000001247,Monday,0,2014-W34
2014-08-19,1.33627,1.33637,1.33126,1.33193,51.09999999999948,-43.400000000000105,Tuesday,1,2014-W34
2014-08-20,1.33194,1.33236,1.32546,1.32586,68.99999999999906,-60.79999999999863,Wednesday,2,2014-W34
2014-08-21,1.32587,1.32877,1.32413,1.32801,46.39999999999978,21.399999999998087,Thursday,3,2014-W34
2014-08-22,1.32802,1.32959,1.32199,1.32416,76.00000000000051,-38.599999999999746,Friday,4,2014-W34
2014-08-25,1.31963,1.32096,1.31832,1.31914,26.399999999999757,-4.900000000001015,Monday,0,2014-W35
2014-08-26,1.31911,1.3214,1.31639,1.31667,50.09999999999959,-24.399999999999977,Tuesday,1,2014-W35
2014-08-27,1.31668,1.3209,1.31519,1.31923,57.099999999998815,25.499999999998302,Wednesday,2,2014-W35
2014-08-28,1.3192,1.322,1.31591,1.31814,60.90000000000151,-10.599999999998388,Thursday,3,2014-W35
2014-08-29,1.31817,1.31954,1.31312,1.31312,64.19999999999871,-50.499999999999986,Friday,4,2014-W35
2014-09-01,1.3127,1.31447,1.31184,1.31278,26.300000000001322,0.8000000000008001,Monday,0,2014-W36
2014-09-02,1.31277,1.31359,1.31095,1.31322,26.399999999999757,4.500000000000615,Tuesday,1,2014-W36
2014-09-03,1.31323,1.31592,1.31213,1.31496,37.8999999999996,17.300000000000093,Wednesday,2,2014-W36
2014-09-04,1.31495,1.31533,1.29194,1.29428,233.9000000000002,-206.69999999999965,Thursday,3,2014-W36
2014-09-05,1.29432,1.29879,1.29213,1.29511,66.59999999999889,7.900000000000684,Friday,4,2014-W36
2014-09-08,1.29563,1.29583,1.28812,1.28938,77.10000000000106,-62.50000000000089,Monday,0,2014-W37
2014-09-09,1.28937,1.29567,1.28587,1.29368,98.00000000000031,43.100000000000364,Tuesday,1,2014-W37
2014-09-10,1.29366,1.29619,1.28829,1.29164,79.00000000000018,-20.200000000001328,Wednesday,2,2014-W37
2014-09-11,1.29161,1.29511,1.28963,1.29234,54.799999999999294,7.300000000001194,Thursday,3,2014-W37
2014-09-12,1.29236,1.29786,1.29082,1.29631,70.39999999999935,39.5000000000012,Friday,4,2014-W37
2014-09-15,1.29722,1.29727,1.29079,1.29394,64.79999999999819,-32.7999999999995,Monday,0,2014-W38
2014-09-16,1.29392,1.29945,1.29216,1.29589,72.90000000000019,19.700000000000273,Tuesday,1,2014-W38
2014-09-17,1.29591,1.29807,1.28514,1.28644,129.3000000000011,-94.69999999999868,Wednesday,2,2014-W38
2014-09-18,1.28646,1.29295,1.28336,1.29216,95.89999999999988,57.000000000000384,Thursday,3,2014-W38
2014-09-19,1.29219,1.29281,1.28274,1.28284,100.70000000000023,-93.49999999999969,Friday,4,2014-W38
2014-09-22,1.28332,1.28671,1.28155,1.28485,51.600000000000534,15.300000000000313,Monday,0,2014-W39
2014-09-23,1.28484,1.29005,1.2842,1.28459,58.499999999999105,-2.500000000000835,Tuesday,1,2014-W39
2014-09-24,1.2846,1.28632,1.27735,1.27792,89.69999999999922,-66.8000000000002,Wednesday,2,2014-W39
2014-09-25,1.27796,1.27826,1.26961,1.27494,86.50000000000047,-30.200000000000227,Thursday,3,2014-W39
2014-09-26,1.27501,1.27599,1.26761,1.26833,83.80000000000054,-66.8000000000002,Friday,4,2014-W39
2014-09-29,1.26821,1.27141,1.2663,1.26845,51.09999999999948,2.4000000000001798,Monday,0,2014-W40
2014-09-30,1.26839,1.27015,1.25703,1.26296,131.199999999998,-54.299999999998235,Tuesday,1,2014-W40
2014-10-01,1.263,1.26389,1.25829,1.26217,56.0000000000005,-8.299999999998864,Wednesday,2,2014-W40
2014-10-02,1.26213,1.26981,1.26131,1.26678,85.00000000000173,46.500000000000426,Thursday,3,2014-W40
2014-10-03,1.26679,1.2674,1.24999,1.25152,174.10000000000147,-152.70000000000118,Friday,4,2014-W40
2014-10-06,1.25119,1.2674,1.25083,1.26547,165.69999999999973,142.8000000000007,Monday,0,2014-W41
2014-10-07,1.26544,1.26812,1.2583,1.26683,98.19999999999939,13.900000000000023,Tuesday,1,2014-W41
2014-10-08,1.26685,1.27482,1.26219,1.27332,126.3000000000014,64.69999999999976,Wednesday,2,2014-W41
2014-10-09,1.27327,1.27905,1.26634,1.26897,127.1,-42.9999999999997,Thursday,3,2014-W41
2014-10-10,1.26901,1.27153,1.26048,1.26277,110.50000000000004,-62.40000000000023,Friday,4,2014-W41
2014-10-13,1.26306,1.27603,1.262,1.27512,140.29999999999987,120.5999999999996,Monday,0,2014-W42
2014-10-14,1.27516,1.27674,1.26393,1.26575,128.09999999999988,-94.1000000000014,Tuesday,1,2014-W42
2014-10-15,1.26576,1.2886,1.26239,1.28366,262.10000000000065,179.00000000000028,Wednesday,2,2014-W42
2014-10-16,1.28367,1.28442,1.2705,1.28084,139.19999999999933,-28.300000000001102,Thursday,3,2014-W42
2014-10-17,1.28079,1.2836,1.27434,1.27598,92.60000000000046,-48.10000000000203,Friday,4,2014-W42
2014-10-20,1.27499,1.28169,1.27313,1.27995,85.59999999999901,49.59999999999853,Monday,0,2014-W43
2014-10-21,1.27997,1.28399,1.27144,1.27148,125.50000000000061,-84.90000000000109,Tuesday,1,2014-W43
2014-10-22,1.27149,1.27397,1.26372,1.26474,102.50000000000092,-67.50000000000034,Wednesday,2,2014-W43
2014-10-23,1.26477,1.26766,1.26138,1.26453,62.80000000000064,-2.4000000000001798,Thursday,3,2014-W43
2014-10-24,1.26459,1.26958,1.26348,1.26691,60.99999999999994,23.199999999998777,Friday,4,2014-W43
2014-10-27,1.26755,1.27233,1.26657,1.26978,57.59999999999987,22.299999999999542,Monday,0,2014-W44
2014-10-28,1.26978,1.27649,1.26846,1.27338,80.29999999999981,36.000000000000476,Tuesday,1,2014-W44
2014-10-29,1.27339,1.27705,1.26307,1.2631,139.80000000000103,-102.90000000000133,Wednesday,2,2014-W44
2014-10-30,1.26312,1.26394,1.25475,1.26128,91.90000000000032,-18.400000000000638,Thursday,3,2014-W44
2014-10-31,1.26131,1.26175,1.24856,1.25222,131.90000000000035,-90.8999999999982,Friday,4,2014-W44
2014-11-03,1.25058,1.25139,1.24403,1.24811,73.60000000000034,-24.699999999999722,Monday,0,2014-W45
2014-11-04,1.24813,1.25772,1.2481,1.25458,96.19999999999962,64.50000000000067,Tuesday,1,2014-W45
2014-11-05,1.25459,1.25671,1.24574,1.24848,109.69999999999925,-61.1000000000006,Wednesday,2,2014-W45
2014-11-06,1.2485,1.25334,1.23643,1.23745,169.0999999999998,-110.50000000000004,Thursday,3,2014-W45
2014-11-07,1.23747,1.24697,1.23579,1.24528,111.79999999999967,78.09999999999873,Friday,4,2014-W45
2014-11-10,1.24701,1.25091,1.24187,1.24202,90.39999999999937,-49.9000000000005,Monday,0,2014-W46
2014-11-11,1.24202,1.24991,1.23946,1.24743,104.50000000000071,54.10000000000137,Tuesday,1,2014-W46
2014-11-12,1.24741,1.24978,1.24194,1.24376,78.39999999999847,-36.49999999999931,Wednesday,2,2014-W46
2014-11-13,1.24373,1.24917,1.24263,1.24758,65.3999999999999,38.49999999999909,Thursday,3,2014-W46
2014-11-14,1.24758,1.25462,1.23985,1.25225,147.70000000000172,46.70000000000174,Friday,4,2014-W46
2014-11-17,1.25306,1.25773,1.2445,1.24491,132.30000000000075,-81.50000000000102,Monday,0,2014-W47
2014-11-18,1.2449,1.2545,1.24434,1.25354,101.59999999999947,86.40000000000202,Tuesday,1,2014-W47
2014-11-19,1.25356,1.25975,1.25122,1.25534,85.29999999999927,17.799999999998928,Wednesday,2,2014-W47
2014-11-20,1.25533,1.25752,1.25042,1.25389,70.99999999999883,-14.400000000001079,Thursday,3,2014-W47
2014-11-21,1.25382,1.25682,1.23751,1.23865,193.0999999999994,-151.69999999999905,Friday,4,2014-W47
2014-11-24,1.23609,1.24446,1.23609,1.24414,83.69999999999989,80.50000000000112,Monday,0,2014-W48
2014-11-25,1.24415,1.24871,1.24022,1.24739,84.89999999999887,32.399999999999096,Tuesday,1,2014-W48
2014-11-26,1.24737,1.25318,1.24436,1.25054,88.2000000000005,31.69999999999895,Wednesday,2,2014-W48
2014-11-27,1.25052,1.25235,1.24648,1.24665,58.700000000000415,-38.7000000000004,Thursday,3,2014-W48
2014-11-28,1.24663,1.24902,1.24264,1.24496,63.80000000000052,-16.699999999998383,Friday,4,2014-W48
2014-12-01,1.24634,1.25066,1.24194,1.24686,87.20000000000061,5.20000000000076,Monday,0,2014-W49
2014-12-02,1.2469,1.24761,1.23768,1.23823,99.30000000000217,-86.69999999999956,Tuesday,1,2014-W49
2014-12-03,1.23822,1.23905,1.23011,1.23106,89.39999999999948,-71.60000000000055,Wednesday,2,2014-W49
2014-12-04,1.23104,1.24563,1.22815,1.23778,174.7999999999994,67.40000000000191,Thursday,3,2014-W49
2014-12-05,1.23773,1.23929,1.22709,1.2281,121.99999999999989,-96.30000000000027,Friday,4,2014-W49
2014-12-08,1.22867,1.23438,1.2247,1.23162,96.80000000000133,29.50000000000008,Monday,0,2014-W50
2014-12-09,1.2316,1.24478,1.22919,1.23736,155.89999999999992,57.59999999999987,Tuesday,1,2014-W50
2014-12-10,1.23734,1.24478,1.23619,1.2447,85.90000000000097,73.59999999999812,Wednesday,2,2014-W50
2014-12-11,1.2447,1.24952,1.237,1.24098,125.19999999999865,-37.199999999999456,Thursday,3,2014-W50
2014-12-12,1.24101,1.24852,1.23842,1.24603,100.99999999999997,50.200000000000244,Friday,4,2014-W50
2014-12-15,1.24747,1.24785,1.24145,1.24358,63.999999999999616,-38.90000000000171,Monday,0,2014-W51
2014-12-16,1.24361,1.25698,1.24337,1.25099,136.099999999999,73.79999999999941,Tuesday,1,2014-W51
2014-12-17,1.25102,1.25154,1.23204,1.23413,195.00000000000074,-168.90000000000072,Wednesday,2,2014-W51
2014-12-18,1.23414,1.23524,1.22659,1.22857,86.49999999999824,-55.70000000000075,Thursday,3,2014-W51
2014-12-19,1.22852,1.2302,1.22201,1.22263,81.8999999999992,-58.89999999999951,Friday,4,2014-W51
2014-12-22,1.22225,1.22724,1.22167,1.22286,55.70000000000075,6.099999999999994,Monday,0,2014-W52
2014-12-23,1.22283,1.22459,1.21648,1.21709,81.10000000000062,-57.40000000000079,Tuesday,1,2014-W52
2014-12-24,1.21711,1.22198,1.21693,1.21999,50.499999999999986,28.799999999999937,Wednesday,2,2014-W52
2014-12-26,1.22218,1.22224,1.21684,1.21754,54.00000000000071,-46.39999999999978,Friday,4,2014-W52
2014-12-29,1.21784,1.22208,1.21428,1.2151,78.00000000000028,-27.399999999999647,Monday,0,2014-W01
2014-12-30,1.21548,1.21874,1.21238,1.21546,63.59999999999921,-0.1999999999990898,Tuesday,1,2014-W01
2014-12-31,1.21543,1.21698,1.20959,1.20969,73.90000000000008,-57.40000000000079,Wednesday,2,2014-W01
2015-01-02,1.21037,1.21072,1.20002,1.20009,106.99999999999932,-102.79999999999845,Friday,4,2015-W01
2015-01-05,1.19427,1.19763,1.18664,1.19327,109.90000000000055,-9.999999999998899,Monday,0,2015-W02
2015-01-06,1.19329,1.19687,1.18841,1.18893,84.60000000000134,-43.5999999999992,Tuesday,1,2015-W02
2015-01-07,1.18894,1.18965,1.18021,1.18392,94.40000000000114,-50.200000000000244,Wednesday,2,2015-W02
2015-01-08,1.18377,1.18474,1.17541,1.17916,93.29999999999839,-46.10000000000003,Thursday,3,2015-W02
2015-01-09,1.1793,1.18459,1.17626,1.18407,83.29999999999949,47.699999999999406,Friday,4,2015-W02
2015-01-12,1.18499,1.18709,1.17862,1.18334,84.69999999999978,-16.499999999999293,Monday,0,2015-W03
2015-01-13,1.18331,1.18595,1.17534,1.17722,106.10000000000008,-60.90000000000151,Tuesday,1,2015-W03
2015-01-14,1.17722,1.18462,1.17272,1.17887,119.00000000000021,16.500000000001513,Wednesday,2,2015-W03
2015-01-15,1.17888,1.17924,1.15678,1.16299,224.60000000000147,-158.8999999999996,Thursday,3,2015-W03
2015-01-16,1.16304,1.16487,1.146,1.1562,188.70000000000164,-68.4000000000018,Friday,4,2015-W03
2015-01-19,1.15516,1.16389,1.15513,1.16019,87.60000000000102,50.3000000000009,Monday,0,2015-W04
2015-01-20,1.16068,1.16148,1.15405,1.15485,74.30000000000048,-58.30000000000002,Tuesday,1,2015-W04
2015-01-21,1.15483,1.16802,1.15414,1.16092,138.80000000000115,60.89999999999929,Wednesday,2,2015-W04
2015-01-22,1.16095,1.16509,1.13159,1.13647,334.99999999999864,-244.79999999999836,Thursday,3,2015-W04
2015-01-23,1.13649,1.13738,1.11144,1.12024,259.4000000000007,-162.50000000000097,Friday,4,2015-W04
2015-01-26,1.11511,1.12953,1.10978,1.12386,197.49999999999935,87.50000000000036,Monday,0,2015-W05
2015-01-27,1.12377,1.14225,1.12236,1.13805,198.89999999999964,142.8000000000007,Tuesday,1,2015-W05
2015-01-28,1.13761,1.13829,1.1276,1.12863,106.90000000000089,-89.79999999999988,Wednesday,2,2015-W05
2015-01-29,1.12862,1.13678,1.12617,1.13192,106.10000000000008,33.00000000000081,Thursday,3,2015-W05
2015-01-30,1.13183,1.13636,1.12786,1.12839,84.99999999999952,-34.399999999998876,Friday,4,2015-W05
2015-02-02,1.13105,1.1362,1.12922,1.13411,69.80000000000209,30.599999999998406,Monday,0,2015-W06
2015-02-03,1.13407,1.1534,1.13123,1.14785,221.70000000000022,137.80000000000126,Tuesday,1,2015-W06
2015-02-04,1.14788,1.14847,1.13155,1.13433,169.20000000000047,-135.49999999999952,Wednesday,2,2015-W06
2015-02-05,1.13433,1.14987,1.13038,1.14768,194.90000000000006,133.49999999999972,Thursday,3,2015-W06
2015-02-06,1.14763,1.14856,1.13117,1.13154,173.90000000000018,-160.89999999999938,Friday,4,2015-W06
2015-02-09,1.12964,1.13592,1.12702,1.13231,89.00000000000131,26.699999999999502,Monday,0,2015-W07
2015-02-10,1.13229,1.13454,1.1273,1.13202,72.40000000000136,-2.6999999999999247,Tuesday,1,2015-W07
2015-02-11,1.132,1.13472,1.12799,1.13354,67.29999999999903,15.400000000000968,Wednesday,2,2015-W07
2015-02-12,1.13354,1.14228,1.1302,1.14023,120.79999999999869,66.90000000000084,Thursday,3,2015-W07
2015-02-13,1.14016,1.14431,1.13797,1.13909,63.40000000000012,-10.700000000001264,Friday,4,2015-W07
2015-02-16,1.13986,1.14289,1.13192,1.13532,109.69999999999925,-45.399999999999885,Monday,0,2015-W08
2015-02-17,1.13552,1.14489,1.13221,1.14101,126.80000000000024,54.89999999999995,Tuesday,1,2015-W08
2015-02-18,1.14095,1.14157,1.13337,1.13965,81.99999999999986,-12.999999999998568,Wednesday,2,2015-W08
2015-02-19,1.13967,1.14501,1.13551,1.13675,95.00000000000064,-29.200000000000337,Thursday,3,2015-W08
2015-02-20,1.13675,1.14296,1.12791,1.13813,150.50000000000009,13.800000000001589,Friday,4,2015-W08
2015-02-23,1.13916,1.13961,1.1295,1.13342,101.10000000000063,-57.39999999999856,Monday,0,2015-W09
2015-02-24,1.13339,1.13581,1.1288,1.13388,70.09999999999961,4.900000000001015,Tuesday,1,2015-W09
2015-02-25,1.13387,1.13885,1.13356,1.13608,52.90000000000017,22.100000000000453,Wednesday,2,2015-W09
2015-02-26,1.13604,1.13795,1.11834,1.11967,196.10000000000127,-163.69999999999996,Thursday,3,2015-W09
2015-02-27,1.11962,1.12449,1.11759,1.11914,68.99999999999906,-4.8000000000003595,Friday,4,2015-W09
2015-03-02,1.11817,1.12395,1.11599,1.11822,79.59999999999967,0.4999999999988347,Monday,0,2015-W10
2015-03-03,1.11824,1.12174,1.11546,1.11753,62.80000000000064,-7.099999999999884,Tuesday,1,2015-W10
2015-03-04,1.11743,1.11854,1.10615,1.10763,123.90000000000123,-98.00000000000031,Wednesday,2,2015-W10
2015-03-05,1.10766,1.11143,1.09874,1.10292,126.89999999999868,-47.40000000000188,Thursday,3,2015-W10
2015-03-06,1.10289,1.10327,1.08381,1.08387,194.60000000000034,-190.20000000000036,Friday,4,2015-W10
2015-03-09,1.08263,1.09064,1.08227,1.0851,83.69999999999989,24.699999999999722,Monday,0,2015-W11
2015-03-10,1.08512,1.0855,1.06926,1.06969,162.3999999999981,-154.30000000000055,Tuesday,1,2015-W11
2015-03-11,1.06963,1.07168,1.05112,1.05467,205.5999999999991,-149.60000000000085,Wednesday,2,2015-W11
2015-03-12,1.05459,1.06837,1.04944,1.06347,189.30000000000115,88.79999999999998,Thursday,3,2015-W11
2015-03-13,1.06334,1.06346,1.04623,1.04939,172.30000000000078,-139.49999999999906,Friday,4,2015-W11
2015-03-16,1.04699,1.06195,1.04697,1.05666,149.79999999999993,96.69999999999845,Monday,0,2015-W12
2015-03-17,1.05661,1.06507,1.05513,1.05965,99.4000000000006,30.399999999999316,Tuesday,1,2015-W12
2015-03-18,1.05969,1.10385,1.05798,1.08618,458.7000000000008,264.899999999999,Wednesday,2,2015-W12
2015-03-19,1.08627,1.09191,1.06128,1.06583,306.29999999999933,-204.40000000000015,Thursday,3,2015-W12
2015-03-20,1.06584,1.0882,1.06492,1.08225,232.79999999999967,164.10000000000036,Friday,4,2015-W12
2015-03-23,1.08398,1.09711,1.07673,1.09451,203.80000000000064,105.3000000000015,Monday,0,2015-W13
2015-03-24,1.09439,1.10292,1.08902,1.09242,138.999999999998,-19.700000000000273,Tuesday,1,2015-W13
2015-03-25,1.09242,1.10143,1.09006,1.09691,113.6999999999988,44.90000000000105,Wednesday,2,2015-W13
2015-03-26,1.09694,1.10521,1.08561,1.08834,196.00000000000063,-85.9999999999994,Thursday,3,2015-W13
2015-03-27,1.08832,1.09483,1.08011,1.08813,147.20000000000067,-1.8999999999991246,Friday,4,2015-W13
2015-03-30,1.08856,1.08949,1.081,1.08345,84.90000000000109,-51.09999999999948,Monday,0,2015-W14
2015-03-31,1.08324,1.08454,1.07128,1.07312,132.6000000000005,-101.19999999999906,Tuesday,1,2015-W14
2015-04-01,1.07312,1.07998,1.07185,1.07624,81.2999999999997,31.200000000000117,Wednesday,2,2015-W14
2015-04-02,1.07622,1.09049,1.07502,1.08794,154.69999999999874,117.19999999999953,Thursday,3,2015-W14
2015-04-03,1.08799,1.10267,1.08638,1.09683,162.90000000000137,88.3999999999996,Friday,4,2015-W14
2015-04-06,1.10019,1.10354,1.091,1.09219,125.39999999999995,-80.00000000000007,Monday,0,2015-W15
2015-04-07,1.09219,1.09549,1.0803,1.08144,151.90000000000038,-107.50000000000037,Tuesday,1,2015-W15
2015-04-08,1.08143,1.08876,1.0763,1.07799,124.59999999999916,-34.399999999998876,Wednesday,2,2015-W15
2015-04-09,1.07802,1.07886,1.06375,1.06586,151.09999999999957,-121.59999999999948,Thursday,3,2015-W15
2015-04-10,1.06588,1.06836,1.05677,1.06005,115.89999999999989,-58.30000000000002,Friday,4,2015-W15
2015-04-13,1.05854,1.0619,1.05204,1.05668,98.5999999999998,-18.599999999999728,Monday,0,2015-W16
2015-04-14,1.05669,1.07073,1.05315,1.06543,175.7999999999993,87.40000000000192,Tuesday,1,2015-W16
2015-04-15,1.06528,1.07019,1.05711,1.06833,130.7999999999998,30.49999999999997,Wednesday,2,2015-W16
2015-04-16,1.0684,1.08175,1.06247,1.07604,192.79999999999964,76.40000000000092,Thursday,3,2015-W16
2015-04-17,1.07602,1.08486,1.07336,1.08046,114.99999999999844,44.39999999999999,Friday,4,2015-W16
2015-04-20,1.08185,1.08204,1.07121,1.07371,108.29999999999896,-81.40000000000036,Monday,0,2015-W17
2015-04-21,1.07367,1.07813,1.06598,1.07352,121.50000000000105,-1.4999999999987246,Tuesday,1,2015-W17
2015-04-22,1.07353,1.08008,1.07083,1.07247,92.4999999999998,-10.600000000000609,Wednesday,2,2015-W17
2015-04-23,1.07245,1.08451,1.06659,1.08232,179.20000000000158,98.70000000000046,Thursday,3,2015-W17
2015-04-24,1.08234,1.08999,1.0785,1.0872,114.9,48.599999999998644,Friday,4,2015-W17
2015-04-27,1.08632,1.09265,1.08194,1.08908,107.09999999999997,27.600000000000957,Monday,0,2015-W18
2015-04-28,1.0891,1.09909,1.08601,1.09798,130.7999999999998,88.79999999999998,Tuesday,1,2015-W18
2015-04-29,1.09798,1.11878,1.09595,1.11277,228.3000000000013,147.9000000000008,Wednesday,2,2015-W18
2015-04-30,1.11279,1.12661,1.10716,1.12235,194.49999999999966,95.60000000000014,Thursday,3,2015-W18
2015-05-01,1.12236,1.12899,1.11748,1.11987,115.09999999999908,-24.900000000001032,Friday,4,2015-W18
2015-05-04,1.11929,1.12245,1.11226,1.11451,101.89999999999921,-47.80000000000007,Monday,0,2015-W19
2015-05-05,1.11443,1.12229,1.10663,1.11849,156.60000000000008,40.599999999999525,Tuesday,1,2015-W19
2015-05-06,1.11848,1.137,1.11748,1.13466,195.19999999999982,161.80000000000084,Wednesday,2,2015-W19
2015-05-07,1.13467,1.13916,1.12372,1.12661,154.39999999999898,-80.60000000000178,Thursday,3,2015-W19
2015-05-08,1.12661,1.1289,1.11793,1.11979,109.69999999999925,-68.19999999999825,Friday,4,2015-W19
2015-05-11,1.11971,1.12065,1.1131,1.11547,75.49999999999946,-42.40000000000022,Monday,0,2015-W20
2015-05-12,1.11542,1.12788,1.11342,1.12121,144.59999999999917,57.89999999999962,Tuesday,1,2015-W20
2015-05-13,1.12121,1.13826,1.12027,1.13534,179.8999999999995,141.29999999999976,Wednesday,2,2015-W20
2015-05-14,1.13531,1.14445,1.13406,1.14089,103.899999999999,55.79999999999919,Thursday,3,2015-W20
2015-05-15,1.14084,1.14667,1.13241,1.14482,142.60000000000161,39.799999999998725,Friday,4,2015-W20
2015-05-18,1.14469,1.14494,1.12986,1.13134,150.7999999999998,-133.49999999999972,Monday,0,2015-W21
2015-05-19,1.13136,1.13263,1.11186,1.11495,207.69999999999956,-164.09999999999815,Tuesday,1,2015-W21
2015-05-20,1.11485,1.11522,1.10626,1.10935,89.60000000000079,-54.99999999999838,Wednesday,2,2015-W21
2015-05-21,1.10921,1.11814,1.10799,1.11108,101.4999999999988,18.700000000000383,Thursday,3,2015-W21
2015-05-22,1.11109,1.12082,1.10021,1.10103,206.10000000000016,-100.59999999999958,Friday,4,2015-W21
2015-05-25,1.10029,1.10095,1.09592,1.09774,50.3000000000009,-25.500000000000522,Monday,0,2015-W22
2015-05-26,1.09768,1.09816,1.08632,1.08719,118.40000000000073,-104.89999999999888,Tuesday,1,2015-W22
2015-05-27,1.0872,1.09291,1.08192,1.09031,109.90000000000055,31.09999999999946,Wednesday,2,2015-W22
2015-05-28,1.09032,1.09586,1.0867,1.09473,91.60000000000056,44.10000000000025,Thursday,3,2015-W22
2015-05-29,1.09474,1.10059,1.09257,1.09912,80.19999999999916,43.80000000000051,Friday,4,2015-W22
2015-06-01,1.09802,1.09881,1.08872,1.09261,100.90000000000154,-54.09999999999915,Monday,0,2015-W23
2015-06-02,1.09261,1.11942,1.09159,1.115,278.30000000000024,223.8999999999991,Tuesday,1,2015-W23
2015-06-03,1.11498,1.12853,1.10793,1.12739,205.99999999999952,124.0999999999981,Wednesday,2,2015-W23
2015-06-04,1.1273,1.13797,1.12227,1.12377,156.99999999999824,-35.30000000000033,Thursday,3,2015-W23
2015-06-05,1.12371,1.128,1.10492,1.1111,230.7999999999999,-126.10000000000011,Friday,4,2015-W23
2015-06-08,1.10972,1.13067,1.10841,1.12904,222.60000000000167,193.20000000000005,Monday,0,2015-W24
2015-06-09,1.1291,1.13451,1.1214,1.12819,131.09999999999954,-9.099999999999664,Tuesday,1,2015-W24
2015-06-10,1.12821,1.13863,1.12601,1.13237,126.20000000000076,41.600000000001636,Wednesday,2,2015-W24
2015-06-11,1.13235,1.13313,1.11817,1.12571,149.59999999999863,-66.39999999999979,Thursday,3,2015-W24
2015-06-12,1.12572,1.12965,1.11511,1.12618,145.39999999999998,4.599999999999049,Friday,4,2015-W24
2015-06-15,1.12104,1.12945,1.11891,1.12825,105.39999999999993,72.09999999999938,Monday,0,2015-W25
2015-06-16,1.12834,1.13298,1.1205,1.1247,124.80000000000047,-36.399999999998656,Tuesday,1,2015-W25
2015-06-17,1.12469,1.13577,1.12064,1.13368,151.29999999999865,89.90000000000053,Wednesday,2,2015-W25
2015-06-18,1.13358,1.14362,1.13301,1.13584,106.10000000000008,22.599999999999287,Thursday,3,2015-W25
2015-06-19,1.13575,1.13968,1.12919,1.13487,104.9000000000011,-8.799999999999919,Friday,4,2015-W25
2015-06-22,1.13771,1.14101,1.13117,1.13395,98.40000000000072,-37.59999999999985,Monday,0,2015-W26
2015-06-23,1.13393,1.13473,1.11351,1.11664,212.20000000000016,-172.90000000000026,Tuesday,1,2015-W26
2015-06-24,1.11663,1.12352,1.11544,1.12039,80.80000000000086,37.59999999999985,Wednesday,2,2015-W26
2015-06-25,1.12028,1.12275,1.11536,1.1203,73.90000000000008,0.20000000000131024,Thursday,3,2015-W26
2015-06-26,1.12029,1.12197,1.11302,1.11661,89.50000000000014,-36.79999999999906,Friday,4,2015-W26
2015-06-29,1.10036,1.12785,1.0953,1.12343,325.5000000000008,230.69999999999925,Monday,0,2015-W27
2015-06-30,1.12336,1.1244,1.11121,1.11454,131.90000000000035,-88.19999999999828,Tuesday,1,2015-W27
2015-07-01,1.11468,1.11722,1.10425,1.10514,129.70000000000147,-95.39999999999881,Wednesday,2,2015-W27
2015-07-02,1.1052,1.11212,1.10323,1.10831,88.90000000000065,31.09999999999946,Thursday,3,2015-W27
2015-07-03,1.10828,1.11178,1.10658,1.11128,52.00000000000094,30.000000000001137,Friday,4,2015-W27
2015-07-06,1.09905,1.10953,1.0969,1.10548,126.29999999999919,64.29999999999936,Monday,0,2015-W28
2015-07-07,1.10532,1.10589,1.09163,1.10094,142.5999999999994,-43.80000000000051,Tuesday,1,2015-W28
2015-07-08,1.10096,1.10925,1.0974,1.10747,118.50000000000138,65.10000000000016,Wednesday,2,2015-W28
2015-07-09,1.1074,1.11246,1.09914,1.1035,133.2,-39.00000000000014,Thursday,3,2015-W28
2015-07-10,1.10351,1.12158,1.10299,1.115,185.90000000000106,114.9,Friday,4,2015-W28
2015-07-13,1.1094,1.11971,1.09956,1.10004,201.4999999999989,-93.60000000000035,Monday,0,2015-W29
2015-07-14,1.1002,1.10836,1.09657,1.10075,117.89999999999966,5.499999999998284,Tuesday,1,2015-W29
2015-07-15,1.10072,1.10355,1.09298,1.09468,105.69999999999968,-60.39999999999823,Wednesday,2,2015-W29
2015-07-16,1.09471,1.09626,1.08553,1.08731,107.29999999999906,-74.00000000000074,Thursday,3,2015-W29
2015-07-17,1.08735,1.0907,1.08267,1.08269,80.29999999999981,-46.60000000000109,Friday,4,2015-W29
2015-07-20,1.08295,1.087,1.08082,1.08239,61.80000000000074,-5.60000000000116,Monday,0,2015-W30
2015-07-21,1.08237,1.09684,1.08115,1.09327,156.8999999999998,108.99999999999909,Tuesday,1,2015-W30
2015-07-22,1.09334,1.09669,1.08696,1.09275,97.30000000000017,-5.899999999998684,Wednesday,2,2015-W30
2015-07-23,1.09275,1.10177,1.09216,1.09823,96.09999999999897,54.799999999999294,Thursday,3,2015-W30
2015-07-24,1.09832,1.09956,1.09252,1.09816,70.40000000000157,-1.5999999999993797,Friday,4,2015-W30
2015-07-27,1.09814,1.11294,1.09689,1.10869,160.5000000000012,105.5000000000006,Monday,0,2015-W31
2015-07-28,1.1087,1.10994,1.10221,1.1059,77.30000000000015,-27.999999999999137,Tuesday,1,2015-W31
2015-07-29,1.10583,1.1084,1.09667,1.09811,117.30000000000018,-77.20000000000171,Wednesday,2,2015-W31
2015-07-30,1.09817,1.09893,1.08932,1.09303,96.09999999999897,-51.40000000000144,Thursday,3,2015-W31
2015-07-31,1.09307,1.11139,1.09211,1.09826,192.80000000000186,51.900000000000276,Friday,4,2015-W31
2015-08-03,1.09706,1.09958,1.09411,1.09485,54.700000000000855,-22.099999999998232,Monday,0,2015-W32
2015-08-04,1.09486,1.09875,1.08789,1.08801,108.5999999999987,-68.50000000000023,Tuesday,1,2015-W32
2015-08-05,1.08799,1.0938,1.0848,1.09049,90.0000000000012,24.999999999999467,Wednesday,2,2015-W32
2015-08-06,1.09045,1.09435,1.08733,1.09235,70.20000000000026,19.000000000000128,Thursday,3,2015-W32
2015-08-07,1.09231,1.09783,1.08553,1.09649,122.99999999999977,41.80000000000072,Friday,4,2015-W32
2015-08-10,1.09626,1.10413,1.09251,1.10178,116.19999999999963,55.19999999999969,Monday,0,2015-W33
2015-08-11,1.10173,1.10883,1.09605,1.10404,127.80000000000014,23.099999999998122,Tuesday,1,2015-W33
2015-08-12,1.10396,1.12138,1.10241,1.11564,189.70000000000152,116.79999999999913,Wednesday,2,2015-W33
2015-08-13,1.11563,1.11888,1.10801,1.11485,108.70000000000158,-7.800000000000029,Thursday,3,2015-W33
2015-08-14,1.1147,1.11888,1.10978,1.11082,91.00000000000108,-38.800000000001056,Friday,4,2015-W33
2015-08-17,1.11154,1.11248,1.10587,1.10761,66.10000000000005,-39.29999999999989,Monday,0,2015-W34
2015-08-18,1.10756,1.10938,1.1017,1.10209,76.80000000000132,-54.700000000000855,Tuesday,1,2015-W34
2015-08-19,1.10209,1.11342,1.10176,1.11188,116.60000000000004,97.89999999999965,Wednesday,2,2015-W34
2015-08-20,1.11178,1.12446,1.1107,1.12398,137.59999999999994,121.99999999999989,Thursday,3,2015-W34
2015-08-21,1.12395,1.13888,1.12292,1.13819,159.59999999999974,142.40000000000032,Friday,4,2015-W34
2015-08-24,1.13761,1.1714,1.13692,1.16174,344.80000000000064,241.29999999999984,Monday,0,2015-W35
2015-08-25,1.16174,1.16214,1.13964,1.1514,224.99999999999966,-103.40000000000016,Tuesday,1,2015-W35
2015-08-26,1.15145,1.1561,1.12912,1.13112,269.80000000000007,-203.3000000000018,Wednesday,2,2015-W35
2015-08-27,1.13124,1.1364,1.12029,1.12452,161.10000000000068,-67.20000000000059,Thursday,3,2015-W35
2015-08-28,1.12436,1.13097,1.1156,1.11819,153.70000000000107,-61.70000000000009,Friday,4,2015-W35
2015-08-31,1.11723,1.12623,1.11699,1.12097,92.40000000000137,37.400000000000766,Monday,0,2015-W36
2015-09-01,1.12091,1.13319,1.12079,1.13129,123.99999999999966,103.79999999999833,Tuesday,1,2015-W36
2015-09-02,1.13128,1.13194,1.12162,1.12254,103.19999999999885,-87.3999999999997,Wednesday,2,2015-W36
2015-09-03,1.12253,1.12433,1.10872,1.1122,156.10000000000124,-103.2999999999995,Thursday,3,2015-W36
2015-09-04,1.11224,1.11887,1.10882,1.11487,100.50000000000114,26.300000000001322,Friday,4,2015-W36
2015-09-07,1.11618,1.11776,1.11213,1.11688,56.30000000000024,7.0000000000014495,Monday,0,2015-W37
2015-09-08,1.11688,1.12295,1.11524,1.12009,77.09999999999883,32.099999999999355,Tuesday,1,2015-W37
2015-09-09,1.11999,1.12163,1.11317,1.12057,84.59999999999911,5.800000000000249,Wednesday,2,2015-W37
2015-09-10,1.12049,1.12953,1.11716,1.12787,123.69999999999992,73.79999999999941,Thursday,3,2015-W37
2015-09-11,1.12784,1.13496,1.1254,1.13375,95.60000000000014,59.10000000000082,Friday,4,2015-W37
2015-09-14,1.1331,1.13729,1.12834,1.1315,89.50000000000014,-16.00000000000046,Monday,0,2015-W38
2015-09-15,1.13151,1.13285,1.12587,1.12679,69.79999999999987,-47.20000000000057,Tuesday,1,2015-W38
2015-09-16,1.12677,1.13203,1.1214,1.12892,106.30000000000139,21.499999999998742,Wednesday,2,2015-W38
2015-09-17,1.12869,1.14411,1.12844,1.14337,156.6999999999985,146.80000000000027,Thursday,3,2015-W38
2015-09-18,1.14337,1.14599,1.12692,1.12969,190.7000000000014,-136.79999999999916,Friday,4,2015-W38
2015-09-21,1.1281,1.13299,1.11811,1.11891,148.80000000000004,-91.90000000000032,Monday,0,2015-W39
2015-09-22,1.11876,1.12075,1.11132,1.11189,94.29999999999828,-68.69999999999932,Tuesday,1,2015-W39
2015-09-23,1.11189,1.12133,1.1105,1.11848,108.29999999999896,65.89999999999874,Wednesday,2,2015-W39
2015-09-24,1.11858,1.12959,1.11646,1.12285,131.30000000000086,42.69999999999996,Thursday,3,2015-W39
2015-09-25,1.12287,1.1231,1.11163,1.11967,114.70000000000091,-32.00000000000092,Friday,4,2015-W39
2015-09-28,1.11853,1.12476,1.11469,1.12435,100.70000000000023,58.19999999999936,Monday,0,2015-W40
2015-09-29,1.12418,1.12813,1.11941,1.1246,87.20000000000061,4.20000000000087,Tuesday,1,2015-W40
2015-09-30,1.12472,1.12613,1.11575,1.11756,103.80000000000055,-71.59999999999833,Wednesday,2,2015-W40
2015-10-01,1.11753,1.12089,1.11349,1.11926,73.99999999999851,17.300000000000093,Thursday,3,2015-W40
2015-10-02,1.11933,1.13183,1.11503,1.121,167.99999999999926,16.700000000000603,Friday,4,2015-W40
2015-10-05,1.12185,1.12891,1.11733,1.11853,115.80000000000146,-33.199999999999896,Monday,0,2015-W41
2015-10-06,1.11856,1.12794,1.11719,1.12703,107.50000000000037,84.69999999999978,Tuesday,1,2015-W41
2015-10-07,1.12705,1.12842,1.12113,1.1237,72.90000000000019,-33.50000000000186,Wednesday,2,2015-W41
2015-10-08,1.1235,1.13268,1.12345,1.12748,92.29999999999849,39.80000000000095,Thursday,3,2015-W41
2015-10-09,1.12747,1.13872,1.1267,1.13555,120.19999999999919,80.80000000000086,Friday,4,2015-W41
2015-10-12,1.13602,1.13968,1.13543,1.13566,42.50000000000087,-3.60000000000138,Monday,0,2015-W42
2015-10-13,1.13566,1.14108,1.13443,1.13779,66.50000000000045,21.300000000001873,Tuesday,1,2015-W42
2015-10-14,1.13765,1.14893,1.1376,1.14731,113.30000000000062,96.60000000000002,Wednesday,2,2015-W42
2015-10-15,1.14732,1.14953,1.13631,1.13832,132.2000000000001,-89.99999999999898,Thursday,3,2015-W42
2015-10-16,1.13837,1.13948,1.13342,1.13459,60.59999999999954,-37.80000000000116,Friday,4,2015-W42
2015-10-19,1.13576,1.1379,1.13058,1.13254,73.19999999999993,-32.2,Monday,0,2015-W43
2015-10-20,1.13252,1.13869,1.1324,1.13428,62.89999999999907,17.599999999999838,Tuesday,1,2015-W43
2015-10-21,1.13434,1.13775,1.13341,1.1337,43.400000000000105,-6.399999999999739,Wednesday,2,2015-W43
2015-10-22,1.13373,1.1351,1.11001,1.11077,250.90000000000057,-229.5999999999987,Thursday,3,2015-W43
2015-10-23,1.11077,1.11396,1.09966,1.10169,142.9999999999998,-90.79999999999977,Friday,4,2015-W43
2015-10-26,1.09994,1.10681,1.09994,1.10561,68.70000000000154,56.70000000000064,Monday,0,2015-W44
2015-10-27,1.10562,1.10785,1.10302,1.10486,48.30000000000112,-7.600000000000939,Tuesday,1,2015-W44
2015-10-28,1.10488,1.10957,1.08967,1.0921,199.00000000000028,-127.80000000000014,Wednesday,2,2015-W44
2015-10-29,1.09211,1.09852,1.09025,1.09756,82.69999999999999,54.50000000000177,Thursday,3,2015-W44
2015-10-30,1.0976,1.10726,1.09654,1.10041,107.19999999999841,28.100000000002012,Friday,4,2015-W44
2015-11-02,1.10338,1.10525,1.10004,1.10147,52.100000000001586,-19.100000000000783,Monday,0,2015-W45
2015-11-03,1.10138,1.10299,1.09363,1.09622,93.59999999999813,-51.600000000000534,Tuesday,1,2015-W45
2015-11-04,1.09619,1.09678,1.08439,1.0863,123.90000000000123,-98.89999999999955,Wednesday,2,2015-W45
2015-11-05,1.08632,1.08974,1.08336,1.0883,63.799999999998306,19.800000000000928,Thursday,3,2015-W45
2015-11-06,1.08831,1.08936,1.07063,1.07367,187.30000000000135,-146.40000000000208,Friday,4,2015-W45
2015-11-09,1.07285,1.07898,1.07193,1.07501,70.5,21.599999999999397,Monday,0,2015-W46
2015-11-10,1.07499,1.07641,1.06742,1.07237,89.90000000000053,-26.199999999998447,Tuesday,1,2015-W46
2015-11-11,1.07219,1.07736,1.07056,1.07408,68.00000000000139,18.899999999999473,Wednesday,2,2015-W46
2015-11-12,1.07405,1.08301,1.06911,1.08113,139.00000000000023,70.79999999999976,Thursday,3,2015-W46
2015-11-13,1.08113,1.08169,1.0714,1.07707,102.90000000000133,-40.599999999999525,Friday,4,2015-W46
2015-11-16,1.07402,1.07579,1.06745,1.06854,83.40000000000015,-54.799999999999294,Monday,0,2015-W47
2015-11-17,1.06841,1.06906,1.06307,1.06404,59.899999999999395,-43.69999999999985,Tuesday,1,2015-W47
2015-11-18,1.06394,1.06922,1.06168,1.06579,75.40000000000103,18.499999999999073,Wednesday,2,2015-W47
2015-11-19,1.06572,1.0763,1.06552,1.07346,107.80000000000013,77.4000000000008,Thursday,3,2015-W47
2015-11-20,1.07323,1.07384,1.06397,1.06436,98.69999999999823,-88.69999999999933,Friday,4,2015-W47
2015-11-23,1.06377,1.06568,1.05927,1.06356,64.10000000000026,-2.100000000000435,Monday,0,2015-W48
2015-11-24,1.06354,1.06731,1.06195,1.06428,53.600000000000314,7.399999999999629,Tuesday,1,2015-W48
2015-11-25,1.06419,1.06892,1.0566,1.06236,123.20000000000108,-18.299999999999983,Wednesday,2,2015-W48
2015-11-26,1.06237,1.06273,1.05998,1.06093,27.500000000000302,-14.400000000001079,Thursday,3,2015-W48
2015-11-27,1.06095,1.0638,1.05685,1.059,69.50000000000011,-19.500000000001183,Friday,4,2015-W48
2015-11-30,1.05881,1.05949,1.05578,1.05631,37.10000000000102,-24.999999999999467,Monday,0,2015-W49
2015-12-01,1.05629,1.0637,1.05623,1.06313,74.70000000000087,68.39999999999958,Tuesday,1,2015-W49
2015-12-02,1.06312,1.06356,1.05508,1.06127,84.80000000000044,-18.500000000001293,Wednesday,2,2015-W49
2015-12-03,1.06129,1.09811,1.05223,1.09376,458.7999999999992,324.7,Thursday,3,2015-W49
2015-12-04,1.09376,1.09562,1.08359,1.08832,120.29999999999986,-54.400000000001114,Friday,4,2015-W49
2015-12-07,1.08725,1.08876,1.0796,1.08369,91.60000000000056,-35.60000000000008,Monday,0,2015-W50
2015-12-08,1.08362,1.09021,1.083,1.08917,72.09999999999938,55.49999999999944,Tuesday,1,2015-W50
2015-12-09,1.08909,1.10425,1.08791,1.1024,163.4000000000002,133.10000000000156,Wednesday,2,2015-W50
2015-12-10,1.10226,1.10245,1.09251,1.09401,99.39999999999839,-82.50000000000091,Thursday,3,2015-W50
2015-12-11,1.09392,1.10308,1.09266,1.09886,104.20000000000095,49.399999999999444,Friday,4,2015-W50
2015-12-14,1.09823,1.10486,1.09455,1.09909,103.10000000000042,8.599999999998609,Monday,0,2015-W51
2015-12-15,1.09905,1.10594,1.09045,1.0928,154.90000000000003,-62.50000000000089,Tuesday,1,2015-W51
2015-12-16,1.09284,1.1011,1.08879,1.09115,123.10000000000043,-16.899999999999693,Wednesday,2,2015-W51
2015-12-17,1.09105,1.09138,1.08027,1.08251,111.09999999999954,-85.39999999999992,Thursday,3,2015-W51
2015-12-18,1.08238,1.08744,1.0805,1.08652,69.39999999999947,41.400000000000325,Friday,4,2015-W51
2015-12-21,1.08531,1.09389,1.0847,1.09145,91.90000000000032,61.40000000000035,Monday,0,2015-W52
2015-12-22,1.09137,1.09841,1.09021,1.09555,82.00000000000207,41.80000000000072,Tuesday,1,2015-W52
2015-12-23,1.0955,1.09565,1.08701,1.09093,86.3999999999998,-45.69999999999963,Wednesday,2,2015-W52
2015-12-24,1.09093,1.09676,1.09028,1.0963,64.80000000000041,53.70000000000097,Thursday,3,2015-W52
2015-12-28,1.09676,1.09924,1.09547,1.09652,37.700000000000514,-2.4000000000001798,Monday,0,2015-W53
2015-12-29,1.0965,1.09915,1.08992,1.09193,92.30000000000072,-45.69999999999963,Tuesday,1,2015-W53
2015-12-30,1.09172,1.09436,1.09018,1.09312,41.80000000000072,14.000000000000679,Wednesday,2,2015-W53
2015-12-31,1.09309,1.09372,1.08527,1.08545,84.50000000000068,-76.3999999999987,Thursday,3,2015-W53
2016-01-04,1.08701,1.09464,1.07811,1.08296,165.30000000000155,-40.500000000001094,Monday,0,2016-W01
2016-01-05,1.08285,1.08388,1.07106,1.07472,128.20000000000053,-81.30000000000193,Tuesday,1,2016-W01
2016-01-06,1.0746,1.07994,1.07185,1.07796,80.89999999999931,33.60000000000029,Wednesday,2,2016-W01
2016-01-07,1.07795,1.09401,1.0771,1.09299,169.0999999999998,150.3999999999994,Thursday,3,2016-W01
2016-01-08,1.09283,1.09333,1.0803,1.09218,130.29999999999876,-6.500000000000394,Friday,4,2016-W01
2016-01-11,1.0917,1.09698,1.0848,1.08587,121.8000000000008,-58.30000000000002,Monday,0,2016-W02
2016-01-12,1.08584,1.09001,1.08196,1.08571,80.4999999999989,-1.2999999999996348,Tuesday,1,2016-W02
2016-01-13,1.08566,1.08877,1.08048,1.08764,82.89999999999908,19.799999999998708,Wednesday,2,2016-W02
2016-01-14,1.08754,1.0943,1.08345,1.0864,108.50000000000026,-11.399999999999189,Thursday,3,2016-W02
2016-01-15,1.0864,1.09845,1.08542,1.09139,130.29999999999876,49.9000000000005,Friday,4,2016-W02
2016-01-18,1.09228,1.09272,1.08687,1.08914,58.499999999999105,-31.399999999999206,Monday,0,2016-W03
2016-01-19,1.08904,1.09388,1.08592,1.09058,79.59999999999967,15.400000000000968,Tuesday,1,2016-W03
2016-01-20,1.09056,1.09758,1.08772,1.08879,98.5999999999998,-17.700000000000493,Wednesday,2,2016-W03
2016-01-21,1.08886,1.0921,1.07777,1.08727,143.30000000000177,-15.899999999999803,Thursday,3,2016-W03
2016-01-22,1.08731,1.08764,1.07891,1.07954,87.29999999999905,-77.70000000000054,Friday,4,2016-W03
2016-01-25,1.07913,1.08568,1.07882,1.08484,68.60000000000088,57.10000000000104,Monday,0,2016-W04
2016-01-26,1.08486,1.08744,1.08186,1.08702,55.79999999999919,21.600000000001618,Tuesday,1,2016-W04
2016-01-27,1.0869,1.09163,1.08506,1.08928,65.70000000000186,23.800000000000487,Wednesday,2,2016-W04
2016-01-28,1.08912,1.09675,1.08696,1.09404,97.89999999999965,49.199999999998134,Thursday,3,2016-W04
2016-01-29,1.09382,1.09485,1.08099,1.0828,138.60000000000207,-110.2000000000003,Friday,4,2016-W04
2016-02-01,1.08302,1.09127,1.08149,1.08878,97.799999999999,57.59999999999987,Monday,0,2016-W05
2016-02-02,1.08878,1.09398,1.08836,1.09182,56.199999999999584,30.399999999999316,Tuesday,1,2016-W05
2016-02-03,1.09163,1.11454,1.09036,1.11025,241.8000000000009,186.1999999999986,Wednesday,2,2016-W05
2016-02-04,1.11027,1.12392,1.10695,1.1209,169.6999999999993,106.29999999999917,Thursday,3,2016-W05
2016-02-05,1.1209,1.12449,1.11088,1.11541,136.099999999999,-54.89999999999995,Friday,4,2016-W05
2016-02-08,1.11408,1.12158,1.10864,1.1192,129.39999999999952,51.20000000000013,Monday,0,2016-W06
2016-02-09,1.1192,1.13381,1.11623,1.12909,175.7999999999993,98.89999999999955,Tuesday,1,2016-W06
2016-02-10,1.12902,1.13114,1.11602,1.12926,151.20000000000022,2.4000000000001798,Wednesday,2,2016-W06
2016-02-11,1.12899,1.13765,1.12738,1.1322,102.70000000000002,32.10000000000157,Thursday,3,2016-W06
2016-02-12,1.13223,1.13336,1.1214,1.1253,119.59999999999971,-69.30000000000103,Friday,4,2016-W06
2016-02-15,1.12346,1.12497,1.11278,1.11523,121.89999999999924,-82.2999999999996,Monday,0,2016-W07
2016-02-16,1.11527,1.1193,1.11241,1.11427,68.90000000000063,-9.999999999998899,Tuesday,1,2016-W07
2016-02-17,1.11431,1.11789,1.11058,1.11274,73.1000000000015,-15.699999999998493,Wednesday,2,2016-W07
2016-02-18,1.11253,1.11495,1.10709,1.11064,78.600000000002,-18.899999999999473,Thursday,3,2016-W07
2016-02-19,1.11051,1.11394,1.10667,1.11273,72.69999999999888,22.199999999998887,Friday,4,2016-W07
2016-02-22,1.11089,1.11244,1.1003,1.1028,121.4000000000004,-80.89999999999931,Monday,0,2016-W08
2016-02-23,1.10284,1.10525,1.099,1.1019,62.50000000000089,-9.399999999999409,Tuesday,1,2016-W08
2016-02-24,1.10184,1.10462,1.09572,1.10132,88.99999999999908,-5.199999999998539,Wednesday,2,2016-W08
2016-02-25,1.10121,1.105,1.09866,1.10184,63.40000000000012,6.299999999999084,Thursday,3,2016-W08
2016-02-26,1.10184,1.10682,1.09116,1.09292,156.60000000000008,-89.20000000000039,Friday,4,2016-W08
2016-02-29,1.0912,1.09624,1.08593,1.08723,103.10000000000042,-39.70000000000029,Monday,0,2016-W09
2016-03-01,1.08721,1.08936,1.08341,1.08657,59.50000000000122,-6.399999999999739,Tuesday,1,2016-W09
2016-03-02,1.08653,1.08811,1.08254,1.08669,55.699999999998525,1.5999999999993797,Wednesday,2,2016-W09
2016-03-03,1.08674,1.09728,1.08535,1.09542,119.29999999999995,86.80000000000021,Thursday,3,2016-W09
2016-03-04,1.09539,1.10435,1.09031,1.10028,140.40000000000052,48.899999999998386,Friday,4,2016-W09
2016-03-07,1.09884,1.10258,1.094,1.10131,85.79999999999811,24.699999999999722,Monday,0,2016-W10
2016-03-08,1.10132,1.10579,1.09935,1.10102,64.4,-2.9999999999996696,Tuesday,1,2016-W10
2016-03-09,1.10102,1.10348,1.0946,1.09979,88.79999999999998,-12.300000000000644,Wednesday,2,2016-W10
2016-03-10,1.0998,1.12179,1.08221,1.11768,395.8000000000017,178.79999999999896,Thursday,3,2016-W10
2016-03-11,1.11768,1.12096,1.10803,1.11537,129.29999999999887,-23.100000000000342,Friday,4,2016-W10
2016-03-14,1.11372,1.11757,1.10778,1.11019,97.89999999999965,-35.30000000000033,Monday,0,2016-W11
2016-03-15,1.11009,1.11249,1.10721,1.11082,52.799999999999514,7.299999999998974,Tuesday,1,2016-W11
2016-03-16,1.11082,1.12427,1.10578,1.12219,184.90000000000117,113.70000000000103,Wednesday,2,2016-W11
2016-03-17,1.1222,1.13425,1.12055,1.13175,137.00000000000045,95.49999999999947,Thursday,3,2016-W11
2016-03-18,1.13175,1.13368,1.12559,1.12693,80.89999999999931,-48.200000000000465,Friday,4,2016-W11
2016-03-21,1.12637,1.12847,1.12343,1.12409,50.400000000001555,-22.800000000000598,Monday,0,2016-W12
2016-03-22,1.12409,1.12601,1.11881,1.12161,71.99999999999874,-24.800000000000377,Tuesday,1,2016-W12
2016-03-23,1.12172,1.12234,1.11593,1.11802,64.09999999999805,-37.00000000000037,Wednesday,2,2016-W12
2016-03-24,1.11802,1.11875,1.11442,1.11742,43.29999999999945,-5.999999999999339,Thursday,3,2016-W12
2016-03-25,1.11744,1.11805,1.11533,1.11622,27.200000000000557,-12.199999999999989,Friday,4,2016-W12
2016-03-28,1.11604,1.122,1.11528,1.11958,67.20000000000059,35.400000000000986,Monday,0,2016-W13
2016-03-29,1.1196,1.13033,1.11688,1.12907,134.49999999999963,94.7000000000009,Tuesday,1,2016-W13
2016-03-30,1.12907,1.13651,1.12833,1.13367,81.79999999999853,45.999999999999375,Wednesday,2,2016-W13
2016-03-31,1.13362,1.14119,1.13101,1.13783,101.79999999999856,42.099999999998246,Thursday,3,2016-W13
2016-04-01,1.13782,1.14378,1.13347,1.1394,103.10000000000042,15.799999999999148,Friday,4,2016-W13
2016-04-04,1.14,1.14126,1.13573,1.13892,55.30000000000035,-10.799999999999699,Monday,0,2016-W14
2016-04-05,1.13888,1.14051,1.13359,1.13831,69.19999999999816,-5.699999999999594,Tuesday,1,2016-W14
2016-04-06,1.13823,1.14315,1.13267,1.13989,104.80000000000045,16.599999999999948,Wednesday,2,2016-W14
2016-04-07,1.13989,1.14538,1.13376,1.13777,116.19999999999963,-21.200000000001218,Thursday,3,2016-W14
2016-04-08,1.13765,1.14193,1.13489,1.13919,70.39999999999935,15.399999999998748,Friday,4,2016-W14
2016-04-11,1.1413,1.14472,1.13721,1.14062,75.09999999999906,-6.800000000000139,Monday,0,2016-W15
2016-04-12,1.14062,1.14648,1.13458,1.13857,119.00000000000021,-20.499999999998852,Tuesday,1,2016-W15
2016-04-13,1.13857,1.13911,1.1268,1.12728,123.10000000000043,-112.90000000000022,Wednesday,2,2016-W15
2016-04-14,1.12724,1.12946,1.12337,1.1266,60.89999999999929,-6.399999999999739,Thursday,3,2016-W15
2016-04-15,1.12665,1.1317,1.12458,1.12834,71.20000000000016,16.899999999999693,Friday,4,2016-W15
2016-04-18,1.13008,1.1332,1.12736,1.13114,58.400000000000674,10.600000000000609,Monday,0,2016-W16
2016-04-19,1.13101,1.13845,1.13034,1.13568,81.10000000000062,46.69999999999952,Tuesday,1,2016-W16
2016-04-20,1.13568,1.13877,1.12905,1.12964,97.1999999999995,-60.40000000000045,Wednesday,2,2016-W16
2016-04-21,1.12954,1.13987,1.12696,1.12875,129.09999999999977,-7.900000000000684,Thursday,3,2016-W16
2016-04-22,1.12872,1.13088,1.12177,1.12177,91.10000000000173,-69.50000000000011,Friday,4,2016-W16
2016-04-25,1.12177,1.12781,1.12177,1.12668,60.40000000000045,49.099999999999696,Monday,0,2016-W17
2016-04-26,1.12624,1.13397,1.12562,1.12958,83.49999999999858,33.40000000000121,Tuesday,1,2016-W17
2016-04-27,1.12952,1.13611,1.12714,1.13224,89.69999999999922,27.199999999998337,Wednesday,2,2016-W17
2016-04-28,1.13224,1.13677,1.12958,1.13513,71.90000000000029,28.900000000000592,Thursday,3,2016-W17
2016-04-29,1.13473,1.14593,1.13472,1.14509,112.09999999999943,103.59999999999926,Friday,4,2016-W17
2016-05-02,1.14596,1.15357,1.14481,1.15343,87.59999999999879,74.69999999999865,Monday,0,2016-W18
2016-05-03,1.15317,1.1616,1.14955,1.14958,120.49999999999895,-35.89999999999982,Tuesday,1,2016-W18
2016-05-04,1.14958,1.15292,1.14664,1.14862,62.79999999999841,-9.600000000000719,Wednesday,2,2016-W18
2016-05-05,1.14864,1.14936,1.1386,1.14047,107.5999999999988,-81.7000000000001,Thursday,3,2016-W18
2016-05-06,1.14045,1.14787,1.13866,1.14034,92.0999999999994,-1.100000000000545,Friday,4,2016-W18
2016-05-09,1.13959,1.14197,1.13752,1.13819,44.49999999999843,-14.000000000000679,Monday,0,2016-W19
2016-05-10,1.13828,1.14097,1.13586,1.13719,51.09999999999948,-10.900000000000354,Tuesday,1,2016-W19
2016-05-11,1.13719,1.14465,1.13691,1.14259,77.39999999999858,54.00000000000071,Wednesday,2,2016-W19
2016-05-12,1.14258,1.14292,1.13704,1.13757,58.79999999999885,-50.09999999999959,Thursday,3,2016-W19
2016-05-13,1.13754,1.13795,1.12829,1.13081,96.60000000000002,-67.29999999999903,Friday,4,2016-W19
2016-05-16,1.13114,1.13422,1.13019,1.13191,40.299999999999784,7.699999999999374,Monday,0,2016-W20
2016-05-17,1.13198,1.13482,1.13019,1.13103,46.299999999999116,-9.500000000000064,Tuesday,1,2016-W20
2016-05-18,1.1311,1.13161,1.12142,1.12151,101.89999999999921,-95.89999999999988,Wednesday,2,2016-W20
2016-05-19,1.12154,1.12298,1.11799,1.12024,49.9000000000005,-13.000000000000789,Thursday,3,2016-W20
2016-05-20,1.12022,1.1237,1.11963,1.12226,40.70000000000018,20.400000000000418,Friday,4,2016-W20
2016-05-23,1.1206,1.12428,1.11875,1.12192,55.30000000000035,13.199999999999878,Monday,0,2016-W21
2016-05-24,1.12192,1.12268,1.11325,1.11384,94.29999999999828,-80.80000000000086,Tuesday,1,2016-W21
2016-05-25,1.114,1.11668,1.11288,1.11523,37.99999999999804,12.299999999998423,Wednesday,2,2016-W21
2016-05-26,1.11526,1.12166,1.11494,1.11919,67.20000000000059,39.29999999999989,Thursday,3,2016-W21
2016-05-27,1.11923,1.12006,1.11103,1.11108,90.30000000000094,-81.49999999999879,Friday,4,2016-W21
2016-05-30,1.11127,1.11447,1.10977,1.11387,47.000000000001485,25.999999999999357,Monday,0,2016-W22
2016-05-31,1.11369,1.11733,1.11221,1.11296,51.20000000000013,-7.300000000001194,Tuesday,1,2016-W22
2016-06-01,1.11295,1.11939,1.11141,1.11863,79.80000000000098,56.79999999999907,Wednesday,2,2016-W22
2016-06-02,1.11873,1.12202,1.11452,1.1148,75.00000000000063,-39.29999999999989,Thursday,3,2016-W22
2016-06-03,1.11511,1.13737,1.11367,1.13664,237.00000000000054,215.3000000000005,Friday,4,2016-W22
2016-06-06,1.13538,1.13925,1.13257,1.13533,66.8000000000002,-0.5000000000010552,Monday,0,2016-W23
2016-06-07,1.13527,1.13803,1.13388,1.1355,41.50000000000098,2.2999999999995246,Tuesday,1,2016-W23
2016-06-08,1.13556,1.14105,1.13542,1.13942,56.29999999999802,38.60000000000197,Wednesday,2,2016-W23
2016-06-09,1.13917,1.14155,1.13055,1.13138,110.00000000000121,-77.89999999999964,Thursday,3,2016-W23
2016-06-10,1.1314,1.13213,1.12453,1.12486,76.00000000000051,-65.3999999999999,Friday,4,2016-W23
2016-06-13,1.12488,1.13028,1.12321,1.129,70.6999999999991,41.199999999999015,Monday,0,2016-W24
2016-06-14,1.12898,1.12982,1.11889,1.12068,109.30000000000106,-83.00000000000196,Tuesday,1,2016-W24
2016-06-15,1.1207,1.12985,1.11898,1.12584,108.69999999999935,51.399999999999224,Wednesday,2,2016-W24
2016-06-16,1.12569,1.12948,1.11308,1.12236,163.99999999999972,-33.30000000000055,Thursday,3,2016-W24
2016-06-17,1.12237,1.12962,1.12214,1.12744,74.80000000000153,50.69999999999908,Friday,4,2016-W24
2016-06-20,1.13291,1.13826,1.13021,1.13111,80.50000000000112,-18.000000000000238,Monday,0,2016-W25
2016-06-21,1.13115,1.13494,1.12396,1.12396,109.7999999999999,-71.90000000000029,Tuesday,1,2016-W25
2016-06-22,1.1239,1.13376,1.12366,1.12943,100.99999999999997,55.30000000000035,Wednesday,2,2016-W25
2016-06-23,1.12956,1.14214,1.12939,1.13845,127.5000000000004,88.90000000000065,Thursday,3,2016-W25
2016-06-24,1.13854,1.14283,1.09116,1.11162,516.7000000000011,-269.20000000000056,Friday,4,2016-W25
2016-06-27,1.1007,1.10835,1.09706,1.10223,112.90000000000022,15.300000000000313,Monday,0,2016-W26
2016-06-28,1.10229,1.11116,1.10101,1.1062,101.4999999999988,39.100000000000804,Tuesday,1,2016-W26
2016-06-29,1.10627,1.11305,1.10492,1.1123,81.30000000000193,60.2999999999998,Wednesday,2,2016-W26
2016-06-30,1.11227,1.11542,1.10243,1.11036,129.90000000000057,-19.100000000000783,Thursday,3,2016-W26
2016-07-01,1.1104,1.11694,1.10719,1.11338,97.50000000000148,29.799999999999827,Friday,4,2016-W26
2016-07-04,1.11312,1.11594,1.10977,1.11522,61.70000000000009,20.999999999999908,Monday,0,2016-W27
2016-07-05,1.11533,1.11851,1.10622,1.10754,122.89999999999912,-77.89999999999964,Tuesday,1,2016-W27
2016-07-06,1.10738,1.11116,1.1029,1.10971,82.59999999999934,23.299999999999432,Wednesday,2,2016-W27
2016-07-07,1.10975,1.1107,1.10523,1.10608,54.700000000000855,-36.70000000000062,Thursday,3,2016-W27
2016-07-08,1.10603,1.11202,1.10019,1.10518,118.30000000000007,-8.500000000000174,Friday,4,2016-W27
2016-07-11,1.10475,1.10746,1.10157,1.10563,58.900000000001725,8.799999999999919,Monday,0,2016-W28
2016-07-12,1.10562,1.11258,1.1052,1.1058,73.79999999999941,1.7999999999984695,Tuesday,1,2016-W28
2016-07-13,1.10573,1.11198,1.10417,1.10891,78.09999999999873,31.799999999999606,Wednesday,2,2016-W28
2016-07-14,1.10883,1.11647,1.10873,1.11176,77.4000000000008,29.300000000000992,Thursday,3,2016-W28
2016-07-15,1.11169,1.11488,1.10241,1.10279,124.70000000000203,-89.00000000000131,Friday,4,2016-W28
2016-07-18,1.10469,1.10841,1.10374,1.10741,46.69999999999952,27.200000000000557,Monday,0,2016-W29
2016-07-19,1.10741,1.10803,1.09998,1.10195,80.50000000000112,-54.60000000000021,Tuesday,1,2016-W29
2016-07-20,1.10187,1.10295,1.09814,1.10134,48.10000000000203,-5.299999999999194,Wednesday,2,2016-W29
2016-07-21,1.1014,1.10595,1.09795,1.10243,80.00000000000007,10.300000000000864,Thursday,3,2016-W29
2016-07-22,1.1024,1.10408,1.09555,1.09729,85.29999999999927,-51.09999999999948,Friday,4,2016-W29
2016-07-25,1.09725,1.09987,1.09519,1.09943,46.79999999999795,21.799999999998487,Monday,0,2016-W30
2016-07-26,1.09933,1.10296,1.09781,1.09853,51.49999999999988,-7.999999999999119,Tuesday,1,2016-W30
2016-07-27,1.09842,1.10649,1.09611,1.10573,103.80000000000055,73.1000000000015,Wednesday,2,2016-W30
2016-07-28,1.10573,1.11193,1.10518,1.10736,67.50000000000034,16.299999999997983,Thursday,3,2016-W30
2016-07-29,1.10749,1.11972,1.10722,1.11737,124.99999999999956,98.79999999999889,Friday,4,2016-W30
2016-08-01,1.11725,1.11832,1.1155,1.1161,28.200000000000447,-11.499999999999844,Monday,0,2016-W31
2016-08-02,1.11605,1.12337,1.11575,1.12208,76.1999999999996,60.2999999999998,Tuesday,1,2016-W31
2016-08-03,1.12212,1.12267,1.11406,1.1148,86.10000000000007,-73.19999999999993,Wednesday,2,2016-W31
2016-08-04,1.11484,1.11561,1.11139,1.11272,42.19999999999891,-21.200000000001218,Thursday,3,2016-W31
2016-08-05,1.11266,1.11612,1.10458,1.1085,115.40000000000106,-41.59999999999941,Friday,4,2016-W31
2016-08-08,1.10785,1.11049,1.1072,1.10872,32.90000000000015,8.699999999999264,Monday,0,2016-W32
2016-08-09,1.10875,1.11225,1.10704,1.11145,52.09999999999937,27.000000000001467,Tuesday,1,2016-W32
2016-08-10,1.11144,1.119,1.11121,1.11753,77.89999999999964,60.89999999999929,Wednesday,2,2016-W32
2016-08-11,1.11752,1.11918,1.11351,1.1136,56.70000000000064,-39.20000000000145,Thursday,3,2016-W32
2016-08-12,1.11363,1.12212,1.11312,1.1161,89.99999999999898,24.700000000001943,Friday,4,2016-W32
2016-08-15,1.11673,1.12036,1.11533,1.11829,50.3000000000009,15.600000000000058,Monday,0,2016-W33
2016-08-16,1.11822,1.13224,1.11772,1.12776,145.19999999999865,95.40000000000104,Tuesday,1,2016-W33
2016-08-17,1.1277,1.13157,1.12405,1.12879,75.1999999999997,10.900000000000354,Wednesday,2,2016-W33
2016-08-18,1.12872,1.13662,1.12846,1.1353,81.59999999999945,65.8000000000003,Thursday,3,2016-W33
2016-08-19,1.1353,1.13595,1.1304,1.13228,55.49999999999944,-30.200000000000227,Friday,4,2016-W33
2016-08-22,1.13071,1.13305,1.12709,1.13196,59.59999999999965,12.499999999999734,Monday,0,2016-W34
2016-08-23,1.13192,1.1355,1.13032,1.13039,51.79999999999963,-15.300000000000313,Tuesday,1,2016-W34
2016-08-24,1.13045,1.13113,1.12451,1.12633,66.2000000000007,-41.199999999999015,Wednesday,2,2016-W34
2016-08-25,1.12632,1.12973,1.12592,1.12839,38.09999999999869,20.700000000000163,Thursday,3,2016-W34
2016-08-26,1.12805,1.13409,1.11806,1.1195,160.2999999999999,-85.50000000000057,Friday,4,2016-W34
2016-08-29,1.11777,1.12076,1.11579,1.11877,49.69999999999919,10.000000000001119,Monday,0,2016-W35
2016-08-30,1.11882,1.11921,1.1132,1.11399,60.100000000000705,-48.2999999999989,Tuesday,1,2016-W35
2016-08-31,1.11406,1.11654,1.1123,1.11573,42.40000000000022,16.700000000000603,Wednesday,2,2016-W35
2016-09-01,1.11567,1.1205,1.11276,1.11942,77.4000000000008,37.50000000000142,Thursday,3,2016-W35
2016-09-02,1.11939,1.12521,1.11502,1.1153,101.90000000000143,-40.90000000000149,Friday,4,2016-W35
2016-09-05,1.11559,1.11821,1.11391,1.11475,42.9999999999997,-8.40000000000174,Monday,0,2016-W36
2016-09-06,1.11444,1.1263,1.11407,1.12554,122.30000000000186,110.99999999999888,Tuesday,1,2016-W36
2016-09-07,1.1253,1.12712,1.12287,1.12368,42.49999999999865,-16.199999999999548,Wednesday,2,2016-W36
2016-09-08,1.12369,1.13269,1.12344,1.12593,92.4999999999998,22.400000000000198,Thursday,3,2016-W36
2016-09-09,1.12589,1.1285,1.11984,1.123,86.60000000000112,-28.900000000000592,Friday,4,2016-W36
2016-09-12,1.12344,1.12679,1.12102,1.12337,57.70000000000053,-0.700000000000145,Monday,0,2016-W37
2016-09-13,1.12334,1.12602,1.12037,1.12184,56.49999999999933,-15.000000000000568,Tuesday,1,2016-W37
2016-09-14,1.12182,1.12739,1.12097,1.12472,64.19999999999871,28.999999999999027,Wednesday,2,2016-W37
2016-09-15,1.12475,1.12837,1.12189,1.12409,64.80000000000041,-6.599999999998829,Thursday,3,2016-W37
2016-09-16,1.12415,1.12499,1.11494,1.11543,100.49999999999892,-87.20000000000061,Friday,4,2016-W37
2016-09-19,1.11502,1.11978,1.11502,1.11735,47.600000000000975,23.300000000001653,Monday,0,2016-W38
2016-09-20,1.11733,1.12132,1.11491,1.11493,64.10000000000026,-23.999999999999577,Tuesday,1,2016-W38
2016-09-21,1.11501,1.11965,1.11229,1.11867,73.60000000000034,36.599999999999966,Wednesday,2,2016-W38
2016-09-22,1.11872,1.12572,1.11848,1.12063,72.40000000000136,19.100000000000783,Thursday,3,2016-W38
2016-09-23,1.12069,1.12403,1.11938,1.12235,46.500000000000426,16.599999999999948,Friday,4,2016-W38
2016-09-26,1.12274,1.1279,1.12211,1.1252,57.89999999999962,24.599999999999067,Monday,0,2016-W39
2016-09-27,1.12526,1.12586,1.1191,1.12146,67.60000000000099,-38.000000000000256,Tuesday,1,2016-W39
2016-09-28,1.12115,1.12369,1.11817,1.12161,55.19999999999969,4.599999999999049,Wednesday,2,2016-W39
2016-09-29,1.12162,1.12496,1.11967,1.12213,52.90000000000017,5.1000000000001044,Thursday,3,2016-W39
2016-09-30,1.12203,1.12506,1.11532,1.1238,97.3999999999986,17.699999999998273,Friday,4,2016-W39
2016-10-03,1.12283,1.12432,1.12051,1.12102,38.10000000000091,-18.100000000000893,Monday,0,2016-W40
2016-10-04,1.12096,1.12388,1.1138,1.12023,100.80000000000089,-7.299999999998974,Tuesday,1,2016-W40
2016-10-05,1.12021,1.12332,1.11896,1.12039,43.600000000001415,1.80000000000069,Wednesday,2,2016-W40
2016-10-06,1.1204,1.12124,1.11399,1.11497,72.49999999999979,-54.30000000000046,Thursday,3,2016-W40
2016-10-07,1.11488,1.1205,1.11042,1.1199,100.80000000000089,50.19999999999803,Friday,4,2016-W40
2016-10-10,1.11772,1.12027,1.11313,1.11375,71.40000000000146,-39.70000000000029,Monday,0,2016-W41
2016-10-11,1.11364,1.11422,1.10488,1.10517,93.39999999999904,-84.69999999999978,Tuesday,1,2016-W41
2016-10-12,1.10521,1.10676,1.10043,1.10049,63.29999999999947,-47.20000000000057,Wednesday,2,2016-W41
2016-10-13,1.10059,1.10574,1.09852,1.10547,72.20000000000005,48.799999999999955,Thursday,3,2016-W41
2016-10-14,1.10541,1.10582,1.09687,1.09688,89.50000000000014,-85.29999999999927,Friday,4,2016-W41
2016-10-17,1.09665,1.10077,1.09637,1.09977,43.999999999999595,31.200000000000117,Monday,0,2016-W42
2016-10-18,1.09982,1.10261,1.097,1.09794,56.100000000001145,-18.800000000001038,Tuesday,1,2016-W42
2016-10-19,1.09789,1.10047,1.09549,1.09724,49.79999999999984,-6.500000000000394,Wednesday,2,2016-W42
2016-10-20,1.09726,1.10393,1.09158,1.0927,123.50000000000082,-45.59999999999897,Thursday,3,2016-W42
2016-10-21,1.09279,1.09295,1.08593,1.08822,70.20000000000026,-45.69999999999963,Friday,4,2016-W42
2016-10-24,1.08794,1.08995,1.08595,1.08805,40.000000000000036,1.100000000000545,Monday,0,2016-W43
2016-10-25,1.08808,1.09049,1.08509,1.08858,53.999999999998494,5.00000000000167,Tuesday,1,2016-W43
2016-10-26,1.08861,1.09468,1.08742,1.09072,72.60000000000045,21.099999999998342,Wednesday,2,2016-W43
2016-10-27,1.09068,1.09421,1.08826,1.08949,59.499999999999,-11.900000000000244,Thursday,3,2016-W43
2016-10-28,1.08955,1.09916,1.0893,1.09853,98.5999999999998,89.79999999999988,Friday,4,2016-W43
2016-10-31,1.09892,1.09909,1.09359,1.09797,54.99999999999838,-9.500000000000064,Monday,0,2016-W44
2016-11-01,1.09796,1.1069,1.09599,1.10542,109.09999999999975,74.60000000000022,Tuesday,1,2016-W44
2016-11-02,1.10547,1.11229,1.10495,1.1095,73.39999999999903,40.299999999999784,Wednesday,2,2016-W44
2016-11-03,1.10965,1.11258,1.10596,1.11042,66.19999999999848,7.699999999999374,Thursday,3,2016-W44
2016-11-04,1.11036,1.11412,1.10798,1.11378,61.40000000000035,34.19999999999979,Friday,4,2016-W44
2016-11-07,1.10582,1.11103,1.10275,1.1038,82.80000000000065,-20.200000000001328,Monday,0,2016-W45
2016-11-08,1.10394,1.10669,1.10087,1.10241,58.19999999999936,-15.300000000000313,Tuesday,1,2016-W45
2016-11-09,1.10243,1.12991,1.09068,1.09085,392.29999999999876,-115.79999999999924,Wednesday,2,2016-W45
2016-11-10,1.09073,1.09535,1.08648,1.08906,88.70000000000155,-16.700000000000603,Thursday,3,2016-W45
2016-11-11,1.08906,1.09233,1.08302,1.08562,93.0999999999993,-34.399999999998876,Friday,4,2016-W45
2016-11-14,1.08378,1.08396,1.0709,1.07356,130.6000000000007,-102.19999999999897,Monday,0,2016-W46
2016-11-15,1.07351,1.08164,1.0714,1.07198,102.40000000000026,-15.300000000000313,Tuesday,1,2016-W46
2016-11-16,1.07201,1.07593,1.06661,1.06899,93.19999999999995,-30.199999999998006,Wednesday,2,2016-W46
2016-11-17,1.06899,1.07454,1.06199,1.06242,125.50000000000061,-65.70000000000186,Thursday,3,2016-W46
2016-11-18,1.06233,1.0643,1.05689,1.05868,74.09999999999917,-36.49999999999931,Friday,4,2016-W46
2016-11-21,1.05911,1.0649,1.05784,1.06275,70.60000000000066,36.40000000000087,Monday,0,2016-W47
2016-11-22,1.0627,1.06578,1.05834,1.06244,74.39999999999891,-2.5999999999992696,Tuesday,1,2016-W47
2016-11-23,1.06234,1.06435,1.0526,1.05513,117.49999999999928,-72.10000000000161,Wednesday,2,2016-W47
2016-11-24,1.055,1.05851,1.0518,1.05504,67.09999999999994,0.40000000000040004,Thursday,3,2016-W47
2016-11-25,1.05495,1.06273,1.05383,1.05904,88.99999999999908,40.89999999999927,Friday,4,2016-W47
2016-11-28,1.06083,1.06854,1.05635,1.06135,121.90000000000146,5.20000000000076,Monday,0,2016-W48
2016-11-29,1.06126,1.06542,1.0565,1.06472,89.20000000000039,34.600000000000186,Tuesday,1,2016-W48
2016-11-30,1.06468,1.06665,1.05527,1.05866,113.80000000000167,-60.20000000000137,Wednesday,2,2016-W48
2016-12-01,1.05868,1.06686,1.05844,1.06593,84.19999999999872,72.49999999999979,Thursday,3,2016-W48
2016-12-02,1.06582,1.06898,1.06251,1.06602,64.69999999999976,1.9999999999997797,Friday,4,2016-W48
2016-12-05,1.06633,1.07961,1.05045,1.07631,291.59999999999854,99.800000000001,Monday,0,2016-W49
2016-12-06,1.07624,1.07853,1.06982,1.07159,87.09999999999995,-46.500000000000426,Tuesday,1,2016-W49
2016-12-07,1.07166,1.07684,1.07098,1.07518,58.59999999999977,35.199999999999676,Wednesday,2,2016-W49
2016-12-08,1.07515,1.08732,1.05971,1.06121,276.10000000000133,-139.40000000000063,Thursday,3,2016-W49
2016-12-09,1.06123,1.06298,1.05309,1.05589,98.89999999999955,-53.399999999999004,Friday,4,2016-W49
2016-12-12,1.05294,1.06516,1.05251,1.06346,126.5000000000005,105.20000000000084,Monday,0,2016-W50
2016-12-13,1.0633,1.0667,1.06037,1.0625,63.29999999999947,-7.999999999999119,Tuesday,1,2016-W50
2016-12-14,1.0624,1.06699,1.04962,1.0533,173.70000000000107,-91.00000000000108,Wednesday,2,2016-W50
2016-12-15,1.05324,1.05391,1.03664,1.04129,172.69999999999897,-119.49999999999905,Thursday,3,2016-W50
2016-12-16,1.04123,1.04739,1.04007,1.04485,73.19999999999993,36.19999999999956,Friday,4,2016-W50
2016-12-19,1.04389,1.04793,1.03925,1.04002,86.80000000000021,-38.7000000000004,Monday,0,2016-W51
2016-12-20,1.04009,1.04178,1.03522,1.03862,65.599999999999,-14.699999999998603,Tuesday,1,2016-W51
2016-12-21,1.03859,1.0451,1.03823,1.04227,68.69999999999932,36.800000000001276,Wednesday,2,2016-W51
2016-12-22,1.04221,1.04993,1.04221,1.0437,77.19999999999949,14.899999999999913,Thursday,3,2016-W51
2016-12-23,1.0437,1.04685,1.04263,1.0452,42.200000000001125,14.999999999998348,Friday,4,2016-W51
2016-12-26,1.04551,1.04675,1.04426,1.04652,24.900000000001032,10.099999999999554,Monday,0,2016-W52
2016-12-27,1.04526,1.04631,1.04322,1.04553,30.90000000000037,2.6999999999999247,Tuesday,1,2016-W52
2016-12-28,1.04541,1.04797,1.03719,1.0411,107.80000000000013,-43.100000000000364,Wednesday,2,2016-W52
2016-12-29,1.04107,1.04938,1.04075,1.04882,86.29999999999916,77.50000000000145,Thursday,3,2016-W52
2016-12-30,1.04876,1.06534,1.04834,1.05224,169.99999999999903,34.800000000001496,Friday,4,2016-W52
2017-01-02,1.05155,1.0523,1.04496,1.04517,73.39999999999903,-63.80000000000052,Monday,0,2017-W01
2017-01-03,1.04534,1.049,1.03406,1.04048,149.39999999999952,-48.599999999998644,Tuesday,1,2017-W01
2017-01-04,1.04049,1.04998,1.03899,1.04875,109.89999999999833,82.60000000000156,Wednesday,2,2017-W01
2017-01-05,1.04862,1.06151,1.04805,1.06046,134.60000000000028,118.3999999999985,Thursday,3,2017-W01
2017-01-06,1.06043,1.06214,1.05249,1.05306,96.50000000000159,-73.69999999999877,Friday,4,2017-W01
2017-01-09,1.05284,1.05829,1.05108,1.05717,72.09999999999938,43.29999999999945,Monday,0,2017-W02
2017-01-10,1.05732,1.0627,1.05508,1.05518,76.1999999999996,-21.400000000000308,Tuesday,1,2017-W02
2017-01-11,1.05523,1.06228,1.04537,1.05804,169.0999999999998,28.100000000002012,Wednesday,2,2017-W02
2017-01-12,1.0581,1.06847,1.05714,1.06109,113.30000000000062,29.90000000000048,Thursday,3,2017-W02
2017-01-13,1.061,1.06765,1.05962,1.06425,80.29999999999981,32.49999999999975,Friday,4,2017-W02
2017-01-16,1.06047,1.06358,1.05793,1.05982,56.49999999999933,-6.500000000000394,Monday,0,2017-W03
2017-01-17,1.0598,1.07197,1.05963,1.07107,123.40000000000018,112.69999999999891,Tuesday,1,2017-W03
2017-01-18,1.071,1.07152,1.06272,1.06272,87.99999999999919,-82.79999999999843,Wednesday,2,2017-W03
2017-01-19,1.0625,1.06765,1.05892,1.06635,87.29999999999905,38.49999999999909,Thursday,3,2017-W03
2017-01-20,1.06618,1.07094,1.0625,1.06988,84.40000000000003,37.00000000000037,Friday,4,2017-W03
2017-01-23,1.07004,1.07689,1.06935,1.07635,75.3999999999988,63.09999999999816,Monday,0,2017-W04
2017-01-24,1.07635,1.07747,1.07203,1.07297,54.3999999999989,-33.799999999999386,Tuesday,1,2017-W04
2017-01-25,1.07287,1.07697,1.07112,1.07458,58.499999999999105,17.100000000001003,Wednesday,2,2017-W04
2017-01-26,1.0746,1.07654,1.06576,1.06818,107.80000000000013,-64.20000000000093,Thursday,3,2017-W04
2017-01-27,1.06802,1.07249,1.06581,1.06963,66.8000000000002,16.100000000001113,Friday,4,2017-W04
2017-01-30,1.07204,1.07402,1.06201,1.06924,120.10000000000076,-28.000000000001357,Monday,0,2017-W05
2017-01-31,1.06919,1.08121,1.06848,1.07972,127.29999999999907,105.29999999999929,Tuesday,1,2017-W05
2017-02-01,1.07961,1.08073,1.07316,1.07658,75.70000000000077,-30.29999999999866,Wednesday,2,2017-W05
2017-02-02,1.07661,1.08287,1.07557,1.07577,73.00000000000084,-8.40000000000174,Thursday,3,2017-W05
2017-02-03,1.07565,1.07976,1.07069,1.07825,90.70000000000134,25.999999999999357,Friday,4,2017-W05
2017-02-06,1.07869,1.07912,1.07055,1.07488,85.70000000000189,-38.09999999999869,Monday,0,2017-W06
2017-02-07,1.07484,1.07499,1.0656,1.06828,93.89999999999787,-65.60000000000122,Tuesday,1,2017-W06
2017-02-08,1.06815,1.07137,1.06406,1.06975,73.09999999999928,16.00000000000046,Wednesday,2,2017-W06
2017-02-09,1.06974,1.07095,1.06508,1.06538,58.700000000000415,-43.5999999999992,Thursday,3,2017-W06
2017-02-10,1.06531,1.06675,1.06076,1.06386,59.90000000000162,-14.499999999999513,Friday,4,2017-W06
2017-02-13,1.06263,1.06582,1.05919,1.05968,66.29999999999913,-29.50000000000008,Monday,0,2017-W07
2017-02-14,1.05976,1.06333,1.05607,1.05763,72.60000000000045,-21.299999999999653,Tuesday,1,2017-W07
2017-02-15,1.0576,1.06093,1.05213,1.05987,87.99999999999919,22.699999999999942,Wednesday,2,2017-W07
2017-02-16,1.0599,1.06792,1.05909,1.06718,88.29999999999893,72.79999999999953,Thursday,3,2017-W07
2017-02-17,1.06709,1.06764,1.06051,1.06127,71.29999999999859,-58.20000000000158,Friday,4,2017-W07
2017-02-20,1.06056,1.06328,1.06031,1.0611,29.69999999999917,5.399999999999849,Monday,0,2017-W08
2017-02-21,1.06111,1.06152,1.05256,1.05347,89.60000000000079,-76.40000000000092,Tuesday,1,2017-W08
2017-02-22,1.05353,1.05739,1.04937,1.05565,80.20000000000138,21.199999999998997,Wednesday,2,2017-W08
2017-02-23,1.0556,1.05951,1.05375,1.05813,57.59999999999987,25.299999999999212,Thursday,3,2017-W08
2017-02-24,1.05803,1.06177,1.05563,1.05611,61.40000000000035,-19.199999999999218,Friday,4,2017-W08
2017-02-27,1.05609,1.06305,1.05513,1.05858,79.2000000000015,24.900000000001032,Monday,0,2017-W09
2017-02-28,1.0586,1.063,1.05691,1.05752,60.89999999999929,-10.799999999999699,Tuesday,1,2017-W09
2017-03-01,1.05737,1.05891,1.05141,1.05447,75.00000000000063,-28.999999999999027,Wednesday,2,2017-W09
2017-03-02,1.05448,1.05516,1.04949,1.05052,56.70000000000064,-39.600000000001856,Thursday,3,2017-W09
2017-03-03,1.05041,1.06238,1.05019,1.06205,121.90000000000146,116.39999999999873,Friday,4,2017-W09
2017-03-06,1.06067,1.06398,1.05746,1.05798,65.1999999999986,-26.900000000000812,Monday,0,2017-W10
2017-03-07,1.05787,1.06025,1.05581,1.0566,44.39999999999999,-12.700000000001044,Tuesday,1,2017-W10
2017-03-08,1.05653,1.0574,1.05347,1.05388,39.29999999999989,-26.500000000000412,Wednesday,2,2017-W10
2017-03-09,1.05385,1.06149,1.0525,1.05748,89.90000000000053,36.300000000000225,Thursday,3,2017-W10
2017-03-10,1.05751,1.06992,1.0572,1.06731,127.20000000000064,98.00000000000031,Friday,4,2017-W10
2017-03-13,1.06759,1.07142,1.0652,1.06523,62.20000000000114,-23.600000000001398,Monday,0,2017-W11
2017-03-14,1.06516,1.06625,1.06,1.06034,62.499999999998664,-48.200000000000465,Tuesday,1,2017-W11
2017-03-15,1.06031,1.07399,1.06029,1.07336,137.00000000000045,130.50000000000006,Wednesday,2,2017-W11
2017-03-16,1.07324,1.07701,1.07056,1.07653,64.50000000000067,32.90000000000015,Thursday,3,2017-W11
2017-03-17,1.0764,1.07824,1.07274,1.07374,55.000000000000604,-26.600000000001067,Friday,4,2017-W11
2017-03-20,1.07314,1.07773,1.07249,1.0739,52.400000000001334,7.600000000000939,Monday,0,2017-W12
2017-03-21,1.07386,1.08191,1.0719,1.08098,100.09999999999852,71.20000000000016,Tuesday,1,2017-W12
2017-03-22,1.08097,1.08247,1.07758,1.07963,48.90000000000061,-13.399999999998968,Wednesday,2,2017-W12
2017-03-23,1.07959,1.08048,1.0768,1.07819,36.800000000001276,-14.000000000000679,Thursday,3,2017-W12
2017-03-24,1.07816,1.08178,1.07601,1.0798,57.70000000000053,16.40000000000086,Friday,4,2017-W12
2017-03-27,1.0836,1.09061,1.08269,1.08641,79.2000000000015,28.100000000002012,Monday,0,2017-W13
2017-03-28,1.08638,1.08725,1.0799,1.08123,73.49999999999967,-51.49999999999988,Tuesday,1,2017-W13
2017-03-29,1.08109,1.08263,1.07397,1.07646,86.5999999999989,-46.30000000000134,Wednesday,2,2017-W13
2017-03-30,1.07638,1.07693,1.06717,1.06745,97.59999999999991,-89.29999999999882,Thursday,3,2017-W13
2017-03-31,1.06742,1.07016,1.065,1.06522,51.600000000000534,-21.999999999999797,Friday,4,2017-W13
2017-04-03,1.06611,1.0681,1.06421,1.0669,38.899999999999494,7.900000000000684,Monday,0,2017-W14
2017-04-04,1.0669,1.06769,1.06356,1.06718,41.29999999999967,2.80000000000058,Tuesday,1,2017-W14
2017-04-05,1.06717,1.06889,1.06349,1.06629,53.999999999998494,-8.799999999999919,Wednesday,2,2017-W14
2017-04-06,1.06614,1.0684,1.06289,1.06437,55.10000000000126,-17.700000000000493,Thursday,3,2017-W14
2017-04-07,1.06434,1.06662,1.05805,1.05821,85.69999999999966,-61.299999999999685,Friday,4,2017-W14
2017-04-10,1.05855,1.06066,1.05697,1.05948,36.89999999999971,9.299999999998754,Monday,0,2017-W15
2017-04-11,1.0595,1.063,1.05785,1.06043,51.49999999999988,9.299999999998754,Tuesday,1,2017-W15
2017-04-12,1.06024,1.06748,1.05887,1.06625,86.10000000000007,60.09999999999849,Wednesday,2,2017-W15
2017-04-13,1.06621,1.06776,1.0609,1.06117,68.60000000000088,-50.400000000001555,Thursday,3,2017-W15
2017-04-14,1.06112,1.06294,1.06055,1.06104,23.899999999998922,-0.8000000000008001,Friday,4,2017-W15
2017-04-17,1.06149,1.06705,1.06024,1.06419,68.09999999999982,26.999999999999247,Monday,0,2017-W16
2017-04-18,1.0641,1.07358,1.06369,1.07297,98.89999999999955,88.69999999999933,Tuesday,1,2017-W16
2017-04-19,1.07299,1.07367,1.07,1.07093,36.6999999999984,-20.600000000001728,Wednesday,2,2017-W16
2017-04-20,1.07092,1.07773,1.07082,1.07165,69.09999999999971,7.299999999998974,Thursday,3,2017-W16
2017-04-21,1.07156,1.07379,1.06821,1.07238,55.79999999999919,8.20000000000043,Friday,4,2017-W16
2017-04-24,1.09169,1.09181,1.08206,1.08663,97.49999999999926,-50.60000000000065,Monday,0,2017-W17
2017-04-25,1.08663,1.095,1.08512,1.09241,98.79999999999889,57.800000000001184,Tuesday,1,2017-W17
2017-04-26,1.09237,1.09507,1.08558,1.09027,94.89999999999998,-20.999999999999908,Wednesday,2,2017-W17
2017-04-27,1.09028,1.09328,1.08517,1.08708,81.10000000000062,-31.999999999998696,Thursday,3,2017-W17
2017-04-28,1.08709,1.09472,1.08569,1.08926,90.29999999999872,21.700000000000053,Friday,4,2017-W17
2017-05-01,1.09097,1.09238,1.08839,1.08971,39.89999999999938,-12.600000000000389,Monday,0,2017-W18
2017-05-02,1.08967,1.0933,1.08877,1.09287,45.29999999999923,32.00000000000092,Tuesday,1,2017-W18
2017-05-03,1.09284,1.09369,1.08826,1.08838,54.30000000000046,-44.6000000000013,Wednesday,2,2017-W18
2017-05-04,1.08839,1.0987,1.08748,1.09843,112.20000000000007,100.40000000000049,Thursday,3,2017-W18
2017-05-05,1.09838,1.09997,1.09445,1.09985,55.19999999999969,14.700000000000824,Friday,4,2017-W18
2017-05-08,1.10173,1.10211,1.09162,1.09229,104.89999999999888,-94.40000000000114,Monday,0,2017-W19
2017-05-09,1.09225,1.09334,1.08634,1.08723,69.99999999999895,-50.200000000000244,Tuesday,1,2017-W19
2017-05-10,1.08719,1.08979,1.08532,1.08672,44.69999999999974,-4.700000000001925,Wednesday,2,2017-W19
2017-05-11,1.08654,1.08929,1.08391,1.08604,53.800000000001624,-5.00000000000167,Thursday,3,2017-W19
2017-05-12,1.08588,1.09341,1.08556,1.09292,78.49999999999912,70.39999999999935,Friday,4,2017-W19
2017-05-15,1.09286,1.09895,1.09225,1.0975,67.0000000000015,46.39999999999978,Monday,0,2017-W20
2017-05-16,1.09733,1.10972,1.09723,1.10809,124.90000000000111,107.60000000000103,Tuesday,1,2017-W20
2017-05-17,1.10805,1.1162,1.10791,1.11594,82.90000000000131,78.89999999999952,Wednesday,2,2017-W20
2017-05-18,1.11563,1.11717,1.10757,1.11013,96.00000000000053,-54.99999999999838,Thursday,3,2017-W20
2017-05-19,1.11013,1.12119,1.10963,1.12063,115.60000000000015,104.99999999999955,Friday,4,2017-W20
2017-05-22,1.11932,1.12633,1.11614,1.1237,101.90000000000143,43.799999999998285,Monday,0,2017-W21
2017-05-23,1.12354,1.12682,1.11751,1.11818,93.0999999999993,-53.600000000000314,Tuesday,1,2017-W21
2017-05-24,1.11813,1.12199,1.11684,1.12178,51.49999999999988,36.49999999999931,Wednesday,2,2017-W21
2017-05-25,1.12171,1.12502,1.11936,1.12098,56.59999999999998,-7.299999999998974,Thursday,3,2017-W21
2017-05-26,1.12087,1.12344,1.11605,1.11809,73.90000000000008,-27.800000000000047,Friday,4,2017-W21
2017-05-29,1.11716,1.11898,1.11615,1.11623,28.300000000001102,-9.299999999998754,Monday,0,2017-W22
2017-05-30,1.11614,1.1205,1.11096,1.11837,95.40000000000104,22.300000000001763,Tuesday,1,2017-W22
2017-05-31,1.11841,1.1252,1.11645,1.12423,87.50000000000036,58.20000000000158,Wednesday,2,2017-W22
2017-06-01,1.12427,1.12565,1.1202,1.12106,54.499999999999545,-32.10000000000157,Thursday,3,2017-W22
2017-06-02,1.12118,1.1285,1.12049,1.12809,80.10000000000073,69.09999999999971,Friday,4,2017-W22
2017-06-05,1.12704,1.12837,1.12341,1.12519,49.600000000000755,-18.500000000001293,Monday,0,2017-W23
2017-06-06,1.12529,1.12837,1.12404,1.12758,43.300000000001674,22.900000000001253,Tuesday,1,2017-W23
2017-06-07,1.12758,1.12821,1.12039,1.12552,78.19999999999938,-20.599999999999508,Wednesday,2,2017-W23
2017-06-08,1.1255,1.12689,1.11946,1.12125,74.30000000000048,-42.49999999999865,Thursday,3,2017-W23
2017-06-09,1.12117,1.1237,1.11663,1.11941,70.6999999999991,-17.599999999999838,Friday,4,2017-W23
2017-06-12,1.12058,1.1232,1.11918,1.12037,40.19999999999912,-2.0999999999982144,Monday,0,2017-W24
2017-06-13,1.12037,1.12249,1.11852,1.12098,39.70000000000029,6.099999999999994,Tuesday,1,2017-W24
2017-06-14,1.12098,1.12957,1.11931,1.12167,102.59999999999935,6.899999999998574,Wednesday,2,2017-W24
2017-06-15,1.12162,1.12285,1.11319,1.11431,96.60000000000002,-73.1000000000015,Thursday,3,2017-W24
2017-06-16,1.11431,1.12015,1.11384,1.11948,63.10000000000038,51.70000000000119,Friday,4,2017-W24
2017-06-19,1.12072,1.12127,1.1143,1.11465,69.6999999999992,-60.7000000000002,Monday,0,2017-W25
2017-06-20,1.11464,1.11649,1.11187,1.1133,46.200000000000685,-13.400000000001189,Tuesday,1,2017-W25
2017-06-21,1.11326,1.11688,1.11274,1.11668,41.400000000000325,34.19999999999979,Wednesday,2,2017-W25
2017-06-22,1.11656,1.11779,1.11393,1.11509,38.599999999999746,-14.700000000000824,Thursday,3,2017-W25
2017-06-23,1.11512,1.12088,1.11451,1.11926,63.70000000000209,41.400000000000325,Friday,4,2017-W25
2017-06-26,1.11979,1.12198,1.11717,1.11811,48.09999999999981,-16.80000000000126,Monday,0,2017-W26
2017-06-27,1.11813,1.13493,1.11789,1.13382,170.39999999999944,156.8999999999998,Tuesday,1,2017-W26
2017-06-28,1.13366,1.13905,1.12914,1.1375,99.09999999999863,38.40000000000066,Wednesday,2,2017-W26
2017-06-29,1.1375,1.14453,1.13742,1.14394,71.0999999999995,64.4,Thursday,3,2017-W26
2017-06-30,1.14387,1.1445,1.13921,1.14257,52.90000000000017,-12.999999999998568,Friday,4,2017-W26
2017-07-03,1.14168,1.14265,1.13551,1.13636,71.39999999999924,-53.19999999999992,Monday,0,2017-W27
2017-07-04,1.13629,1.1377,1.13363,1.13435,40.70000000000018,-19.400000000000528,Tuesday,1,2017-W27
2017-07-05,1.13445,1.13685,1.13122,1.13507,56.30000000000024,6.200000000000649,Wednesday,2,2017-W27
2017-07-06,1.13497,1.14245,1.13298,1.14228,94.69999999999868,73.09999999999928,Thursday,3,2017-W27
2017-07-07,1.14228,1.14399,1.13796,1.13982,60.2999999999998,-24.599999999999067,Friday,4,2017-W27
2017-07-10,1.13976,1.14179,1.13816,1.13989,36.300000000000225,1.2999999999996348,Monday,0,2017-W28
2017-07-11,1.13973,1.14797,1.13827,1.14662,97.00000000000043,68.90000000000063,Tuesday,1,2017-W28
2017-07-12,1.14659,1.14893,1.13916,1.14107,97.70000000000056,-55.19999999999969,Wednesday,2,2017-W28
2017-07-13,1.14108,1.14559,1.13705,1.13966,85.40000000000214,-14.200000000001989,Thursday,3,2017-W28
2017-07-14,1.13965,1.14716,1.13914,1.14681,80.19999999999916,71.60000000000055,Friday,4,2017-W28
2017-07-17,1.14705,1.1487,1.14346,1.14776,52.400000000001334,7.099999999999884,Monday,0,2017-W29
2017-07-18,1.14776,1.15831,1.14715,1.15533,111.60000000000059,75.70000000000077,Tuesday,1,2017-W29
2017-07-19,1.15512,1.1556,1.15099,1.15139,46.10000000000003,-37.30000000000011,Wednesday,2,2017-W29
2017-07-20,1.15134,1.16579,1.14791,1.163,178.80000000000118,116.60000000000004,Thursday,3,2017-W29
2017-07-21,1.16287,1.16829,1.16189,1.16597,63.999999999999616,30.999999999998806,Friday,4,2017-W29
2017-07-24,1.1663,1.16841,1.16259,1.16408,58.19999999999936,-22.199999999998887,Monday,0,2017-W30
2017-07-25,1.16405,1.1712,1.16307,1.16452,81.2999999999997,4.699999999999704,Tuesday,1,2017-W30
2017-07-26,1.16452,1.17398,1.16129,1.17329,126.9000000000009,87.69999999999945,Wednesday,2,2017-W30
2017-07-27,1.17336,1.17765,1.165,1.1674,126.5000000000005,-59.59999999999965,Thursday,3,2017-W30
2017-07-28,1.16748,1.17638,1.1671,1.1747,92.79999999999956,72.20000000000005,Friday,4,2017-W30
2017-07-31,1.17457,1.18455,1.1723,1.18403,122.50000000000094,94.60000000000024,Monday,0,2017-W31
2017-08-01,1.18403,1.18442,1.1785,1.17999,59.19999999999925,-40.399999999998215,Tuesday,1,2017-W31
2017-08-02,1.17997,1.19101,1.17935,1.18535,116.60000000000004,53.7999999999994,Wednesday,2,2017-W31
2017-08-03,1.18544,1.18931,1.18305,1.18684,62.60000000000154,13.999999999998458,Thursday,3,2017-W31
2017-08-04,1.18684,1.1889,1.17281,1.17716,160.9000000000016,-96.7999999999991,Friday,4,2017-W31
2017-08-07,1.17712,1.18141,1.17697,1.17948,44.39999999999999,23.600000000001398,Monday,0,2017-W32
2017-08-08,1.17933,1.18237,1.17151,1.17509,108.5999999999987,-42.40000000000022,Tuesday,1,2017-W32
2017-08-09,1.17473,1.17638,1.16888,1.17573,75.00000000000063,9.999999999998899,Wednesday,2,2017-W32
2017-08-10,1.17573,1.17848,1.1704,1.177,80.79999999999865,12.700000000001044,Thursday,3,2017-W32
2017-08-11,1.17707,1.18468,1.17486,1.18197,98.19999999999939,48.99999999999905,Friday,4,2017-W32
2017-08-14,1.18207,1.18382,1.177,1.17783,68.20000000000049,-42.40000000000022,Monday,0,2017-W33
2017-08-15,1.17782,1.17927,1.16871,1.1733,105.60000000000124,-45.2000000000008,Tuesday,1,2017-W33
2017-08-16,1.17334,1.17785,1.16816,1.17655,96.89999999999976,32.099999999999355,Wednesday,2,2017-W33
2017-08-17,1.17658,1.17897,1.1662,1.17216,127.7000000000017,-44.19999999999868,Thursday,3,2017-W33
2017-08-18,1.17216,1.17744,1.17083,1.17574,66.10000000000005,35.799999999999166,Friday,4,2017-W33
2017-08-21,1.17549,1.18279,1.17312,1.18145,96.70000000000067,59.59999999999965,Monday,0,2017-W34
2017-08-22,1.18146,1.18241,1.1745,1.17602,79.09999999999862,-54.3999999999989,Tuesday,1,2017-W34
2017-08-23,1.17605,1.18231,1.17399,1.18051,83.19999999999882,44.599999999999085,Wednesday,2,2017-W34
2017-08-24,1.18055,1.18176,1.1784,1.17983,33.60000000000029,-7.200000000000539,Thursday,3,2017-W34
2017-08-25,1.17975,1.19413,1.17733,1.19213,167.99999999999926,123.79999999999836,Friday,4,2017-W34
2017-08-28,1.19422,1.19837,1.19169,1.19783,66.8000000000002,36.099999999998914,Monday,0,2017-W35
2017-08-29,1.19772,1.207,1.19459,1.19713,124.10000000000032,-5.899999999998684,Tuesday,1,2017-W35
2017-08-30,1.19706,1.19842,1.18804,1.18825,103.80000000000055,-88.09999999999985,Wednesday,2,2017-W35
2017-08-31,1.18828,1.19124,1.1823,1.19088,89.4000000000017,25.999999999999357,Thursday,3,2017-W35
2017-09-01,1.19079,1.19795,1.18496,1.18602,129.90000000000057,-47.699999999999406,Friday,4,2017-W35
2017-09-04,1.18798,1.19219,1.18729,1.18935,49.000000000001265,13.699999999998713,Monday,0,2017-W36
2017-09-05,1.18934,1.19405,1.18681,1.1912,72.40000000000136,18.599999999999728,Tuesday,1,2017-W36
2017-09-06,1.19118,1.19501,1.19027,1.19149,47.399999999999665,3.1000000000003247,Wednesday,2,2017-W36
2017-09-07,1.19149,1.20591,1.19139,1.20213,145.2000000000009,106.39999999999984,Thursday,3,2017-W36
2017-09-08,1.20201,1.2092,1.20145,1.20333,77.50000000000145,13.199999999999878,Friday,4,2017-W36
2017-09-11,1.20164,1.20294,1.19478,1.19511,81.59999999999945,-65.30000000000146,Monday,0,2017-W37
2017-09-12,1.19508,1.19781,1.19262,1.19655,51.900000000000276,14.700000000000824,Tuesday,1,2017-W37
2017-09-13,1.19648,1.19946,1.1873,1.18852,121.59999999999948,-79.59999999999967,Wednesday,2,2017-W37
2017-09-14,1.18832,1.1922,1.18379,1.19171,84.10000000000028,33.90000000000004,Thursday,3,2017-W37
2017-09-15,1.19164,1.1987,1.19007,1.19427,86.30000000000138,26.299999999999102,Friday,4,2017-W37
2017-09-18,1.19194,1.19691,1.19149,1.19533,54.199999999999804,33.90000000000004,Monday,0,2017-W38
2017-09-19,1.19506,1.20066,1.19488,1.19924,57.800000000001184,41.80000000000072,Tuesday,1,2017-W38
2017-09-20,1.19922,1.20329,1.18612,1.18908,171.69999999999908,-101.40000000000038,Wednesday,2,2017-W38
2017-09-21,1.18903,1.19536,1.18655,1.194,88.09999999999985,49.69999999999919,Thursday,3,2017-W38
2017-09-22,1.19396,1.20044,1.1936,1.19466,68.39999999999958,7.0000000000014495,Friday,4,2017-W38
2017-09-25,1.1897,1.19364,1.18321,1.18473,104.29999999999939,-49.69999999999919,Monday,0,2017-W39
2017-09-26,1.18463,1.18614,1.17572,1.17917,104.19999999999874,-54.60000000000021,Tuesday,1,2017-W39
2017-09-27,1.17918,1.17949,1.1717,1.17439,77.89999999999964,-47.8999999999985,Wednesday,2,2017-W39
2017-09-28,1.17434,1.1804,1.17211,1.17847,82.89999999999908,41.29999999999967,Thursday,3,2017-W39
2017-09-29,1.17842,1.18323,1.17724,1.18121,59.899999999999395,27.900000000000702,Friday,4,2017-W39
2017-10-02,1.17903,1.18147,1.173,1.17313,84.69999999999978,-59.00000000000016,Monday,0,2017-W40
2017-10-03,1.17306,1.17733,1.16959,1.17416,77.4000000000008,11.000000000001009,Tuesday,1,2017-W40
2017-10-04,1.17411,1.17875,1.17346,1.17573,52.90000000000017,16.199999999999548,Wednesday,2,2017-W40
2017-10-05,1.17575,1.17787,1.1699,1.17096,79.70000000000033,-47.900000000000716,Thursday,3,2017-W40
2017-10-06,1.17101,1.17386,1.16691,1.17281,69.50000000000011,17.999999999998018,Friday,4,2017-W40
2017-10-09,1.17271,1.17558,1.17195,1.17394,36.300000000000225,12.300000000000644,Monday,0,2017-W41
2017-10-10,1.17392,1.18254,1.17376,1.18073,87.8000000000001,68.09999999999982,Tuesday,1,2017-W41
2017-10-11,1.18071,1.18691,1.17951,1.1857,73.99999999999851,49.9000000000005,Wednesday,2,2017-W41
2017-10-12,1.18564,1.18796,1.18269,1.18284,52.69999999999886,-28.000000000001357,Thursday,3,2017-W41
2017-10-13,1.18284,1.18746,1.18052,1.18189,69.39999999999947,-9.499999999997844,Friday,4,2017-W41
2017-10-16,1.18101,1.18196,1.17805,1.17947,39.09999999999858,-15.399999999998748,Monday,0,2017-W42
2017-10-17,1.17947,1.17998,1.17359,1.17654,63.90000000000118,-29.300000000000992,Tuesday,1,2017-W42
2017-10-18,1.17648,1.18053,1.17301,1.17859,75.1999999999997,21.100000000000563,Wednesday,2,2017-W42
2017-10-19,1.17859,1.18579,1.17679,1.18508,89.99999999999898,64.89999999999884,Thursday,3,2017-W42
2017-10-20,1.18512,1.18578,1.17624,1.17837,95.40000000000104,-67.50000000000034,Friday,4,2017-W42
2017-10-23,1.17622,1.17773,1.17249,1.17477,52.39999999999911,-14.499999999999513,Monday,0,2017-W43
2017-10-24,1.17474,1.17926,1.17427,1.17593,49.9000000000005,11.900000000000244,Tuesday,1,2017-W43
2017-10-25,1.17596,1.18177,1.17529,1.18122,64.80000000000041,52.60000000000042,Wednesday,2,2017-W43
2017-10-26,1.18117,1.18366,1.16405,1.16493,196.09999999999906,-162.40000000000032,Thursday,3,2017-W43
2017-10-27,1.16491,1.16568,1.15743,1.16059,82.50000000000091,-43.199999999998795,Friday,4,2017-W43
2017-10-30,1.16071,1.16577,1.15937,1.16489,63.999999999999616,41.80000000000072,Monday,0,2017-W44
2017-10-31,1.16487,1.16612,1.1625,1.16442,36.19999999999956,-4.500000000000615,Tuesday,1,2017-W44
2017-11-01,1.1644,1.1657,1.16062,1.16173,50.799999999999734,-26.700000000001722,Wednesday,2,2017-W44
2017-11-02,1.16169,1.16872,1.16128,1.16569,74.39999999999891,40.000000000000036,Thursday,3,2017-W44
2017-11-03,1.16569,1.16902,1.1599,1.16055,91.20000000000017,-51.399999999999224,Friday,4,2017-W44
2017-11-06,1.16134,1.16237,1.15802,1.16089,43.499999999998536,-4.500000000000615,Monday,0,2017-W45
2017-11-07,1.16081,1.16153,1.15541,1.15853,61.19999999999904,-22.799999999998377,Tuesday,1,2017-W45
2017-11-08,1.1586,1.1611,1.1579,1.15937,32.00000000000092,7.699999999999374,Wednesday,2,2017-W45
2017-11-09,1.15939,1.16546,1.15855,1.16402,69.09999999999971,46.30000000000134,Thursday,3,2017-W45
2017-11-10,1.16391,1.16777,1.16228,1.16624,54.89999999999995,23.299999999999432,Friday,4,2017-W45
2017-11-13,1.16559,1.1675,1.16373,1.16659,37.700000000000514,10.000000000001119,Monday,0,2017-W46
2017-11-14,1.16657,1.18048,1.16613,1.17966,143.49999999999864,130.89999999999824,Tuesday,1,2017-W46
2017-11-15,1.17964,1.18606,1.17848,1.17895,75.7999999999992,-6.900000000000794,Wednesday,2,2017-W46
2017-11-16,1.17896,1.18007,1.1757,1.17689,43.69999999999985,-20.700000000000163,Thursday,3,2017-W46
2017-11-17,1.17691,1.18216,1.17653,1.17895,56.30000000000024,20.400000000000418,Friday,4,2017-W46
2017-11-20,1.17852,1.18086,1.17222,1.17307,86.3999999999998,-54.499999999999545,Monday,0,2017-W47
2017-11-21,1.17313,1.17575,1.1713,1.17366,44.500000000000654,5.299999999999194,Tuesday,1,2017-W47
2017-11-22,1.17368,1.18268,1.17314,1.18207,95.39999999999881,83.89999999999898,Wednesday,2,2017-W47
2017-11-23,1.18205,1.18558,1.1813,1.18482,42.800000000000615,27.69999999999939,Thursday,3,2017-W47
2017-11-24,1.18478,1.19441,1.18367,1.19304,107.39999999999972,82.60000000000156,Friday,4,2017-W47
2017-11-27,1.19244,1.19611,1.18955,1.18968,65.599999999999,-27.599999999998737,Monday,0,2017-W48
2017-11-28,1.18963,1.19199,1.18269,1.18379,93.00000000000085,-58.400000000000674,Tuesday,1,2017-W48
2017-11-29,1.1838,1.18827,1.18168,1.18454,65.89999999999874,7.399999999999629,Wednesday,2,2017-W48
2017-11-30,1.18456,1.19313,1.18088,1.19024,122.50000000000094,56.79999999999907,Thursday,3,2017-W48
2017-12-01,1.19029,1.19402,1.18508,1.1894,89.4000000000017,-8.900000000000574,Friday,4,2017-W48
2017-12-04,1.18604,1.18785,1.18291,1.1864,49.40000000000167,3.5999999999991594,Monday,0,2017-W49
2017-12-05,1.18644,1.18767,1.18007,1.18251,76.00000000000051,-39.29999999999989,Tuesday,1,2017-W49
2017-12-06,1.18246,1.18478,1.17805,1.1794,67.29999999999903,-30.600000000000627,Wednesday,2,2017-W49
2017-12-07,1.17938,1.18145,1.17717,1.17719,42.79999999999839,-21.900000000001363,Thursday,3,2017-W49
2017-12-08,1.17719,1.17766,1.173,1.17705,46.599999999998865,-1.40000000000029,Friday,4,2017-W49
2017-12-11,1.17635,1.18115,1.17622,1.17679,49.29999999999879,4.3999999999999595,Monday,0,2017-W50
2017-12-12,1.17677,1.17926,1.17175,1.17399,75.09999999999906,-27.800000000000047,Tuesday,1,2017-W50
2017-12-13,1.17404,1.18315,1.17294,1.18244,102.0999999999983,83.99999999999963,Wednesday,2,2017-W50
2017-12-14,1.18242,1.18624,1.17706,1.17767,91.79999999999966,-47.50000000000032,Thursday,3,2017-W50
2017-12-15,1.17765,1.18121,1.1747,1.1747,65.10000000000016,-29.50000000000008,Friday,4,2017-W50
2017-12-18,1.17418,1.1834,1.17371,1.17801,96.89999999999976,38.3,Monday,0,2017-W51
2017-12-19,1.17799,1.18486,1.17764,1.18382,72.20000000000005,58.30000000000002,Tuesday,1,2017-W51
2017-12-20,1.18384,1.19017,1.18288,1.18699,72.90000000000019,31.49999999999986,Wednesday,2,2017-W51
2017-12-21,1.18695,1.18893,1.18493,1.18721,40.000000000000036,2.60000000000149,Thursday,3,2017-W51
2017-12-22,1.18713,1.18746,1.18169,1.18597,57.70000000000053,-11.600000000000499,Friday,4,2017-W51
2017-12-26,1.18678,1.18786,1.18464,1.18564,32.2,-11.399999999999189,Tuesday,1,2017-W52
2017-12-27,1.1856,1.19103,1.18547,1.18892,55.600000000000094,33.199999999999896,Wednesday,2,2017-W52
2017-12-28,1.1886,1.19589,1.1886,1.19412,72.89999999999796,55.19999999999969,Thursday,3,2017-W52
2017-12-29,1.19415,1.20255,1.19355,1.20005,89.99999999999898,59.00000000000016,Friday,4,2017-W52
2018-01-02,1.20037,1.20812,1.20017,1.20569,79.50000000000124,53.19999999999992,Tuesday,1,2018-W01
2018-01-03,1.20571,1.20659,1.20013,1.20129,64.60000000000133,-44.200000000000905,Wednesday,2,2018-W01
2018-01-04,1.20135,1.20889,1.20044,1.20668,84.50000000000068,53.300000000000566,Thursday,3,2018-W01
2018-01-05,1.20666,1.20827,1.20205,1.20297,62.19999999999892,-36.89999999999971,Friday,4,2018-W01
2018-01-08,1.2026,1.20522,1.19557,1.19657,96.49999999999936,-60.2999999999998,Monday,0,2018-W02
2018-01-09,1.19667,1.19756,1.19156,1.19352,60.00000000000006,-31.49999999999986,Tuesday,1,2018-W02
2018-01-10,1.19353,1.20177,1.19231,1.19458,94.60000000000024,10.499999999999954,Wednesday,2,2018-W02
2018-01-11,1.19456,1.20589,1.19293,1.20308,129.5999999999986,85.19999999999861,Thursday,3,2018-W02
2018-01-12,1.20306,1.22186,1.203,1.22,188.59999999999877,169.39999999999955,Friday,4,2018-W02
2018-01-15,1.21923,1.22964,1.21875,1.22623,108.90000000000066,69.99999999999895,Monday,0,2018-W03
2018-01-16,1.22621,1.22829,1.21952,1.22595,87.70000000000167,-2.5999999999992696,Tuesday,1,2018-W03
2018-01-17,1.22585,1.2323,1.21769,1.21844,146.1000000000001,-74.10000000000139,Wednesday,2,2018-W03
2018-01-18,1.21833,1.22646,1.21645,1.22368,100.10000000000075,53.500000000001876,Thursday,3,2018-W03
2018-01-19,1.22366,1.22952,1.22147,1.22173,80.4999999999989,-19.299999999999873,Friday,4,2018-W03
2018-01-22,1.22683,1.22704,1.22138,1.22581,56.59999999999998,-10.200000000000209,Monday,0,2018-W04
2018-01-23,1.2258,1.23061,1.2223,1.2297,83.10000000000039,39.00000000000014,Tuesday,1,2018-W04
2018-01-24,1.2297,1.24148,1.22915,1.24068,123.29999999999953,109.7999999999999,Wednesday,2,2018-W04
2018-01-25,1.24069,1.25375,1.23638,1.23942,173.69999999999885,-12.700000000001044,Thursday,3,2018-W04
2018-01-26,1.2393,1.24935,1.23689,1.24245,124.59999999999916,31.49999999999986,Friday,4,2018-W04
2018-01-29,1.24256,1.24322,1.23365,1.23811,95.70000000000078,-44.500000000000654,Monday,0,2018-W05
2018-01-30,1.23808,1.24538,1.23352,1.24009,118.59999999999982,20.099999999998452,Tuesday,1,2018-W05
2018-01-31,1.24008,1.24747,1.2387,1.24131,87.70000000000167,12.299999999998423,Wednesday,2,2018-W05
2018-02-01,1.24126,1.25225,1.23853,1.25076,137.20000000000175,95.00000000000064,Thursday,3,2018-W05
2018-02-02,1.25074,1.2518,1.24088,1.24543,109.20000000000041,-53.099999999999255,Friday,4,2018-W05
2018-02-05,1.24349,1.24747,1.23625,1.2365,112.20000000000007,-69.90000000000052,Monday,0,2018-W06
2018-02-06,1.23651,1.24344,1.23137,1.23755,120.70000000000024,10.399999999999299,Tuesday,1,2018-W06
2018-02-07,1.23756,1.24059,1.22458,1.22621,160.1000000000008,-113.49999999999972,Wednesday,2,2018-W06
2018-02-08,1.22621,1.22949,1.22121,1.22455,82.80000000000065,-16.599999999999948,Thursday,3,2018-W06
2018-02-09,1.22453,1.22868,1.22055,1.22492,81.2999999999997,3.900000000001125,Friday,4,2018-W06
2018-02-12,1.22479,1.22971,1.22349,1.229,62.20000000000114,42.10000000000047,Monday,0,2018-W07
2018-02-13,1.22895,1.2371,1.22844,1.23499,86.60000000000112,60.40000000000045,Tuesday,1,2018-W07
2018-02-14,1.23496,1.24651,1.2276,1.24489,189.09999999999982,99.29999999999994,Wednesday,2,2018-W07
2018-02-15,1.24489,1.25103,1.24479,1.25101,62.40000000000023,61.19999999999904,Thursday,3,2018-W07
2018-02-16,1.25034,1.2555,1.23932,1.24029,161.80000000000084,-100.50000000000114,Friday,4,2018-W07
2018-02-19,1.24013,1.2435,1.2369,1.24062,65.99999999999939,4.900000000001015,Monday,0,2018-W08
2018-02-20,1.2405,1.24121,1.232,1.2337,92.0999999999994,-67.99999999999918,Tuesday,1,2018-W08
2018-02-21,1.2336,1.23597,1.22809,1.22817,78.80000000000109,-54.30000000000046,Wednesday,2,2018-W08
2018-02-22,1.22815,1.23518,1.22597,1.2329,92.0999999999994,47.50000000000032,Thursday,3,2018-W08
2018-02-23,1.23286,1.23367,1.22798,1.22928,56.89999999999973,-35.80000000000139,Friday,4,2018-W08
2018-02-26,1.22907,1.23547,1.22777,1.23163,77.0000000000004,25.599999999998957,Monday,0,2018-W09
2018-02-27,1.23159,1.23462,1.22215,1.2232,124.69999999999982,-83.89999999999898,Tuesday,1,2018-W09
2018-02-28,1.22316,1.22415,1.21877,1.21923,53.800000000001624,-39.29999999999989,Wednesday,2,2018-W09
2018-03-01,1.21922,1.22727,1.21544,1.2265,118.30000000000007,72.79999999999953,Thursday,3,2018-W09
2018-03-02,1.2262,1.23358,1.22513,1.23149,84.49999999999847,52.90000000000017,Friday,4,2018-W09
2018-03-05,1.23323,1.23636,1.2269,1.23355,94.59999999999802,3.1999999999987594,Monday,0,2018-W10
2018-03-06,1.23343,1.24198,1.2328,1.24028,91.80000000000189,68.50000000000023,Tuesday,1,2018-W10
2018-03-07,1.24026,1.24447,1.23847,1.24095,60.00000000000006,6.900000000000794,Wednesday,2,2018-W10
2018-03-08,1.24093,1.24458,1.2298,1.231,147.80000000000015,-99.29999999999994,Thursday,3,2018-W10
2018-03-09,1.23097,1.23342,1.2273,1.23041,61.19999999999904,-5.599999999998939,Friday,4,2018-W10
2018-03-12,1.2311,1.23453,1.22903,1.23325,54.99999999999838,21.499999999998742,Monday,0,2018-W11
2018-03-13,1.23322,1.24073,1.23144,1.23899,92.9000000000002,57.70000000000053,Tuesday,1,2018-W11
2018-03-14,1.23883,1.24124,1.23471,1.2366,65.29999999999924,-22.300000000001763,Wednesday,2,2018-W11
2018-03-15,1.23658,1.23835,1.23002,1.23038,83.3000000000017,-61.99999999999983,Thursday,3,2018-W11
2018-03-16,1.2303,1.2336,1.22601,1.2287,75.89999999999986,-16.00000000000046,Friday,4,2018-W11
2018-03-19,1.22829,1.23586,1.2258,1.23338,100.59999999999958,50.89999999999817,Monday,0,2018-W12
2018-03-20,1.23339,1.23544,1.22396,1.22403,114.80000000000157,-93.60000000000035,Tuesday,1,2018-W12
2018-03-21,1.22396,1.23498,1.22392,1.23382,110.6000000000007,98.5999999999998,Wednesday,2,2018-W12
2018-03-22,1.23382,1.23881,1.22852,1.23015,102.8999999999991,-36.6999999999984,Thursday,3,2018-W12
2018-03-23,1.23013,1.2373,1.22996,1.23509,73.40000000000124,49.600000000000755,Friday,4,2018-W12
2018-03-26,1.23486,1.24614,1.23486,1.24426,112.79999999999957,93.99999999999852,Monday,0,2018-W13
2018-03-27,1.24426,1.24762,1.23721,1.24018,104.1000000000003,-40.79999999999862,Tuesday,1,2018-W13
2018-03-28,1.24017,1.24216,1.23001,1.23069,121.49999999999883,-94.79999999999933,Wednesday,2,2018-W13
2018-03-29,1.23067,1.23352,1.22837,1.22998,51.49999999999988,-6.899999999998574,Thursday,3,2018-W13
2018-03-30,1.22988,1.23302,1.22928,1.23215,37.400000000000766,22.699999999999942,Friday,4,2018-W13
2018-04-02,1.23186,1.23447,1.2282,1.23008,62.699999999999974,-17.799999999998928,Monday,0,2018-W14
2018-04-03,1.23003,1.23361,1.22534,1.22692,82.69999999999999,-31.09999999999946,Tuesday,1,2018-W14
2018-04-04,1.22687,1.23144,1.22568,1.22767,57.59999999999987,8.00000000000134,Wednesday,2,2018-W14
2018-04-05,1.22764,1.22899,1.22183,1.22389,71.60000000000055,-37.50000000000142,Thursday,3,2018-W14
2018-04-06,1.22394,1.22905,1.2215,1.22793,75.49999999999946,39.89999999999938,Friday,4,2018-W14
2018-04-09,1.22835,1.233,1.22601,1.23202,69.90000000000052,36.6999999999984,Monday,0,2018-W15
2018-04-10,1.23183,1.23771,1.23027,1.23548,74.40000000000113,36.49999999999931,Tuesday,1,2018-W15
2018-04-11,1.23547,1.23958,1.23467,1.23663,49.099999999999696,11.599999999998278,Wednesday,2,2018-W15
2018-04-12,1.23653,1.23795,1.22995,1.23252,80.00000000000007,-40.099999999998474,Thursday,3,2018-W15
2018-04-13,1.2325,1.23458,1.23069,1.23283,38.899999999999494,3.300000000001635,Friday,4,2018-W15
2018-04-16,1.23316,1.23943,1.23217,1.23783,72.60000000000045,46.69999999999952,Monday,0,2018-W16
2018-04-17,1.23779,1.24135,1.2336,1.23682,77.49999999999923,-9.699999999999154,Tuesday,1,2018-W16
2018-04-18,1.23682,1.23969,1.23417,1.23731,55.19999999999969,4.899999999998794,Wednesday,2,2018-W16
2018-04-19,1.23747,1.24001,1.2329,1.23443,71.0999999999995,-30.400000000001537,Thursday,3,2018-W16
2018-04-20,1.23442,1.23528,1.22497,1.22853,103.10000000000042,-58.900000000001725,Friday,4,2018-W16
2018-04-23,1.22716,1.22892,1.21972,1.22078,92.00000000000097,-63.80000000000052,Monday,0,2018-W17
2018-04-24,1.22071,1.22447,1.21818,1.22315,62.89999999999907,24.399999999999977,Tuesday,1,2018-W17
2018-04-25,1.2231,1.22385,1.21596,1.21602,78.90000000000174,-70.79999999999976,Wednesday,2,2018-W17
2018-04-26,1.216,1.22097,1.20962,1.21029,113.50000000000193,-57.099999999998815,Thursday,3,2018-W17
2018-04-27,1.21022,1.21326,1.20552,1.21281,77.4000000000008,25.899999999998702,Friday,4,2018-W17
2018-04-30,1.21225,1.21387,1.20642,1.20764,74.49999999999957,-46.10000000000003,Monday,0,2018-W18
2018-05-01,1.20757,1.20838,1.19813,1.19919,102.50000000000092,-83.80000000000054,Tuesday,1,2018-W18
2018-05-02,1.19917,1.20313,1.19378,1.19497,93.49999999999969,-41.999999999999815,Wednesday,2,2018-W18
2018-05-03,1.19497,1.20086,1.19475,1.19877,61.1000000000006,37.99999999999804,Thursday,3,2018-W18
2018-05-04,1.19866,1.19955,1.19102,1.1957,85.29999999999927,-29.600000000000737,Friday,4,2018-W18
2018-05-07,1.19553,1.19776,1.18976,1.19216,80.00000000000007,-33.69999999999873,Monday,0,2018-W19
2018-05-08,1.19212,1.19385,1.18379,1.18638,100.6000000000018,-57.40000000000079,Tuesday,1,2018-W19
2018-05-09,1.1862,1.18967,1.18225,1.18499,74.19999999999982,-12.099999999999334,Wednesday,2,2018-W19
2018-05-10,1.18498,1.19463,1.18426,1.19144,103.6999999999999,64.60000000000133,Thursday,3,2018-W19
2018-05-11,1.19137,1.19677,1.18911,1.19412,76.6,27.500000000000302,Friday,4,2018-W19
2018-05-14,1.19405,1.1996,1.19261,1.19266,69.90000000000052,-13.900000000000023,Monday,0,2018-W20
2018-05-15,1.19257,1.1938,1.18201,1.18371,117.89999999999966,-88.59999999999869,Tuesday,1,2018-W20
2018-05-16,1.1837,1.18537,1.17635,1.18069,90.20000000000027,-30.09999999999957,Wednesday,2,2018-W20
2018-05-17,1.18061,1.18372,1.17765,1.1794,60.7000000000002,-12.099999999999334,Thursday,3,2018-W20
2018-05-18,1.17924,1.18221,1.17497,1.17684,72.39999999999912,-23.999999999999577,Friday,4,2018-W20
2018-05-21,1.17703,1.17953,1.17164,1.17908,78.89999999999952,20.499999999998852,Monday,0,2018-W21
2018-05-22,1.17896,1.18295,1.17562,1.1778,73.29999999999836,-11.600000000000499,Tuesday,1,2018-W21
2018-05-23,1.1777,1.17893,1.16757,1.16955,113.60000000000036,-81.49999999999879,Wednesday,2,2018-W21
2018-05-24,1.16945,1.17503,1.16905,1.17187,59.80000000000096,24.199999999998667,Thursday,3,2018-W21
2018-05-25,1.1717,1.17334,1.16454,1.16495,88.0000000000014,-67.50000000000034,Friday,4,2018-W21
2018-05-28,1.16843,1.17283,1.16072,1.16229,121.10000000000065,-61.40000000000035,Monday,0,2018-W22
2018-05-29,1.16229,1.16394,1.151,1.15395,129.39999999999952,-83.40000000000015,Tuesday,1,2018-W22
2018-05-30,1.1534,1.16759,1.15187,1.16628,157.19999999999956,128.8,Wednesday,2,2018-W22
2018-05-31,1.1663,1.1724,1.1641,1.16924,83.00000000000196,29.400000000001647,Thursday,3,2018-W22
2018-06-01,1.16898,1.17176,1.16167,1.16578,100.89999999999932,-31.999999999998696,Friday,4,2018-W22
2018-06-04,1.16579,1.17443,1.16558,1.16976,88.50000000000024,39.69999999999807,Monday,0,2018-W23
2018-06-05,1.16976,1.17319,1.16524,1.17174,79.49999999999902,19.800000000000928,Tuesday,1,2018-W23
2018-06-06,1.17165,1.17956,1.17106,1.1774,84.99999999999952,57.49999999999922,Wednesday,2,2018-W23
2018-06-07,1.1774,1.18397,1.17716,1.17987,68.09999999999982,24.699999999999722,Thursday,3,2018-W23
2018-06-08,1.17975,1.18103,1.1727,1.17667,83.29999999999949,-30.799999999999716,Friday,4,2018-W23
2018-06-11,1.17722,1.18203,1.17708,1.17833,49.5000000000001,11.100000000001664,Monday,0,2018-W24
2018-06-12,1.17815,1.18088,1.17331,1.17445,75.69999999999854,-37.00000000000037,Tuesday,1,2018-W24
2018-06-13,1.17443,1.18009,1.17253,1.17908,75.60000000000011,46.49999999999821,Wednesday,2,2018-W24
2018-06-14,1.17907,1.18516,1.15629,1.1565,288.69999999999953,-225.6999999999998,Thursday,3,2018-W24
2018-06-15,1.15646,1.16268,1.15432,1.1608,83.59999999999923,43.400000000000105,Friday,4,2018-W24
2018-06-18,1.15865,1.16242,1.15652,1.16222,59.00000000000016,35.70000000000073,Monday,0,2018-W25
2018-06-19,1.16223,1.16441,1.15307,1.15873,113.39999999999905,-35.00000000000058,Tuesday,1,2018-W25
2018-06-20,1.15872,1.15998,1.15367,1.15698,63.10000000000038,-17.400000000000748,Wednesday,2,2018-W25
2018-06-21,1.15673,1.16333,1.15082,1.1603,125.10000000000021,35.70000000000073,Thursday,3,2018-W25
2018-06-22,1.1599,1.16748,1.15978,1.16521,77.0000000000004,53.10000000000148,Friday,4,2018-W25
2018-06-25,1.16619,1.17129,1.16284,1.17031,84.49999999999847,41.199999999999015,Monday,0,2018-W26
2018-06-26,1.1702,1.172,1.16348,1.16466,85.19999999999861,-55.39999999999878,Tuesday,1,2018-W26
2018-06-27,1.1645,1.16718,1.15405,1.15533,131.30000000000086,-91.70000000000122,Wednesday,2,2018-W26
2018-06-28,1.15515,1.16005,1.1527,1.15675,73.49999999999967,16.00000000000046,Thursday,3,2018-W26
2018-06-29,1.15667,1.169,1.15579,1.16815,132.09999999999945,114.79999999999934,Friday,4,2018-W26
2018-07-02,1.1676,1.16892,1.1591,1.16385,98.19999999999939,-37.499999999999204,Monday,0,2018-W27
2018-07-03,1.16382,1.16728,1.16202,1.1655,52.60000000000042,16.799999999999038,Tuesday,1,2018-W27
2018-07-04,1.16543,1.16816,1.16304,1.16553,51.20000000000013,0.9999999999998899,Wednesday,2,2018-W27
2018-07-05,1.1655,1.172,1.16498,1.16899,70.20000000000026,34.899999999999935,Thursday,3,2018-W27
2018-07-06,1.16884,1.17671,1.16798,1.17449,87.29999999999905,56.49999999999933,Friday,4,2018-W27
2018-07-09,1.17413,1.17906,1.17326,1.175,58.00000000000027,8.700000000001484,Monday,0,2018-W28
2018-07-10,1.1749,1.17623,1.16901,1.17439,72.20000000000005,-5.1000000000001044,Tuesday,1,2018-W28
2018-07-11,1.17439,1.17579,1.16653,1.16729,92.59999999999823,-71.00000000000107,Wednesday,2,2018-W28
2018-07-12,1.16714,1.16954,1.16497,1.16702,45.69999999999963,-1.2000000000012,Thursday,3,2018-W28
2018-07-13,1.16697,1.16866,1.16126,1.16828,74.00000000000074,13.099999999999223,Friday,4,2018-W28
2018-07-16,1.16879,1.17251,1.16755,1.17107,49.59999999999853,22.800000000000598,Monday,0,2018-W29
2018-07-17,1.17102,1.17444,1.16494,1.16606,94.99999999999842,-49.59999999999853,Tuesday,1,2018-W29
2018-07-18,1.16594,1.16648,1.16019,1.16375,62.89999999999907,-21.899999999999142,Wednesday,2,2018-W29
2018-07-19,1.16363,1.16784,1.15747,1.16408,103.6999999999999,4.500000000000615,Thursday,3,2018-W29
2018-07-20,1.164,1.17386,1.16261,1.17195,112.49999999999983,79.50000000000124,Friday,4,2018-W29
2018-07-23,1.17243,1.17498,1.16835,1.16914,66.29999999999913,-32.90000000000015,Monday,0,2018-W30
2018-07-24,1.16906,1.17166,1.16543,1.16875,62.29999999999958,-3.1000000000003247,Tuesday,1,2018-W30
2018-07-25,1.16858,1.17385,1.1664,1.17278,74.49999999999957,41.999999999999815,Wednesday,2,2018-W30
2018-07-26,1.17276,1.17435,1.16402,1.16421,103.2999999999995,-85.50000000000057,Thursday,3,2018-W30
2018-07-27,1.16417,1.16643,1.16202,1.16526,44.10000000000025,10.900000000000354,Friday,4,2018-W30
2018-07-30,1.1657,1.17185,1.16478,1.17039,70.70000000000132,46.90000000000083,Monday,0,2018-W31
2018-07-31,1.17035,1.17457,1.16835,1.16897,62.19999999999892,-13.799999999999368,Tuesday,1,2018-W31
2018-08-01,1.16891,1.16994,1.16572,1.16593,42.19999999999891,-29.799999999999827,Wednesday,2,2018-W31
2018-08-02,1.16586,1.16674,1.15814,1.15834,86.00000000000163,-75.1999999999997,Thursday,3,2018-W31
2018-08-03,1.15828,1.16104,1.15601,1.15656,50.3000000000009,-17.199999999999438,Friday,4,2018-W31
2018-08-06,1.15676,1.15702,1.153,1.15531,40.19999999999912,-14.499999999999513,Monday,0,2018-W32
2018-08-07,1.15529,1.16081,1.1549,1.15982,59.0999999999986,45.30000000000145,Tuesday,1,2018-W32
2018-08-08,1.15977,1.16281,1.15731,1.16095,54.99999999999838,11.799999999999589,Wednesday,2,2018-W32
2018-08-09,1.16091,1.16193,1.15258,1.15265,93.49999999999969,-82.60000000000156,Thursday,3,2018-W32
2018-08-10,1.15256,1.15362,1.13879,1.14105,148.3000000000012,-115.10000000000132,Friday,4,2018-W32
2018-08-13,1.13702,1.14325,1.1365,1.14099,67.50000000000034,39.70000000000029,Monday,0,2018-W33
2018-08-14,1.14102,1.14292,1.13299,1.13434,99.29999999999994,-66.8000000000002,Tuesday,1,2018-W33
2018-08-15,1.13419,1.13548,1.13009,1.13444,53.90000000000006,2.4999999999986144,Wednesday,2,2018-W33
2018-08-16,1.13436,1.14088,1.13356,1.13762,73.19999999999993,32.600000000000406,Thursday,3,2018-W33
2018-08-17,1.1375,1.14446,1.13661,1.14358,78.50000000000135,60.80000000000085,Friday,4,2018-W33
2018-08-20,1.14373,1.14848,1.13941,1.14793,90.69999999999911,41.999999999999815,Monday,0,2018-W34
2018-08-21,1.14788,1.1601,1.14786,1.15698,122.39999999999807,90.99999999999886,Tuesday,1,2018-W34
2018-08-22,1.15697,1.16228,1.15531,1.15961,69.6999999999992,26.399999999999757,Wednesday,2,2018-W34
2018-08-23,1.15948,1.15998,1.15296,1.1537,70.20000000000026,-57.800000000001184,Thursday,3,2018-W34
2018-08-24,1.15373,1.16395,1.15346,1.16197,104.9000000000011,82.40000000000025,Friday,4,2018-W34
2018-08-27,1.16139,1.16934,1.15944,1.16774,99.0000000000002,63.50000000000078,Monday,0,2018-W35
2018-08-28,1.16772,1.17331,1.16624,1.16942,70.70000000000132,16.999999999998128,Tuesday,1,2018-W35
2018-08-29,1.1693,1.17098,1.16519,1.1707,57.89999999999962,14.000000000000679,Wednesday,2,2018-W35
2018-08-30,1.17054,1.1718,1.16416,1.16704,76.3999999999987,-34.999999999998366,Thursday,3,2018-W35
2018-08-31,1.16704,1.169,1.15844,1.15973,105.60000000000124,-73.1000000000015,Friday,4,2018-W35
2018-09-03,1.1595,1.16278,1.15887,1.16175,39.09999999999858,22.500000000000853,Monday,0,2018-W36
2018-09-04,1.16177,1.16197,1.15299,1.15812,89.79999999999988,-36.49999999999931,Tuesday,1,2018-W36
2018-09-05,1.15793,1.16398,1.15424,1.16289,97.40000000000082,49.600000000000755,Wednesday,2,2018-W36
2018-09-06,1.16284,1.1659,1.16052,1.1623,53.7999999999994,-5.399999999999849,Thursday,3,2018-W36
2018-09-07,1.16214,1.16492,1.15504,1.15511,98.79999999999889,-70.2999999999987,Friday,4,2018-W36
2018-09-10,1.15463,1.16156,1.1526,1.15908,89.59999999999857,44.500000000000654,Monday,0,2018-W37
2018-09-11,1.15905,1.16437,1.15654,1.1604,78.30000000000004,13.500000000001844,Tuesday,1,2018-W37
2018-09-12,1.16038,1.16493,1.15698,1.16259,79.50000000000124,22.100000000000453,Wednesday,2,2018-W37
2018-09-13,1.16259,1.17008,1.1609,1.16895,91.79999999999966,63.59999999999921,Thursday,3,2018-W37
2018-09-14,1.16893,1.17215,1.16199,1.16231,101.59999999999947,-66.2000000000007,Friday,4,2018-W37
2018-09-17,1.16228,1.16979,1.16177,1.16829,80.20000000000138,60.100000000000705,Monday,0,2018-W38
2018-09-18,1.16814,1.17243,1.1652,1.16635,72.3000000000007,-17.899999999999583,Tuesday,1,2018-W38
2018-09-19,1.16633,1.17147,1.165,1.16722,64.69999999999976,8.899999999998354,Wednesday,2,2018-W38
2018-09-20,1.1671,1.17843,1.16685,1.17764,115.80000000000146,105.39999999999993,Thursday,3,2018-W38
2018-09-21,1.17762,1.18025,1.17325,1.17465,70.00000000000117,-29.69999999999917,Friday,4,2018-W38
2018-09-24,1.17442,1.18148,1.1724,1.17476,90.79999999999977,3.4000000000000696,Monday,0,2018-W39
2018-09-25,1.17466,1.17923,1.17308,1.1766,61.500000000000995,19.400000000000528,Tuesday,1,2018-W39
2018-09-26,1.17644,1.17976,1.17259,1.1738,71.699999999999,-26.399999999999757,Wednesday,2,2018-W39
2018-09-27,1.1738,1.1757,1.16389,1.16399,118.09999999999876,-98.09999999999874,Thursday,3,2018-W39
2018-09-28,1.16399,1.1651,1.15699,1.16017,81.10000000000062,-38.200000000001566,Friday,4,2018-W39
2018-10-01,1.16165,1.16243,1.15631,1.15777,61.20000000000125,-38.800000000001056,Monday,0,2018-W40
2018-10-02,1.15772,1.158,1.15053,1.15454,74.69999999999865,-31.800000000001827,Tuesday,1,2018-W40
2018-10-03,1.15454,1.15934,1.14642,1.14766,129.20000000000041,-68.79999999999997,Wednesday,2,2018-W40
2018-10-04,1.14754,1.15424,1.14632,1.15139,79.19999999999928,38.49999999999909,Thursday,3,2018-W40
2018-10-05,1.15131,1.15492,1.14838,1.15216,65.3999999999999,8.500000000000174,Friday,4,2018-W40
2018-10-08,1.15203,1.15293,1.14599,1.14908,69.39999999999947,-29.50000000000008,Monday,0,2018-W41
2018-10-09,1.14901,1.1503,1.14322,1.14899,70.80000000000197,-0.20000000000131024,Tuesday,1,2018-W41
2018-10-10,1.14884,1.15452,1.14798,1.1518,65.3999999999999,29.599999999998516,Wednesday,2,2018-W41
2018-10-11,1.1519,1.15992,1.15186,1.15931,80.59999999999957,74.10000000000139,Thursday,3,2018-W41
2018-10-12,1.15826,1.16104,1.15345,1.1557,75.89999999999986,-25.600000000001177,Friday,4,2018-W41
2018-10-15,1.15386,1.1606,1.15386,1.15787,67.39999999999968,40.099999999998474,Monday,0,2018-W42
2018-10-16,1.15781,1.1621,1.1566,1.15736,54.99999999999838,-4.500000000000615,Tuesday,1,2018-W42
2018-10-17,1.15724,1.15804,1.14958,1.15003,84.59999999999911,-72.09999999999938,Wednesday,2,2018-W42
2018-10-18,1.14995,1.15273,1.14494,1.14522,77.89999999999964,-47.30000000000123,Thursday,3,2018-W42
2018-10-19,1.14516,1.15343,1.1433,1.15117,101.29999999999973,60.100000000000705,Friday,4,2018-W42
2018-10-22,1.15139,1.15499,1.14556,1.14639,94.3000000000005,-49.999999999998934,Monday,0,2018-W43
2018-10-23,1.1463,1.14932,1.14391,1.14698,54.09999999999915,6.800000000000139,Tuesday,1,2018-W43
2018-10-24,1.14695,1.14762,1.13789,1.13914,97.30000000000017,-78.09999999999873,Wednesday,2,2018-W43
2018-10-25,1.13906,1.14322,1.1356,1.1374,76.1999999999996,-16.599999999999948,Thursday,3,2018-W43
2018-10-26,1.13735,1.14206,1.13355,1.13996,85.10000000000018,26.100000000000012,Friday,4,2018-W43
2018-10-29,1.13908,1.14163,1.13605,1.13718,55.79999999999919,-19.000000000000128,Monday,0,2018-W44
2018-10-30,1.13717,1.13877,1.13403,1.13433,47.399999999999665,-28.399999999999537,Tuesday,1,2018-W44
2018-10-31,1.13427,1.13599,1.13018,1.13103,58.10000000000093,-32.399999999999096,Wednesday,2,2018-W44
2018-11-01,1.13106,1.14241,1.13053,1.14078,118.7999999999989,97.1999999999995,Thursday,3,2018-W44
2018-11-02,1.14071,1.14557,1.13719,1.13857,83.80000000000054,-21.399999999998087,Friday,4,2018-W44
2018-11-05,1.13848,1.1424,1.13535,1.1406,70.5,21.200000000001218,Monday,0,2018-W45
2018-11-06,1.14055,1.14377,1.13914,1.14259,46.299999999999116,20.400000000000418,Tuesday,1,2018-W45
2018-11-07,1.14254,1.14996,1.13947,1.14247,104.9000000000011,-0.6999999999979245,Wednesday,2,2018-W45
2018-11-08,1.14246,1.14463,1.13512,1.13623,95.1000000000013,-62.29999999999958,Thursday,3,2018-W45
2018-11-09,1.13624,1.13687,1.13161,1.13329,52.60000000000042,-29.50000000000008,Friday,4,2018-W45
2018-11-12,1.13223,1.13303,1.12154,1.12167,114.9,-105.60000000000124,Monday,0,2018-W46
2018-11-13,1.12173,1.12934,1.1216,1.12873,77.4000000000008,70.00000000000117,Tuesday,1,2018-W46
2018-11-14,1.12872,1.13472,1.12632,1.1307,83.99999999999963,19.800000000000928,Wednesday,2,2018-W46
2018-11-15,1.13071,1.13622,1.12704,1.13253,91.79999999999966,18.199999999999328,Thursday,3,2018-W46
2018-11-16,1.13253,1.142,1.13213,1.14145,98.69999999999823,89.20000000000039,Friday,4,2018-W46
2018-11-19,1.14116,1.14643,1.13937,1.14517,70.60000000000066,40.10000000000069,Monday,0,2018-W47
2018-11-20,1.14519,1.14723,1.13585,1.13695,113.79999999999946,-82.40000000000025,Tuesday,1,2018-W47
2018-11-21,1.13692,1.14244,1.1362,1.13807,62.399999999998016,11.499999999999844,Wednesday,2,2018-W47
2018-11-22,1.13808,1.14337,1.13794,1.14008,54.30000000000046,20.000000000000018,Thursday,3,2018-W47
2018-11-23,1.14015,1.14208,1.13269,1.1335,93.90000000000009,-66.50000000000045,Friday,4,2018-W47
2018-11-26,1.1339,1.13835,1.13248,1.13263,58.700000000000415,-12.699999999998823,Monday,0,2018-W48
2018-11-27,1.13262,1.13438,1.12772,1.12903,66.59999999999889,-35.89999999999982,Tuesday,1,2018-W48
2018-11-28,1.12903,1.13869,1.1267,1.13658,119.89999999999945,75.49999999999946,Wednesday,2,2018-W48
2018-11-29,1.13658,1.14014,1.13485,1.13925,52.90000000000017,26.700000000001722,Thursday,3,2018-W48
2018-11-30,1.1391,1.14002,1.13053,1.13148,94.89999999999998,-76.1999999999996,Friday,4,2018-W48
2018-12-03,1.135,1.13795,1.13192,1.13518,60.2999999999998,1.80000000000069,Monday,0,2018-W49
2018-12-04,1.13515,1.14183,1.13182,1.13408,100.09999999999852,-10.700000000001264,Tuesday,1,2018-W49
2018-12-05,1.13405,1.13609,1.13105,1.1344,50.39999999999934,3.5000000000007248,Wednesday,2,2018-W49
2018-12-06,1.13433,1.14121,1.13207,1.13715,91.40000000000148,28.200000000000447,Thursday,3,2018-W49
2018-12-07,1.13707,1.14234,1.13602,1.13762,63.19999999999881,5.5000000000005045,Friday,4,2018-W49
2018-12-10,1.13901,1.14425,1.13503,1.13547,92.20000000000006,-35.400000000000986,Monday,0,2018-W50
2018-12-11,1.13545,1.13999,1.13062,1.13152,93.70000000000101,-39.29999999999989,Tuesday,1,2018-W50
2018-12-12,1.13144,1.13871,1.13144,1.13678,72.7000000000011,53.399999999999004,Wednesday,2,2018-W50
2018-12-13,1.13672,1.13932,1.1331,1.13596,62.20000000000114,-7.599999999998719,Thursday,3,2018-W50
2018-12-14,1.13606,1.13649,1.12696,1.13036,95.30000000000038,-57.000000000000384,Friday,4,2018-W50
2018-12-17,1.13008,1.13577,1.12967,1.13472,60.99999999999994,46.39999999999978,Monday,0,2018-W51
2018-12-18,1.13474,1.14022,1.13366,1.13595,65.60000000000122,12.099999999999334,Tuesday,1,2018-W51
2018-12-19,1.13594,1.14392,1.13591,1.13752,80.10000000000073,15.800000000001369,Wednesday,2,2018-W51
2018-12-20,1.13748,1.14859,1.13704,1.14451,115.49999999999949,70.2999999999987,Thursday,3,2018-W51
2018-12-21,1.14454,1.14739,1.13559,1.13684,117.99999999999811,-76.99999999999818,Friday,4,2018-W51
2018-12-24,1.13692,1.14384,1.13604,1.13988,78.00000000000028,29.600000000000737,Monday,0,2018-W52
2018-12-25,1.13976,1.1417,1.13894,1.13988,27.599999999998737,1.1999999999989797,Tuesday,1,2018-W52
2018-12-26,1.13901,1.14198,1.13428,1.13507,77.0000000000004,-39.400000000000546,Wednesday,2,2018-W52
2018-12-27,1.13507,1.1454,1.13504,1.14285,103.59999999999926,77.79999999999899,Thursday,3,2018-W52
2018-12-28,1.14285,1.14727,1.14247,1.14414,47.999999999999154,12.900000000000134,Friday,4,2018-W52
2018-12-31,1.14331,1.14674,1.14213,1.14644,46.10000000000003,31.29999999999855,Monday,0,2018-W01
2019-01-02,1.14598,1.14967,1.1325,1.13432,171.69999999999908,-116.60000000000004,Wednesday,2,2019-W01
2019-01-03,1.13423,1.1411,1.13092,1.13924,101.80000000000078,50.09999999999959,Thursday,3,2019-W01
2019-01-04,1.13924,1.14189,1.13456,1.13943,73.30000000000058,1.8999999999991246,Friday,4,2019-W01
2019-01-07,1.13955,1.14826,1.13954,1.1474,87.20000000000061,78.49999999999912,Monday,0,2019-W02
2019-01-08,1.1474,1.14844,1.14222,1.14406,62.19999999999892,-33.39999999999898,Tuesday,1,2019-W02
2019-01-09,1.14406,1.15578,1.1437,1.15417,120.8000000000009,101.09999999999842,Wednesday,2,2019-W02
2019-01-10,1.15419,1.15697,1.14844,1.14994,85.30000000000149,-42.50000000000087,Thursday,3,2019-W02
2019-01-11,1.14994,1.15403,1.1458,1.14656,82.2999999999996,-33.799999999999386,Friday,4,2019-W02
2019-01-14,1.14589,1.1482,1.14506,1.14679,31.400000000001427,8.999999999999009,Monday,0,2019-W03
2019-01-15,1.14679,1.14896,1.13819,1.14121,107.69999999999946,-55.79999999999919,Tuesday,1,2019-W03
2019-01-16,1.14119,1.14248,1.13777,1.13911,47.09999999999992,-20.799999999998597,Wednesday,2,2019-W03
2019-01-17,1.13911,1.14059,1.137,1.1388,35.89999999999982,-3.1000000000003247,Thursday,3,2019-W03
2019-01-18,1.1388,1.14103,1.13532,1.13614,57.099999999998815,-26.600000000001067,Friday,4,2019-W03
2019-01-21,1.13603,1.1391,1.13567,1.13658,34.30000000000044,5.499999999998284,Monday,0,2019-W04
2019-01-22,1.13658,1.13739,1.13361,1.13595,37.799999999998946,-6.299999999999084,Tuesday,1,2019-W04
2019-01-23,1.13594,1.13942,1.13505,1.13808,43.70000000000207,21.400000000000308,Wednesday,2,2019-W04
2019-01-24,1.13804,1.13913,1.12892,1.1302,102.10000000000052,-78.39999999999847,Thursday,3,2019-W04
2019-01-25,1.13011,1.14176,1.13004,1.14032,117.20000000000175,102.10000000000052,Friday,4,2019-W04
2019-01-28,1.14005,1.14436,1.139,1.14271,53.600000000000314,26.599999999998847,Monday,0,2019-W05
2019-01-29,1.14257,1.14501,1.14111,1.14307,39.00000000000014,4.999999999999449,Tuesday,1,2019-W05
2019-01-30,1.14308,1.15016,1.14062,1.14786,95.40000000000104,47.80000000000007,Wednesday,2,2019-W05
2019-01-31,1.14786,1.15141,1.14356,1.14467,78.50000000000135,-31.90000000000026,Thursday,3,2019-W05
2019-02-01,1.14468,1.14884,1.14343,1.14547,54.10000000000137,7.900000000000684,Friday,4,2019-W05
2019-02-04,1.14503,1.14603,1.14244,1.14353,35.90000000000204,-15.000000000000568,Monday,0,2019-W06
2019-02-05,1.14353,1.14404,1.14011,1.14054,39.29999999999989,-29.89999999999826,Tuesday,1,2019-W06
2019-02-06,1.14054,1.14094,1.13608,1.13618,48.60000000000086,-43.600000000001415,Wednesday,2,2019-W06
2019-02-07,1.13615,1.13683,1.13244,1.1339,43.90000000000116,-22.500000000000853,Thursday,3,2019-W06
2019-02-08,1.13383,1.13508,1.13207,1.13207,30.100000000001792,-17.599999999999838,Friday,4,2019-W06
2019-02-11,1.13186,1.13298,1.12672,1.12754,62.60000000000154,-43.20000000000101,Monday,0,2019-W07
2019-02-12,1.12752,1.13396,1.12577,1.13251,81.90000000000141,49.89999999999828,Tuesday,1,2019-W07
2019-02-13,1.13251,1.13414,1.12601,1.12602,81.2999999999997,-64.89999999999884,Wednesday,2,2019-W07
2019-02-14,1.12601,1.13098,1.1249,1.12947,60.80000000000085,34.600000000000186,Thursday,3,2019-W07
2019-02-15,1.12949,1.13061,1.1234,1.12925,72.09999999999938,-2.4000000000001798,Friday,4,2019-W07
2019-02-18,1.12906,1.13338,1.12889,1.13081,44.90000000000105,17.500000000001403,Monday,0,2019-W08
2019-02-19,1.13079,1.13574,1.12755,1.134,81.8999999999992,32.099999999999355,Tuesday,1,2019-W08
2019-02-20,1.134,1.13711,1.13249,1.13359,46.200000000000685,-4.099999999997994,Wednesday,2,2019-W08
2019-02-21,1.13359,1.13663,1.13202,1.13333,46.10000000000003,-2.60000000000149,Thursday,3,2019-W08
2019-02-22,1.13323,1.13556,1.13161,1.13319,39.49999999999898,-0.40000000000040004,Friday,4,2019-W08
2019-02-25,1.1334,1.13675,1.13281,1.13568,39.39999999999833,22.800000000000598,Monday,0,2019-W09
2019-02-26,1.1357,1.14027,1.1345,1.13888,57.69999999999831,31.799999999999606,Tuesday,1,2019-W09
2019-02-27,1.13887,1.14036,1.13622,1.13693,41.400000000000325,-19.400000000000528,Wednesday,2,2019-W09
2019-02-28,1.13691,1.14197,1.13595,1.13704,60.19999999999914,1.2999999999996348,Thursday,3,2019-W09
2019-03-01,1.13706,1.14085,1.13533,1.13633,55.19999999999969,-7.299999999998974,Friday,4,2019-W09
2019-03-04,1.13811,1.13826,1.1309,1.13394,73.60000000000034,-41.700000000000074,Monday,0,2019-W10
2019-03-05,1.13394,1.13408,1.12895,1.13073,51.30000000000079,-32.099999999999355,Tuesday,1,2019-W10
2019-03-06,1.13072,1.13245,1.12855,1.13061,39.00000000000014,-1.100000000000545,Wednesday,2,2019-W10
2019-03-07,1.13059,1.13202,1.11764,1.11929,143.80000000000058,-113.00000000000088,Thursday,3,2019-W10
2019-03-08,1.11929,1.12461,1.11852,1.12311,60.90000000000151,38.200000000001566,Friday,4,2019-W10
2019-03-10,1.12316,1.1236,1.12304,1.12336,5.599999999998939,1.9999999999997797,Sunday,6,2019-W10
2019-03-11,1.12335,1.12583,1.12217,1.12488,36.60000000000218,15.300000000000313,Monday,0,2019-W11
2019-03-12,1.12488,1.13049,1.12472,1.1288,57.70000000000053,39.199999999999235,Tuesday,1,2019-W11
2019-03-13,1.12879,1.13385,1.12773,1.13304,61.20000000000125,42.50000000000087,Wednesday,2,2019-W11
2019-03-14,1.13304,1.13375,1.1294,1.13042,43.50000000000076,-26.200000000000667,Thursday,3,2019-W11
2019-03-15,1.13044,1.13443,1.13,1.1324,44.30000000000156,19.600000000001838,Friday,4,2019-W11
2019-03-17,1.13201,1.13269,1.13201,1.13216,6.800000000000139,1.500000000000945,Sunday,6,2019-W11
2019-03-18,1.1322,1.13589,1.13189,1.13353,40.000000000000036,13.299999999998313,Monday,0,2019-W12
2019-03-19,1.13353,1.13615,1.13336,1.13496,27.900000000000702,14.300000000000423,Tuesday,1,2019-W12
2019-03-20,1.13496,1.1448,1.13354,1.14242,112.60000000000048,74.60000000000022,Wednesday,2,2019-W12
2019-03-21,1.14241,1.14373,1.13425,1.13733,94.79999999999933,-50.799999999999734,Thursday,3,2019-W12
2019-03-22,1.13733,1.13905,1.12732,1.13004,117.29999999999797,-72.90000000000019,Friday,4,2019-W12
2019-03-24,1.12892,1.13011,1.12883,1.1294,12.799999999999478,4.8000000000003595,Sunday,6,2019-W12
2019-03-25,1.12941,1.13314,1.12889,1.13129,42.50000000000087,18.799999999998818,Monday,0,2019-W13
2019-03-26,1.1313,1.13259,1.12632,1.12701,62.699999999999974,-42.899999999999054,Tuesday,1,2019-W13
2019-03-27,1.12702,1.12855,1.12421,1.12514,43.400000000000105,-18.799999999998818,Wednesday,2,2019-W13
2019-03-28,1.12513,1.12612,1.12135,1.12261,47.699999999999406,-25.199999999998557,Thursday,3,2019-W13
2019-03-29,1.12264,1.12466,1.12098,1.12179,36.79999999999906,-8.500000000000174,Friday,4,2019-W13
2019-04-01,1.12254,1.12498,1.12039,1.12122,45.900000000000944,-13.199999999999878,Monday,0,2019-W14
2019-04-02,1.1212,1.1216,1.11836,1.1204,32.399999999999096,-7.999999999999119,Tuesday,1,2019-W14
2019-04-03,1.12043,1.12547,1.12,1.1232,54.69999999999864,27.69999999999939,Wednesday,2,2019-W14
2019-04-04,1.12321,1.12475,1.12059,1.12199,41.59999999999941,-12.199999999999989,Thursday,3,2019-W14
2019-04-05,1.12198,1.12472,1.12099,1.12142,37.30000000000011,-5.599999999998939,Friday,4,2019-W14
2019-04-08,1.12138,1.12744,1.12118,1.12616,62.599999999999326,47.80000000000007,Monday,0,2019-W15
2019-04-09,1.12604,1.12842,1.12549,1.12612,29.29999999999877,0.8000000000008001,Tuesday,1,2019-W15
2019-04-10,1.12614,1.12876,1.12294,1.12731,58.19999999999936,11.700000000001154,Wednesday,2,2019-W15
2019-04-11,1.1273,1.12873,1.12498,1.12513,37.499999999999204,-21.700000000000053,Thursday,3,2019-W15
2019-04-12,1.12513,1.13239,1.12511,1.12976,72.79999999999953,46.30000000000134,Friday,4,2019-W15
2019-04-15,1.13035,1.13209,1.12975,1.1303,23.400000000000087,-0.4999999999988347,Monday,0,2019-W16
2019-04-16,1.1303,1.13139,1.12797,1.12804,34.19999999999979,-22.600000000001508,Tuesday,1,2019-W16
2019-04-17,1.12804,1.13237,1.12788,1.12944,44.90000000000105,14.000000000000679,Wednesday,2,2019-W16
2019-04-18,1.12933,1.13039,1.12261,1.12279,77.79999999999899,-65.3999999999999,Thursday,3,2019-W16
2019-04-19,1.12295,1.12476,1.12263,1.12408,21.299999999999653,11.300000000000754,Friday,4,2019-W16
2019-04-22,1.12408,1.1262,1.12357,1.12566,26.300000000001322,15.800000000001369,Monday,0,2019-W17
2019-04-23,1.12568,1.12612,1.11921,1.12268,69.09999999999971,-30.000000000001137,Tuesday,1,2019-W17
2019-04-24,1.12264,1.12265,1.11406,1.11519,85.89999999999876,-74.50000000000179,Wednesday,2,2019-W17
2019-04-25,1.11518,1.11623,1.11178,1.11309,44.500000000000654,-20.900000000001473,Thursday,3,2019-W17
2019-04-26,1.11283,1.11739,1.11111,1.11429,62.80000000000064,14.600000000000168,Friday,4,2019-W17
2019-04-29,1.11441,1.11869,1.11441,1.11854,42.800000000000615,41.30000000000189,Monday,0,2019-W18
2019-04-30,1.11854,1.1229,1.11757,1.12145,53.300000000000566,29.09999999999968,Tuesday,1,2019-W18
2019-05-01,1.12141,1.12647,1.1187,1.11953,77.70000000000054,-18.800000000001038,Wednesday,2,2019-W18
2019-05-02,1.1195,1.1219,1.11707,1.11714,48.2999999999989,-23.599999999999177,Thursday,3,2019-W18
2019-05-03,1.11714,1.12047,1.1135,1.12007,69.70000000000142,29.29999999999877,Friday,4,2019-W18
2019-05-06,1.11799,1.12092,1.11672,1.1198,41.999999999999815,18.099999999998673,Monday,0,2019-W19
2019-05-07,1.1198,1.12178,1.11666,1.11912,51.20000000000013,-6.800000000000139,Tuesday,1,2019-W19
2019-05-08,1.11899,1.12136,1.11827,1.11909,30.89999999999815,0.9999999999998899,Wednesday,2,2019-W19
2019-05-09,1.11909,1.12509,1.11734,1.12138,77.49999999999923,22.900000000001253,Thursday,3,2019-W19
2019-05-10,1.12123,1.12536,1.12115,1.12329,42.099999999998246,20.599999999999508,Friday,4,2019-W19
2019-05-13,1.1232,1.12635,1.12216,1.12216,41.89999999999916,-10.399999999999299,Monday,0,2019-W20
2019-05-14,1.12211,1.12439,1.12011,1.12033,42.800000000000615,-17.799999999998928,Tuesday,1,2019-W20
2019-05-15,1.12033,1.12245,1.11779,1.12008,46.599999999998865,-2.500000000000835,Wednesday,2,2019-W20
2019-05-16,1.12009,1.12238,1.11662,1.11736,57.59999999999987,-27.300000000001212,Thursday,3,2019-W20
2019-05-17,1.11735,1.11841,1.11551,1.11563,28.999999999999027,-17.20000000000166,Friday,4,2019-W20
2019-05-20,1.11598,1.11748,1.11506,1.11655,24.200000000000887,5.699999999999594,Monday,0,2019-W21
2019-05-21,1.11652,1.1188,1.11419,1.11604,46.10000000000003,-4.8000000000003595,Tuesday,1,2019-W21
2019-05-22,1.11593,1.11802,1.11485,1.11501,31.70000000000117,-9.200000000000319,Wednesday,2,2019-W21
2019-05-23,1.11498,1.11875,1.1107,1.11815,80.4999999999989,31.69999999999895,Thursday,3,2019-W21
2019-05-24,1.11819,1.12121,1.11733,1.12043,38.800000000001056,22.400000000000198,Friday,4,2019-W21
2019-05-27,1.12108,1.12151,1.11869,1.1191,28.200000000000447,-19.800000000000928,Monday,0,2019-W22
2019-05-28,1.1191,1.11983,1.11592,1.11598,39.100000000000804,-31.200000000000117,Tuesday,1,2019-W22
2019-05-29,1.11598,1.11724,1.11243,1.1131,48.09999999999981,-28.799999999999937,Wednesday,2,2019-W22
2019-05-30,1.11305,1.11433,1.1116,1.11291,27.300000000001212,-1.40000000000029,Thursday,3,2019-W22
2019-05-31,1.11285,1.11797,1.11251,1.11678,54.59999999999798,39.300000000002115,Friday,4,2019-W22
2019-06-03,1.11607,1.12619,1.11601,1.12414,101.80000000000078,80.70000000000022,Monday,0,2019-W23
2019-06-04,1.12414,1.12774,1.12267,1.12515,50.69999999999908,10.100000000001774,Tuesday,1,2019-W23
2019-06-05,1.12515,1.13065,1.122,1.12208,86.49999999999824,-30.700000000001282,Wednesday,2,2019-W23
2019-06-06,1.12204,1.1309,1.12008,1.12753,108.20000000000051,54.89999999999995,Thursday,3,2019-W23
2019-06-07,1.12752,1.13477,1.12512,1.13334,96.50000000000159,58.19999999999936,Friday,4,2019-W23
2019-06-10,1.1322,1.13308,1.12902,1.13113,40.60000000000174,-10.700000000001264,Monday,0,2019-W24
2019-06-11,1.13109,1.13374,1.13013,1.1326,36.099999999998914,15.100000000001224,Tuesday,1,2019-W24
2019-06-12,1.13253,1.13434,1.12824,1.12871,60.99999999999994,-38.19999999999935,Wednesday,2,2019-W24
2019-06-13,1.12871,1.13037,1.12683,1.12761,35.400000000000986,-11.000000000001009,Thursday,3,2019-W24
2019-06-14,1.12761,1.12891,1.12024,1.1205,86.70000000000178,-71.0999999999995,Friday,4,2019-W24
2019-06-17,1.12089,1.1247,1.12037,1.12178,43.29999999999945,8.900000000000574,Monday,0,2019-W25
2019-06-18,1.12178,1.12428,1.11813,1.11936,61.49999999999878,-24.200000000000887,Tuesday,1,2019-W25
2019-06-19,1.11926,1.12542,1.11871,1.12259,67.09999999999994,33.30000000000055,Wednesday,2,2019-W25
2019-06-20,1.12255,1.13173,1.12255,1.12916,91.79999999999966,66.10000000000005,Thursday,3,2019-W25
2019-06-21,1.12913,1.13777,1.1283,1.13679,94.69999999999868,76.6,Friday,4,2019-W25
2019-06-24,1.13695,1.14039,1.13662,1.13978,37.700000000000514,28.300000000001102,Monday,0,2019-W26
2019-06-25,1.13979,1.14119,1.13442,1.13651,67.69999999999942,-32.80000000000172,Tuesday,1,2019-W26
2019-06-26,1.13651,1.13913,1.13474,1.13678,43.89999999999894,2.6999999999999247,Wednesday,2,2019-W26
2019-06-27,1.13676,1.13814,1.13477,1.13689,33.69999999999873,1.2999999999996348,Thursday,3,2019-W26
2019-06-28,1.13689,1.13933,1.13506,1.13681,42.69999999999996,-0.7999999999985796,Friday,4,2019-W26
2019-07-01,1.13595,1.1371,1.1281,1.12851,89.99999999999898,-74.40000000000113,Monday,0,2019-W27
2019-07-02,1.1285,1.13215,1.12751,1.12847,46.39999999999978,-0.2999999999997449,Tuesday,1,2019-W27
2019-07-03,1.12842,1.13123,1.12686,1.12774,43.69999999999985,-6.800000000000139,Wednesday,2,2019-W27
2019-07-04,1.12777,1.12951,1.12731,1.12847,21.999999999999797,7.0000000000014495,Thursday,3,2019-W27
2019-07-05,1.12837,1.12877,1.12073,1.12235,80.40000000000047,-60.20000000000137,Friday,4,2019-W27
2019-07-08,1.12215,1.12344,1.12069,1.12142,27.500000000000302,-7.299999999998974,Monday,0,2019-W28
2019-07-09,1.12141,1.12187,1.11933,1.12078,25.399999999999867,-6.299999999999084,Tuesday,1,2019-W28
2019-07-10,1.12076,1.12643,1.12018,1.12503,62.50000000000089,42.69999999999996,Wednesday,2,2019-W28
2019-07-11,1.12503,1.12857,1.12451,1.12529,40.60000000000174,2.5999999999992696,Thursday,3,2019-W28
2019-07-12,1.12529,1.12748,1.12381,1.12698,36.70000000000062,16.900000000001913,Friday,4,2019-W28
2019-07-15,1.12666,1.12838,1.12532,1.12577,30.599999999998406,-8.900000000000574,Monday,0,2019-W29
2019-07-16,1.12574,1.12634,1.12018,1.12103,61.59999999999943,-47.09999999999992,Tuesday,1,2019-W29
2019-07-17,1.12102,1.12335,1.11997,1.12242,33.8000000000016,14.000000000000679,Wednesday,2,2019-W29
2019-07-18,1.12237,1.12804,1.12051,1.12765,75.30000000000037,52.799999999999514,Thursday,3,2019-W29
2019-07-19,1.12766,1.1282,1.12033,1.12192,78.70000000000044,-57.40000000000079,Friday,4,2019-W29
2019-07-22,1.1215,1.12253,1.12062,1.12094,19.100000000000783,-5.599999999998939,Monday,0,2019-W30
2019-07-23,1.12093,1.12096,1.11457,1.11517,63.899999999998954,-57.59999999999987,Tuesday,1,2019-W30
2019-07-24,1.11516,1.11558,1.11269,1.11399,28.900000000000592,-11.699999999998933,Wednesday,2,2019-W30
2019-07-25,1.114,1.11877,1.11013,1.11462,86.3999999999998,6.199999999998429,Thursday,3,2019-W30
2019-07-26,1.1146,1.11509,1.1112,1.11247,38.899999999999494,-21.299999999999653,Friday,4,2019-W30
2019-07-29,1.11246,1.11509,1.11128,1.11443,38.09999999999869,19.700000000000273,Monday,0,2019-W31
2019-07-30,1.11443,1.1161,1.11321,1.11545,28.900000000000592,10.200000000000209,Tuesday,1,2019-W31
2019-07-31,1.11548,1.1162,1.106,1.10749,101.99999999999987,-79.89999999999941,Wednesday,2,2019-W31
2019-08-01,1.10749,1.10958,1.10268,1.10847,68.99999999999906,9.799999999999809,Thursday,3,2019-W31
2019-08-02,1.10849,1.11164,1.10696,1.11057,46.800000000000175,20.800000000000818,Friday,4,2019-W31
2019-08-05,1.11042,1.1213,1.11033,1.12033,109.69999999999925,99.10000000000085,Monday,0,2019-W32
2019-08-06,1.12034,1.12497,1.11675,1.1198,82.20000000000115,-5.399999999999849,Tuesday,1,2019-W32
2019-08-07,1.1198,1.12417,1.11791,1.1198,62.599999999999326,0.0,Wednesday,2,2019-W32
2019-08-08,1.11974,1.12323,1.11769,1.11802,55.39999999999878,-17.199999999999438,Thursday,3,2019-W32
2019-08-09,1.11801,1.12229,1.1178,1.11969,44.90000000000105,16.80000000000126,Friday,4,2019-W32
2019-08-12,1.11978,1.12306,1.11619,1.12131,68.69999999999932,15.300000000000313,Monday,0,2019-W33
2019-08-13,1.12129,1.12285,1.11701,1.1171,58.39999999999846,-41.89999999999916,Tuesday,1,2019-W33
2019-08-14,1.11708,1.11908,1.11305,1.11377,60.2999999999998,-33.10000000000146,Wednesday,2,2019-W33
2019-08-15,1.1138,1.11583,1.10913,1.11065,67.0000000000015,-31.49999999999986,Thursday,3,2019-W33
2019-08-16,1.11065,1.11121,1.10662,1.10899,45.900000000000944,-16.599999999999948,Friday,4,2019-W33
2019-08-19,1.10925,1.11137,1.1076,1.10778,37.700000000000514,-14.700000000000824,Monday,0,2019-W34
2019-08-20,1.10773,1.11066,1.10655,1.10998,41.10000000000058,22.499999999998632,Tuesday,1,2019-W34
2019-08-21,1.10981,1.1107,1.10804,1.10845,26.600000000001067,-13.600000000000279,Wednesday,2,2019-W34
2019-08-22,1.10844,1.1113,1.10635,1.10799,49.5000000000001,-4.500000000000615,Thursday,3,2019-W34
2019-08-23,1.10798,1.11532,1.10516,1.1136,101.60000000000169,56.199999999999584,Friday,4,2019-W34
2019-08-26,1.11507,1.11639,1.10942,1.11008,69.6999999999992,-49.9000000000005,Monday,0,2019-W35
2019-08-27,1.11004,1.11159,1.10855,1.10901,30.400000000001537,-10.299999999998644,Tuesday,1,2019-W35
2019-08-28,1.10895,1.10978,1.10733,1.1077,24.500000000000632,-12.500000000001954,Wednesday,2,2019-W35
2019-08-29,1.1077,1.1093,1.10419,1.10563,51.09999999999948,-20.700000000000163,Thursday,3,2019-W35
2019-08-30,1.10563,1.10603,1.09632,1.0988,97.10000000000107,-68.29999999999892,Friday,4,2019-W35
2019-09-02,1.09893,1.09962,1.0958,1.09682,38.19999999999935,-21.100000000000563,Monday,0,2019-W36
2019-09-03,1.09684,1.09786,1.0926,1.09726,52.60000000000042,4.199999999998649,Tuesday,1,2019-W36
2019-09-04,1.09726,1.10383,1.09684,1.10348,69.90000000000052,62.20000000000114,Wednesday,2,2019-W36
2019-09-05,1.10348,1.10847,1.10166,1.1034,68.09999999999982,-0.8000000000008001,Thursday,3,2019-W36
2019-09-06,1.1034,1.10572,1.10201,1.1025,37.10000000000102,-8.999999999999009,Friday,4,2019-W36
2019-09-09,1.1026,1.1068,1.10153,1.10477,52.70000000000108,21.700000000000053,Monday,0,2019-W37
2019-09-10,1.10474,1.10595,1.10305,1.10432,28.999999999999027,-4.20000000000087,Tuesday,1,2019-W37
2019-09-11,1.1043,1.10555,1.09851,1.10102,70.39999999999935,-32.7999999999995,Wednesday,2,2019-W37
2019-09-12,1.10102,1.10871,1.09268,1.10643,160.2999999999999,54.09999999999915,Thursday,3,2019-W37
2019-09-13,1.10643,1.11094,1.10554,1.10707,54.00000000000071,6.399999999999739,Friday,4,2019-W37
2019-09-16,1.10732,1.10863,1.09932,1.09991,93.0999999999993,-74.10000000000139,Monday,0,2019-W38
2019-09-17,1.09984,1.10744,1.09901,1.10725,84.29999999999937,74.10000000000139,Tuesday,1,2019-W38
2019-09-18,1.10723,1.10755,1.10136,1.10298,61.9000000000014,-42.49999999999865,Wednesday,2,2019-W38
2019-09-19,1.10298,1.10735,1.10229,1.10408,50.60000000000065,10.999999999998789,Thursday,3,2019-W38
2019-09-20,1.10406,1.10676,1.09961,1.10169,71.4999999999999,-23.699999999999832,Friday,4,2019-W38
2019-09-23,1.10136,1.10253,1.09661,1.09925,59.19999999999925,-21.099999999998342,Monday,0,2019-W39
2019-09-24,1.09927,1.1024,1.09837,1.10193,40.299999999999784,26.600000000001067,Tuesday,1,2019-W39
2019-09-25,1.10192,1.10228,1.09374,1.09413,85.39999999999992,-77.89999999999964,Wednesday,2,2019-W39
2019-09-26,1.09409,1.09672,1.09087,1.09187,58.499999999999105,-22.200000000001108,Thursday,3,2019-W39
2019-09-27,1.09187,1.09586,1.09046,1.09367,54.00000000000071,18.000000000000238,Friday,4,2019-W39
2019-09-30,1.09419,1.09478,1.08847,1.08991,63.10000000000038,-42.800000000000615,Monday,0,2019-W40
2019-10-01,1.08991,1.09428,1.0879,1.09311,63.799999999998306,32.00000000000092,Tuesday,1,2019-W40
2019-10-02,1.09314,1.09636,1.0904,1.0959,59.59999999999965,27.600000000000957,Wednesday,2,2019-W40
2019-10-03,1.09584,1.09992,1.09408,1.09627,58.400000000000674,4.300000000001525,Thursday,3,2019-W40
2019-10-04,1.09627,1.0999,1.0957,1.0976,42.00000000000203,13.299999999998313,Friday,4,2019-W40
2019-10-07,1.09803,1.10004,1.09619,1.09703,38.49999999999909,-10.000000000001119,Monday,0,2019-W41
2019-10-08,1.09703,1.09958,1.09409,1.0956,54.89999999999995,-14.300000000000423,Tuesday,1,2019-W41
2019-10-09,1.0956,1.099,1.09507,1.0971,39.29999999999989,15.000000000000568,Wednesday,2,2019-W41
2019-10-10,1.09704,1.10337,1.09699,1.1005,63.80000000000052,34.600000000000186,Thursday,3,2019-W41
2019-10-11,1.10049,1.10626,1.10007,1.10329,61.89999999999918,28.000000000001357,Friday,4,2019-W41
2019-10-14,1.10316,1.10426,1.10128,1.10248,29.799999999999827,-6.800000000000139,Monday,0,2019-W42
2019-10-15,1.1025,1.10459,1.09912,1.1032,54.69999999999864,6.999999999999229,Tuesday,1,2019-W42
2019-10-16,1.10319,1.10855,1.10223,1.1071,63.19999999999881,39.100000000000804,Wednesday,2,2019-W42
2019-10-17,1.1071,1.11398,1.1065,1.11234,74.79999999999932,52.400000000001334,Thursday,3,2019-W42
2019-10-18,1.11236,1.11719,1.11145,1.11703,57.39999999999856,46.69999999999952,Friday,4,2019-W42
2019-10-21,1.11607,1.11793,1.11386,1.11487,40.70000000000018,-11.999999999998678,Monday,0,2019-W43
2019-10-22,1.11487,1.11568,1.11176,1.11243,39.199999999999235,-24.399999999999977,Tuesday,1,2019-W43
2019-10-23,1.11242,1.11405,1.11061,1.11297,34.399999999998876,5.5000000000005045,Wednesday,2,2019-W43
2019-10-24,1.11296,1.11627,1.1093,1.11037,69.70000000000142,-25.899999999998702,Thursday,3,2019-W43
2019-10-25,1.11036,1.11229,1.10729,1.1079,49.999999999998934,-24.599999999999067,Friday,4,2019-W43
2019-10-27,1.108,1.10807,1.10774,1.10792,3.300000000001635,-0.8000000000008001,Sunday,6,2019-W43
2019-10-28,1.10793,1.11065,1.1076,1.10992,30.49999999999997,19.899999999999363,Monday,0,2019-W44
2019-10-29,1.10994,1.11183,1.10735,1.1112,44.800000000000395,12.600000000000389,Tuesday,1,2019-W44
2019-10-30,1.11119,1.11533,1.10801,1.11523,73.19999999999993,40.40000000000043,Wednesday,2,2019-W44
2019-10-31,1.11523,1.11755,1.11314,1.11519,44.10000000000025,-0.40000000000040004,Thursday,3,2019-W44
2019-11-01,1.11519,1.11718,1.11281,1.11641,43.69999999999985,12.199999999999989,Friday,4,2019-W44
2019-11-04,1.11684,1.11753,1.11247,1.11272,50.599999999998424,-41.20000000000124,Monday,0,2019-W45
2019-11-05,1.11269,1.11401,1.10635,1.10742,76.6,-52.69999999999886,Tuesday,1,2019-W45
2019-11-06,1.10742,1.10928,1.10651,1.10658,27.69999999999939,-8.40000000000174,Wednesday,2,2019-W45
2019-11-07,1.10658,1.10914,1.1036,1.10497,55.400000000001,-16.099999999998893,Thursday,3,2019-W45
2019-11-08,1.10492,1.10554,1.10167,1.10176,38.7000000000004,-31.599999999998296,Friday,4,2019-W45
2019-11-11,1.1023,1.1043,1.10163,1.10323,26.699999999999502,9.299999999998754,Monday,0,2019-W46
2019-11-12,1.10323,1.10385,1.10025,1.10088,36.000000000000476,-23.499999999998522,Tuesday,1,2019-W46
2019-11-13,1.10089,1.10203,1.09953,1.10053,25.000000000001688,-3.5999999999991594,Wednesday,2,2019-W46
2019-11-14,1.10052,1.10274,1.0989,1.10204,38.40000000000066,15.199999999999658,Thursday,3,2019-W46
2019-11-15,1.10202,1.10569,1.10145,1.10494,42.40000000000022,29.200000000000337,Friday,4,2019-W46
2019-11-18,1.10489,1.10899,1.10487,1.10718,41.199999999999015,22.900000000001253,Monday,0,2019-W47
2019-11-19,1.10711,1.10839,1.10626,1.1078,21.299999999999653,6.899999999998574,Tuesday,1,2019-W47
2019-11-20,1.10777,1.10813,1.1053,1.10723,28.300000000001102,-5.399999999999849,Wednesday,2,2019-W47
2019-11-21,1.10723,1.10969,1.10522,1.10581,44.69999999999974,-14.199999999999768,Thursday,3,2019-W47
2019-11-22,1.1058,1.10872,1.10143,1.10179,72.90000000000019,-40.099999999998474,Friday,4,2019-W47
2019-11-25,1.1017,1.10321,1.10035,1.10126,28.600000000000847,-4.3999999999999595,Monday,0,2019-W48
2019-11-26,1.10115,1.10256,1.10071,1.10194,18.499999999999073,7.899999999998464,Tuesday,1,2019-W48
2019-11-27,1.10194,1.10246,1.09922,1.09989,32.399999999999096,-20.499999999998852,Wednesday,2,2019-W48
2019-11-28,1.09987,1.10179,1.09986,1.10067,19.299999999999873,8.00000000000134,Thursday,3,2019-W48
2019-11-29,1.10059,1.10282,1.09811,1.1015,47.09999999999992,9.099999999999664,Friday,4,2019-W48
2019-12-02,1.10229,1.10907,1.10029,1.10784,87.8000000000001,55.49999999999944,Monday,0,2019-W49
2019-12-03,1.10782,1.10934,1.1066,1.10809,27.399999999999647,2.6999999999999247,Tuesday,1,2019-W49
2019-12-04,1.10809,1.11161,1.10666,1.10775,49.5000000000001,-3.4000000000000696,Wednesday,2,2019-W49
2019-12-05,1.10772,1.1108,1.10772,1.11042,30.799999999999716,26.999999999999247,Thursday,3,2019-W49
2019-12-06,1.11042,1.11097,1.10398,1.10543,69.90000000000052,-49.9000000000005,Friday,4,2019-W49
2019-12-09,1.1058,1.10779,1.10533,1.10635,24.600000000001288,5.5000000000005045,Monday,0,2019-W50
2019-12-10,1.10638,1.10977,1.10626,1.10919,35.09999999999902,28.099999999999792,Tuesday,1,2019-W50
2019-12-11,1.10914,1.11448,1.10701,1.11294,74.69999999999865,38.000000000000256,Wednesday,2,2019-W50
2019-12-12,1.11294,1.11541,1.11029,1.11286,51.20000000000013,-0.8000000000008001,Thursday,3,2019-W50
2019-12-13,1.11285,1.11995,1.11032,1.11174,96.30000000000027,-11.099999999999444,Friday,4,2019-W50
2019-12-16,1.1128,1.11581,1.11225,1.11435,35.60000000000008,15.499999999999403,Monday,0,2019-W51
2019-12-17,1.11433,1.11746,1.11293,1.11487,45.29999999999923,5.399999999999849,Tuesday,1,2019-W51
2019-12-18,1.11483,1.11541,1.11105,1.11127,43.5999999999992,-35.60000000000008,Wednesday,2,2019-W51
2019-12-19,1.11126,1.11442,1.11072,1.11199,37.00000000000037,7.300000000001194,Thursday,3,2019-W51
2019-12-20,1.11194,1.11248,1.10662,1.10769,58.59999999999977,-42.49999999999865,Friday,4,2019-W51
2019-12-23,1.1081,1.10958,1.10699,1.10895,25.900000000000922,8.500000000000174,Monday,0,2019-W52
2019-12-24,1.10895,1.10938,1.1069,1.10879,24.800000000000377,-1.6000000000016001,Tuesday,1,2019-W52
2019-12-25,1.10876,1.10885,1.1073,1.10821,15.499999999999403,-5.5000000000005045,Wednesday,2,2019-W52
2019-12-26,1.10885,1.11088,1.10821,1.10974,26.700000000001722,8.900000000000574,Thursday,3,2019-W52
2019-12-27,1.10973,1.11883,1.10964,1.11713,91.90000000000032,73.99999999999851,Friday,4,2019-W52
2019-12-30,1.11736,1.12207,1.11718,1.11985,48.899999999998386,24.900000000001032,Monday,0,2019-W01
2019-12-31,1.11985,1.12391,1.11974,1.12076,41.700000000000074,9.099999999999664,Tuesday,1,2019-W01
2020-01-02,1.1212,1.12245,1.11635,1.11722,60.99999999999994,-39.799999999998725,Thursday,3,2020-W01
2020-01-03,1.11722,1.11798,1.11249,1.11548,54.89999999999995,-17.400000000000748,Friday,4,2020-W01
2020-01-06,1.11656,1.12055,1.11571,1.11968,48.39999999999955,31.200000000000117,Monday,0,2020-W02
2020-01-07,1.1196,1.11975,1.11335,1.11526,63.999999999999616,-43.400000000000105,Tuesday,1,2020-W02
2020-01-08,1.11529,1.11682,1.11016,1.11053,66.59999999999889,-47.59999999999876,Wednesday,2,2020-W02
2020-01-09,1.11053,1.11204,1.10924,1.11051,27.999999999999137,-0.1999999999990898,Thursday,3,2020-W02
2020-01-10,1.11051,1.11291,1.1085,1.11165,44.10000000000025,11.399999999999189,Friday,4,2020-W02
2020-01-13,1.11141,1.11469,1.11125,1.11338,34.399999999998876,19.700000000000273,Monday,0,2020-W03
2020-01-14,1.11338,1.11444,1.11045,1.11274,39.9000000000016,-6.399999999999739,Tuesday,1,2020-W03
2020-01-15,1.11284,1.11634,1.11185,1.11495,44.90000000000105,21.100000000000563,Wednesday,2,2020-W03
2020-01-16,1.11492,1.11727,1.11279,1.11358,44.800000000000395,-13.399999999998968,Thursday,3,2020-W03
2020-01-17,1.11358,1.11425,1.10862,1.1089,56.30000000000024,-46.800000000000175,Friday,4,2020-W03
2020-01-20,1.1091,1.11023,1.10766,1.10944,25.699999999999612,3.4000000000000696,Monday,0,2020-W04
2020-01-21,1.10934,1.11179,1.10809,1.10819,37.00000000000037,-11.499999999999844,Tuesday,1,2020-W04
2020-01-22,1.10816,1.10984,1.107,1.1092,28.399999999999537,10.399999999999299,Wednesday,2,2020-W04
2020-01-23,1.1092,1.11087,1.10362,1.10542,72.49999999999979,-37.799999999998946,Thursday,3,2020-W04
2020-01-24,1.10542,1.10617,1.10195,1.10224,42.200000000001125,-31.799999999999606,Friday,4,2020-W04
2020-01-27,1.10318,1.10375,1.10096,1.10184,27.900000000000702,-13.400000000001189,Monday,0,2020-W05
2020-01-28,1.10185,1.10252,1.09978,1.1022,27.399999999999647,3.5000000000007248,Tuesday,1,2020-W05
2020-01-29,1.10219,1.10276,1.09923,1.10098,35.30000000000033,-12.099999999999334,Wednesday,2,2020-W05
2020-01-30,1.10097,1.10393,1.10069,1.10312,32.40000000000131,21.500000000000963,Thursday,3,2020-W05
2020-01-31,1.10312,1.10954,1.10168,1.10944,78.59999999999978,63.19999999999881,Friday,4,2020-W05
2020-02-03,1.10939,1.10939,1.10356,1.10593,58.30000000000002,-34.600000000000186,Monday,0,2020-W06
2020-02-04,1.1059,1.10641,1.10328,1.10434,31.29999999999855,-15.600000000000058,Tuesday,1,2020-W06
2020-02-05,1.10436,1.10479,1.09937,1.09989,54.199999999999804,-44.69999999999974,Wednesday,2,2020-W06
2020-02-06,1.09989,1.10138,1.09644,1.09827,49.399999999999444,-16.199999999999548,Thursday,3,2020-W06
2020-02-07,1.09827,1.09849,1.09419,1.09438,42.9999999999997,-38.90000000000171,Friday,4,2020-W06
2020-02-10,1.09439,1.09574,1.09076,1.09105,49.79999999999984,-33.39999999999898,Monday,0,2020-W07
2020-02-11,1.09105,1.09248,1.08913,1.09143,33.499999999999645,3.7999999999982492,Tuesday,1,2020-W07
2020-02-12,1.09139,1.09255,1.08654,1.08728,60.09999999999849,-41.10000000000058,Wednesday,2,2020-W07
2020-02-13,1.08707,1.08887,1.0834,1.08408,54.700000000000855,-29.90000000000048,Thursday,3,2020-W07
2020-02-14,1.08408,1.08611,1.08271,1.08299,33.99999999999848,-10.900000000000354,Friday,4,2020-W07
2020-02-17,1.08406,1.08509,1.08291,1.08345,21.800000000000708,-6.099999999999994,Monday,0,2020-W08
2020-02-18,1.08343,1.08373,1.07854,1.07907,51.900000000000276,-43.5999999999992,Tuesday,1,2020-W08
2020-02-19,1.07906,1.08115,1.07822,1.08022,29.300000000000992,11.600000000000499,Wednesday,2,2020-W08
2020-02-20,1.08022,1.08211,1.07778,1.07838,43.29999999999945,-18.400000000000638,Thursday,3,2020-W08
2020-02-21,1.07843,1.08635,1.07843,1.08456,79.19999999999928,61.299999999999685,Friday,4,2020-W08
2020-02-24,1.08145,1.0872,1.0805,1.08519,66.99999999999929,37.400000000000766,Monday,0,2020-W09
2020-02-25,1.08519,1.08902,1.083,1.08806,60.20000000000137,28.69999999999928,Tuesday,1,2020-W09
2020-02-26,1.08806,1.09086,1.08549,1.08813,53.69999999999875,0.700000000000145,Wednesday,2,2020-W09
2020-02-27,1.08812,1.10064,1.08769,1.09998,129.50000000000017,118.59999999999982,Thursday,3,2020-W09
2020-02-28,1.09998,1.1053,1.09509,1.10251,102.10000000000052,25.300000000001432,Friday,4,2020-W09
2020-03-02,1.10423,1.11845,1.10362,1.11331,148.299999999999,90.79999999999977,Monday,0,2020-W10
2020-03-03,1.11327,1.12134,1.10953,1.11716,118.10000000000099,38.899999999999494,Tuesday,1,2020-W10
2020-03-04,1.11715,1.11875,1.10955,1.11328,91.99999999999875,-38.7000000000004,Wednesday,2,2020-W10
2020-03-05,1.11328,1.12447,1.11195,1.12361,125.20000000000087,103.2999999999995,Thursday,3,2020-W10
2020-03-06,1.12361,1.13546,1.12112,1.12804,143.4000000000002,44.29999999999934,Friday,4,2020-W10
2020-03-08,1.13473,1.13567,1.1335,1.1347,21.700000000000053,-0.2999999999997449,Sunday,6,2020-W10
2020-03-09,1.13469,1.14954,1.13397,1.14368,155.70000000000084,89.90000000000053,Monday,0,2020-W11
2020-03-10,1.14464,1.14578,1.12749,1.12916,182.89999999999918,-154.8000000000016,Tuesday,1,2020-W11
2020-03-11,1.12916,1.13667,1.12501,1.12607,116.60000000000004,-30.90000000000037,Wednesday,2,2020-W11
2020-03-12,1.12604,1.13336,1.1055,1.11676,278.59999999999997,-92.79999999999956,Thursday,3,2020-W11
2020-03-13,1.11672,1.12213,1.1055,1.10992,166.30000000000143,-67.99999999999918,Friday,4,2020-W11
2020-03-15,1.10705,1.11996,1.10705,1.119,129.09999999999977,119.49999999999905,Sunday,6,2020-W11
2020-03-16,1.119,1.12366,1.10849,1.11788,151.70000000000127,-11.200000000000099,Monday,0,2020-W12
2020-03-17,1.11788,1.11891,1.0955,1.10076,234.10000000000153,-171.20000000000024,Tuesday,1,2020-W12
2020-03-18,1.10076,1.10451,1.08016,1.09126,243.50000000000094,-95.00000000000064,Wednesday,2,2020-W12
2020-03-19,1.09126,1.09818,1.06543,1.0662,327.49999999999835,-250.5999999999986,Thursday,3,2020-W12
2020-03-20,1.06614,1.08309,1.06375,1.06929,193.40000000000134,31.49999999999986,Friday,4,2020-W12
2020-03-22,1.07011,1.07044,1.06925,1.06939,11.900000000000244,-7.199999999998319,Sunday,6,2020-W12
2020-03-23,1.06942,1.08279,1.06357,1.07247,192.20000000000016,30.49999999999997,Monday,0,2020-W13
2020-03-24,1.07243,1.08879,1.07239,1.07829,163.99999999999972,58.59999999999977,Tuesday,1,2020-W13
2020-03-25,1.07812,1.08938,1.07599,1.08796,133.90000000000012,98.40000000000072,Wednesday,2,2020-W13
2020-03-26,1.08797,1.10587,1.08698,1.10291,188.8999999999985,149.39999999999952,Thursday,3,2020-W13
2020-03-27,1.10292,1.11473,1.09533,1.11379,194.00000000000085,108.70000000000158,Friday,4,2020-W13
2020-03-30,1.11172,1.11383,1.101,1.10427,128.3000000000012,-74.49999999999957,Monday,0,2020-W14
2020-03-31,1.10427,1.10545,1.09265,1.10299,128.00000000000145,-12.800000000001699,Tuesday,1,2020-W14
2020-04-01,1.10286,1.1039,1.09026,1.09616,136.40000000000097,-66.99999999999929,Wednesday,2,2020-W14
2020-04-02,1.09619,1.09684,1.08206,1.08561,147.80000000000015,-105.80000000000034,Thursday,3,2020-W14
2020-04-03,1.08557,1.08645,1.07727,1.07955,91.79999999999966,-60.19999999999914,Friday,4,2020-W14
2020-04-06,1.08082,1.08354,1.07683,1.0792,67.09999999999994,-16.199999999999548,Monday,0,2020-W15
2020-04-07,1.0792,1.09263,1.07835,1.08904,142.8000000000007,98.40000000000072,Tuesday,1,2020-W15
2020-04-08,1.08903,1.09019,1.08299,1.08564,72.00000000000095,-33.90000000000004,Wednesday,2,2020-W15
2020-04-09,1.08559,1.09516,1.08409,1.09285,110.69999999999914,72.60000000000045,Thursday,3,2020-W15
2020-04-10,1.09286,1.09524,1.09192,1.09326,33.199999999999896,3.9999999999995595,Friday,4,2020-W15
2020-04-13,1.09482,1.09678,1.08926,1.0912,75.20000000000194,-36.19999999999956,Monday,0,2020-W16
2020-04-14,1.09109,1.09871,1.09029,1.09798,84.20000000000094,68.90000000000063,Tuesday,1,2020-W16
2020-04-15,1.09794,1.09907,1.08564,1.09066,134.30000000000052,-72.79999999999953,Wednesday,2,2020-W16
2020-04-16,1.09076,1.09111,1.08166,1.08386,94.49999999999959,-68.99999999999906,Thursday,3,2020-W16
2020-04-17,1.08386,1.08926,1.08119,1.08711,80.699999999998,32.49999999999975,Friday,4,2020-W16
2020-04-20,1.08748,1.08967,1.08411,1.08607,55.600000000000094,-14.099999999999113,Monday,0,2020-W17
2020-04-21,1.08611,1.08802,1.08165,1.08564,63.69999999999987,-4.699999999999704,Tuesday,1,2020-W17
2020-04-22,1.08563,1.08852,1.08032,1.08229,81.99999999999986,-33.40000000000121,Wednesday,2,2020-W17
2020-04-23,1.08226,1.08466,1.0756,1.0776,90.60000000000068,-46.60000000000109,Thursday,3,2020-W17
2020-04-24,1.0776,1.08294,1.07271,1.08196,102.29999999999961,43.600000000001415,Friday,4,2020-W17
2020-04-27,1.08211,1.08602,1.08112,1.08286,48.99999999999905,7.500000000000284,Monday,0,2020-W18
2020-04-28,1.08282,1.08884,1.08097,1.08186,78.70000000000044,-9.599999999998499,Tuesday,1,2020-W18
2020-04-29,1.08186,1.08856,1.08183,1.08724,67.29999999999903,53.7999999999994,Wednesday,2,2020-W18
2020-04-30,1.08741,1.09726,1.0833,1.09539,139.59999999999974,79.80000000000098,Thursday,3,2020-W18
2020-05-01,1.09539,1.10187,1.09344,1.09777,84.29999999999937,23.799999999998267,Friday,4,2020-W18
2020-05-04,1.09676,1.09736,1.08956,1.09058,77.99999999999807,-61.79999999999852,Monday,0,2020-W19
2020-05-05,1.09063,1.09258,1.08258,1.08377,100.00000000000009,-68.60000000000088,Tuesday,1,2020-W19
2020-05-06,1.08377,1.08456,1.07819,1.0793,63.69999999999987,-44.69999999999974,Wednesday,2,2020-W19
2020-05-07,1.07934,1.08339,1.07665,1.08331,67.39999999999968,39.70000000000029,Thursday,3,2020-W19
2020-05-08,1.0834,1.08756,1.08151,1.08371,60.50000000000111,3.1000000000003247,Friday,4,2020-W19
2020-05-11,1.08265,1.08504,1.08005,1.08061,49.9000000000005,-20.399999999998197,Monday,0,2020-W20
2020-05-12,1.08059,1.08851,1.07843,1.08472,100.80000000000089,41.29999999999967,Tuesday,1,2020-W20
2020-05-13,1.08475,1.08965,1.08116,1.08176,84.90000000000109,-29.90000000000048,Wednesday,2,2020-W20
2020-05-14,1.08176,1.08239,1.07748,1.0804,49.099999999999696,-13.600000000000279,Thursday,3,2020-W20
2020-05-15,1.08042,1.08509,1.07888,1.08183,62.10000000000049,14.100000000001334,Friday,4,2020-W20
2020-05-18,1.08088,1.0927,1.07999,1.09154,127.1,106.59999999999891,Monday,0,2020-W21
2020-05-19,1.09155,1.09759,1.09021,1.09221,73.80000000000165,6.599999999998829,Tuesday,1,2020-W21
2020-05-20,1.09219,1.09989,1.09186,1.09771,80.29999999999981,55.19999999999969,Wednesday,2,2020-W21
2020-05-21,1.09769,1.10083,1.09371,1.09484,71.20000000000016,-28.500000000000192,Thursday,3,2020-W21
2020-05-22,1.09472,1.09535,1.08852,1.0898,68.30000000000113,-49.199999999998134,Friday,4,2020-W21
2020-05-25,1.08956,1.09144,1.08706,1.0895,43.80000000000051,-0.6000000000017103,Monday,0,2020-W22
2020-05-26,1.0895,1.09957,1.08919,1.09816,103.79999999999833,86.60000000000112,Tuesday,1,2020-W22
2020-05-27,1.09812,1.10307,1.0934,1.10026,96.70000000000067,21.400000000000308,Wednesday,2,2020-W22
2020-05-28,1.10024,1.10934,1.09916,1.10767,101.80000000000078,74.29999999999825,Thursday,3,2020-W22
2020-05-29,1.10767,1.11451,1.10698,1.11036,75.29999999999815,26.900000000000812,Friday,4,2020-W22
2020-06-01,1.11129,1.1154,1.11004,1.11353,53.600000000000314,22.400000000000198,Monday,0,2020-W23
2020-06-02,1.11353,1.11959,1.11151,1.11693,80.80000000000086,34.000000000000696,Tuesday,1,2020-W23
2020-06-03,1.1169,1.12577,1.11667,1.12328,90.99999999999886,63.80000000000052,Wednesday,2,2020-W23
2020-06-04,1.12325,1.13623,1.11947,1.1337,167.60000000000107,104.49999999999848,Thursday,3,2020-W23
2020-06-05,1.13367,1.13836,1.12784,1.12911,105.20000000000084,-45.59999999999897,Friday,4,2020-W23
2020-06-08,1.12934,1.13198,1.12682,1.12937,51.600000000000534,0.2999999999997449,Monday,0,2020-W24
2020-06-09,1.12936,1.13638,1.12409,1.13395,122.89999999999912,45.900000000000944,Tuesday,1,2020-W24
2020-06-10,1.13395,1.14224,1.13219,1.13729,100.49999999999892,33.39999999999898,Wednesday,2,2020-W24
2020-06-11,1.13729,1.14036,1.12885,1.12989,115.10000000000132,-73.99999999999851,Thursday,3,2020-W24
2020-06-12,1.12989,1.13405,1.12125,1.1255,127.99999999999923,-43.90000000000116,Friday,4,2020-W24
2020-06-15,1.12329,1.13324,1.12262,1.13228,106.20000000000074,89.90000000000053,Monday,0,2020-W25
2020-06-16,1.13228,1.13532,1.12278,1.12631,125.40000000000218,-59.70000000000031,Tuesday,1,2020-W25
2020-06-17,1.12629,1.12939,1.12068,1.12432,87.09999999999995,-19.700000000000273,Wednesday,2,2020-W25
2020-06-18,1.12428,1.12613,1.11854,1.12055,75.89999999999986,-37.30000000000011,Thursday,3,2020-W25
2020-06-19,1.12054,1.12542,1.1168,1.11759,86.20000000000073,-29.50000000000008,Friday,4,2020-W25
2020-06-22,1.11835,1.12698,1.11684,1.12597,101.40000000000038,76.1999999999996,Monday,0,2020-W26
2020-06-23,1.12597,1.13486,1.1233,1.13074,115.60000000000015,47.70000000000163,Tuesday,1,2020-W26
2020-06-24,1.13073,1.13257,1.12482,1.12503,77.50000000000145,-57.000000000000384,Wednesday,2,2020-W26
2020-06-25,1.12503,1.12597,1.11903,1.1217,69.39999999999947,-33.30000000000055,Thursday,3,2020-W26
2020-06-26,1.12181,1.12393,1.11951,1.1217,44.200000000000905,-1.100000000000545,Friday,4,2020-W26
2020-06-29,1.12149,1.12879,1.12149,1.1241,72.99999999999862,26.100000000000012,Monday,0,2020-W27
2020-06-30,1.12412,1.12619,1.1191,1.12336,70.9000000000004,-7.600000000000939,Tuesday,1,2020-W27
2020-07-01,1.1234,1.12751,1.11848,1.12507,90.30000000000094,16.700000000000603,Wednesday,2,2020-W27
2020-07-02,1.12507,1.13026,1.12233,1.12388,79.29999999999993,-11.900000000000244,Thursday,3,2020-W27
2020-07-03,1.12391,1.12518,1.12192,1.12464,32.600000000000406,7.300000000001194,Friday,4,2020-W27
2020-07-06,1.12433,1.13454,1.12411,1.13089,104.30000000000162,65.599999999999,Monday,0,2020-W28
2020-07-07,1.13087,1.13325,1.12588,1.12727,73.70000000000098,-36.000000000000476,Tuesday,1,2020-W28
2020-07-08,1.12725,1.13518,1.12623,1.13293,89.50000000000014,56.79999999999907,Wednesday,2,2020-W28
2020-07-09,1.13292,1.13706,1.12801,1.12846,90.50000000000003,-44.599999999999085,Thursday,3,2020-W28
2020-07-10,1.12845,1.13247,1.12547,1.1299,70.00000000000117,14.499999999999513,Friday,4,2020-W28
2020-07-13,1.13039,1.13748,1.13008,1.13435,74.00000000000074,39.59999999999964,Monday,0,2020-W29
2020-07-14,1.13431,1.14086,1.13251,1.13993,83.5000000000008,56.20000000000181,Tuesday,1,2020-W29
2020-07-15,1.1399,1.1452,1.1391,1.14113,60.99999999999994,12.300000000000644,Wednesday,2,2020-W29
2020-07-16,1.14113,1.14417,1.13704,1.13834,71.29999999999859,-27.900000000000702,Thursday,3,2020-W29
2020-07-17,1.13832,1.14436,1.13756,1.14269,68.00000000000139,43.69999999999985,Friday,4,2020-W29
2020-07-20,1.14084,1.14677,1.14023,1.14472,65.3999999999999,38.79999999999883,Monday,0,2020-W30
2020-07-21,1.14472,1.15398,1.14228,1.15265,117.00000000000044,79.29999999999993,Tuesday,1,2020-W30
2020-07-22,1.15268,1.16013,1.15068,1.15695,94.5000000000018,42.69999999999996,Wednesday,2,2020-W30
2020-07-23,1.15693,1.16268,1.15403,1.15959,86.50000000000047,26.599999999998847,Thursday,3,2020-W30
2020-07-24,1.15959,1.1658,1.15812,1.16546,76.79999999999909,58.700000000000415,Friday,4,2020-W30
2020-07-27,1.1643,1.17813,1.16413,1.1751,139.9999999999979,108.00000000000142,Monday,0,2020-W31
2020-07-28,1.17512,1.17736,1.16987,1.1715,74.89999999999996,-36.19999999999956,Tuesday,1,2020-W31
2020-07-29,1.17148,1.18061,1.17118,1.17907,94.29999999999828,75.89999999999986,Wednesday,2,2020-W31
2020-07-30,1.1791,1.18482,1.17308,1.18467,117.40000000000083,55.699999999998525,Thursday,3,2020-W31
2020-07-31,1.18465,1.19087,1.17617,1.17753,147.00000000000156,-71.20000000000016,Friday,4,2020-W31
2020-08-03,1.17725,1.17966,1.16959,1.17617,100.70000000000023,-10.799999999999699,Monday,0,2020-W32
2020-08-04,1.17633,1.18059,1.17211,1.18028,84.80000000000044,39.49999999999898,Tuesday,1,2020-W32
2020-08-05,1.18026,1.19048,1.17929,1.18629,111.90000000000033,60.2999999999998,Wednesday,2,2020-W32
2020-08-06,1.18627,1.1916,1.18179,1.18763,98.10000000000096,13.600000000000279,Thursday,3,2020-W32
2020-08-07,1.18763,1.18828,1.17551,1.17862,127.69999999999948,-90.09999999999962,Friday,4,2020-W32
2020-08-10,1.17886,1.18006,1.17359,1.17371,64.70000000000198,-51.49999999999988,Monday,0,2020-W33
2020-08-11,1.17373,1.1808,1.17219,1.17395,86.10000000000007,2.20000000000109,Tuesday,1,2020-W33
2020-08-12,1.17395,1.1817,1.1711,1.17835,105.99999999999943,43.999999999999595,Wednesday,2,2020-W33
2020-08-13,1.17835,1.18641,1.17796,1.18131,84.50000000000068,29.600000000000737,Thursday,3,2020-W33
2020-08-14,1.18126,1.18503,1.17817,1.18414,68.60000000000088,28.799999999999937,Friday,4,2020-W33
2020-08-17,1.18389,1.18809,1.18286,1.18698,52.30000000000068,30.89999999999815,Monday,0,2020-W34
2020-08-18,1.18698,1.19656,1.18658,1.19305,99.800000000001,60.7000000000002,Tuesday,1,2020-W34
2020-08-19,1.19306,1.19526,1.18302,1.18385,122.40000000000029,-92.0999999999994,Wednesday,2,2020-W34
2020-08-20,1.18396,1.18686,1.18019,1.18599,66.69999999999953,20.300000000001983,Thursday,3,2020-W34
2020-08-21,1.18599,1.18828,1.17541,1.17949,128.69999999999936,-65.00000000000172,Friday,4,2020-W34
2020-08-24,1.17911,1.18495,1.17841,1.17873,65.3999999999999,-3.8000000000004697,Monday,0,2020-W35
2020-08-25,1.17871,1.18435,1.17841,1.18343,59.40000000000056,47.20000000000057,Tuesday,1,2020-W35
2020-08-26,1.1834,1.18391,1.17721,1.18298,66.99999999999929,-4.20000000000087,Wednesday,2,2020-W35
2020-08-27,1.18297,1.19018,1.17623,1.18215,139.49999999999906,-8.20000000000043,Thursday,3,2020-W35
2020-08-28,1.18215,1.19197,1.18109,1.19018,108.80000000000001,80.29999999999981,Friday,4,2020-W35
2020-08-31,1.18998,1.1966,1.1884,1.19361,82.00000000000207,36.300000000000225,Monday,0,2020-W36
2020-09-01,1.19358,1.20113,1.19013,1.19113,110.00000000000121,-24.500000000000632,Tuesday,1,2020-W36
2020-09-02,1.19112,1.19287,1.18221,1.18547,106.60000000000113,-56.49999999999933,Wednesday,2,2020-W36
2020-09-03,1.18506,1.18646,1.17889,1.18512,75.70000000000077,0.5999999999994898,Thursday,3,2020-W36
2020-09-04,1.18513,1.18654,1.17809,1.18371,84.49999999999847,-14.199999999999768,Friday,4,2020-W36
2020-09-07,1.18432,1.18486,1.18117,1.18133,36.89999999999971,-29.90000000000048,Monday,0,2020-W37
2020-09-08,1.18133,1.18273,1.17654,1.17737,61.9000000000014,-39.59999999999964,Tuesday,1,2020-W37
2020-09-09,1.17749,1.18339,1.17527,1.18025,81.19999999999905,27.600000000000957,Wednesday,2,2020-W37
2020-09-10,1.18026,1.19175,1.18004,1.18146,117.10000000000109,11.999999999998678,Thursday,3,2020-W37
2020-09-11,1.18145,1.18741,1.1813,1.18453,61.1000000000006,30.800000000001937,Friday,4,2020-W37
2020-09-14,1.18348,1.1888,1.18319,1.18643,56.100000000001145,29.50000000000008,Monday,0,2020-W38
2020-09-15,1.18648,1.19005,1.18395,1.18462,60.99999999999994,-18.599999999999728,Tuesday,1,2020-W38
2020-09-16,1.18465,1.18825,1.17876,1.18155,94.89999999999998,-30.999999999998806,Wednesday,2,2020-W38
2020-09-17,1.18156,1.18524,1.17373,1.18477,115.10000000000132,32.10000000000157,Thursday,3,2020-W38
2020-09-18,1.18476,1.18705,1.1826,1.18385,44.49999999999843,-9.099999999999664,Friday,4,2020-W38
2020-09-21,1.18369,1.18717,1.17317,1.17707,140.0000000000001,-66.19999999999848,Monday,0,2020-W39
2020-09-22,1.17707,1.17735,1.16916,1.17077,81.8999999999992,-62.99999999999972,Tuesday,1,2020-W39
2020-09-23,1.17074,1.17188,1.16513,1.16595,67.50000000000034,-47.8999999999985,Wednesday,2,2020-W39
2020-09-24,1.1659,1.16869,1.16265,1.16708,60.40000000000045,11.799999999999589,Thursday,3,2020-W39
2020-09-25,1.16706,1.1685,1.16121,1.16277,72.90000000000019,-42.899999999999054,Friday,4,2020-W39
2020-09-28,1.16271,1.16799,1.1615,1.1665,64.90000000000107,37.900000000001825,Monday,0,2020-W40
2020-09-29,1.1665,1.17455,1.16614,1.17426,84.10000000000028,77.5999999999999,Tuesday,1,2020-W40
2020-09-30,1.1743,1.17548,1.16847,1.1721,70.10000000000183,-21.999999999999797,Wednesday,2,2020-W40
2020-10-01,1.1721,1.17696,1.17171,1.1746,52.49999999999977,25.000000000001688,Thursday,3,2020-W40
2020-10-02,1.17489,1.17489,1.16956,1.17157,53.300000000000566,-33.199999999999896,Friday,4,2020-W40
2020-10-05,1.1711,1.17975,1.17053,1.17825,92.20000000000006,71.4999999999999,Monday,0,2020-W41
2020-10-06,1.17825,1.18077,1.17317,1.17334,76.00000000000051,-49.099999999999696,Tuesday,1,2020-W41
2020-10-07,1.17335,1.17818,1.17249,1.17604,56.89999999999973,26.900000000000812,Wednesday,2,2020-W41
2020-10-08,1.176,1.17816,1.17326,1.17582,49.000000000001265,-1.7999999999984695,Thursday,3,2020-W41
2020-10-09,1.17587,1.1831,1.17568,1.18248,74.19999999999982,66.10000000000005,Friday,4,2020-W41
2020-10-12,1.18103,1.18266,1.17867,1.1812,39.89999999999938,1.7000000000000348,Monday,0,2020-W42
2020-10-13,1.1812,1.18155,1.17304,1.1744,85.10000000000018,-67.99999999999918,Tuesday,1,2020-W42
2020-10-14,1.17452,1.1771,1.17199,1.17452,51.09999999999948,0.0,Wednesday,2,2020-W42
2020-10-15,1.17452,1.17578,1.16884,1.17073,69.39999999999947,-37.8999999999996,Thursday,3,2020-W42
2020-10-16,1.17073,1.17462,1.16939,1.17132,52.30000000000068,5.899999999998684,Friday,4,2020-W42
2020-10-19,1.17181,1.17936,1.17031,1.17695,90.50000000000003,51.399999999999224,Monday,0,2020-W43
2020-10-20,1.17695,1.18407,1.17598,1.18211,80.89999999999931,51.600000000000534,Tuesday,1,2020-W43
2020-10-21,1.18214,1.18807,1.18209,1.18598,59.79999999999875,38.40000000000066,Wednesday,2,2020-W43
2020-10-22,1.18569,1.18668,1.18114,1.18177,55.39999999999878,-39.199999999999235,Thursday,3,2020-W43
2020-10-23,1.18177,1.18648,1.17866,1.18572,78.19999999999938,39.5000000000012,Friday,4,2020-W43
2020-10-25,1.18546,1.18568,1.18515,1.18558,5.300000000001415,1.2000000000012,Sunday,6,2020-W43
2020-10-26,1.18569,1.18605,1.18032,1.18091,57.300000000000125,-47.80000000000007,Monday,0,2020-W44
2020-10-27,1.1808,1.18387,1.17829,1.17871,55.79999999999919,-20.900000000001473,Tuesday,1,2020-W44
2020-10-28,1.17871,1.17879,1.17178,1.17455,70.09999999999961,-41.59999999999941,Wednesday,2,2020-W44
2020-10-29,1.17451,1.17587,1.16501,1.16741,108.5999999999987,-70.99999999999883,Thursday,3,2020-W44
2020-10-30,1.1674,1.17042,1.164,1.16431,64.20000000000093,-30.90000000000037,Friday,4,2020-W44
2020-11-02,1.16498,1.16557,1.16221,1.16404,33.60000000000029,-9.399999999999409,Monday,0,2020-W45
2020-11-03,1.16404,1.17397,1.16318,1.1715,107.89999999999856,74.60000000000022,Tuesday,1,2020-W45
2020-11-04,1.1715,1.17704,1.16026,1.17244,167.80000000000018,9.399999999999409,Wednesday,2,2020-W45
2020-11-05,1.17251,1.18596,1.17107,1.18268,148.89999999999847,101.70000000000013,Thursday,3,2020-W45
2020-11-06,1.18268,1.18908,1.17952,1.187,95.60000000000014,43.20000000000101,Friday,4,2020-W45
2020-11-09,1.18898,1.19199,1.17952,1.18127,124.70000000000203,-77.09999999999883,Monday,0,2020-W46
2020-11-10,1.18124,1.18432,1.17799,1.18127,63.29999999999947,0.2999999999997449,Tuesday,1,2020-W46
2020-11-11,1.18127,1.18327,1.17454,1.17771,87.30000000000126,-35.60000000000008,Wednesday,2,2020-W46
2020-11-12,1.17771,1.18231,1.17585,1.18041,64.5999999999991,26.999999999999247,Thursday,3,2020-W46
2020-11-13,1.18039,1.18374,1.17989,1.1831,38.49999999999909,27.099999999999902,Friday,4,2020-W46
2020-11-16,1.18411,1.18689,1.18141,1.18516,54.799999999999294,10.499999999999954,Monday,0,2020-W47
2020-11-17,1.18509,1.18937,1.18425,1.18612,51.20000000000013,10.300000000000864,Tuesday,1,2020-W47
2020-11-18,1.18607,1.18908,1.18491,1.18526,41.700000000000074,-8.099999999999774,Wednesday,2,2020-W47
2020-11-19,1.18526,1.18825,1.18161,1.18745,66.39999999999979,21.899999999999142,Thursday,3,2020-W47
2020-11-20,1.18745,1.18908,1.18498,1.18544,40.99999999999993,-20.099999999998452,Friday,4,2020-W47
2020-11-23,1.18538,1.1906,1.17997,1.18399,106.30000000000139,-13.900000000000023,Monday,0,2020-W48
2020-11-24,1.18399,1.18961,1.18361,1.18905,60.00000000000006,50.599999999998424,Tuesday,1,2020-W48
2020-11-25,1.18922,1.19297,1.18818,1.19157,47.900000000000716,23.500000000000743,Wednesday,2,2020-W48
2020-11-26,1.19157,1.19409,1.18852,1.19127,55.70000000000075,-2.9999999999996696,Thursday,3,2020-W48
2020-11-27,1.19125,1.19641,1.19068,1.1962,57.300000000000125,49.5000000000001,Friday,4,2020-W48
2020-11-30,1.19614,1.1974,1.1961,1.1968,13.000000000000789,6.6000000000010495,Monday,0,2020-W49
2020-12-01,1.19372,1.20765,1.19353,1.20692,141.1999999999991,132.000000000001,Tuesday,1,2020-W49
2020-12-02,1.20691,1.21183,1.20399,1.21132,78.40000000000069,44.10000000000025,Wednesday,2,2020-W49
2020-12-03,1.21151,1.21746,1.2101,1.21454,73.60000000000034,30.29999999999866,Thursday,3,2020-W49
2020-12-04,1.21454,1.21773,1.21101,1.21202,67.20000000000059,-25.199999999998557,Friday,4,2020-W49
2020-12-07,1.21308,1.21662,1.20784,1.21091,87.8000000000001,-21.700000000000053,Monday,0,2020-W50
2020-12-08,1.21091,1.21339,1.20953,1.21022,38.599999999999746,-6.899999999998574,Tuesday,1,2020-W50
2020-12-09,1.21022,1.21475,1.20587,1.20799,88.79999999999998,-22.300000000001763,Wednesday,2,2020-W50
2020-12-10,1.20779,1.21588,1.20748,1.21398,83.99999999999963,61.9000000000014,Thursday,3,2020-W50
2020-12-11,1.2136,1.21629,1.21053,1.21086,57.59999999999987,-27.399999999999647,Friday,4,2020-W50
2020-12-14,1.21367,1.21767,1.21155,1.21432,61.20000000000125,6.500000000000394,Monday,0,2020-W51
2020-12-15,1.21432,1.21689,1.2121,1.21505,47.900000000000716,7.299999999998974,Tuesday,1,2020-W51
2020-12-16,1.21489,1.22121,1.2125,1.21985,87.09999999999995,49.600000000000755,Wednesday,2,2020-W51
2020-12-17,1.21983,1.22726,1.21898,1.22656,82.80000000000065,67.30000000000125,Thursday,3,2020-W51
2020-12-18,1.22676,1.22718,1.22255,1.22559,46.299999999999116,-11.700000000001154,Friday,4,2020-W51
2020-12-21,1.2221,1.22529,1.21296,1.22432,123.29999999999953,22.200000000001108,Monday,0,2020-W52
2020-12-22,1.22432,1.2257,1.2152,1.2161,104.99999999999955,-82.20000000000115,Tuesday,1,2020-W52
2020-12-23,1.2161,1.2221,1.21538,1.2185,67.20000000000059,23.999999999999577,Wednesday,2,2020-W52
2020-12-24,1.21845,1.22156,1.21773,1.21844,38.3,-0.10000000000065512,Thursday,3,2020-W52
2020-12-25,1.21861,1.22031,1.21709,1.21922,32.2,6.099999999999994,Friday,4,2020-W52
2020-12-28,1.2186,1.22502,1.21811,1.2216,69.09999999999971,30.000000000001137,Monday,0,2020-W53
2020-12-29,1.2216,1.2275,1.22073,1.22478,67.69999999999942,31.799999999999606,Tuesday,1,2020-W53
2020-12-30,1.22455,1.23101,1.22453,1.22952,64.80000000000041,49.69999999999919,Wednesday,2,2020-W53
2020-12-31,1.22955,1.23092,1.22091,1.22153,100.10000000000075,-80.19999999999916,Thursday,3,2020-W53
2021-01-04,1.22396,1.23096,1.22296,1.22473,80.00000000000007,7.7000000000015945,Monday,0,2021-W01
2021-01-05,1.22463,1.23056,1.22432,1.22957,62.40000000000023,49.399999999999444,Tuesday,1,2021-W01
2021-01-06,1.22946,1.23494,1.22655,1.23239,83.89999999999898,29.300000000000992,Wednesday,2,2021-W01
2021-01-07,1.23247,1.23443,1.2245,1.2271,99.29999999999994,-53.69999999999875,Thursday,3,2021-W01
2021-01-08,1.22713,1.22845,1.21929,1.22174,91.60000000000056,-53.90000000000006,Friday,4,2021-W01
2021-01-11,1.22175,1.22284,1.21321,1.21496,96.30000000000027,-67.89999999999851,Monday,0,2021-W02
2021-01-12,1.21497,1.22097,1.21371,1.22062,72.60000000000045,56.49999999999933,Tuesday,1,2021-W02
2021-01-13,1.22064,1.22227,1.21399,1.21568,82.80000000000065,-49.59999999999853,Wednesday,2,2021-W02
2021-01-14,1.21568,1.21784,1.2111,1.2153,67.39999999999968,-3.8000000000004697,Thursday,3,2021-W02
2021-01-15,1.2153,1.21624,1.20747,1.20748,87.69999999999945,-78.19999999999938,Friday,4,2021-W02
2021-01-18,1.20838,1.20867,1.20535,1.20749,33.199999999999896,-8.900000000000574,Monday,0,2021-W03
2021-01-19,1.20748,1.21448,1.20739,1.21284,70.9000000000004,53.59999999999809,Tuesday,1,2021-W03
2021-01-20,1.21281,1.21581,1.20767,1.21044,81.40000000000036,-23.699999999999832,Wednesday,2,2021-W03
2021-01-21,1.21044,1.2173,1.21032,1.2164,69.79999999999987,59.59999999999965,Thursday,3,2021-W03
2021-01-22,1.21564,1.21894,1.21515,1.21667,37.8999999999996,10.299999999998644,Friday,4,2021-W03
2021-01-25,1.21688,1.21832,1.21158,1.21363,67.39999999999968,-32.49999999999975,Monday,0,2021-W04
2021-01-26,1.21363,1.21758,1.21076,1.21597,68.20000000000049,23.400000000000087,Tuesday,1,2021-W04
2021-01-27,1.21598,1.21696,1.20585,1.21096,111.09999999999954,-50.200000000000244,Wednesday,2,2021-W04
2021-01-28,1.21083,1.21424,1.20807,1.21201,61.70000000000009,11.799999999999589,Thursday,3,2021-W04
2021-01-29,1.21199,1.2156,1.20944,1.21298,61.59999999999943,9.900000000000464,Friday,4,2021-W04
2021-02-01,1.21297,1.21363,1.2056,1.20594,80.29999999999981,-70.30000000000092,Monday,0,2021-W05
2021-02-02,1.20594,1.20877,1.20115,1.20428,76.1999999999996,-16.599999999999948,Tuesday,1,2021-W05
2021-02-03,1.20423,1.205,1.2004,1.20351,46.00000000000159,-7.199999999998319,Wednesday,2,2021-W05
2021-02-04,1.20349,1.20427,1.19574,1.1962,85.29999999999927,-72.90000000000019,Thursday,3,2021-W05
2021-02-05,1.19618,1.20498,1.19522,1.20481,97.59999999999991,86.29999999999916,Friday,4,2021-W05
2021-02-08,1.20375,1.2066,1.20196,1.20482,46.39999999999978,10.699999999999044,Monday,0,2021-W06
2021-02-09,1.20479,1.21218,1.20469,1.21172,74.89999999999996,69.2999999999988,Tuesday,1,2021-W06
2021-02-10,1.21168,1.2144,1.21088,1.21172,35.199999999999676,0.3999999999981796,Wednesday,2,2021-W06
2021-02-11,1.21172,1.21494,1.21134,1.21303,35.99999999999825,13.100000000001444,Thursday,3,2021-W06
2021-02-12,1.21303,1.2135,1.20815,1.21177,53.49999999999966,-12.600000000000389,Friday,4,2021-W06
2021-02-15,1.21244,1.21451,1.21167,1.21274,28.399999999999537,2.9999999999996696,Monday,0,2021-W07
2021-02-16,1.21269,1.21693,1.20949,1.21053,74.40000000000113,-21.599999999999397,Tuesday,1,2021-W07
2021-02-17,1.21047,1.2109,1.20232,1.20372,85.80000000000032,-67.50000000000034,Wednesday,2,2021-W07
2021-02-18,1.20333,1.20945,1.2033,1.20908,61.49999999999878,57.49999999999922,Thursday,3,2021-W07
2021-02-19,1.20908,1.21444,1.20823,1.21167,62.10000000000049,25.900000000000922,Friday,4,2021-W07
2021-02-22,1.21151,1.21693,1.20911,1.21551,78.20000000000161,40.000000000000036,Monday,0,2021-W08
2021-02-23,1.21551,1.21801,1.21353,1.21493,44.800000000000395,-5.800000000000249,Tuesday,1,2021-W08
2021-02-24,1.21493,1.21745,1.21092,1.21664,65.29999999999924,17.099999999998783,Wednesday,2,2021-W08
2021-02-25,1.2163,1.22433,1.21559,1.2174,87.3999999999997,11.000000000001009,Thursday,3,2021-W08
2021-02-26,1.21718,1.21841,1.20621,1.20704,121.99999999999989,-101.40000000000038,Friday,4,2021-W08
2021-03-01,1.20702,1.21011,1.20276,1.20488,73.49999999999967,-21.400000000000308,Monday,0,2021-W09
2021-03-02,1.20488,1.20943,1.19916,1.20898,102.70000000000002,40.99999999999993,Tuesday,1,2021-W09
2021-03-03,1.20893,1.21132,1.20427,1.20627,70.5,-26.600000000001067,Wednesday,2,2021-W09
2021-03-04,1.20627,1.20666,1.19615,1.19692,105.1000000000002,-93.49999999999969,Thursday,3,2021-W09
2021-03-05,1.19679,1.19777,1.18932,1.19128,84.50000000000068,-55.10000000000126,Friday,4,2021-W09
2021-03-08,1.19177,1.19321,1.18442,1.1846,87.90000000000076,-71.699999999999,Monday,0,2021-W10
2021-03-09,1.1846,1.19156,1.18355,1.19001,80.0999999999985,54.09999999999915,Tuesday,1,2021-W10
2021-03-10,1.19001,1.19296,1.18688,1.19284,60.80000000000085,28.29999999999888,Wednesday,2,2021-W10
2021-03-11,1.19283,1.19899,1.19156,1.19844,74.30000000000048,56.09999999999893,Thursday,3,2021-W10
2021-03-12,1.19842,1.19884,1.19099,1.19476,78.49999999999912,-36.599999999999966,Friday,4,2021-W10
2021-03-14,1.19451,1.19511,1.19439,1.19489,7.199999999998319,3.8000000000004697,Sunday,6,2021-W10
2021-03-15,1.19483,1.19674,1.1911,1.19275,56.39999999999867,-20.800000000000818,Monday,0,2021-W11
2021-03-16,1.19278,1.19518,1.18819,1.19008,69.8999999999983,-26.999999999999247,Tuesday,1,2021-W11
2021-03-17,1.19011,1.19855,1.18861,1.198,99.4000000000006,78.89999999999952,Wednesday,2,2021-W11
2021-03-18,1.198,1.19888,1.19061,1.19135,82.69999999999999,-66.50000000000045,Thursday,3,2021-W11
2021-03-19,1.19135,1.19371,1.18738,1.19031,63.29999999999947,-10.399999999999299,Friday,4,2021-W11
2021-03-21,1.18712,1.18822,1.18708,1.18797,11.400000000001409,8.500000000000174,Sunday,6,2021-W11
2021-03-22,1.18804,1.19468,1.18744,1.19348,72.39999999999912,54.400000000001114,Monday,0,2021-W12
2021-03-23,1.19348,1.19407,1.18421,1.18505,98.5999999999998,-84.3000000000016,Tuesday,1,2021-W12
2021-03-24,1.18501,1.18517,1.18095,1.18126,42.200000000001125,-37.499999999999204,Wednesday,2,2021-W12
2021-03-25,1.18127,1.18277,1.17617,1.17679,66.00000000000162,-44.800000000000395,Thursday,3,2021-W12
2021-03-26,1.17686,1.18049,1.17679,1.17918,37.00000000000037,23.199999999998777,Friday,4,2021-W12
2021-03-29,1.17917,1.17939,1.17606,1.17642,33.299999999998334,-27.500000000000302,Monday,0,2021-W13
2021-03-30,1.1764,1.17737,1.17112,1.17169,62.50000000000089,-47.09999999999992,Tuesday,1,2021-W13
2021-03-31,1.17168,1.17598,1.1704,1.17298,55.79999999999919,12.999999999998568,Wednesday,2,2021-W13
2021-04-01,1.17298,1.17799,1.17125,1.17759,67.40000000000191,46.10000000000003,Thursday,3,2021-W13
2021-04-02,1.17759,1.17866,1.1749,1.17603,37.59999999999985,-15.600000000000058,Friday,4,2021-W13
2021-04-05,1.17544,1.18194,1.17379,1.18125,81.50000000000102,58.09999999999871,Monday,0,2021-W14
2021-04-06,1.18125,1.18776,1.17951,1.1874,82.49999999999869,61.500000000000995,Tuesday,1,2021-W14
2021-04-07,1.1874,1.19147,1.18608,1.18657,53.90000000000006,-8.300000000001084,Wednesday,2,2021-W14
2021-04-08,1.18657,1.19274,1.18609,1.19124,66.49999999999822,46.70000000000174,Thursday,3,2021-W14
2021-04-09,1.19121,1.19201,1.18669,1.18977,53.19999999999992,-14.400000000001079,Friday,4,2021-W14
2021-04-12,1.18903,1.1919,1.1871,1.19099,47.999999999999154,19.599999999999618,Monday,0,2021-W15
2021-04-13,1.19098,1.19557,1.18776,1.19474,78.10000000000095,37.59999999999985,Tuesday,1,2021-W15
2021-04-14,1.19473,1.19872,1.1947,1.19784,40.19999999999912,31.09999999999946,Wednesday,2,2021-W15
2021-04-15,1.19781,1.19932,1.1956,1.19655,37.199999999999456,-12.600000000000389,Thursday,3,2021-W15
2021-04-16,1.1963,1.19946,1.19503,1.19805,44.29999999999934,17.500000000001403,Friday,4,2021-W15
2021-04-19,1.19722,1.2048,1.19424,1.20367,105.60000000000124,64.50000000000067,Monday,0,2021-W16
2021-04-20,1.20363,1.20797,1.20224,1.20342,57.300000000000125,-2.100000000000435,Tuesday,1,2021-W16
2021-04-21,1.20337,1.20436,1.19985,1.20343,45.100000000000136,0.5999999999994898,Wednesday,2,2021-W16
2021-04-22,1.20344,1.20694,1.19936,1.20139,75.7999999999992,-20.500000000001073,Thursday,3,2021-W16
2021-04-23,1.20138,1.20999,1.20127,1.20938,87.1999999999984,80.00000000000007,Friday,4,2021-W16
2021-04-26,1.20913,1.21167,1.20608,1.20838,55.899999999999835,-7.500000000000284,Monday,0,2021-W17
2021-04-27,1.20854,1.20926,1.20567,1.20891,35.89999999999982,3.6999999999998145,Tuesday,1,2021-W17
2021-04-28,1.20891,1.21347,1.2056,1.21242,78.70000000000044,35.100000000001245,Wednesday,2,2021-W17
2021-04-29,1.2124,1.21498,1.21021,1.21182,47.699999999999406,-5.800000000000249,Thursday,3,2021-W17
2021-04-30,1.21173,1.21265,1.20165,1.20169,109.99999999999899,-100.40000000000049,Friday,4,2021-W17
2021-05-03,1.20309,1.2076,1.2013,1.20627,62.99999999999972,31.799999999999606,Monday,0,2021-W18
2021-05-04,1.20627,1.20649,1.19989,1.20116,66.00000000000162,-51.09999999999948,Tuesday,1,2021-W18
2021-05-05,1.20106,1.20265,1.19859,1.20036,40.599999999999525,-6.999999999999229,Wednesday,2,2021-W18
2021-05-06,1.20036,1.20716,1.19929,1.20645,78.70000000000044,60.89999999999929,Thursday,3,2021-W18
2021-05-07,1.20647,1.21713,1.20527,1.21615,118.59999999999982,96.80000000000133,Friday,4,2021-W18
2021-05-10,1.21601,1.21782,1.21276,1.21282,50.599999999998424,-31.90000000000026,Monday,0,2021-W19
2021-05-11,1.21281,1.21815,1.2123,1.21467,58.50000000000133,18.599999999999728,Tuesday,1,2021-W19
2021-05-12,1.21467,1.2152,1.20655,1.20705,86.50000000000047,-76.1999999999996,Wednesday,2,2021-W19
2021-05-13,1.20724,1.2106,1.20514,1.20791,54.59999999999798,6.699999999999484,Thursday,3,2021-W19
2021-05-14,1.20787,1.21477,1.20708,1.2142,76.89999999999975,63.29999999999947,Friday,4,2021-W19
2021-05-17,1.2145,1.21687,1.21259,1.21513,42.79999999999839,6.300000000001305,Monday,0,2021-W20
2021-05-18,1.21514,1.22339,1.21489,1.22219,84.99999999999952,70.5,Tuesday,1,2021-W20
2021-05-19,1.22219,1.22451,1.21598,1.21744,85.29999999999927,-47.50000000000032,Wednesday,2,2021-W20
2021-05-20,1.21744,1.2229,1.21689,1.22268,60.100000000000705,52.39999999999911,Thursday,3,2021-W20
2021-05-21,1.2227,1.22396,1.21607,1.21778,78.89999999999952,-49.199999999998134,Friday,4,2021-W20
2021-05-24,1.21778,1.22298,1.21722,1.22151,57.59999999999987,37.30000000000011,Monday,0,2021-W21
2021-05-25,1.22146,1.22664,1.22113,1.22497,55.09999999999904,35.09999999999902,Tuesday,1,2021-W21
2021-05-26,1.22481,1.22629,1.2182,1.21922,80.90000000000153,-55.899999999999835,Wednesday,2,2021-W21
2021-05-27,1.21906,1.22149,1.21751,1.2193,39.799999999998725,2.4000000000001798,Thursday,3,2021-W21
2021-05-28,1.21932,1.22048,1.21325,1.21905,72.3000000000007,-2.6999999999999247,Friday,4,2021-W21
2021-05-31,1.2199,1.22042,1.21845,1.21988,19.700000000000273,-0.1999999999990898,Monday,0,2021-W22
2021-06-01,1.22325,1.22542,1.22116,1.22126,42.599999999999305,-19.899999999999363,Tuesday,1,2021-W22
2021-06-02,1.22125,1.22265,1.2164,1.221,62.50000000000089,-2.4999999999986144,Wednesday,2,2021-W22
2021-06-03,1.22097,1.22141,1.21181,1.21265,96.00000000000053,-83.20000000000105,Thursday,3,2021-W22
2021-06-04,1.21261,1.21856,1.21039,1.21644,81.7000000000001,38.3,Friday,4,2021-W22
2021-06-07,1.21601,1.22017,1.21448,1.21893,56.89999999999973,29.200000000000337,Monday,0,2021-W23
2021-06-08,1.21892,1.21941,1.21642,1.21726,29.90000000000048,-16.599999999999948,Tuesday,1,2021-W23
2021-06-09,1.21725,1.22179,1.21711,1.21775,46.800000000000175,5.00000000000167,Wednesday,2,2021-W23
2021-06-10,1.21774,1.21945,1.21433,1.21751,51.20000000000013,-2.2999999999995246,Thursday,3,2021-W23
2021-06-11,1.21751,1.21929,1.20925,1.21072,100.40000000000049,-67.90000000000074,Friday,4,2021-W23
2021-06-14,1.21045,1.21305,1.20942,1.21195,36.300000000000225,15.000000000000568,Monday,0,2021-W24
2021-06-15,1.21191,1.21473,1.21013,1.21261,46.00000000000159,6.999999999999229,Tuesday,1,2021-W24
2021-06-16,1.21257,1.21347,1.19939,1.1994,140.80000000000092,-131.69999999999905,Wednesday,2,2021-W24
2021-06-17,1.1994,1.20062,1.18916,1.19059,114.60000000000025,-88.09999999999985,Thursday,3,2021-W24
2021-06-18,1.19057,1.19249,1.18472,1.18592,77.70000000000054,-46.49999999999821,Friday,4,2021-W24
2021-06-21,1.18542,1.19213,1.18476,1.1917,73.69999999999877,62.80000000000064,Monday,0,2021-W25
2021-06-22,1.19167,1.19526,1.18808,1.19407,71.79999999999964,23.999999999999577,Tuesday,1,2021-W25
2021-06-23,1.19363,1.197,1.19113,1.19255,58.700000000000415,-10.799999999999699,Wednesday,2,2021-W25
2021-06-24,1.19255,1.19562,1.19176,1.19316,38.599999999999746,6.099999999999994,Thursday,3,2021-W25
2021-06-25,1.19312,1.19751,1.19261,1.19347,49.000000000001265,3.5000000000007248,Friday,4,2021-W25
2021-06-28,1.19296,1.19444,1.19022,1.1923,42.19999999999891,-6.6000000000010495,Monday,0,2021-W26
2021-06-29,1.19209,1.19295,1.18775,1.18953,51.999999999998714,-25.600000000001177,Tuesday,1,2021-W26
2021-06-30,1.18955,1.1909,1.1845,1.18558,63.999999999999616,-39.70000000000029,Wednesday,2,2021-W26
2021-07-01,1.1856,1.18842,1.18373,1.18492,46.90000000000083,-6.800000000000139,Thursday,3,2021-W26
2021-07-02,1.18492,1.18741,1.1807,1.18622,67.09999999999994,13.000000000000789,Friday,4,2021-W26
2021-07-05,1.18598,1.18804,1.18513,1.1862,29.09999999999968,2.1999999999988695,Monday,0,2021-W27
2021-07-06,1.1862,1.18951,1.18068,1.18234,88.30000000000115,-38.599999999999746,Tuesday,1,2021-W27
2021-07-07,1.18231,1.18364,1.17815,1.179,54.89999999999995,-33.09999999999924,Wednesday,2,2021-W27
2021-07-08,1.179,1.18678,1.17834,1.18441,84.40000000000003,54.09999999999915,Thursday,3,2021-W27
2021-07-09,1.18441,1.1881,1.18249,1.1871,56.09999999999893,26.900000000000812,Friday,4,2021-W27
2021-07-12,1.18751,1.18802,1.1836,1.18596,44.200000000000905,-15.500000000001624,Monday,0,2021-W28
2021-07-13,1.18594,1.18751,1.17721,1.17758,102.99999999999976,-83.59999999999923,Tuesday,1,2021-W28
2021-07-14,1.17756,1.18387,1.17717,1.18355,66.99999999999929,59.90000000000162,Wednesday,2,2021-W28
2021-07-15,1.1835,1.18506,1.17962,1.18118,54.400000000001114,-23.200000000000998,Thursday,3,2021-W28
2021-07-16,1.18119,1.18221,1.17921,1.18047,29.999999999998916,-7.200000000000539,Friday,4,2021-W28
2021-07-19,1.18054,1.18244,1.17636,1.17967,60.79999999999863,-8.699999999999264,Monday,0,2021-W29
2021-07-20,1.17979,1.18024,1.17555,1.17801,46.89999999999861,-17.799999999998928,Tuesday,1,2021-W29
2021-07-21,1.17776,1.18046,1.17518,1.17939,52.80000000000173,16.300000000000203,Wednesday,2,2021-W29
2021-07-22,1.17892,1.18304,1.17572,1.17706,73.19999999999993,-18.599999999999728,Thursday,3,2021-W29
2021-07-23,1.17706,1.17865,1.17544,1.17683,32.099999999999355,-2.2999999999995246,Friday,4,2021-W29
2021-07-26,1.17681,1.18172,1.17632,1.18026,54.00000000000071,34.50000000000175,Monday,0,2021-W30
2021-07-27,1.18027,1.18409,1.17698,1.18165,71.10000000000171,13.800000000001589,Tuesday,1,2021-W30
2021-07-28,1.1816,1.18494,1.17721,1.18432,77.30000000000015,27.200000000000557,Wednesday,2,2021-W30
2021-07-29,1.18432,1.18927,1.18406,1.1886,52.100000000001586,42.800000000000615,Thursday,3,2021-W30
2021-07-30,1.18859,1.19085,1.18515,1.18667,57.000000000000384,-19.200000000001438,Friday,4,2021-W30
2021-08-02,1.18641,1.18968,1.18587,1.18675,38.10000000000091,3.4000000000000696,Monday,0,2021-W31
2021-08-03,1.18671,1.18932,1.18535,1.18632,39.70000000000029,-3.8999999999989043,Tuesday,1,2021-W31
2021-08-04,1.18632,1.18996,1.18326,1.18364,66.99999999999929,-26.800000000000157,Wednesday,2,2021-W31
2021-08-05,1.18364,1.18572,1.1828,1.18321,29.200000000000337,-4.299999999999304,Thursday,3,2021-W31
2021-08-06,1.1832,1.18357,1.17543,1.17596,81.40000000000036,-72.40000000000136,Friday,4,2021-W31
2021-08-09,1.1758,1.17689,1.17348,1.17359,34.09999999999913,-22.100000000000453,Monday,0,2021-W32
2021-08-10,1.17359,1.17427,1.17095,1.17185,33.199999999999896,-17.399999999998528,Tuesday,1,2021-W32
2021-08-11,1.17185,1.17541,1.17059,1.17381,48.200000000000465,19.599999999999618,Wednesday,2,2021-W32
2021-08-12,1.17381,1.17481,1.17236,1.17291,24.499999999998412,-9.00000000000123,Thursday,3,2021-W32
2021-08-13,1.17287,1.18045,1.17283,1.17933,76.1999999999996,64.5999999999991,Friday,4,2021-W32
2021-08-16,1.17934,1.18007,1.17672,1.17764,33.499999999999645,-17.000000000000348,Monday,0,2021-W33
2021-08-17,1.17763,1.17846,1.17079,1.17086,76.70000000000066,-67.69999999999942,Tuesday,1,2021-W33
2021-08-18,1.17088,1.17427,1.16936,1.17089,49.099999999999696,0.10000000000065512,Wednesday,2,2021-W33
2021-08-19,1.17088,1.17166,1.16656,1.16753,50.99999999999882,-33.499999999999645,Thursday,3,2021-W33
2021-08-20,1.16753,1.17044,1.16638,1.16951,40.599999999999525,19.800000000000928,Friday,4,2021-W33
2021-08-23,1.16935,1.17501,1.16925,1.17439,57.6000000000021,50.400000000001555,Monday,0,2021-W34
2021-08-24,1.17439,1.1765,1.17272,1.17541,37.80000000000116,10.200000000000209,Tuesday,1,2021-W34
2021-08-25,1.17541,1.17745,1.1726,1.17711,48.50000000000021,17.000000000000348,Wednesday,2,2021-W34
2021-08-26,1.1771,1.17789,1.17458,1.17513,33.10000000000146,-19.700000000000273,Thursday,3,2021-W34
2021-08-27,1.17515,1.18022,1.17348,1.1791,67.39999999999968,39.5000000000012,Friday,4,2021-W34
2021-08-30,1.17937,1.18097,1.17827,1.17964,27.000000000001467,2.6999999999999247,Monday,0,2021-W35
2021-08-31,1.17963,1.1845,1.17936,1.18079,51.40000000000144,11.600000000000499,Tuesday,1,2021-W35
2021-09-01,1.18082,1.18571,1.17935,1.1838,63.60000000000143,29.799999999999827,Wednesday,2,2021-W35
2021-09-02,1.18378,1.1876,1.18342,1.18744,41.80000000000072,36.599999999999966,Thursday,3,2021-W35
2021-09-03,1.18743,1.1909,1.18655,1.18773,43.50000000000076,2.9999999999996696,Friday,4,2021-W35
2021-09-06,1.1876,1.18862,1.18557,1.18683,30.49999999999997,-7.699999999999374,Monday,0,2021-W36
2021-09-07,1.18679,1.18851,1.18374,1.18399,47.699999999999406,-27.999999999999137,Tuesday,1,2021-W36
2021-09-08,1.18358,1.18511,1.18019,1.1814,49.20000000000036,-21.800000000000708,Wednesday,2,2021-W36
2021-09-09,1.18139,1.18412,1.18051,1.18236,36.10000000000113,9.700000000001374,Thursday,3,2021-W36
2021-09-10,1.18233,1.1851,1.18092,1.18101,41.80000000000072,-13.200000000002099,Friday,4,2021-W36
2021-09-13,1.18111,1.18169,1.177,1.181,46.89999999999861,-1.100000000000545,Monday,0,2021-W37
2021-09-14,1.18095,1.18458,1.18,1.18017,45.80000000000028,-7.800000000000029,Tuesday,1,2021-W37
2021-09-15,1.18017,1.18318,1.17991,1.1816,32.69999999999884,14.300000000000423,Wednesday,2,2021-W37
2021-09-16,1.18157,1.18204,1.17504,1.17633,69.99999999999895,-52.39999999999911,Thursday,3,2021-W37
2021-09-17,1.17679,1.17888,1.17235,1.17239,65.29999999999924,-43.999999999999595,Friday,4,2021-W37
2021-09-20,1.17288,1.17364,1.17001,1.17252,36.300000000000225,-3.5999999999991594,Monday,0,2021-W38
2021-09-21,1.17252,1.17486,1.17147,1.1724,33.90000000000004,-1.1999999999989797,Tuesday,1,2021-W38
2021-09-22,1.1724,1.17555,1.16843,1.16866,71.20000000000016,-37.400000000000766,Wednesday,2,2021-W38
2021-09-23,1.16864,1.175,1.16834,1.17384,66.6000000000011,52.00000000000094,Thursday,3,2021-W38
2021-09-24,1.17383,1.17476,1.17005,1.17181,47.09999999999992,-20.199999999999108,Friday,4,2021-W38
2021-09-27,1.17253,1.17261,1.16846,1.16949,41.499999999998764,-30.400000000001537,Monday,0,2021-W39
2021-09-28,1.16944,1.17031,1.16682,1.16827,34.899999999999935,-11.700000000001154,Tuesday,1,2021-W39
2021-09-29,1.16828,1.169,1.15894,1.15968,100.59999999999958,-85.9999999999994,Wednesday,2,2021-W39
2021-09-30,1.15967,1.16096,1.15624,1.15752,47.20000000000057,-21.499999999998742,Thursday,3,2021-W39
2021-10-01,1.15744,1.16072,1.15628,1.15923,44.39999999999999,17.899999999999583,Friday,4,2021-W39
2021-10-04,1.15954,1.164,1.15876,1.16189,52.39999999999911,23.500000000000743,Monday,0,2021-W40
2021-10-05,1.16188,1.16218,1.15804,1.15966,41.400000000000325,-22.200000000001108,Tuesday,1,2021-W40
2021-10-06,1.15963,1.16028,1.15291,1.15542,73.69999999999877,-42.10000000000047,Wednesday,2,2021-W40
2021-10-07,1.15542,1.1572,1.15474,1.1553,24.599999999999067,-1.1999999999989797,Thursday,3,2021-W40
2021-10-08,1.1553,1.15861,1.15413,1.15721,44.79999999999818,19.100000000000783,Friday,4,2021-W40
2021-10-11,1.15674,1.15867,1.15489,1.15513,37.80000000000116,-16.100000000001113,Monday,0,2021-W41
2021-10-12,1.1551,1.15703,1.15242,1.15298,46.10000000000003,-21.200000000001218,Tuesday,1,2021-W41
2021-10-13,1.15298,1.15972,1.15287,1.15939,68.50000000000023,64.10000000000026,Wednesday,2,2021-W41
2021-10-14,1.15907,1.16242,1.15839,1.15953,40.299999999999784,4.599999999999049,Thursday,3,2021-W41
2021-10-15,1.15953,1.16185,1.15881,1.15983,30.400000000001537,2.9999999999996696,Friday,4,2021-W41
2021-10-18,1.15903,1.16223,1.15717,1.16091,50.60000000000065,18.800000000001038,Monday,0,2021-W42
2021-10-19,1.16092,1.16693,1.16078,1.16312,61.500000000000995,21.999999999999797,Tuesday,1,2021-W42
2021-10-20,1.16308,1.16586,1.16168,1.16485,41.799999999998505,17.700000000000493,Wednesday,2,2021-W42
2021-10-21,1.16482,1.16674,1.16194,1.16215,48.00000000000138,-26.699999999999502,Thursday,3,2021-W42
2021-10-22,1.16212,1.16556,1.16198,1.16395,35.799999999999166,18.299999999999983,Friday,4,2021-W42
2021-10-25,1.16382,1.16649,1.15907,1.1608,74.19999999999982,-30.200000000000227,Monday,0,2021-W43
2021-10-26,1.1608,1.16257,1.15848,1.15959,40.90000000000149,-12.100000000001554,Tuesday,1,2021-W43
2021-10-27,1.15959,1.16259,1.15849,1.16027,40.99999999999993,6.800000000000139,Wednesday,2,2021-W43
2021-10-28,1.16027,1.16921,1.15821,1.16785,110.00000000000121,75.80000000000142,Thursday,3,2021-W43
2021-10-29,1.1678,1.16899,1.1535,1.15529,154.90000000000003,-125.10000000000021,Friday,4,2021-W43
2021-10-31,1.15576,1.15637,1.15562,1.15628,7.499999999998064,5.20000000000076,Sunday,6,2021-W43
2021-11-01,1.15625,1.1609,1.1546,1.16034,62.99999999999972,40.89999999999927,Monday,0,2021-W44
2021-11-02,1.16044,1.16133,1.15751,1.1579,38.19999999999935,-25.399999999999867,Tuesday,1,2021-W44
2021-11-03,1.15789,1.16162,1.15622,1.16125,54.00000000000071,33.599999999998076,Wednesday,2,2021-W44
2021-11-04,1.16126,1.16164,1.15282,1.15539,88.2000000000005,-58.700000000000415,Thursday,3,2021-W44
2021-11-05,1.15539,1.15731,1.15132,1.15631,59.90000000000162,9.200000000000319,Friday,4,2021-W44
2021-11-08,1.15566,1.15949,1.15503,1.15844,44.599999999999085,27.800000000000047,Monday,0,2021-W45
2021-11-09,1.15836,1.16087,1.15698,1.15927,38.90000000000171,9.099999999999664,Tuesday,1,2021-W45
2021-11-10,1.15912,1.15952,1.14759,1.14781,119.29999999999995,-113.09999999999931,Wednesday,2,2021-W45
2021-11-11,1.14778,1.14875,1.14428,1.14498,44.69999999999974,-27.999999999999137,Thursday,3,2021-W45
2021-11-12,1.14488,1.1462,1.14328,1.14413,29.200000000000337,-7.499999999998064,Friday,4,2021-W45
2021-11-15,1.14473,1.14638,1.13562,1.1367,107.5999999999988,-80.29999999999981,Monday,0,2021-W46
2021-11-16,1.13665,1.13856,1.13089,1.13196,76.70000000000066,-46.89999999999861,Tuesday,1,2021-W46
2021-11-17,1.13188,1.13321,1.12635,1.13189,68.60000000000088,0.10000000000065512,Wednesday,2,2021-W46
2021-11-18,1.13181,1.1374,1.13137,1.1369,60.2999999999998,50.90000000000039,Thursday,3,2021-W46
2021-11-19,1.1369,1.13725,1.12499,1.12794,122.6000000000016,-89.60000000000079,Friday,4,2021-W46
2021-11-22,1.12873,1.12907,1.12306,1.12356,60.100000000000705,-51.70000000000119,Monday,0,2021-W47
2021-11-23,1.12356,1.1275,1.12259,1.12469,49.099999999999696,11.300000000000754,Tuesday,1,2021-W47
2021-11-24,1.12465,1.12552,1.11859,1.11962,69.30000000000103,-50.299999999998676,Wednesday,2,2021-W47
2021-11-25,1.11957,1.12296,1.11944,1.12065,35.199999999999676,10.799999999999699,Thursday,3,2021-W47
2021-11-26,1.12064,1.13301,1.12057,1.13071,124.40000000000006,100.70000000000023,Friday,4,2021-W47
2021-11-29,1.13004,1.13134,1.12583,1.12888,55.09999999999904,-11.599999999998278,Monday,0,2021-W48
2021-11-30,1.12887,1.13828,1.12349,1.13367,147.89999999999858,47.999999999999154,Tuesday,1,2021-W48
2021-12-01,1.13354,1.13596,1.13025,1.13188,57.10000000000104,-16.599999999999948,Wednesday,2,2021-W48
2021-12-02,1.1318,1.13476,1.12953,1.13006,52.30000000000068,-17.399999999998528,Thursday,3,2021-W48
2021-12-03,1.13,1.13333,1.12665,1.13117,66.8000000000002,11.700000000001154,Friday,4,2021-W48
2021-12-06,1.13046,1.13129,1.12663,1.12832,46.599999999998865,-21.400000000000308,Monday,0,2021-W49
2021-12-07,1.12812,1.12984,1.12275,1.12663,70.9000000000004,-14.899999999999913,Tuesday,1,2021-W49
2021-12-08,1.12662,1.13547,1.12631,1.13413,91.60000000000056,75.10000000000127,Wednesday,2,2021-W49
2021-12-09,1.13411,1.13455,1.12783,1.12923,67.19999999999837,-48.799999999999955,Thursday,3,2021-W49
2021-12-10,1.12923,1.13239,1.12651,1.13146,58.80000000000108,22.299999999999542,Friday,4,2021-W49
2021-12-13,1.131,1.13192,1.126,1.12837,59.200000000001474,-26.299999999999102,Monday,0,2021-W50
2021-12-14,1.12811,1.13238,1.12535,1.12579,70.2999999999987,-23.199999999998777,Tuesday,1,2021-W50
2021-12-15,1.12579,1.12991,1.12215,1.1291,77.5999999999999,33.09999999999924,Wednesday,2,2021-W50
2021-12-16,1.12909,1.13603,1.12811,1.13292,79.2000000000015,38.3,Thursday,3,2021-W50
2021-12-17,1.13293,1.13488,1.1235,1.1237,113.80000000000167,-92.30000000000072,Friday,4,2021-W50
2021-12-20,1.12371,1.13037,1.12344,1.12756,69.30000000000103,38.49999999999909,Monday,0,2021-W51
2021-12-21,1.12745,1.13026,1.12607,1.12823,41.900000000001384,7.800000000000029,Tuesday,1,2021-W51
2021-12-22,1.12824,1.13423,1.12644,1.13258,77.89999999999964,43.400000000000105,Wednesday,2,2021-W51
2021-12-23,1.1325,1.13422,1.129,1.13262,52.200000000000024,1.1999999999989797,Thursday,3,2021-W51
2021-12-24,1.13265,1.13433,1.13031,1.13102,40.200000000001346,-16.300000000000203,Friday,4,2021-W51
2021-12-27,1.13101,1.13344,1.13028,1.13258,31.600000000000517,15.699999999998493,Monday,0,2021-W52
2021-12-28,1.13255,1.13331,1.12895,1.1308,43.600000000001415,-17.499999999999183,Tuesday,1,2021-W52
2021-12-29,1.1308,1.13688,1.12737,1.13459,95.09999999999907,37.8999999999996,Wednesday,2,2021-W52
2021-12-30,1.13449,1.13598,1.12984,1.13248,61.40000000000035,-20.100000000000673,Thursday,3,2021-W52
2021-12-31,1.13248,1.13863,1.13032,1.13686,83.10000000000039,43.80000000000051,Friday,4,2021-W52
2022-01-03,1.1369,1.13782,1.12797,1.12965,98.50000000000136,-72.49999999999979,Monday,0,2022-W01
2022-01-04,1.12965,1.13224,1.12721,1.12861,50.299999999998676,-10.40000000000152,Tuesday,1,2022-W01
2022-01-05,1.12856,1.13463,1.12769,1.13116,69.39999999999947,25.999999999999357,Wednesday,2,2022-W01
2022-01-06,1.13117,1.13318,1.12845,1.12964,47.30000000000123,-15.300000000000313,Thursday,3,2022-W01
2022-01-07,1.12964,1.13647,1.12899,1.13593,74.80000000000153,62.900000000001285,Friday,4,2022-W01
2022-01-10,1.13515,1.13602,1.12847,1.13235,75.49999999999946,-28.000000000001357,Monday,0,2022-W02
2022-01-11,1.13234,1.13752,1.1313,1.13659,62.20000000000114,42.50000000000087,Tuesday,1,2022-W02
2022-01-12,1.13659,1.14526,1.13547,1.14408,97.89999999999965,74.89999999999996,Wednesday,2,2022-W02
2022-01-13,1.14406,1.14817,1.14357,1.1454,45.999999999999375,13.399999999998968,Thursday,3,2022-W02
2022-01-14,1.14535,1.14827,1.13984,1.1409,84.29999999999937,-44.500000000000654,Friday,4,2022-W02
2022-01-17,1.14118,1.14344,1.13917,1.14047,42.69999999999996,-7.099999999999884,Monday,0,2022-W03
2022-01-18,1.14047,1.14214,1.13146,1.13253,106.80000000000022,-79.40000000000057,Tuesday,1,2022-W03
2022-01-19,1.13253,1.13571,1.13187,1.13418,38.40000000000066,16.499999999999293,Wednesday,2,2022-W03
2022-01-20,1.13414,1.13688,1.13031,1.13096,65.69999999999965,-31.799999999999606,Thursday,3,2022-W03
2022-01-21,1.13096,1.13596,1.13009,1.13418,58.700000000000415,32.2,Friday,4,2022-W03
2022-01-24,1.13396,1.1345,1.12904,1.1324,54.60000000000021,-15.600000000000058,Monday,0,2022-W04
2022-01-25,1.1323,1.13289,1.12631,1.12997,65.8000000000003,-23.300000000001653,Tuesday,1,2022-W04
2022-01-26,1.12995,1.13107,1.12354,1.12408,75.30000000000037,-58.700000000000415,Wednesday,2,2022-W04
2022-01-27,1.12408,1.12432,1.11312,1.11424,111.99999999999876,-98.40000000000072,Thursday,3,2022-W04
2022-01-28,1.11432,1.11735,1.11213,1.1145,52.200000000000024,1.80000000000069,Friday,4,2022-W04
2022-01-31,1.11422,1.12478,1.1138,1.12329,109.7999999999999,90.69999999999911,Monday,0,2022-W05
2022-02-01,1.12319,1.12786,1.12209,1.12719,57.70000000000053,40.000000000000036,Tuesday,1,2022-W05
2022-02-02,1.12719,1.133,1.12665,1.13022,63.50000000000078,30.300000000000882,Wednesday,2,2022-W05
2022-02-03,1.13022,1.14514,1.12672,1.1437,184.20000000000104,134.79999999999936,Thursday,3,2022-W05
2022-02-04,1.14369,1.14837,1.14115,1.14477,72.19999999999783,10.799999999999699,Friday,4,2022-W05
2022-02-07,1.14638,1.14646,1.14151,1.14421,49.5000000000001,-21.700000000000053,Monday,0,2022-W06
2022-02-08,1.14415,1.14487,1.13961,1.14153,52.60000000000042,-26.200000000000667,Tuesday,1,2022-W06
2022-02-09,1.14153,1.14477,1.14024,1.14211,45.30000000000145,5.800000000000249,Wednesday,2,2022-W06
2022-02-10,1.14214,1.14948,1.13748,1.14272,120.00000000000011,5.800000000000249,Thursday,3,2022-W06
2022-02-11,1.14267,1.14298,1.13296,1.13463,100.2000000000014,-80.40000000000047,Friday,4,2022-W06
2022-02-14,1.13369,1.1369,1.12799,1.13052,89.09999999999974,-31.70000000000117,Monday,0,2022-W07
2022-02-15,1.13043,1.13681,1.12981,1.13574,70.00000000000117,53.099999999999255,Tuesday,1,2022-W07
2022-02-16,1.13572,1.13957,1.13449,1.13718,50.799999999999734,14.600000000000168,Wednesday,2,2022-W07
2022-02-17,1.13717,1.1386,1.1323,1.13592,62.99999999999972,-12.499999999999734,Thursday,3,2022-W07
2022-02-18,1.13584,1.13769,1.1314,1.13203,62.900000000001285,-38.09999999999869,Friday,4,2022-W07
2022-02-21,1.13186,1.13905,1.13064,1.13078,84.09999999999806,-10.80000000000192,Monday,0,2022-W08
2022-02-22,1.13074,1.13667,1.1288,1.1324,78.70000000000044,16.599999999999948,Tuesday,1,2022-W08
2022-02-23,1.13229,1.13588,1.13011,1.13027,57.70000000000053,-20.199999999999108,Wednesday,2,2022-W08
2022-02-24,1.13036,1.13087,1.11062,1.11914,202.50000000000102,-112.20000000000007,Thursday,3,2022-W08
2022-02-25,1.11912,1.12739,1.11659,1.12719,107.9999999999992,80.70000000000022,Friday,4,2022-W08
2022-02-28,1.11237,1.12464,1.11225,1.12181,123.90000000000123,94.39999999999893,Monday,0,2022-W09
2022-03-01,1.12181,1.12329,1.10896,1.1124,143.29999999999953,-94.09999999999918,Tuesday,1,2022-W09
2022-03-02,1.11234,1.11437,1.10573,1.11179,86.3999999999998,-5.5000000000005045,Wednesday,2,2022-W09
2022-03-03,1.11179,1.11215,1.10334,1.10658,88.09999999999985,-52.100000000001586,Thursday,3,2022-W09
2022-03-04,1.10655,1.10677,1.08856,1.09311,182.1000000000006,-134.39999999999895,Friday,4,2022-W09
2022-03-07,1.09199,1.09325,1.08059,1.08523,126.60000000000116,-67.60000000000099,Monday,0,2022-W10
2022-03-08,1.08515,1.09582,1.08489,1.08997,109.30000000000106,48.200000000000465,Tuesday,1,2022-W10
2022-03-09,1.08964,1.10951,1.089,1.1074,205.10000000000028,177.59999999999997,Wednesday,2,2022-W10
2022-03-10,1.10733,1.11212,1.0976,1.09849,145.2000000000009,-88.3999999999996,Thursday,3,2022-W10
2022-03-11,1.09849,1.10435,1.09018,1.09099,141.70000000000016,-75.00000000000063,Friday,4,2022-W10
2022-03-13,1.09205,1.09249,1.09155,1.09178,9.399999999999409,-2.6999999999999247,Sunday,6,2022-W10
2022-03-14,1.09177,1.09938,1.09005,1.0944,93.30000000000061,26.300000000001322,Monday,0,2022-W11
2022-03-15,1.09438,1.10196,1.0926,1.09492,93.60000000000035,5.399999999999849,Tuesday,1,2022-W11
2022-03-16,1.09493,1.10466,1.09492,1.10311,97.40000000000082,81.80000000000076,Wednesday,2,2022-W11
2022-03-17,1.10309,1.11375,1.10076,1.10911,129.90000000000057,60.20000000000137,Thursday,3,2022-W11
2022-03-18,1.1091,1.11186,1.1003,1.10492,115.60000000000015,-41.80000000000072,Friday,4,2022-W11
2022-03-20,1.10561,1.10584,1.10503,1.1051,8.099999999999774,-5.1000000000001044,Sunday,6,2022-W11
2022-03-21,1.10504,1.10701,1.10102,1.10186,59.899999999999395,-31.799999999999606,Monday,0,2022-W12
2022-03-22,1.10184,1.10457,1.09608,1.10285,84.90000000000109,10.100000000001774,Tuesday,1,2022-W12
2022-03-23,1.10288,1.10436,1.09639,1.10072,79.70000000000033,-21.600000000001618,Wednesday,2,2022-W12
2022-03-24,1.10065,1.10136,1.09659,1.09964,47.699999999999406,-10.099999999999554,Thursday,3,2022-W12
2022-03-25,1.0997,1.10376,1.09797,1.09805,57.90000000000184,-16.499999999999293,Friday,4,2022-W12
2022-03-28,1.09845,1.09995,1.09446,1.09838,54.89999999999995,-0.700000000000145,Monday,0,2022-W13
2022-03-29,1.09838,1.1137,1.0969,1.10855,167.99999999999926,101.70000000000013,Tuesday,1,2022-W13
2022-03-30,1.10855,1.1171,1.10782,1.11582,92.79999999999956,72.7000000000011,Wednesday,2,2022-W13
2022-03-31,1.11578,1.11848,1.10608,1.10662,123.99999999999966,-91.60000000000056,Thursday,3,2022-W13
2022-04-01,1.1066,1.1076,1.10279,1.10427,48.09999999999981,-23.299999999999432,Friday,4,2022-W13
2022-04-04,1.10301,1.10544,1.09603,1.09696,94.09999999999918,-60.50000000000111,Monday,0,2022-W14
2022-04-05,1.09689,1.09886,1.09,1.09033,88.59999999999869,-65.599999999999,Tuesday,1,2022-W14
2022-04-06,1.09033,1.09379,1.08745,1.08945,63.40000000000012,-8.799999999999919,Wednesday,2,2022-W14
2022-04-07,1.08945,1.09383,1.08644,1.08769,73.90000000000008,-17.599999999999838,Thursday,3,2022-W14
2022-04-08,1.08768,1.08917,1.08364,1.08744,55.30000000000035,-2.4000000000001798,Friday,4,2022-W14
2022-04-11,1.09202,1.09332,1.08727,1.08829,60.50000000000111,-37.30000000000011,Monday,0,2022-W15
2022-04-12,1.08829,1.09036,1.08211,1.08262,82.50000000000091,-56.70000000000064,Tuesday,1,2022-W15
2022-04-13,1.0826,1.08942,1.08088,1.08901,85.39999999999992,64.10000000000026,Wednesday,2,2022-W15
2022-04-14,1.08901,1.09233,1.07575,1.08281,165.80000000000038,-61.99999999999983,Thursday,3,2022-W15
2022-04-15,1.08282,1.08299,1.07964,1.08057,33.499999999999645,-22.499999999998632,Friday,4,2022-W15
2022-04-18,1.08029,1.08216,1.07698,1.07804,51.79999999999963,-22.499999999998632,Monday,0,2022-W16
2022-04-19,1.07809,1.08145,1.0761,1.0788,53.49999999999966,7.099999999999884,Tuesday,1,2022-W16
2022-04-20,1.0788,1.0867,1.07838,1.08514,83.20000000000105,63.40000000000012,Wednesday,2,2022-W16
2022-04-21,1.08505,1.09362,1.08234,1.0832,112.79999999999957,-18.500000000001293,Thursday,3,2022-W16
2022-04-22,1.0832,1.08515,1.07707,1.07947,80.80000000000086,-37.30000000000011,Friday,4,2022-W16
2022-04-25,1.08041,1.08153,1.06966,1.07114,118.70000000000047,-92.70000000000111,Monday,0,2022-W17
2022-04-26,1.0711,1.07386,1.06356,1.0637,102.99999999999976,-73.99999999999851,Tuesday,1,2022-W17
2022-04-27,1.06367,1.06546,1.05145,1.05575,140.1000000000008,-79.19999999999928,Wednesday,2,2022-W17
2022-04-28,1.05575,1.05647,1.0471,1.04981,93.70000000000101,-59.40000000000056,Thursday,3,2022-W17
2022-04-29,1.0498,1.05928,1.04911,1.05409,101.70000000000013,42.899999999999054,Friday,4,2022-W17
2022-05-02,1.05444,1.05682,1.04901,1.05055,78.10000000000095,-38.899999999999494,Monday,0,2022-W18
2022-05-03,1.05055,1.05776,1.04921,1.0519,85.50000000000057,13.499999999999623,Tuesday,1,2022-W18
2022-05-04,1.0519,1.06309,1.05059,1.06199,125.00000000000178,100.89999999999932,Wednesday,2,2022-W18
2022-05-05,1.062,1.06417,1.04925,1.05405,149.20000000000044,-79.50000000000124,Thursday,3,2022-W18
2022-05-06,1.05402,1.05988,1.04826,1.05452,116.19999999999963,4.999999999999449,Friday,4,2022-W18
2022-05-09,1.05398,1.05924,1.04951,1.05588,97.30000000000017,19.000000000000128,Monday,0,2022-W19
2022-05-10,1.0559,1.05852,1.05253,1.05285,59.899999999999395,-30.49999999999997,Tuesday,1,2022-W19
2022-05-11,1.05285,1.05771,1.05017,1.0511,75.3999999999988,-17.500000000001403,Wednesday,2,2022-W19
2022-05-12,1.05103,1.05292,1.03539,1.03783,175.30000000000047,-131.99999999999878,Thursday,3,2022-W19
2022-05-13,1.03783,1.04195,1.03496,1.04116,69.8999999999983,33.30000000000055,Friday,4,2022-W19
2022-05-16,1.03952,1.0443,1.03889,1.04313,54.09999999999915,36.099999999998914,Monday,0,2022-W20
2022-05-17,1.04313,1.05556,1.04284,1.05466,127.20000000000064,115.30000000000041,Tuesday,1,2022-W20
2022-05-18,1.05461,1.05636,1.04597,1.04617,103.899999999999,-84.40000000000003,Wednesday,2,2022-W20
2022-05-19,1.04617,1.0607,1.04606,1.05837,146.39999999999986,121.99999999999989,Thursday,3,2022-W20
2022-05-20,1.05809,1.0599,1.05328,1.0561,66.2000000000007,-19.899999999999363,Friday,4,2022-W20
2022-05-23,1.05601,1.06973,1.05552,1.0689,142.10000000000056,128.9000000000007,Monday,0,2022-W21
2022-05-24,1.06882,1.07485,1.06608,1.07329,87.70000000000167,44.69999999999974,Tuesday,1,2022-W21
2022-05-25,1.07334,1.07388,1.06421,1.06763,96.69999999999845,-57.099999999998815,Wednesday,2,2022-W21
2022-05-26,1.06743,1.07315,1.06624,1.0724,69.09999999999971,49.69999999999919,Thursday,3,2022-W21
2022-05-27,1.0724,1.0765,1.06968,1.07317,68.20000000000049,7.699999999999374,Friday,4,2022-W21
2022-05-30,1.07347,1.07867,1.07261,1.07764,60.59999999999954,41.700000000000074,Monday,0,2022-W22
2022-05-31,1.0776,1.0779,1.06789,1.0732,100.10000000000075,-43.999999999999595,Tuesday,1,2022-W22
2022-06-01,1.0732,1.07393,1.06271,1.06466,112.20000000000007,-85.39999999999992,Wednesday,2,2022-W22
2022-06-02,1.06467,1.075,1.06444,1.07451,105.59999999999903,98.40000000000072,Thursday,3,2022-W22
2022-06-03,1.07447,1.07643,1.0704,1.07169,60.2999999999998,-27.800000000000047,Friday,4,2022-W22
2022-06-06,1.07167,1.07518,1.06838,1.06955,67.99999999999918,-21.199999999998997,Monday,0,2022-W23
2022-06-07,1.06954,1.07142,1.06519,1.07043,62.29999999999958,8.900000000000574,Tuesday,1,2022-W23
2022-06-08,1.07043,1.07484,1.06713,1.07157,77.10000000000106,11.399999999999189,Wednesday,2,2022-W23
2022-06-09,1.07158,1.07738,1.0611,1.06146,162.80000000000072,-101.19999999999906,Thursday,3,2022-W23
2022-06-10,1.06146,1.06422,1.05057,1.05137,136.4999999999994,-100.90000000000154,Friday,4,2022-W23
2022-06-13,1.0513,1.05201,1.03997,1.04058,120.39999999999829,-107.19999999999841,Monday,0,2022-W24
2022-06-14,1.04068,1.04846,1.0397,1.04144,87.59999999999879,7.599999999998719,Tuesday,1,2022-W24
2022-06-15,1.04144,1.05077,1.0359,1.04416,148.6999999999994,27.200000000000557,Wednesday,2,2022-W24
2022-06-16,1.04416,1.06014,1.03808,1.05463,220.6000000000019,104.69999999999979,Thursday,3,2022-W24
2022-06-17,1.05455,1.05605,1.04444,1.04934,116.09999999999899,-52.100000000001586,Friday,4,2022-W24
2022-06-20,1.04731,1.05458,1.04729,1.05084,72.90000000000019,35.30000000000033,Monday,0,2022-W25
2022-06-21,1.05085,1.05824,1.05065,1.053,75.89999999999986,21.499999999998742,Tuesday,1,2022-W25
2022-06-22,1.053,1.06057,1.04687,1.05645,137.00000000000045,34.49999999999953,Wednesday,2,2022-W25
2022-06-23,1.05645,1.0581,1.04826,1.05208,98.40000000000072,-43.69999999999985,Thursday,3,2022-W25
2022-06-24,1.05208,1.05712,1.0512,1.05519,59.200000000001474,31.100000000001682,Friday,4,2022-W25
2022-06-27,1.05479,1.0615,1.05457,1.0582,69.30000000000103,34.10000000000135,Monday,0,2022-W26
2022-06-28,1.05821,1.06061,1.05032,1.05174,102.90000000000133,-64.70000000000198,Tuesday,1,2022-W26
2022-06-29,1.05174,1.05354,1.04352,1.04398,100.19999999999918,-77.5999999999999,Wednesday,2,2022-W26
2022-06-30,1.04398,1.04887,1.03824,1.04831,106.29999999999917,43.300000000001674,Thursday,3,2022-W26
2022-07-01,1.04829,1.04853,1.03658,1.04262,119.49999999999905,-56.69999999999842,Friday,4,2022-W26
2022-07-04,1.04174,1.04627,1.04142,1.04201,48.50000000000021,2.6999999999999247,Monday,0,2022-W27
2022-07-05,1.04201,1.04485,1.0235,1.02645,213.4999999999998,-155.6000000000002,Tuesday,1,2022-W27
2022-07-06,1.02645,1.02765,1.01614,1.01797,115.09999999999908,-84.80000000000044,Wednesday,2,2022-W27
2022-07-07,1.01801,1.02209,1.01439,1.01568,77.0000000000004,-23.300000000001653,Thursday,3,2022-W27
2022-07-08,1.01604,1.01912,1.0072,1.01822,119.1999999999993,21.799999999998487,Friday,4,2022-W27
2022-07-11,1.01697,1.01834,1.00336,1.00379,149.79999999999993,-131.7999999999997,Monday,0,2022-W28
2022-07-12,1.00378,1.00738,0.99999,1.00347,73.89999999999897,-3.0999999999981043,Tuesday,1,2022-W28
2022-07-13,1.0035,1.01222,0.99979,1.00555,124.29999999999941,20.499999999998852,Wednesday,2,2022-W28
2022-07-14,1.00555,1.00597,0.99521,1.00165,107.59999999999992,-39.00000000000014,Thursday,3,2022-W28
2022-07-15,1.00158,1.00979,1.00068,1.00821,91.09999999999951,66.30000000000136,Friday,4,2022-W28
2022-07-18,1.00811,1.02011,1.00785,1.01413,122.6000000000016,60.19999999999914,Monday,0,2022-W29
2022-07-19,1.01412,1.0269,1.01195,1.02251,149.5000000000002,83.9000000000012,Tuesday,1,2022-W29
2022-07-20,1.02251,1.02729,1.01553,1.01771,117.59999999999992,-48.00000000000138,Wednesday,2,2022-W29
2022-07-21,1.01767,1.02781,1.01531,1.02285,124.99999999999956,51.79999999999963,Thursday,3,2022-W29
2022-07-22,1.02286,1.02553,1.01297,1.02119,125.60000000000127,-16.700000000000603,Friday,4,2022-W29
2022-07-25,1.02083,1.02578,1.01784,1.02176,79.39999999999836,9.300000000000974,Monday,0,2022-W30
2022-07-26,1.02189,1.025,1.01074,1.01145,142.5999999999994,-104.40000000000005,Tuesday,1,2022-W30
2022-07-27,1.01138,1.02206,1.00966,1.01955,123.99999999999966,81.7000000000001,Wednesday,2,2022-W30
2022-07-28,1.01935,1.02343,1.01138,1.01966,120.50000000000117,3.1000000000003247,Thursday,3,2022-W30
2022-07-29,1.0196,1.02542,1.0146,1.02248,108.20000000000051,28.799999999999937,Friday,4,2022-W30
2022-08-01,1.02098,1.02751,1.02053,1.02607,69.79999999999987,50.90000000000039,Monday,0,2022-W31
2022-08-02,1.02607,1.02939,1.01633,1.01652,130.6000000000007,-95.49999999999947,Tuesday,1,2022-W31
2022-08-03,1.01648,1.02102,1.01226,1.01643,87.60000000000102,-0.5000000000010552,Wednesday,2,2022-W31
2022-08-04,1.01642,1.02537,1.01542,1.0244,99.49999999999903,79.79999999999876,Thursday,3,2022-W31
2022-08-05,1.02441,1.0252,1.01415,1.01825,110.49999999999783,-61.59999999999943,Friday,4,2022-W31
2022-08-08,1.01726,1.02217,1.0159,1.01946,62.699999999999974,21.999999999999797,Monday,0,2022-W32
2022-08-09,1.01946,1.02472,1.01885,1.02126,58.700000000000415,18.000000000000238,Tuesday,1,2022-W32
2022-08-10,1.02126,1.03685,1.0202,1.02988,166.50000000000054,86.1999999999985,Wednesday,2,2022-W32
2022-08-11,1.02987,1.03642,1.02752,1.0319,88.99999999999908,20.299999999999763,Thursday,3,2022-W32
2022-08-12,1.0317,1.03274,1.0238,1.0259,89.39999999999948,-58.00000000000027,Friday,4,2022-W32
2022-08-15,1.02551,1.02682,1.01544,1.01592,113.80000000000167,-95.89999999999988,Monday,0,2022-W33
2022-08-16,1.01592,1.01948,1.01225,1.01702,72.29999999999848,11.000000000001009,Tuesday,1,2022-W33
2022-08-17,1.01702,1.02029,1.01453,1.01797,57.59999999999987,9.500000000000064,Wednesday,2,2022-W33
2022-08-18,1.0178,1.01929,1.00795,1.00868,113.40000000000128,-91.20000000000017,Thursday,3,2022-W33
2022-08-19,1.0087,1.00954,1.00318,1.00326,63.60000000000143,-54.3999999999989,Friday,4,2022-W33
2022-08-22,1.00366,1.00466,0.9926,0.99427,120.6000000000007,-93.90000000000009,Monday,0,2022-W34
2022-08-23,0.99427,1.00181,0.99002,0.99688,117.90000000000079,26.100000000000012,Tuesday,1,2022-W34
2022-08-24,0.99686,0.99993,0.99099,0.99642,89.39999999999948,-4.3999999999999595,Wednesday,2,2022-W34
2022-08-25,0.99641,1.00334,0.9949,0.99737,84.39999999999893,9.599999999999609,Thursday,3,2022-W34
2022-08-26,0.99739,1.00898,0.99463,0.99623,143.49999999999974,-11.600000000000499,Friday,4,2022-W34
2022-08-29,0.99657,1.00291,0.99141,0.99958,114.99999999999955,30.100000000000684,Monday,0,2022-W35
2022-08-30,0.99943,1.00547,0.99818,1.00129,72.9000000000013,18.599999999999728,Tuesday,1,2022-W35
2022-08-31,1.00128,1.0079,0.99712,1.00522,107.80000000000013,39.400000000000546,Wednesday,2,2022-W35
2022-09-01,1.00525,1.00557,0.99107,0.99431,145.00000000000068,-109.3999999999995,Thursday,3,2022-W35
2022-09-02,0.99429,1.00335,0.99427,0.99515,90.79999999999977,8.599999999999719,Friday,4,2022-W35
2022-09-05,0.99285,0.9944,0.98772,0.99285,66.79999999999909,0.0,Monday,0,2022-W36
2022-09-06,0.99245,0.99862,0.98638,0.99029,122.39999999999918,-21.600000000000506,Tuesday,1,2022-W36
2022-09-07,0.9903,1.00108,0.98756,1.00033,135.19999999999976,100.29999999999984,Wednesday,2,2022-W36
2022-09-08,0.99989,1.00294,0.99303,0.99959,99.09999999999974,-2.9999999999996696,Thursday,3,2022-W36
2022-09-09,0.9995,1.01131,0.99949,1.00425,118.19999999999942,47.50000000000032,Friday,4,2022-W36
2022-09-12,1.01039,1.01977,1.00596,1.01214,138.100000000001,17.500000000001403,Monday,0,2022-W37
2022-09-13,1.01215,1.0187,0.99662,0.99671,220.7999999999999,-154.4000000000012,Tuesday,1,2022-W37
2022-09-14,0.99669,1.00234,0.99554,0.99791,68.00000000000028,12.199999999999989,Wednesday,2,2022-W37
2022-09-15,0.99791,1.00177,0.99556,0.99959,62.10000000000049,16.800000000000146,Thursday,3,2022-W37
2022-09-16,0.99981,1.00363,0.99448,1.00146,91.49999999999991,16.500000000000405,Friday,4,2022-W37
2022-09-19,1.00072,1.00291,0.99657,1.00215,63.40000000000012,14.300000000000423,Monday,0,2022-W38
2022-09-20,1.00216,1.00504,0.9955,0.99706,95.39999999999881,-50.999999999999936,Tuesday,1,2022-W38
2022-09-21,0.99706,0.9975,0.98128,0.98368,162.20000000000013,-133.79999999999947,Wednesday,2,2022-W38
2022-09-22,0.98365,0.99074,0.9808,0.98342,99.3999999999995,-2.300000000000635,Thursday,3,2022-W38
2022-09-23,0.98327,0.98517,0.9668,0.96885,183.7,-144.19999999999987,Friday,4,2022-W38
2022-09-26,0.96666,0.97098,0.95503,0.96085,159.4999999999991,-58.09999999999982,Monday,0,2022-W39
2022-09-27,0.96077,0.96707,0.95689,0.95931,101.79999999999967,-14.600000000000168,Tuesday,1,2022-W39
2022-09-28,0.9592,0.97508,0.95357,0.97323,215.09999999999917,140.29999999999987,Wednesday,2,2022-W39
2022-09-29,0.97322,0.98158,0.96353,0.98146,180.5000000000001,82.40000000000025,Thursday,3,2022-W39
2022-09-30,0.98148,0.98537,0.97346,0.98013,119.09999999999977,-13.500000000000734,Friday,4,2022-W39
2022-10-03,0.97933,0.98445,0.97525,0.98248,92.00000000000097,31.49999999999986,Monday,0,2022-W40
2022-10-04,0.98248,0.99995,0.9806,0.99852,193.49999999999977,160.39999999999944,Tuesday,1,2022-W40
2022-10-05,0.99841,0.99947,0.98346,0.98821,160.09999999999968,-101.99999999999987,Wednesday,2,2022-W40
2022-10-06,0.98795,0.99264,0.9788,0.97896,138.39999999999964,-89.89999999999942,Thursday,3,2022-W40
2022-10-07,0.97902,0.98167,0.97259,0.97388,90.80000000000088,-51.40000000000033,Friday,4,2022-W40
2022-10-10,0.97336,0.97531,0.96815,0.97018,71.60000000000055,-31.799999999999606,Monday,0,2022-W41
2022-10-11,0.97009,0.97745,0.96698,0.97054,104.7000000000009,4.499999999999504,Tuesday,1,2022-W41
2022-10-12,0.97039,0.97346,0.96678,0.97022,66.8000000000002,-1.7000000000000348,Wednesday,2,2022-W41
2022-10-13,0.97019,0.98057,0.96315,0.97739,174.200000000001,71.99999999999984,Thursday,3,2022-W41
2022-10-14,0.97739,0.98086,0.9707,0.97182,101.59999999999947,-55.69999999999964,Friday,4,2022-W41
2022-10-17,0.97201,0.9852,0.97182,0.98389,133.79999999999947,118.80000000000001,Monday,0,2022-W42
2022-10-18,0.98375,0.98755,0.98124,0.98558,63.10000000000038,18.299999999999983,Tuesday,1,2022-W42
2022-10-19,0.98543,0.98721,0.97571,0.97721,115.00000000000065,-82.20000000000005,Wednesday,2,2022-W42
2022-10-20,0.97715,0.98454,0.97544,0.97843,90.99999999999997,12.800000000000589,Thursday,3,2022-W42
2022-10-21,0.9784,0.98689,0.97048,0.98613,164.10000000000036,77.29999999999903,Friday,4,2022-W42
2022-10-24,0.98712,0.9899,0.98067,0.98728,92.2999999999996,1.60000000000049,Monday,0,2022-W43
2022-10-25,0.98703,0.99768,0.98484,0.99646,128.39999999999964,94.3000000000005,Tuesday,1,2022-W43
2022-10-26,0.99646,1.00885,0.99434,1.00785,145.10000000000022,113.899999999999,Wednesday,2,2022-W43
2022-10-27,1.00771,1.00934,0.99575,0.99635,135.8999999999988,-113.60000000000147,Thursday,3,2022-W43
2022-10-28,0.99635,0.9998,0.99265,0.99631,71.4999999999999,-0.3999999999992898,Friday,4,2022-W43
2022-10-31,0.99567,0.99656,0.98717,0.98821,93.90000000000009,-74.60000000000022,Monday,0,2022-W44
2022-11-01,0.98823,0.99539,0.98527,0.98746,101.20000000000017,-7.700000000000484,Tuesday,1,2022-W44
2022-11-02,0.98747,0.99757,0.98129,0.98155,162.7999999999996,-59.19999999999925,Wednesday,2,2022-W44
2022-11-03,0.98149,0.98394,0.97299,0.97488,109.50000000000016,-66.10000000000005,Thursday,3,2022-W44
2022-11-04,0.97483,0.99664,0.97424,0.9956,223.99999999999974,207.70000000000067,Friday,4,2022-W44
2022-11-07,0.99036,1.0034,0.99001,1.00182,133.90000000000123,114.59999999999914,Monday,0,2022-W45
2022-11-08,1.00184,1.00963,0.99715,1.00708,124.80000000000047,52.39999999999911,Tuesday,1,2022-W45
2022-11-09,1.00707,1.0088,0.99927,1.00091,95.29999999999927,-61.59999999999943,Wednesday,2,2022-W45
2022-11-10,1.00091,1.02218,0.99354,1.0208,286.4000000000011,198.89999999999964,Thursday,3,2022-W45
2022-11-11,1.02033,1.0364,1.0163,1.03538,201.00000000000006,150.50000000000009,Friday,4,2022-W45
2022-11-14,1.03354,1.03584,1.02713,1.03258,87.09999999999995,-9.599999999998499,Monday,0,2022-W46
2022-11-15,1.03259,1.04808,1.02799,1.03478,200.8999999999994,21.900000000001363,Tuesday,1,2022-W46
2022-11-16,1.03465,1.04384,1.03307,1.0394,107.70000000000168,47.50000000000032,Wednesday,2,2022-W46
2022-11-17,1.03913,1.04065,1.03051,1.03643,101.40000000000038,-27.000000000001467,Thursday,3,2022-W46
2022-11-18,1.03643,1.03959,1.03134,1.03235,82.50000000000091,-40.79999999999862,Friday,4,2022-W46
2022-11-21,1.03227,1.0333,1.02227,1.02387,110.30000000000095,-83.99999999999963,Monday,0,2022-W47
2022-11-22,1.02383,1.03082,1.02375,1.03036,70.70000000000132,65.29999999999924,Tuesday,1,2022-W47
2022-11-23,1.03026,1.04048,1.02963,1.03942,108.50000000000026,91.60000000000056,Wednesday,2,2022-W47
2022-11-24,1.03914,1.04484,1.03816,1.04071,66.8000000000002,15.700000000000713,Thursday,3,2022-W47
2022-11-25,1.04071,1.04291,1.03546,1.03926,74.49999999999957,-14.499999999999513,Friday,4,2022-W47
2022-11-28,1.03716,1.04967,1.033,1.03385,166.70000000000184,-33.10000000000146,Monday,0,2022-W48
2022-11-29,1.03373,1.03942,1.03197,1.0328,74.49999999999957,-9.300000000000974,Tuesday,1,2022-W48
2022-11-30,1.0328,1.04285,1.029,1.04041,138.5000000000014,76.10000000000116,Wednesday,2,2022-W48
2022-12-01,1.04041,1.05336,1.03929,1.05209,140.70000000000027,116.79999999999913,Thursday,3,2022-W48
2022-12-02,1.05156,1.05448,1.0428,1.05325,116.80000000000135,16.899999999999693,Friday,4,2022-W48
2022-12-05,1.05303,1.05948,1.048,1.04877,114.79999999999934,-42.599999999999305,Monday,0,2022-W49
2022-12-06,1.04877,1.05326,1.04591,1.04629,73.5000000000019,-24.800000000000377,Tuesday,1,2022-W49
2022-12-07,1.0462,1.05496,1.04431,1.05029,106.49999999999827,40.89999999999927,Wednesday,2,2022-W49
2022-12-08,1.05011,1.05647,1.04895,1.0554,75.1999999999997,52.899999999997945,Thursday,3,2022-W49
2022-12-09,1.0554,1.05881,1.05027,1.05316,85.39999999999992,-22.399999999997977,Friday,4,2022-W49
2022-12-12,1.05264,1.058,1.05057,1.05352,74.30000000000048,8.799999999999919,Monday,0,2022-W50
2022-12-13,1.05355,1.06731,1.05278,1.06323,145.29999999999933,96.7999999999991,Tuesday,1,2022-W50
2022-12-14,1.06323,1.0695,1.06187,1.06811,76.29999999999804,48.799999999999955,Wednesday,2,2022-W50
2022-12-15,1.06793,1.07361,1.05921,1.06256,143.9999999999997,-53.70000000000097,Thursday,3,2022-W50
2022-12-16,1.0625,1.0663,1.05839,1.05839,79.10000000000083,-41.10000000000058,Friday,4,2022-W50
2022-12-19,1.05895,1.06578,1.05757,1.06062,82.1000000000005,16.699999999998383,Monday,0,2022-W51
2022-12-20,1.06062,1.06584,1.05788,1.06232,79.59999999999967,17.000000000000348,Tuesday,1,2022-W51
2022-12-21,1.06231,1.06455,1.05901,1.06035,55.400000000001,-19.600000000001838,Wednesday,2,2022-W51
2022-12-22,1.06035,1.06593,1.0573,1.05954,86.30000000000138,-8.099999999999774,Thursday,3,2022-W51
2022-12-23,1.05954,1.06328,1.05867,1.06172,46.10000000000003,21.800000000000708,Friday,4,2022-W51
2022-12-26,1.06114,1.06361,1.05979,1.06361,38.19999999999935,24.699999999999722,Monday,0,2022-W52
2022-12-27,1.0636,1.06694,1.06113,1.06393,58.10000000000093,3.2999999999994145,Tuesday,1,2022-W52
2022-12-28,1.06398,1.06742,1.06065,1.06117,67.69999999999942,-28.099999999999792,Wednesday,2,2022-W52
2022-12-29,1.06113,1.06902,1.06092,1.06608,80.99999999999996,49.5000000000001,Thursday,3,2022-W52
2022-12-30,1.06605,1.07131,1.06385,1.07054,74.60000000000022,44.90000000000105,Friday,4,2022-W52
2023-01-02,1.0697,1.07087,1.06499,1.06646,58.79999999999885,-32.40000000000131,Monday,0,2023-W01
2023-01-03,1.06646,1.06833,1.05194,1.05466,163.89999999999904,-118.00000000000033,Tuesday,1,2023-W01
2023-01-04,1.05461,1.06354,1.05403,1.06008,95.09999999999907,54.69999999999864,Wednesday,2,2023-W01
2023-01-05,1.06006,1.06314,1.05148,1.05202,116.60000000000004,-80.40000000000047,Thursday,3,2023-W01
2023-01-06,1.05195,1.0648,1.04823,1.06413,165.69999999999973,121.8000000000008,Friday,4,2023-W01
2023-01-09,1.06406,1.07605,1.06381,1.07293,122.40000000000029,88.69999999999933,Monday,0,2023-W02
2023-01-10,1.07293,1.07592,1.07119,1.07322,47.29999999999901,2.900000000001235,Tuesday,1,2023-W02
2023-01-11,1.07322,1.07762,1.07254,1.07561,50.799999999999734,23.899999999998922,Wednesday,2,2023-W02
2023-01-12,1.07559,1.08668,1.07297,1.08516,137.1000000000011,95.69999999999857,Thursday,3,2023-W02
2023-01-13,1.08476,1.08679,1.07803,1.08302,87.59999999999879,-17.399999999998528,Friday,4,2023-W02
2023-01-16,1.08288,1.08741,1.08013,1.08192,72.79999999999953,-9.600000000000719,Monday,0,2023-W03
2023-01-17,1.08196,1.08693,1.07744,1.07872,94.89999999999998,-32.40000000000131,Tuesday,1,2023-W03
2023-01-18,1.07872,1.08873,1.07661,1.07935,121.19999999999908,6.300000000001305,Wednesday,2,2023-W03
2023-01-19,1.07928,1.08398,1.07821,1.08308,57.70000000000053,38.000000000000256,Thursday,3,2023-W03
2023-01-20,1.08267,1.08587,1.08022,1.08549,56.49999999999933,28.200000000000447,Friday,4,2023-W03
2023-01-23,1.08678,1.09267,1.08461,1.08713,80.59999999999957,3.4999999999985043,Monday,0,2023-W04
2023-01-24,1.0871,1.08978,1.08349,1.08848,62.89999999999907,13.799999999999368,Tuesday,1,2023-W04
2023-01-25,1.08848,1.09236,1.08571,1.09147,66.50000000000045,29.90000000000048,Wednesday,2,2023-W04
2023-01-26,1.09146,1.09293,1.08505,1.08916,78.79999999999887,-23.000000000001908,Thursday,3,2023-W04
2023-01-27,1.08918,1.09001,1.08377,1.08649,62.40000000000023,-26.900000000000812,Friday,4,2023-W04
2023-01-30,1.08643,1.09137,1.08389,1.08488,74.79999999999932,-15.499999999999403,Monday,0,2023-W05
2023-01-31,1.08488,1.08747,1.08019,1.08621,72.79999999999953,13.299999999998313,Tuesday,1,2023-W05
2023-02-01,1.0861,1.10009,1.0852,1.09886,148.9000000000007,127.59999999999883,Wednesday,2,2023-W05
2023-02-02,1.09883,1.10327,1.08851,1.0909,147.59999999999883,-79.29999999999993,Thursday,3,2023-W05
2023-02-03,1.09086,1.09399,1.07924,1.07929,147.5000000000004,-115.69999999999858,Friday,4,2023-W05
2023-02-06,1.0782,1.07987,1.07092,1.0725,89.50000000000014,-57.000000000000384,Monday,0,2023-W06
2023-02-07,1.07251,1.07664,1.0669,1.07248,97.40000000000082,-0.2999999999997449,Tuesday,1,2023-W06
2023-02-08,1.07247,1.07607,1.07092,1.07099,51.49999999999988,-14.799999999999258,Wednesday,2,2023-W06
2023-02-09,1.07099,1.07907,1.07093,1.07368,81.40000000000036,26.89999999999859,Thursday,3,2023-W06
2023-02-10,1.07367,1.07525,1.06661,1.06754,86.3999999999998,-61.299999999999685,Friday,4,2023-W06
2023-02-13,1.06808,1.07297,1.06553,1.0721,74.39999999999891,40.200000000001346,Monday,0,2023-W07
2023-02-14,1.0721,1.08044,1.07066,1.07362,97.80000000000122,15.199999999999658,Tuesday,1,2023-W07
2023-02-15,1.07361,1.07443,1.06604,1.0688,83.89999999999898,-48.09999999999981,Wednesday,2,2023-W07
2023-02-16,1.06871,1.07222,1.06544,1.06722,67.80000000000008,-14.899999999999913,Thursday,3,2023-W07
2023-02-17,1.06728,1.06982,1.06126,1.06929,85.59999999999901,20.100000000000673,Friday,4,2023-W07
2023-02-20,1.06849,1.07044,1.06704,1.06844,34.000000000000696,-0.4999999999988347,Monday,0,2023-W08
2023-02-21,1.06839,1.0698,1.06397,1.06449,58.30000000000002,-39.00000000000014,Tuesday,1,2023-W08
2023-02-22,1.06487,1.06638,1.05989,1.06026,64.90000000000107,-46.10000000000003,Wednesday,2,2023-W08
2023-02-23,1.06031,1.06275,1.0579,1.0603,48.50000000000021,-0.10000000000065512,Thursday,3,2023-W08
2023-02-24,1.05934,1.06141,1.05359,1.05469,78.19999999999938,-46.500000000000426,Friday,4,2023-W08
2023-02-27,1.05451,1.06095,1.05328,1.0608,76.70000000000066,62.89999999999907,Monday,0,2023-W09
2023-02-28,1.06088,1.06406,1.05762,1.05763,64.4,-32.49999999999975,Tuesday,1,2023-W09
2023-03-01,1.05727,1.06913,1.05651,1.06668,126.19999999999854,94.1000000000014,Wednesday,2,2023-W09
2023-03-02,1.0668,1.06726,1.05764,1.05957,96.20000000000184,-72.3000000000007,Thursday,3,2023-W09
2023-03-03,1.05957,1.06384,1.05924,1.0635,45.999999999999375,39.29999999999989,Friday,4,2023-W09
2023-03-06,1.06266,1.06942,1.06219,1.06808,72.3000000000007,54.199999999999804,Monday,0,2023-W10
2023-03-07,1.06811,1.06943,1.05471,1.05491,147.20000000000067,-131.99999999999878,Tuesday,1,2023-W10
2023-03-08,1.05491,1.05614,1.05241,1.0543,37.30000000000011,-6.099999999999994,Wednesday,2,2023-W10
2023-03-09,1.05416,1.059,1.05378,1.05791,52.200000000000024,37.499999999999204,Thursday,3,2023-W10
2023-03-10,1.05814,1.06873,1.05738,1.06368,113.49999999999972,55.39999999999878,Friday,4,2023-W10
2023-03-12,1.06808,1.06968,1.0674,1.0694,22.800000000000598,13.199999999999878,Sunday,6,2023-W10
2023-03-13,1.06811,1.07423,1.065,1.07305,92.30000000000072,49.40000000000167,Monday,0,2023-W11
2023-03-14,1.07268,1.07486,1.06787,1.07312,69.8999999999983,4.3999999999999595,Tuesday,1,2023-W11
2023-03-15,1.07318,1.07597,1.05158,1.05766,243.90000000000134,-155.1999999999998,Wednesday,2,2023-W11
2023-03-16,1.0578,1.06353,1.05728,1.06099,62.50000000000089,31.90000000000026,Thursday,3,2023-W11
2023-03-17,1.06122,1.06852,1.06101,1.06647,75.09999999999906,52.49999999999977,Friday,4,2023-W11
2023-03-20,1.06821,1.07295,1.06311,1.072,98.40000000000072,37.8999999999996,Monday,0,2023-W12
2023-03-21,1.07198,1.07825,1.07038,1.0767,78.69999999999821,47.20000000000057,Tuesday,1,2023-W12
2023-03-22,1.07674,1.08925,1.0759,1.08578,133.49999999999972,90.39999999999937,Wednesday,2,2023-W12
2023-03-23,1.08577,1.09296,1.0824,1.08397,105.59999999999903,-17.999999999998018,Thursday,3,2023-W12
2023-03-24,1.08316,1.0837,1.07131,1.07589,123.90000000000123,-72.69999999999888,Friday,4,2023-W12
2023-03-27,1.07752,1.07965,1.07449,1.07957,51.600000000000534,20.499999999998852,Monday,0,2023-W13
2023-03-28,1.07977,1.08485,1.07948,1.08476,53.70000000000097,49.9000000000005,Tuesday,1,2023-W13
2023-03-29,1.08438,1.08713,1.08177,1.08393,53.600000000000314,-4.499999999998394,Wednesday,2,2023-W13
2023-03-30,1.0843,1.09262,1.08235,1.09068,102.70000000000002,63.80000000000052,Thursday,3,2023-W13
2023-03-31,1.09053,1.09257,1.08368,1.08386,88.90000000000065,-66.69999999999953,Friday,4,2023-W13
2023-04-03,1.08398,1.09082,1.07882,1.09,120.00000000000011,60.20000000000137,Monday,0,2023-W14
2023-04-04,1.09036,1.09701,1.08828,1.09545,87.30000000000126,50.90000000000039,Tuesday,1,2023-W14
2023-04-05,1.09542,1.09695,1.08962,1.09044,73.30000000000058,-49.79999999999984,Wednesday,2,2023-W14
2023-04-06,1.09057,1.09375,1.08845,1.09196,53.000000000000824,13.900000000000023,Thursday,3,2023-W14
2023-04-07,1.09196,1.09208,1.09156,1.09194,5.199999999998539,-0.20000000000131024,Friday,4,2023-W14
2023-04-10,1.0898,1.09171,1.08373,1.08629,79.79999999999876,-35.100000000001245,Monday,0,2023-W15
2023-04-11,1.08597,1.09279,1.08581,1.0912,69.79999999999987,52.29999999999846,Tuesday,1,2023-W15
2023-04-12,1.09112,1.09988,1.09112,1.09915,87.59999999999879,80.29999999999981,Wednesday,2,2023-W15
2023-04-13,1.09915,1.10676,1.09767,1.10464,90.90000000000043,54.89999999999995,Thursday,3,2023-W15
2023-04-14,1.10461,1.10758,1.09752,1.09922,100.59999999999958,-53.90000000000006,Friday,4,2023-W15
2023-04-17,1.09888,1.09997,1.09116,1.09307,88.09999999999985,-58.10000000000093,Monday,0,2023-W16
2023-04-18,1.09268,1.09828,1.09222,1.09708,60.59999999999954,43.999999999999595,Tuesday,1,2023-W16
2023-04-19,1.09714,1.0984,1.0926,1.0954,58.00000000000027,-17.400000000000748,Wednesday,2,2023-W16
2023-04-20,1.09525,1.09849,1.09334,1.09671,51.49999999999988,14.600000000000168,Thursday,3,2023-W16
2023-04-21,1.09684,1.09936,1.0938,1.09874,55.59999999999788,19.000000000000128,Friday,4,2023-W16
2023-04-24,1.09866,1.10483,1.09658,1.10431,82.49999999999869,56.49999999999933,Monday,0,2023-W17
2023-04-25,1.10447,1.1067,1.09641,1.09698,102.8999999999991,-74.89999999999996,Tuesday,1,2023-W17
2023-04-26,1.09708,1.10858,1.09668,1.10384,118.999999999998,67.59999999999877,Wednesday,2,2023-W17
2023-04-27,1.10409,1.10634,1.0992,1.10273,71.40000000000146,-13.600000000000279,Thursday,3,2023-W17
2023-04-28,1.10267,1.10449,1.09723,1.10193,72.60000000000045,-7.399999999999629,Friday,4,2023-W17
2023-05-01,1.10191,1.10355,1.09653,1.09694,70.20000000000026,-49.69999999999919,Monday,0,2023-W18
2023-05-02,1.09741,1.10078,1.09422,1.10057,65.60000000000122,31.600000000000517,Tuesday,1,2023-W18
2023-05-03,1.09989,1.10916,1.09989,1.10599,92.6999999999989,60.99999999999994,Wednesday,2,2023-W18
2023-05-04,1.10609,1.10917,1.09952,1.10146,96.49999999999936,-46.299999999999116,Thursday,3,2023-W18
2023-05-05,1.1012,1.10477,1.09667,1.10162,80.99999999999996,4.20000000000087,Friday,4,2023-W18
2023-05-08,1.10213,1.10535,1.10001,1.10031,53.40000000000123,-18.20000000000155,Monday,0,2023-W19
2023-05-09,1.1004,1.10042,1.09492,1.09605,55.000000000000604,-43.50000000000076,Tuesday,1,2023-W19
2023-05-10,1.09547,1.10068,1.09414,1.09816,65.40000000000212,26.900000000000812,Wednesday,2,2023-W19
2023-05-11,1.09861,1.09981,1.09,1.09185,98.09999999999874,-67.60000000000099,Thursday,3,2023-W19
2023-05-12,1.09154,1.09354,1.08476,1.08477,87.8000000000001,-67.69999999999942,Friday,4,2023-W19
2023-05-15,1.0861,1.08908,1.08478,1.08743,42.9999999999997,13.299999999998313,Monday,0,2023-W20
2023-05-16,1.08731,1.09046,1.0855,1.08628,49.600000000000755,-10.300000000000864,Tuesday,1,2023-W20
2023-05-17,1.08617,1.08736,1.08147,1.08397,58.900000000001725,-21.999999999999797,Wednesday,2,2023-W20
2023-05-18,1.08379,1.08479,1.07624,1.07739,85.49999999999835,-63.999999999999616,Thursday,3,2023-W20
2023-05-19,1.0769,1.08249,1.076,1.08019,64.89999999999884,32.90000000000015,Friday,4,2023-W20
2023-05-22,1.08062,1.08298,1.07955,1.08112,34.30000000000044,5.00000000000167,Monday,0,2023-W21
2023-05-23,1.08117,1.08204,1.07601,1.07674,60.2999999999998,-44.29999999999934,Tuesday,1,2023-W21
2023-05-24,1.07685,1.08012,1.0748,1.07492,53.19999999999992,-19.299999999999873,Wednesday,2,2023-W21
2023-05-25,1.075,1.07565,1.07073,1.07246,49.20000000000036,-25.399999999999867,Thursday,3,2023-W21
2023-05-26,1.07259,1.07572,1.07018,1.07292,55.400000000001,3.300000000001635,Friday,4,2023-W21
2023-05-29,1.07219,1.07434,1.0708,1.07091,35.400000000000986,-12.799999999999478,Monday,0,2023-W22
2023-05-30,1.07076,1.07465,1.06725,1.07343,74.00000000000074,26.700000000001722,Tuesday,1,2023-W22
2023-05-31,1.07321,1.07356,1.06355,1.06862,100.10000000000075,-45.900000000000944,Wednesday,2,2023-W22
2023-06-01,1.06887,1.07684,1.06617,1.07615,106.69999999999958,72.79999999999953,Thursday,3,2023-W22
2023-06-02,1.07603,1.07789,1.0705,1.07063,73.90000000000008,-54.00000000000071,Friday,4,2023-W22
2023-06-05,1.07098,1.07207,1.06777,1.07124,42.9999999999997,2.5999999999992696,Monday,0,2023-W23
2023-06-06,1.07119,1.07328,1.06669,1.06918,65.90000000000096,-20.100000000000673,Tuesday,1,2023-W23
2023-06-07,1.06924,1.07396,1.06682,1.06981,71.39999999999924,5.699999999999594,Wednesday,2,2023-W23
2023-06-08,1.06977,1.07856,1.06966,1.0779,88.99999999999908,81.2999999999997,Thursday,3,2023-W23
2023-06-09,1.07807,1.07851,1.07428,1.0744,42.30000000000178,-36.70000000000062,Friday,4,2023-W23
2023-06-12,1.07491,1.079,1.0733,1.076,57.000000000000384,10.900000000000354,Monday,0,2023-W24
2023-06-13,1.07566,1.08234,1.07546,1.07929,68.79999999999997,36.300000000000225,Tuesday,1,2023-W24
2023-06-14,1.0789,1.0864,1.07739,1.08282,90.09999999999962,39.199999999999235,Wednesday,2,2023-W24
2023-06-15,1.08319,1.09499,1.08036,1.09448,146.29999999999922,112.899999999998,Thursday,3,2023-W24
2023-06-16,1.0944,1.09658,1.09217,1.09351,44.10000000000025,-8.900000000000574,Friday,4,2023-W24
2023-06-19,1.09426,1.09462,1.09099,1.09183,36.300000000000225,-24.299999999999322,Monday,0,2023-W25
2023-06-20,1.09201,1.09461,1.08996,1.09171,46.500000000000426,-2.9999999999996696,Tuesday,1,2023-W25
2023-06-21,1.0917,1.09909,1.09058,1.09859,85.09999999999795,68.90000000000063,Wednesday,2,2023-W25
2023-06-22,1.09842,1.10081,1.095,1.0958,58.10000000000093,-26.199999999998447,Thursday,3,2023-W25
2023-06-23,1.09548,1.09585,1.08443,1.0892,114.19999999999986,-62.80000000000064,Friday,4,2023-W25
2023-06-26,1.09042,1.09199,1.08873,1.09053,32.600000000000406,1.100000000000545,Monday,0,2023-W26
2023-06-27,1.09108,1.09766,1.09021,1.09625,74.50000000000179,51.699999999998965,Tuesday,1,2023-W26
2023-06-28,1.09602,1.09621,1.08968,1.09125,65.29999999999924,-47.699999999999406,Wednesday,2,2023-W26
2023-06-29,1.09125,1.09414,1.08655,1.08669,75.89999999999986,-45.600000000001195,Thursday,3,2023-W26
2023-06-30,1.08623,1.09224,1.08352,1.09095,87.20000000000061,47.20000000000057,Friday,4,2023-W26
2023-07-03,1.09089,1.09339,1.08702,1.09119,63.69999999999987,3.00000000000189,Monday,0,2023-W27
2023-07-04,1.09124,1.09163,1.08869,1.08873,29.400000000001647,-25.100000000000122,Tuesday,1,2023-W27
2023-07-05,1.08779,1.09078,1.08525,1.0855,55.30000000000035,-22.900000000001253,Wednesday,2,2023-W27
2023-07-06,1.08535,1.08977,1.08337,1.08883,63.999999999999616,34.79999999999927,Thursday,3,2023-W27
2023-07-07,1.08884,1.09731,1.08669,1.09675,106.20000000000074,79.09999999999862,Friday,4,2023-W27
2023-07-10,1.09593,1.10014,1.09434,1.10008,57.99999999999805,41.499999999998764,Monday,0,2023-W28
2023-07-11,1.09993,1.10269,1.09783,1.10062,48.599999999998644,6.899999999998574,Tuesday,1,2023-W28
2023-07-12,1.10081,1.1138,1.10059,1.11295,132.09999999999945,121.4000000000004,Wednesday,2,2023-W28
2023-07-13,1.11295,1.12278,1.11268,1.12258,100.99999999999997,96.29999999999805,Thursday,3,2023-W28
2023-07-14,1.12242,1.12448,1.12041,1.12259,40.70000000000018,1.7000000000000348,Friday,4,2023-W28
2023-07-17,1.12273,1.12487,1.12033,1.12436,45.399999999999885,16.300000000000203,Monday,0,2023-W29
2023-07-18,1.1235,1.12756,1.12089,1.12301,66.69999999999953,-4.899999999998794,Tuesday,1,2023-W29
2023-07-19,1.12274,1.124,1.11895,1.12037,50.50000000000221,-23.699999999999832,Wednesday,2,2023-W29
2023-07-20,1.11972,1.12291,1.11184,1.11292,110.70000000000135,-68.00000000000139,Thursday,3,2023-W29
2023-07-21,1.11347,1.11449,1.11079,1.11254,37.00000000000037,-9.299999999998754,Friday,4,2023-W29
2023-07-24,1.11197,1.11469,1.10602,1.10627,86.69999999999956,-56.99999999999817,Monday,0,2023-W30
2023-07-25,1.10626,1.10868,1.10255,1.10531,61.30000000000191,-9.500000000000064,Tuesday,1,2023-W30
2023-07-26,1.10512,1.11047,1.10377,1.10854,67.0000000000015,34.19999999999979,Wednesday,2,2023-W30
2023-07-27,1.10866,1.11439,1.09662,1.09749,177.70000000000064,-111.69999999999902,Thursday,3,2023-W30
2023-07-28,1.09763,1.10475,1.09435,1.10125,103.99999999999964,36.19999999999956,Friday,4,2023-W30
2023-07-31,1.10206,1.10458,1.09934,1.09963,52.39999999999911,-24.299999999999322,Monday,0,2023-W31
2023-08-01,1.09961,1.10028,1.09523,1.09842,50.499999999999986,-11.900000000000244,Tuesday,1,2023-W31
2023-08-02,1.09842,1.10192,1.09178,1.09375,101.40000000000038,-46.69999999999952,Wednesday,2,2023-W31
2023-08-03,1.0937,1.09628,1.09122,1.0949,50.599999999998424,12.000000000000899,Thursday,3,2023-W31
2023-08-04,1.09489,1.10419,1.09349,1.10029,106.99999999999932,54.00000000000071,Friday,4,2023-W31
2023-08-07,1.10141,1.10151,1.09654,1.1002,49.69999999999919,-12.099999999999334,Monday,0,2023-W32
2023-08-08,1.1002,1.10111,1.0929,1.09558,82.1000000000005,-46.200000000000685,Tuesday,1,2023-W32
2023-08-09,1.09558,1.09953,1.09519,1.09734,43.39999999999789,17.599999999999838,Wednesday,2,2023-W32
2023-08-10,1.09733,1.1065,1.09673,1.098,97.70000000000056,6.700000000001705,Thursday,3,2023-W32
2023-08-11,1.09801,1.10049,1.09429,1.09433,61.99999999999983,-36.79999999999906,Friday,4,2023-W32
2023-08-14,1.09493,1.096,1.08747,1.09051,85.30000000000149,-44.19999999999868,Monday,0,2023-W33
2023-08-15,1.09051,1.09524,1.08969,1.09013,55.49999999999944,-3.8000000000004697,Tuesday,1,2023-W33
2023-08-16,1.09018,1.09345,1.08714,1.08787,63.10000000000038,-23.100000000000342,Wednesday,2,2023-W33
2023-08-17,1.08783,1.0918,1.08563,1.08715,61.70000000000009,-6.800000000000139,Thursday,3,2023-W33
2023-08-18,1.08714,1.08938,1.0845,1.08678,48.799999999999955,-3.5999999999991594,Friday,4,2023-W33
2023-08-21,1.08672,1.09136,1.08664,1.08952,47.20000000000057,28.000000000001357,Monday,0,2023-W34
2023-08-22,1.08952,1.09303,1.08329,1.08443,97.3999999999986,-50.90000000000039,Tuesday,1,2023-W34
2023-08-23,1.08443,1.08713,1.08025,1.08617,68.79999999999997,17.400000000000748,Wednesday,2,2023-W34
2023-08-24,1.08614,1.08764,1.0805,1.08097,71.39999999999924,-51.70000000000119,Thursday,3,2023-W34
2023-08-25,1.08098,1.08417,1.07658,1.07906,75.89999999999986,-19.200000000001438,Friday,4,2023-W34
2023-08-28,1.07957,1.08221,1.07933,1.08183,28.799999999999937,22.600000000001508,Monday,0,2023-W35
2023-08-29,1.08183,1.08919,1.07822,1.08793,109.70000000000147,60.99999999999994,Tuesday,1,2023-W35
2023-08-30,1.08789,1.09454,1.08551,1.09227,90.30000000000094,43.80000000000051,Wednesday,2,2023-W35
2023-08-31,1.09227,1.09394,1.08351,1.08426,104.29999999999939,-80.10000000000073,Thursday,3,2023-W35
2023-09-01,1.08429,1.08819,1.07716,1.07717,110.30000000000095,-71.20000000000016,Friday,4,2023-W35
2023-09-04,1.07748,1.08087,1.07716,1.07939,37.10000000000102,19.100000000000783,Monday,0,2023-W36
2023-09-05,1.07939,1.07982,1.07062,1.07216,92.00000000000097,-72.3000000000007,Tuesday,1,2023-W36
2023-09-06,1.07214,1.07488,1.07025,1.07268,46.30000000000134,5.399999999999849,Wednesday,2,2023-W36
2023-09-07,1.07268,1.07317,1.06861,1.06961,45.59999999999897,-30.700000000001282,Thursday,3,2023-W36
2023-09-08,1.06962,1.07438,1.06941,1.06974,49.69999999999919,1.1999999999989797,Friday,4,2023-W36
2023-09-11,1.07147,1.07593,1.07075,1.07497,51.79999999999963,35.00000000000058,Monday,0,2023-W37
2023-09-12,1.07497,1.07692,1.07055,1.07534,63.70000000000209,3.6999999999998145,Tuesday,1,2023-W37
2023-09-13,1.07529,1.07648,1.0711,1.07291,53.800000000001624,-23.800000000000487,Wednesday,2,2023-W37
2023-09-14,1.07287,1.07521,1.06318,1.06425,120.29999999999986,-86.20000000000073,Thursday,3,2023-W37
2023-09-15,1.06421,1.06877,1.06332,1.06576,54.499999999999545,15.499999999999403,Friday,4,2023-W37
2023-09-18,1.06588,1.06986,1.06546,1.06913,43.999999999999595,32.49999999999975,Monday,0,2023-W38
2023-09-19,1.06912,1.0718,1.0675,1.06787,43.000000000001926,-12.499999999999734,Tuesday,1,2023-W38
2023-09-20,1.06785,1.07368,1.06501,1.06601,86.69999999999956,-18.400000000000638,Wednesday,2,2023-W38
2023-09-21,1.06598,1.06734,1.06167,1.06599,56.70000000000064,0.10000000000065512,Thursday,3,2023-W38
2023-09-22,1.06599,1.06716,1.0615,1.06419,56.59999999999998,-18.000000000000238,Friday,4,2023-W38
2023-09-25,1.06513,1.06555,1.05753,1.05924,80.19999999999916,-58.89999999999951,Monday,0,2023-W39
2023-09-26,1.05923,1.0609,1.0562,1.05717,46.99999999999926,-20.599999999999508,Tuesday,1,2023-W39
2023-09-27,1.05714,1.0574,1.0488,1.05018,85.9999999999994,-69.60000000000078,Wednesday,2,2023-W39
2023-09-28,1.05017,1.05788,1.0491,1.05647,87.8000000000001,62.99999999999972,Thursday,3,2023-W39
2023-09-29,1.05645,1.06169,1.05579,1.05694,59.00000000000016,4.900000000001015,Friday,4,2023-W39
2023-10-02,1.05672,1.05919,1.04769,1.04769,115.00000000000065,-90.30000000000094,Monday,0,2023-W40
2023-10-03,1.04769,1.04933,1.04483,1.04658,45.000000000001705,-11.099999999999444,Tuesday,1,2023-W40
2023-10-04,1.04656,1.05321,1.04514,1.05033,80.70000000000022,37.700000000000514,Wednesday,2,2023-W40
2023-10-05,1.05033,1.05518,1.05,1.05492,51.79999999999963,45.900000000000944,Thursday,3,2023-W40
2023-10-06,1.05475,1.05999,1.04824,1.05828,117.49999999999928,35.30000000000033,Friday,4,2023-W40
2023-10-09,1.05529,1.05742,1.05194,1.0566,54.799999999999294,13.099999999999223,Monday,0,2023-W41
2023-10-10,1.05659,1.06198,1.05542,1.06048,65.599999999999,38.90000000000171,Tuesday,1,2023-W41
2023-10-11,1.06047,1.06346,1.05806,1.06194,54.00000000000071,14.700000000000824,Wednesday,2,2023-W41
2023-10-12,1.06188,1.06397,1.05257,1.05277,114.00000000000077,-91.09999999999951,Thursday,3,2023-W41
2023-10-13,1.05273,1.05584,1.04954,1.05073,62.99999999999972,-20.000000000000018,Friday,4,2023-W41
2023-10-16,1.05083,1.05627,1.05025,1.05597,60.20000000000137,51.40000000000144,Monday,0,2023-W42
2023-10-17,1.05597,1.05948,1.05328,1.05767,61.99999999999983,17.000000000000348,Tuesday,1,2023-W42
2023-10-18,1.05762,1.05941,1.05231,1.05362,70.99999999999883,-40.000000000000036,Wednesday,2,2023-W42
2023-10-19,1.0536,1.06163,1.05282,1.05819,88.09999999999985,45.89999999999872,Thursday,3,2023-W42
2023-10-20,1.05815,1.06035,1.05649,1.05927,38.599999999999746,11.200000000000099,Friday,4,2023-W42
2023-10-23,1.0595,1.06779,1.05714,1.06689,106.50000000000048,73.89999999999786,Monday,0,2023-W43
2023-10-24,1.06686,1.06942,1.0583,1.05895,111.20000000000019,-79.09999999999862,Tuesday,1,2023-W43
2023-10-25,1.05893,1.06067,1.05653,1.05653,41.400000000000325,-23.999999999999577,Wednesday,2,2023-W43
2023-10-26,1.0565,1.05691,1.05221,1.05618,46.99999999999926,-3.20000000000098,Thursday,3,2023-W43
2023-10-27,1.05618,1.0597,1.05354,1.05605,61.60000000000166,-1.2999999999996348,Friday,4,2023-W43
2023-10-29,1.05644,1.05749,1.05616,1.05657,13.300000000000534,1.2999999999996348,Sunday,6,2023-W43
2023-10-30,1.05654,1.0625,1.05471,1.06151,77.89999999999964,49.69999999999919,Monday,0,2023-W44
2023-10-31,1.0615,1.06748,1.05574,1.05749,117.40000000000083,-40.10000000000069,Tuesday,1,2023-W44
2023-11-01,1.05749,1.05806,1.05167,1.05682,63.899999999998954,-6.699999999999484,Wednesday,2,2023-W44
2023-11-02,1.05683,1.06675,1.05681,1.06207,99.4000000000006,52.400000000001334,Thursday,3,2023-W44
2023-11-03,1.06207,1.07467,1.06146,1.07295,132.09999999999945,108.80000000000001,Friday,4,2023-W44
2023-11-06,1.07232,1.07562,1.07161,1.07168,40.10000000000069,-6.399999999999739,Monday,0,2023-W45
2023-11-07,1.07168,1.07221,1.0664,1.06992,58.10000000000093,-17.599999999999838,Tuesday,1,2023-W45
2023-11-08,1.06993,1.0716,1.06593,1.0708,56.70000000000064,8.699999999999264,Wednesday,2,2023-W45
2023-11-09,1.07079,1.07254,1.06601,1.06671,65.30000000000146,-40.79999999999862,Thursday,3,2023-W45
2023-11-10,1.06671,1.06927,1.0656,1.06848,36.6999999999984,17.700000000000493,Friday,4,2023-W45
2023-11-13,1.06818,1.07061,1.0665,1.06975,41.10000000000058,15.700000000000713,Monday,0,2023-W46
2023-11-14,1.06975,1.08875,1.06928,1.08784,194.70000000000098,180.8999999999994,Tuesday,1,2023-W46
2023-11-15,1.08784,1.08858,1.08315,1.08461,54.30000000000046,-32.29999999999844,Wednesday,2,2023-W46
2023-11-16,1.08461,1.08955,1.083,1.08517,65.50000000000055,5.599999999998939,Thursday,3,2023-W46
2023-11-17,1.08517,1.09148,1.08247,1.09138,90.09999999999962,62.10000000000049,Friday,4,2023-W46
2023-11-20,1.09095,1.09517,1.08974,1.09394,54.30000000000046,29.89999999999826,Monday,0,2023-W47
2023-11-21,1.09394,1.09651,1.09001,1.09101,65.00000000000172,-29.29999999999877,Tuesday,1,2023-W47
2023-11-22,1.091,1.09229,1.08522,1.08881,70.6999999999991,-21.899999999999142,Wednesday,2,2023-W47
2023-11-23,1.08875,1.09303,1.08834,1.09037,46.89999999999861,16.199999999999548,Thursday,3,2023-W47
2023-11-24,1.09037,1.09486,1.08949,1.09341,53.69999999999875,30.399999999999316,Friday,4,2023-W47
2023-11-27,1.09438,1.09592,1.09251,1.09531,34.09999999999913,9.300000000000974,Monday,0,2023-W48
2023-11-28,1.09528,1.10088,1.09344,1.09918,74.40000000000113,39.00000000000014,Tuesday,1,2023-W48
2023-11-29,1.09918,1.10171,1.09601,1.09686,57.000000000000384,-23.200000000000998,Wednesday,2,2023-W48
2023-11-30,1.09681,1.09838,1.08794,1.08865,104.40000000000005,-81.60000000000167,Thursday,3,2023-W48
2023-12-01,1.08854,1.09127,1.08287,1.08788,83.99999999999963,-6.6000000000010495,Friday,4,2023-W48
2023-12-04,1.08771,1.08948,1.0804,1.08356,90.79999999999977,-41.499999999998764,Monday,0,2023-W49
2023-12-05,1.08351,1.08474,1.07781,1.07954,69.30000000000103,-39.70000000000029,Tuesday,1,2023-W49
2023-12-06,1.0795,1.08047,1.07586,1.07636,46.10000000000003,-31.399999999999206,Wednesday,2,2023-W49
2023-12-07,1.07631,1.08175,1.07552,1.07933,62.29999999999958,30.199999999998006,Thursday,3,2023-W49
2023-12-08,1.07931,1.08005,1.07236,1.07592,76.89999999999975,-33.90000000000004,Friday,4,2023-W49
2023-12-11,1.07592,1.07789,1.07415,1.0764,37.400000000000766,4.8000000000003595,Monday,0,2023-W50
2023-12-12,1.0764,1.08279,1.07586,1.07937,69.2999999999988,29.69999999999917,Tuesday,1,2023-W50
2023-12-13,1.07937,1.08965,1.07731,1.08728,123.40000000000018,79.10000000000083,Wednesday,2,2023-W50
2023-12-14,1.08728,1.10092,1.08707,1.09915,138.49999999999918,118.70000000000047,Thursday,3,2023-W50
2023-12-15,1.09915,1.10036,1.08885,1.08922,115.09999999999908,-99.29999999999994,Friday,4,2023-W50
2023-12-18,1.08973,1.09311,1.0892,1.09228,39.100000000000804,25.499999999998302,Monday,0,2023-W51
2023-12-19,1.09228,1.09873,1.09148,1.09805,72.49999999999979,57.70000000000053,Tuesday,1,2023-W51
2023-12-20,1.09808,1.09843,1.09298,1.09412,54.499999999999545,-39.59999999999964,Wednesday,2,2023-W51
2023-12-21,1.09394,1.10125,1.09352,1.10109,77.30000000000015,71.4999999999999,Thursday,3,2023-W51
2023-12-22,1.10109,1.10401,1.09938,1.10135,46.299999999999116,2.60000000000149,Friday,4,2023-W51
2023-12-25,1.10108,1.10202,1.09933,1.10097,26.900000000000812,-1.100000000000545,Monday,0,2023-W52
2023-12-26,1.10009,1.1045,1.10009,1.10417,44.10000000000025,40.800000000000836,Tuesday,1,2023-W52
2023-12-27,1.10417,1.11226,1.10286,1.11044,94.00000000000075,62.699999999999974,Wednesday,2,2023-W52
2023-12-28,1.11047,1.11394,1.10552,1.10603,84.19999999999872,-44.39999999999999,Thursday,3,2023-W52
2023-12-29,1.10595,1.10842,1.10339,1.10361,50.299999999998676,-23.400000000000087,Friday,4,2023-W52
2024-01-02,1.10427,1.10447,1.09383,1.09396,106.39999999999984,-103.10000000000042,Tuesday,1,2024-W01
2024-01-03,1.09396,1.09654,1.08929,1.09206,72.49999999999979,-19.000000000000128,Wednesday,2,2024-W01
2024-01-04,1.09206,1.09721,1.0916,1.09441,56.100000000001145,23.500000000000743,Thursday,3,2024-W01
2024-01-05,1.09441,1.09984,1.08767,1.09392,121.70000000000014,-4.900000000001015,Friday,4,2024-W01
2024-01-08,1.09386,1.09788,1.09226,1.09495,56.199999999999584,10.900000000000354,Monday,0,2024-W02
2024-01-09,1.09495,1.09663,1.09103,1.09307,56.0000000000005,-18.800000000001038,Tuesday,1,2024-W02
2024-01-10,1.09307,1.09729,1.09228,1.09722,50.10000000000181,41.50000000000098,Wednesday,2,2024-W02
2024-01-11,1.09722,1.1,1.09302,1.09717,69.79999999999987,-0.5000000000010552,Thursday,3,2024-W02
2024-01-12,1.09715,1.09868,1.09359,1.09483,50.90000000000039,-23.200000000000998,Friday,4,2024-W02
2024-01-15,1.0948,1.09675,1.09335,1.09494,33.99999999999848,1.40000000000029,Monday,0,2024-W03
2024-01-16,1.09494,1.0951,1.0862,1.08714,88.99999999999908,-78.00000000000028,Tuesday,1,2024-W03
2024-01-17,1.08786,1.08844,1.08445,1.08818,39.9000000000016,3.1999999999987594,Wednesday,2,2024-W03
2024-01-18,1.08816,1.09067,1.08466,1.08757,60.100000000000705,-5.9000000000009045,Thursday,3,2024-W03
2024-01-19,1.08757,1.08983,1.08656,1.0896,32.70000000000106,20.299999999999763,Friday,4,2024-W03
2024-01-22,1.08906,1.09094,1.088,1.08819,29.399999999999427,-8.699999999999264,Monday,0,2024-W04
2024-01-23,1.08816,1.09162,1.08215,1.0853,94.7000000000009,-28.600000000000847,Tuesday,1,2024-W04
2024-01-24,1.08529,1.09323,1.08446,1.08844,87.69999999999945,31.49999999999986,Wednesday,2,2024-W04
2024-01-25,1.08843,1.09018,1.08216,1.0846,80.19999999999916,-38.3,Thursday,3,2024-W04
2024-01-26,1.08449,1.08854,1.08128,1.08504,72.60000000000045,5.5000000000005045,Friday,4,2024-W04
2024-01-29,1.08468,1.085,1.07958,1.08323,54.199999999999804,-14.500000000001734,Monday,0,2024-W05
2024-01-30,1.08307,1.08573,1.08119,1.08447,45.399999999999885,14.000000000000679,Tuesday,1,2024-W05
2024-01-31,1.08446,1.08874,1.07949,1.0818,92.4999999999998,-26.599999999998847,Wednesday,2,2024-W05
2024-02-01,1.0818,1.08748,1.07799,1.08712,94.89999999999998,53.19999999999992,Thursday,3,2024-W05
2024-02-02,1.08712,1.08974,1.07804,1.07849,116.99999999999821,-86.30000000000138,Friday,4,2024-W05
2024-02-05,1.07854,1.07861,1.07231,1.07418,62.99999999999972,-43.600000000001415,Monday,0,2024-W06
2024-02-06,1.07418,1.07623,1.07225,1.0754,39.80000000000095,12.199999999999989,Tuesday,1,2024-W06
2024-02-07,1.07539,1.07838,1.07492,1.07704,34.59999999999796,16.499999999999293,Wednesday,2,2024-W06
2024-02-08,1.07704,1.07889,1.07416,1.07769,47.29999999999901,6.500000000000394,Thursday,3,2024-W06
2024-02-09,1.07767,1.07951,1.07621,1.07821,32.999999999998586,5.399999999999849,Friday,4,2024-W06
2024-02-12,1.07767,1.08055,1.07559,1.07706,49.59999999999853,-6.099999999999994,Monday,0,2024-W07
2024-02-13,1.07702,1.07985,1.07005,1.07079,98.00000000000031,-62.3000000000018,Tuesday,1,2024-W07
2024-02-14,1.0708,1.07344,1.06949,1.0725,39.49999999999898,17.000000000000348,Wednesday,2,2024-W07
2024-02-15,1.0725,1.07847,1.07246,1.07718,60.100000000000705,46.800000000000175,Thursday,3,2024-W07
2024-02-16,1.07718,1.07874,1.07319,1.07749,55.49999999999944,3.1000000000003247,Friday,4,2024-W07
2024-02-19,1.07718,1.07894,1.07621,1.07785,27.29999999999899,6.699999999999484,Monday,0,2024-W08
2024-02-20,1.0777,1.08387,1.07615,1.08072,77.19999999999949,30.199999999998006,Tuesday,1,2024-W08
2024-02-21,1.08071,1.08243,1.07899,1.08181,34.4000000000011,10.999999999998789,Wednesday,2,2024-W08
2024-02-22,1.08182,1.08882,1.08026,1.08222,85.59999999999901,3.9999999999995595,Thursday,3,2024-W08
2024-02-23,1.08221,1.08395,1.08117,1.08174,27.800000000000047,-4.699999999999704,Friday,4,2024-W08
2024-02-26,1.08318,1.08597,1.08126,1.08504,47.09999999999992,18.599999999999728,Monday,0,2024-W09
2024-02-27,1.08504,1.08659,1.0833,1.08437,32.90000000000015,-6.699999999999484,Tuesday,1,2024-W09
2024-02-28,1.08437,1.08465,1.07966,1.08375,49.89999999999828,-6.200000000000649,Wednesday,2,2024-W09
2024-02-29,1.08376,1.08558,1.07958,1.08046,60.00000000000006,-33.00000000000081,Thursday,3,2024-W09
2024-03-01,1.08046,1.08432,1.07981,1.08368,45.100000000000136,32.2,Friday,4,2024-W09
2024-03-04,1.08359,1.08667,1.0835,1.08549,31.70000000000117,19.000000000000128,Monday,0,2024-W10
2024-03-05,1.08549,1.0876,1.08403,1.0856,35.69999999999851,1.0999999999983245,Tuesday,1,2024-W10
2024-03-06,1.0856,1.09153,1.08421,1.0898,73.19999999999993,42.00000000000203,Wednesday,2,2024-W10
2024-03-07,1.0898,1.09491,1.08678,1.09477,81.2999999999997,49.69999999999919,Thursday,3,2024-W10
2024-03-08,1.09472,1.09812,1.09183,1.09348,62.89999999999907,-12.399999999999078,Friday,4,2024-W10
2024-03-10,1.09411,1.09411,1.09375,1.09393,3.5999999999991594,-1.7999999999984695,Sunday,6,2024-W10
2024-03-11,1.09393,1.0948,1.09145,1.09258,33.499999999999645,-13.499999999999623,Monday,0,2024-W11
2024-03-12,1.0926,1.09438,1.09023,1.09258,41.499999999998764,-0.1999999999990898,Tuesday,1,2024-W11
2024-03-13,1.09258,1.09638,1.09201,1.09489,43.69999999999985,23.099999999998122,Wednesday,2,2024-W11
2024-03-14,1.09488,1.09547,1.08806,1.0885,74.09999999999917,-63.80000000000052,Thursday,3,2024-W11
2024-03-15,1.08851,1.08996,1.0873,1.08869,26.600000000001067,1.7999999999984695,Friday,4,2024-W11
2024-03-17,1.08905,1.08905,1.08819,1.08886,8.60000000000083,-1.900000000001345,Sunday,6,2024-W11
2024-03-18,1.08885,1.09061,1.08661,1.08725,40.000000000000036,-16.00000000000046,Monday,0,2024-W12
2024-03-19,1.08726,1.08765,1.08347,1.08649,41.80000000000072,-7.699999999999374,Tuesday,1,2024-W12
2024-03-20,1.08653,1.09229,1.08364,1.09206,86.50000000000047,55.30000000000035,Wednesday,2,2024-W12
2024-03-21,1.09206,1.09426,1.08554,1.08605,87.20000000000061,-60.100000000000705,Thursday,3,2024-W12
2024-03-22,1.08609,1.08679,1.08017,1.08065,66.19999999999848,-54.3999999999989,Friday,4,2024-W12
2024-03-24,1.08068,1.08104,1.08068,1.08075,3.5999999999991594,0.700000000000145,Sunday,6,2024-W12
2024-03-25,1.08074,1.08424,1.08021,1.08365,40.300000000002,29.09999999999968,Monday,0,2024-W13
2024-03-26,1.08364,1.08643,1.08242,1.08317,40.10000000000069,-4.699999999999704,Tuesday,1,2024-W13
2024-03-27,1.0833,1.0839,1.08108,1.08258,28.200000000000447,-7.199999999998319,Wednesday,2,2024-W13
2024-03-28,1.08259,1.0827,1.07751,1.07893,51.900000000000276,-36.599999999999966,Thursday,3,2024-W13
2024-03-29,1.07892,1.08051,1.07678,1.07898,37.30000000000011,0.5999999999994898,Friday,4,2024-W13
2024-04-01,1.07882,1.07987,1.07309,1.0743,67.80000000000008,-45.199999999998575,Monday,0,2024-W14
2024-04-02,1.07428,1.0779,1.07246,1.07691,54.400000000001114,26.300000000001322,Tuesday,1,2024-W14
2024-04-03,1.07691,1.08368,1.0764,1.08356,72.79999999999953,66.50000000000045,Wednesday,2,2024-W14
2024-04-04,1.08356,1.08765,1.08312,1.08367,45.29999999999923,1.0999999999983245,Thursday,3,2024-W14
2024-04-05,1.08361,1.08479,1.07913,1.08352,56.59999999999998,-0.8999999999992347,Friday,4,2024-W14
2024-04-08,1.08347,1.08621,1.08208,1.08587,41.29999999999967,23.999999999999577,Monday,0,2024-W15
2024-04-09,1.08587,1.0885,1.08477,1.08569,37.30000000000011,-1.7999999999984695,Tuesday,1,2024-W15
2024-04-10,1.08562,1.08665,1.07288,1.07421,137.69999999999837,-114.0999999999992,Wednesday,2,2024-W15
2024-04-11,1.07421,1.07564,1.06992,1.07254,57.19999999999948,-16.700000000000603,Thursday,3,2024-W15
2024-04-12,1.07252,1.07293,1.06226,1.06385,106.69999999999958,-86.69999999999956,Friday,4,2024-W15
2024-04-15,1.06352,1.06651,1.06202,1.06241,44.90000000000105,-11.099999999999444,Monday,0,2024-W16
2024-04-16,1.06233,1.06535,1.0601,1.06187,52.49999999999977,-4.599999999999049,Tuesday,1,2024-W16
2024-04-17,1.06187,1.06796,1.0606,1.0672,73.60000000000034,53.29999999999835,Wednesday,2,2024-W16
2024-04-18,1.06719,1.069,1.06413,1.06431,48.6999999999993,-28.799999999999937,Thursday,3,2024-W16
2024-04-19,1.06423,1.06775,1.06104,1.06526,67.09999999999994,10.300000000000864,Friday,4,2024-W16
2024-04-22,1.06495,1.06706,1.06239,1.06541,46.69999999999952,4.599999999999049,Monday,0,2024-W17
2024-04-23,1.06541,1.07112,1.06385,1.07002,72.7000000000011,46.10000000000003,Tuesday,1,2024-W17
2024-04-24,1.07004,1.07142,1.06779,1.06985,36.300000000000225,-1.900000000001345,Wednesday,2,2024-W17
2024-04-25,1.06985,1.07402,1.06783,1.07291,61.89999999999918,30.600000000000627,Thursday,3,2024-W17
2024-04-26,1.07291,1.07527,1.06738,1.06911,78.89999999999952,-38.000000000000256,Friday,4,2024-W17
2024-04-29,1.06898,1.07337,1.06898,1.07205,43.89999999999894,30.69999999999906,Monday,0,2024-W18
2024-04-30,1.07202,1.07353,1.06647,1.06653,70.60000000000066,-54.89999999999995,Tuesday,1,2024-W18
2024-05-01,1.06643,1.07326,1.06494,1.07119,83.20000000000105,47.600000000000975,Wednesday,2,2024-W18
2024-05-02,1.07104,1.07302,1.06742,1.07243,56.0000000000005,13.900000000000023,Thursday,3,2024-W18
2024-05-03,1.07244,1.08124,1.07227,1.07594,89.69999999999922,34.999999999998366,Friday,4,2024-W18
2024-05-06,1.076,1.07907,1.07553,1.07672,35.39999999999877,7.199999999998319,Monday,0,2024-W19
2024-05-07,1.07667,1.07873,1.07478,1.07547,39.49999999999898,-12.000000000000899,Tuesday,1,2024-W19
2024-05-08,1.07538,1.07574,1.0735,1.07479,22.400000000000198,-5.9000000000009045,Wednesday,2,2024-W19
2024-05-09,1.07477,1.07844,1.07239,1.0782,60.50000000000111,34.30000000000044,Thursday,3,2024-W19
2024-05-10,1.0782,1.079,1.07603,1.07694,29.69999999999917,-12.600000000000389,Friday,4,2024-W19
2024-05-13,1.07721,1.08068,1.07658,1.07888,40.99999999999993,16.700000000000603,Monday,0,2024-W20
2024-05-14,1.07897,1.08256,1.07669,1.08176,58.700000000000415,27.900000000000702,Tuesday,1,2024-W20
2024-05-15,1.08175,1.0886,1.0813,1.08843,73.00000000000084,66.8000000000002,Wednesday,2,2024-W20
2024-05-16,1.08842,1.08949,1.08544,1.08665,40.500000000001094,-17.700000000000493,Thursday,3,2024-W20
2024-05-17,1.08665,1.08784,1.08356,1.08674,42.79999999999839,0.9000000000014552,Friday,4,2024-W20
2024-05-20,1.08664,1.08844,1.0854,1.08565,30.400000000001537,-9.900000000000464,Monday,0,2024-W21
2024-05-21,1.08562,1.08747,1.08425,1.08535,32.2,-2.6999999999999247,Tuesday,1,2024-W21
2024-05-22,1.08531,1.08633,1.08174,1.08224,45.900000000000944,-30.69999999999906,Wednesday,2,2024-W21
2024-05-23,1.08221,1.0861,1.08048,1.08146,56.199999999999584,-7.499999999998064,Thursday,3,2024-W21
2024-05-24,1.08145,1.08578,1.08054,1.0846,52.39999999999911,31.49999999999986,Friday,4,2024-W21
2024-05-27,1.0845,1.08674,1.08405,1.08571,26.900000000000812,12.099999999999334,Monday,0,2024-W22
2024-05-28,1.08571,1.0889,1.08521,1.08563,36.89999999999971,-0.7999999999985796,Tuesday,1,2024-W22
2024-05-29,1.08562,1.08604,1.07999,1.08011,60.49999999999889,-55.10000000000126,Wednesday,2,2024-W22
2024-05-30,1.08007,1.08451,1.07883,1.08316,56.80000000000129,30.89999999999815,Thursday,3,2024-W22
2024-05-31,1.08316,1.08822,1.08112,1.0845,70.99999999999883,13.400000000001189,Friday,4,2024-W22
2024-06-03,1.08462,1.09045,1.08278,1.09039,76.69999999999844,57.70000000000053,Monday,0,2024-W23
2024-06-04,1.09039,1.0916,1.0859,1.08789,56.99999999999817,-24.999999999999467,Tuesday,1,2024-W23
2024-06-05,1.08785,1.08915,1.08544,1.08682,37.10000000000102,-10.300000000000864,Wednesday,2,2024-W23
2024-06-06,1.08681,1.0902,1.08619,1.08878,40.10000000000069,19.700000000000273,Thursday,3,2024-W23
2024-06-07,1.08873,1.09018,1.07993,1.08017,102.4999999999987,-85.59999999999901,Friday,4,2024-W23
2024-06-10,1.07783,1.07814,1.07327,1.07648,48.70000000000152,-13.499999999999623,Monday,0,2024-W24
2024-06-11,1.07642,1.07734,1.07194,1.07403,54.00000000000071,-23.899999999998922,Tuesday,1,2024-W24
2024-06-12,1.07404,1.08521,1.07346,1.08087,117.49999999999928,68.29999999999892,Wednesday,2,2024-W24
2024-06-13,1.08076,1.08163,1.07328,1.07368,83.5000000000008,-70.79999999999976,Thursday,3,2024-W24
2024-06-14,1.07361,1.07449,1.06676,1.07025,77.30000000000015,-33.60000000000029,Friday,4,2024-W24
2024-06-17,1.07028,1.07378,1.06863,1.07339,51.49999999999988,31.100000000001682,Monday,0,2024-W25
2024-06-18,1.07336,1.07615,1.07099,1.07397,51.59999999999832,6.099999999999994,Tuesday,1,2024-W25
2024-06-19,1.07397,1.07533,1.07248,1.07422,28.49999999999797,2.4999999999986144,Wednesday,2,2024-W25
2024-06-20,1.07422,1.07487,1.07016,1.07016,47.09999999999992,-40.599999999999525,Thursday,3,2024-W25
2024-06-21,1.07014,1.07205,1.0671,1.06918,49.5000000000001,-9.600000000000719,Friday,4,2024-W25
2024-06-24,1.06849,1.07463,1.06837,1.07319,62.599999999999326,47.000000000001485,Monday,0,2024-W26
2024-06-25,1.07316,1.07441,1.06906,1.07139,53.500000000001876,-17.699999999998273,Tuesday,1,2024-W26
2024-06-26,1.07136,1.07179,1.0666,1.06799,51.900000000000276,-33.700000000000955,Wednesday,2,2024-W26
2024-06-27,1.06798,1.07264,1.0677,1.07031,49.399999999999444,23.300000000001653,Thursday,3,2024-W26
2024-06-28,1.07031,1.07246,1.06852,1.07119,39.400000000000546,8.799999999999919,Friday,4,2024-W26
2024-07-01,1.07438,1.07763,1.07197,1.07402,56.59999999999998,-3.5999999999991594,Monday,0,2024-W27
2024-07-02,1.07393,1.07471,1.071,1.07446,37.10000000000102,5.299999999999194,Tuesday,1,2024-W27
2024-07-03,1.07443,1.08168,1.07363,1.07868,80.4999999999989,42.50000000000087,Wednesday,2,2024-W27
2024-07-04,1.07853,1.08138,1.07833,1.08101,30.49999999999997,24.800000000000377,Thursday,3,2024-W27
2024-07-05,1.08101,1.08426,1.07993,1.0837,43.29999999999945,26.900000000000812,Friday,4,2024-W27
2024-07-08,1.08014,1.0845,1.07998,1.0823,45.2000000000008,21.599999999999397,Monday,0,2024-W28
2024-07-09,1.0824,1.08333,1.08054,1.08127,27.89999999999848,-11.300000000000754,Tuesday,1,2024-W28
2024-07-10,1.08125,1.08305,1.08108,1.08295,19.700000000000273,17.000000000000348,Wednesday,2,2024-W28
2024-07-11,1.08292,1.08999,1.08254,1.08678,74.49999999999957,38.599999999999746,Thursday,3,2024-W28
2024-07-12,1.08673,1.09113,1.08614,1.09054,49.89999999999828,38.10000000000091,Friday,4,2024-W28
2024-07-15,1.08852,1.09222,1.08818,1.08938,40.40000000000043,8.60000000000083,Monday,0,2024-W29
2024-07-16,1.08938,1.09054,1.08715,1.0899,33.90000000000004,5.20000000000076,Tuesday,1,2024-W29
2024-07-17,1.08984,1.0948,1.0895,1.09386,53.000000000000824,40.200000000001346,Wednesday,2,2024-W29
2024-07-18,1.09384,1.0941,1.08935,1.08964,47.50000000000032,-41.999999999999815,Thursday,3,2024-W29
2024-07-19,1.08956,1.09017,1.08756,1.08779,26.100000000000012,-17.700000000000493,Friday,4,2024-W29
2024-07-22,1.08861,1.09027,1.0873,1.08908,29.700000000001392,4.699999999999704,Monday,0,2024-W30
2024-07-23,1.08908,1.08967,1.08438,1.08533,52.90000000000017,-37.50000000000142,Tuesday,1,2024-W30
2024-07-24,1.08528,1.08664,1.08256,1.08397,40.800000000000836,-13.099999999999223,Wednesday,2,2024-W30
2024-07-25,1.08396,1.08699,1.08282,1.0845,41.700000000000074,5.399999999999849,Thursday,3,2024-W30
2024-07-26,1.08448,1.08681,1.0842,1.08547,26.100000000000012,9.899999999998244,Friday,4,2024-W30
2024-07-29,1.08553,1.087,1.08028,1.08212,67.20000000000059,-34.10000000000135,Monday,0,2024-W31
2024-07-30,1.08203,1.08356,1.07982,1.08151,37.400000000000766,-5.20000000000076,Tuesday,1,2024-W31
2024-07-31,1.08144,1.08493,1.08019,1.08256,47.399999999999665,11.200000000000099,Wednesday,2,2024-W31
2024-08-01,1.08256,1.08354,1.07774,1.07911,58.00000000000027,-34.49999999999953,Thursday,3,2024-W31
2024-08-02,1.07911,1.09265,1.07818,1.09098,144.69999999999982,118.70000000000047,Friday,4,2024-W31
2024-08-05,1.09225,1.10088,1.08923,1.09505,116.5000000000016,28.000000000001357,Monday,0,2024-W32
2024-08-06,1.095,1.09631,1.09037,1.09313,59.39999999999834,-18.700000000000383,Tuesday,1,2024-W32
2024-08-07,1.09299,1.09366,1.09053,1.0922,31.30000000000077,-7.899999999998464,Wednesday,2,2024-W32
2024-08-08,1.0921,1.09451,1.08814,1.09181,63.69999999999987,-2.900000000001235,Thursday,3,2024-W32
2024-08-09,1.09174,1.09313,1.0909,1.09167,22.299999999999542,-0.700000000000145,Friday,4,2024-W32
2024-08-12,1.09142,1.09393,1.091,1.09312,29.300000000000992,17.000000000000348,Monday,0,2024-W33
2024-08-13,1.09303,1.09996,1.09137,1.09916,85.90000000000097,61.299999999999685,Tuesday,1,2024-W33
2024-08-14,1.09916,1.10473,1.09754,1.10125,71.90000000000029,20.900000000001473,Wednesday,2,2024-W33
2024-08-15,1.10124,1.10154,1.09495,1.09724,65.89999999999874,-40.000000000000036,Thursday,3,2024-W33
2024-08-16,1.09713,1.10296,1.09703,1.10211,59.29999999999991,49.79999999999984,Friday,4,2024-W33
2024-08-19,1.10265,1.10863,1.10227,1.10848,63.59999999999921,58.30000000000002,Monday,0,2024-W34
2024-08-20,1.10843,1.11304,1.10719,1.11294,58.50000000000133,45.100000000000136,Tuesday,1,2024-W34
2024-08-21,1.1129,1.1174,1.10992,1.11493,74.79999999999932,20.299999999999763,Wednesday,2,2024-W34
2024-08-22,1.11491,1.11646,1.1098,1.11118,66.6000000000011,-37.30000000000011,Thursday,3,2024-W34
2024-08-23,1.1111,1.12008,1.11055,1.1191,95.30000000000038,80.00000000000007,Friday,4,2024-W34
2024-08-26,1.11854,1.12015,1.115,1.11609,51.49999999999988,-24.500000000000632,Monday,0,2024-W35
2024-08-27,1.11605,1.11905,1.11501,1.11836,40.40000000000043,23.100000000000342,Tuesday,1,2024-W35
2024-08-28,1.11834,1.11852,1.1105,1.11194,80.19999999999916,-63.999999999999616,Wednesday,2,2024-W35
2024-08-29,1.11193,1.11399,1.10556,1.10771,84.29999999999937,-42.200000000001125,Thursday,3,2024-W35
2024-08-30,1.10766,1.1095,1.10438,1.10456,51.20000000000013,-31.000000000001027,Friday,4,2024-W35
2024-09-02,1.10462,1.10773,1.10419,1.1069,35.400000000000986,22.800000000000598,Monday,0,2024-W36
2024-09-03,1.1069,1.10727,1.10263,1.10431,46.39999999999978,-25.900000000000922,Tuesday,1,2024-W36
2024-09-04,1.1043,1.10951,1.10363,1.10818,58.79999999999885,38.79999999999883,Wednesday,2,2024-W36
2024-09-05,1.10817,1.11197,1.10746,1.11102,45.09999999999792,28.49999999999797,Thursday,3,2024-W36
2024-09-06,1.111,1.11556,1.10656,1.10825,90.0000000000012,-27.500000000000302,Friday,4,2024-W36
2024-09-09,1.10781,1.1091,1.10335,1.10342,57.49999999999922,-43.89999999999894,Monday,0,2024-W37
2024-09-10,1.10334,1.10496,1.10151,1.10193,34.49999999999953,-14.099999999999113,Tuesday,1,2024-W37
2024-09-11,1.10189,1.10549,1.10019,1.10117,53.000000000000824,-7.200000000000539,Wednesday,2,2024-W37
2024-09-12,1.10111,1.1075,1.10055,1.10741,69.50000000000011,62.99999999999972,Thursday,3,2024-W37
2024-09-13,1.10739,1.11017,1.10703,1.10732,31.400000000001427,-0.700000000000145,Friday,4,2024-W37
2024-09-16,1.10757,1.11374,1.10743,1.11325,63.10000000000038,56.80000000000129,Monday,0,2024-W38
2024-09-17,1.1132,1.11461,1.11109,1.11134,35.20000000000189,-18.599999999999728,Tuesday,1,2024-W38
2024-09-18,1.11128,1.11891,1.10966,1.11184,92.4999999999998,5.599999999998939,Wednesday,2,2024-W38
2024-09-19,1.11184,1.11787,1.10683,1.11611,110.39999999999938,42.69999999999996,Thursday,3,2024-W38
2024-09-20,1.11611,1.11818,1.1136,1.11626,45.80000000000028,1.500000000000945,Friday,4,2024-W38
2024-09-23,1.1158,1.11672,1.10831,1.11109,84.10000000000028,-47.09999999999992,Monday,0,2024-W39
2024-09-24,1.11107,1.11809,1.11033,1.11794,77.5999999999999,68.69999999999932,Tuesday,1,2024-W39
2024-09-25,1.11791,1.1214,1.11215,1.11325,92.4999999999998,-46.599999999998865,Wednesday,2,2024-W39
2024-09-26,1.11322,1.11893,1.11257,1.11764,63.59999999999921,44.19999999999868,Thursday,3,2024-W39
2024-09-27,1.11763,1.1203,1.11248,1.11619,78.20000000000161,-14.399999999998858,Friday,4,2024-W39
2024-09-30,1.11582,1.12089,1.11136,1.11345,95.30000000000038,-23.699999999999832,Monday,0,2024-W40
2024-10-01,1.11344,1.11439,1.10458,1.10675,98.10000000000096,-66.90000000000084,Tuesday,1,2024-W40
2024-10-02,1.10668,1.10828,1.10325,1.1044,50.299999999998676,-22.800000000000598,Wednesday,2,2024-W40
2024-10-03,1.1044,1.1049,1.10082,1.10293,40.800000000000836,-14.700000000000824,Thursday,3,2024-W40
2024-10-04,1.10292,1.10395,1.09512,1.09739,88.29999999999893,-55.29999999999813,Friday,4,2024-W40
2024-10-07,1.0962,1.09868,1.09542,1.09731,32.600000000000406,11.099999999999444,Monday,0,2024-W41
2024-10-08,1.09723,1.09971,1.09608,1.09798,36.300000000000225,7.500000000000284,Tuesday,1,2024-W41
2024-10-09,1.09782,1.09809,1.09362,1.09376,44.69999999999974,-40.599999999999525,Wednesday,2,2024-W41
2024-10-10,1.09368,1.09548,1.09,1.09286,54.799999999999294,-8.20000000000043,Thursday,3,2024-W41
2024-10-11,1.09299,1.09537,1.09116,1.09353,42.10000000000047,5.399999999999849,Friday,4,2024-W41
2024-10-14,1.0931,1.09366,1.08881,1.09082,48.50000000000021,-22.800000000000598,Monday,0,2024-W42
2024-10-15,1.09078,1.09167,1.08819,1.089,34.79999999999927,-17.80000000000115,Tuesday,1,2024-W42
2024-10-16,1.08883,1.09014,1.08532,1.08618,48.200000000000465,-26.500000000000412,Wednesday,2,2024-W42
2024-10-17,1.08611,1.08737,1.0811,1.08307,62.699999999999974,-30.399999999999316,Thursday,3,2024-W42
2024-10-18,1.08308,1.08694,1.08252,1.08655,44.200000000000905,34.699999999998624,Friday,4,2024-W42
2024-10-21,1.08605,1.08717,1.08111,1.08149,60.59999999999954,-45.59999999999897,Monday,0,2024-W43
2024-10-22,1.08149,1.0838,1.07926,1.07967,45.399999999999885,-18.20000000000155,Tuesday,1,2024-W43
2024-10-23,1.07964,1.08066,1.07612,1.07804,45.399999999999885,-15.999999999998238,Wednesday,2,2024-W43
2024-10-24,1.07804,1.08298,1.07706,1.08274,59.200000000001474,46.99999999999926,Thursday,3,2024-W43
2024-10-25,1.0827,1.08392,1.0793,1.07945,46.200000000000685,-32.49999999999975,Friday,4,2024-W43
2024-10-28,1.07938,1.08276,1.07819,1.0814,45.69999999999963,20.199999999999108,Monday,0,2024-W44
2024-10-29,1.08143,1.08263,1.07688,1.08153,57.49999999999922,1.0000000000021103,Tuesday,1,2024-W44
2024-10-30,1.08153,1.08713,1.08079,1.08572,63.40000000000012,41.89999999999916,Wednesday,2,2024-W44
2024-10-31,1.08581,1.08881,1.08441,1.08821,43.999999999999595,23.999999999999577,Thursday,3,2024-W44
2024-11-01,1.0882,1.09057,1.08317,1.08327,74.00000000000074,-49.300000000001006,Friday,4,2024-W44
2024-11-04,1.08778,1.09147,1.08699,1.08767,44.800000000000395,-1.100000000000545,Monday,0,2024-W45
2024-11-05,1.08757,1.09365,1.08724,1.09294,64.10000000000026,53.70000000000097,Tuesday,1,2024-W45
2024-11-06,1.09235,1.09369,1.06824,1.07269,254.49999999999972,-196.6000000000001,Wednesday,2,2024-W45
2024-11-07,1.07271,1.08247,1.07129,1.08038,111.79999999999967,76.69999999999844,Thursday,3,2024-W45
2024-11-08,1.08038,1.08048,1.06868,1.07182,118.00000000000033,-85.59999999999901,Friday,4,2024-W45
2024-11-11,1.07093,1.07277,1.06286,1.06533,99.10000000000085,-55.99999999999827,Monday,0,2024-W46
2024-11-12,1.06534,1.06631,1.05951,1.06216,68.00000000000139,-31.799999999999606,Tuesday,1,2024-W46
2024-11-13,1.06208,1.0654,1.05556,1.05622,98.39999999999849,-58.59999999999977,Wednesday,2,2024-W46
2024-11-14,1.05617,1.05825,1.0496,1.05299,86.49999999999824,-31.799999999999606,Thursday,3,2024-W46
2024-11-15,1.05299,1.0593,1.05163,1.05394,76.69999999999844,9.500000000000064,Friday,4,2024-W46
2024-11-18,1.0528,1.06071,1.0528,1.05979,79.10000000000083,69.90000000000052,Monday,0,2024-W47
2024-11-19,1.05979,1.0601,1.05233,1.05937,77.70000000000054,-4.20000000000087,Tuesday,1,2024-W47
2024-11-20,1.05931,1.06097,1.05068,1.05435,102.8999999999991,-49.600000000000755,Wednesday,2,2024-W47
2024-11-21,1.0543,1.05548,1.04622,1.04738,92.60000000000046,-69.20000000000037,Thursday,3,2024-W47
2024-11-22,1.04735,1.04981,1.03325,1.04193,165.59999999999908,-54.199999999999804,Friday,4,2024-W47
2024-11-25,1.04806,1.05303,1.0449,1.04942,81.2999999999997,13.600000000000279,Monday,0,2024-W48
2024-11-26,1.04928,1.05447,1.0425,1.04873,119.70000000000036,-5.5000000000005045,Tuesday,1,2024-W48
2024-11-27,1.04868,1.05876,1.04744,1.05657,113.19999999999996,78.89999999999952,Wednesday,2,2024-W48
2024-11-28,1.05654,1.05692,1.05275,1.05511,41.700000000000074,-14.300000000000423,Thursday,3,2024-W48
2024-11-29,1.05511,1.05971,1.05414,1.05748,55.699999999998525,23.699999999999832,Friday,4,2024-W48
2024-12-02,1.05711,1.05733,1.04607,1.04971,112.60000000000048,-74.00000000000074,Monday,0,2024-W49
2024-12-03,1.04966,1.0535,1.04807,1.05062,54.30000000000046,9.600000000000719,Tuesday,1,2024-W49
2024-12-04,1.05065,1.05439,1.04723,1.05114,71.59999999999833,4.899999999998794,Wednesday,2,2024-W49
2024-12-05,1.051,1.05896,1.05077,1.0584,81.8999999999992,74.00000000000074,Thursday,3,2024-W49
2024-12-06,1.05839,1.06298,1.05423,1.05673,87.50000000000036,-16.599999999999948,Friday,4,2024-W49
2024-12-09,1.05544,1.05944,1.0532,1.05531,62.40000000000023,-1.2999999999996348,Monday,0,2024-W50
2024-12-10,1.05529,1.0568,1.04984,1.05268,69.59999999999854,-26.100000000000012,Tuesday,1,2024-W50
2024-12-11,1.05261,1.05393,1.04802,1.04933,59.10000000000082,-32.7999999999995,Wednesday,2,2024-W50
2024-12-12,1.04935,1.05308,1.04637,1.04663,67.09999999999994,-27.200000000000557,Thursday,3,2024-W50
2024-12-13,1.04653,1.05241,1.04531,1.05017,71.00000000000107,36.40000000000087,Friday,4,2024-W50
2024-12-16,1.04854,1.05247,1.04745,1.05094,50.200000000000244,23.999999999999577,Monday,0,2024-W51
2024-12-17,1.05094,1.05343,1.0479,1.04903,55.30000000000035,-19.100000000000783,Tuesday,1,2024-W51
2024-12-18,1.04904,1.05127,1.03439,1.03513,168.80000000000007,-139.09999999999866,Wednesday,2,2024-W51
2024-12-19,1.03507,1.04222,1.03472,1.03605,74.99999999999841,9.799999999999809,Thursday,3,2024-W51
2024-12-20,1.03599,1.04474,1.03429,1.04254,104.50000000000071,65.50000000000055,Friday,4,2024-W51
2024-12-23,1.04308,1.04452,1.03842,1.04044,60.99999999999994,-26.399999999999757,Monday,0,2024-W52
2024-12-24,1.04043,1.04098,1.03835,1.03912,26.299999999999102,-13.099999999999223,Tuesday,1,2024-W52
2024-12-25,1.0386,1.04106,1.0386,1.04004,24.600000000001288,14.400000000001079,Wednesday,2,2024-W52
2024-12-26,1.04012,1.04301,1.03905,1.04222,39.59999999999964,20.999999999999908,Thursday,3,2024-W52
2024-12-27,1.04174,1.0444,1.04049,1.04225,39.100000000000804,5.099999999997884,Friday,4,2024-W52
2024-12-30,1.04247,1.04583,1.03717,1.04069,86.60000000000112,-17.80000000000115,Monday,0,2024-W01
2024-12-31,1.04069,1.04243,1.0344,1.03531,80.29999999999981,-53.7999999999994,Tuesday,1,2024-W01
2025-01-02,1.03503,1.03756,1.02237,1.0264,151.90000000000038,-86.29999999999916,Thursday,3,2025-W01
2025-01-03,1.0264,1.03099,1.02612,1.03066,48.70000000000152,42.599999999999305,Friday,4,2025-W01
2025-01-06,1.03015,1.04367,1.02932,1.03895,143.50000000000085,88.0000000000014,Monday,0,2025-W02
2025-01-07,1.03893,1.04343,1.03394,1.03394,94.89999999999998,-49.89999999999828,Tuesday,1,2025-W02
2025-01-08,1.03395,1.03575,1.02731,1.03178,84.40000000000003,-21.700000000000053,Wednesday,2,2025-W02
2025-01-09,1.03178,1.03214,1.02836,1.0299,37.80000000000116,-18.799999999998818,Thursday,3,2025-W02
2025-01-10,1.0299,1.03118,1.02127,1.024,99.10000000000085,-59.00000000000016,Friday,4,2025-W02
2025-01-13,1.02357,1.02499,1.01772,1.02441,72.7000000000011,8.399999999999519,Monday,0,2025-W03
2025-01-14,1.02441,1.03086,1.02371,1.03076,71.50000000000212,63.49999999999856,Tuesday,1,2025-W03
2025-01-15,1.03074,1.03544,1.0259,1.0288,95.39999999999881,-19.400000000000528,Wednesday,2,2025-W03
2025-01-16,1.02892,1.03149,1.02604,1.0299,54.499999999999545,9.799999999999809,Thursday,3,2025-W03
2025-01-17,1.02996,1.03306,1.02652,1.0271,65.3999999999999,-28.600000000000847,Friday,4,2025-W03
2025-01-20,1.02792,1.04342,1.02663,1.04155,167.90000000000083,136.3000000000003,Monday,0,2025-W04
2025-01-21,1.04156,1.04353,1.0342,1.04253,93.30000000000061,9.699999999999154,Tuesday,1,2025-W04
2025-01-22,1.04228,1.04573,1.03921,1.04077,65.20000000000081,-15.100000000001224,Wednesday,2,2025-W04
2025-01-23,1.04072,1.04378,1.03719,1.04148,65.89999999999874,7.599999999998719,Thursday,3,2025-W04
2025-01-24,1.0414,1.05213,1.04115,1.04919,109.7999999999999,77.89999999999964,Friday,4,2025-W04
2025-01-27,1.04763,1.0533,1.04539,1.04911,79.09999999999862,14.799999999999258,Monday,0,2025-W05
2025-01-28,1.04911,1.04932,1.04137,1.04298,79.50000000000124,-61.299999999999685,Tuesday,1,2025-W05
2025-01-29,1.04298,1.04434,1.03822,1.04207,61.20000000000125,-9.099999999999664,Wednesday,2,2025-W05
2025-01-30,1.04203,1.04677,1.03861,1.03879,81.59999999999945,-32.399999999999096,Thursday,3,2025-W05
2025-01-31,1.03879,1.0434,1.03496,1.03602,84.40000000000003,-27.700000000001612,Friday,4,2025-W05
2025-02-03,1.02327,1.03497,1.02103,1.03425,139.3999999999984,109.7999999999999,Monday,0,2025-W06
2025-02-04,1.03423,1.03874,1.02721,1.03783,115.30000000000041,36.000000000000476,Tuesday,1,2025-W06
2025-02-05,1.03783,1.04424,1.03696,1.04021,72.79999999999953,23.800000000000487,Wednesday,2,2025-W06
2025-02-06,1.0402,1.04058,1.03523,1.03827,53.49999999999966,-19.299999999999873,Thursday,3,2025-W06
2025-02-07,1.03826,1.04124,1.03049,1.0326,107.50000000000037,-56.59999999999998,Friday,4,2025-W06
2025-02-10,1.02918,1.03363,1.02839,1.03062,52.400000000001334,14.400000000001079,Monday,0,2025-W07
2025-02-11,1.03061,1.03813,1.02919,1.03609,89.39999999999948,54.799999999999294,Tuesday,1,2025-W07
2025-02-12,1.03603,1.04298,1.03168,1.03821,113.00000000000088,21.800000000000708,Wednesday,2,2025-W07
2025-02-13,1.03818,1.04668,1.03727,1.04626,94.1000000000014,80.79999999999865,Thursday,3,2025-W07
2025-02-14,1.04625,1.0514,1.0447,1.04913,66.99999999999929,28.799999999999937,Friday,4,2025-W07
2025-02-17,1.04858,1.05062,1.04667,1.0484,39.5000000000012,-1.80000000000069,Monday,0,2025-W08
2025-02-18,1.04835,1.04862,1.0435,1.04459,51.20000000000013,-37.59999999999985,Tuesday,1,2025-W08
2025-02-19,1.04453,1.04613,1.04009,1.0422,60.40000000000045,-23.299999999999432,Wednesday,2,2025-W08
2025-02-20,1.0422,1.05033,1.04163,1.05002,86.9999999999993,78.19999999999938,Thursday,3,2025-W08
2025-02-21,1.05001,1.05054,1.04492,1.0457,56.199999999999584,-43.100000000000364,Friday,4,2025-W08
2025-02-24,1.04706,1.05282,1.04527,1.04671,75.50000000000168,-3.5000000000007248,Monday,0,2025-W09
2025-02-25,1.04671,1.05191,1.0456,1.05124,63.09999999999816,45.29999999999923,Tuesday,1,2025-W09
2025-02-26,1.05116,1.05287,1.04747,1.04844,54.00000000000071,-27.200000000000557,Wednesday,2,2025-W09
2025-02-27,1.04843,1.04922,1.03966,1.03978,95.60000000000014,-86.50000000000047,Thursday,3,2025-W09
2025-02-28,1.03974,1.04198,1.03597,1.03747,60.09999999999849,-22.700000000002163,Friday,4,2025-W09
2025-03-03,1.04032,1.05036,1.03883,1.04856,115.30000000000041,82.40000000000025,Monday,0,2025-W10
2025-03-04,1.04849,1.06272,1.04708,1.06253,156.40000000000097,140.40000000000052,Tuesday,1,2025-W10
2025-03-05,1.06254,1.07965,1.06018,1.07857,194.70000000000098,160.2999999999999,Wednesday,2,2025-W10
2025-03-06,1.07854,1.08534,1.07655,1.07818,87.90000000000076,-3.60000000000138,Thursday,3,2025-W10
2025-03-07,1.0782,1.08884,1.07757,1.08292,112.70000000000113,47.20000000000057,Friday,4,2025-W10
2025-03-09,1.08312,1.08399,1.08269,1.08388,13.000000000000789,7.599999999998719,Sunday,6,2025-W10
2025-03-10,1.08388,1.08744,1.08051,1.08342,69.2999999999988,-4.599999999999049,Monday,0,2025-W11
2025-03-11,1.08341,1.09471,1.08329,1.0911,114.19999999999986,76.89999999999975,Tuesday,1,2025-W11
2025-03-12,1.0911,1.09314,1.08755,1.08859,55.899999999999835,-25.100000000000122,Wednesday,2,2025-W11
2025-03-13,1.08858,1.0897,1.08222,1.08514,74.79999999999932,-34.4000000000011,Thursday,3,2025-W11
2025-03-14,1.08514,1.09125,1.08304,1.08765,82.1000000000005,25.100000000000122,Friday,4,2025-W11
2025-03-16,1.08766,1.08809,1.08759,1.08801,4.999999999999449,3.4999999999985043,Sunday,6,2025-W11
2025-03-17,1.08809,1.09297,1.08685,1.09212,61.19999999999904,40.299999999999784,Monday,0,2025-W12
2025-03-18,1.09211,1.09545,1.08924,1.0944,62.10000000000049,22.900000000001253,Tuesday,1,2025-W12
2025-03-19,1.09437,1.09458,1.08603,1.0904,85.50000000000057,-39.70000000000029,Wednesday,2,2025-W12
2025-03-20,1.09041,1.09171,1.08145,1.08539,102.59999999999935,-50.200000000000244,Thursday,3,2025-W12
2025-03-21,1.08545,1.08611,1.0797,1.08121,64.09999999999805,-42.40000000000022,Friday,4,2025-W12
2025-03-24,1.08167,1.08579,1.07813,1.07995,76.6,-17.199999999999438,Monday,0,2025-W13
2025-03-25,1.07994,1.083,1.07767,1.07908,53.300000000000566,-8.599999999998609,Tuesday,1,2025-W13
2025-03-26,1.0791,1.08025,1.07344,1.07362,68.09999999999982,-54.799999999999294,Wednesday,2,2025-W13
2025-03-27,1.07363,1.0821,1.07328,1.07969,88.2000000000005,60.59999999999954,Thursday,3,2025-W13
2025-03-28,1.07971,1.08447,1.07644,1.08237,80.29999999999981,26.600000000001067,Friday,4,2025-W13
2025-03-31,1.08228,1.08492,1.07838,1.08151,65.40000000000212,-7.699999999999374,Monday,0,2025-W14
2025-04-01,1.08139,1.08299,1.07782,1.07929,51.699999999998965,-20.999999999999908,Tuesday,1,2025-W14
2025-04-02,1.07911,1.09242,1.078,1.0849,144.19999999999877,57.89999999999962,Wednesday,2,2025-W14
2025-04-03,1.08382,1.11462,1.08047,1.1051,341.49999999999903,212.79999999999967,Thursday,3,2025-W14
2025-04-04,1.1051,1.11076,1.09242,1.09573,183.40000000000023,-93.69999999999878,Friday,4,2025-W14
2025-04-07,1.08894,1.10498,1.08792,1.09054,170.60000000000076,16.00000000000046,Monday,0,2025-W15
2025-04-08,1.09017,1.09916,1.08886,1.09534,102.99999999999976,51.699999999998965,Tuesday,1,2025-W15
2025-04-09,1.09514,1.10948,1.09132,1.09451,181.59999999999954,-6.299999999999084,Wednesday,2,2025-W15
2025-04-10,1.09451,1.12414,1.09427,1.11969,298.6999999999984,251.7999999999998,Thursday,3,2025-W15
2025-04-11,1.11976,1.14736,1.11888,1.13554,284.79999999999836,157.79999999999905,Friday,4,2025-W15
2025-04-14,1.13108,1.14244,1.12956,1.13496,128.8,38.79999999999883,Monday,0,2025-W16
2025-04-15,1.13495,1.13789,1.12639,1.12814,115.00000000000065,-68.09999999999982,Tuesday,1,2025-W16
2025-04-16,1.12814,1.14127,1.1279,1.13985,133.70000000000104,117.10000000000109,Wednesday,2,2025-W16
2025-04-17,1.13978,1.1409,1.13349,1.13639,74.09999999999917,-33.90000000000004,Thursday,3,2025-W16
2025-04-18,1.13615,1.13972,1.13578,1.13901,39.400000000000546,28.600000000000847,Friday,4,2025-W16
2025-04-21,1.13946,1.15729,1.13925,1.15128,180.39999999999833,118.20000000000164,Monday,0,2025-W17
2025-04-22,1.15129,1.1547,1.14172,1.14195,129.79999999999993,-93.39999999999904,Tuesday,1,2025-W17
2025-04-23,1.14195,1.14399,1.13077,1.13123,132.2000000000001,-107.20000000000063,Wednesday,2,2025-W17
2025-04-24,1.13122,1.13975,1.13109,1.13854,86.60000000000112,73.20000000000215,Thursday,3,2025-W17
2025-04-25,1.13854,1.13924,1.13155,1.13628,76.89999999999975,-22.600000000001508,Friday,4,2025-W17
2025-04-28,1.13636,1.14248,1.13292,1.14179,95.60000000000014,54.30000000000046,Monday,0,2025-W18
2025-04-29,1.14179,1.14218,1.137,1.13855,51.79999999999963,-32.40000000000131,Tuesday,1,2025-W18
2025-04-30,1.13823,1.13994,1.1317,1.13274,82.40000000000025,-54.89999999999995,Wednesday,2,2025-W18
2025-05-01,1.13272,1.13409,1.12657,1.12878,75.1999999999997,-39.400000000000546,Thursday,3,2025-W18
2025-05-02,1.12878,1.13808,1.1274,1.12946,106.80000000000022,6.800000000000139,Friday,4,2025-W18
2025-05-05,1.12987,1.13646,1.12905,1.1313,74.09999999999917,14.300000000000423,Monday,0,2025-W19
2025-05-06,1.13125,1.13808,1.12797,1.1367,101.10000000000063,54.499999999999545,Tuesday,1,2025-W19
2025-05-07,1.13671,1.1378,1.12917,1.12998,86.29999999999916,-67.30000000000125,Wednesday,2,2025-W19
2025-05-08,1.12999,1.13361,1.12118,1.12254,124.29999999999941,-74.49999999999957,Thursday,3,2025-W19
2025-05-09,1.12254,1.12928,1.11964,1.1246,96.40000000000093,20.599999999999508,Friday,4,2025-W19
2025-05-12,1.119,1.12426,1.10651,1.10844,177.49999999999932,-105.59999999999903,Monday,0,2025-W20
2025-05-13,1.10845,1.11946,1.10833,1.11844,111.29999999999862,99.90000000000165,Tuesday,1,2025-W20
2025-05-14,1.11844,1.12655,1.11645,1.1173,100.99999999999997,-11.400000000001409,Wednesday,2,2025-W20
2025-05-15,1.11694,1.12279,1.11669,1.11854,60.99999999999994,16.00000000000046,Thursday,3,2025-W20
2025-05-16,1.11862,1.12195,1.11308,1.11612,88.69999999999933,-24.999999999999467,Friday,4,2025-W20
2025-05-19,1.11749,1.12879,1.11711,1.12406,116.79999999999913,65.69999999999965,Monday,0,2025-W21
2025-05-20,1.12373,1.12858,1.12178,1.12818,67.99999999999918,44.500000000000654,Tuesday,1,2025-W21
2025-05-21,1.12814,1.13628,1.12798,1.13279,82.99999999999974,46.500000000000426,Wednesday,2,2025-W21
2025-05-22,1.13274,1.13448,1.12558,1.12782,88.99999999999908,-49.20000000000036,Thursday,3,2025-W21
2025-05-23,1.1278,1.13754,1.12768,1.13592,98.5999999999998,81.20000000000127,Friday,4,2025-W21
2025-05-26,1.13617,1.14185,1.13585,1.13838,60.00000000000006,22.100000000000453,Monday,0,2025-W22
2025-05-27,1.13837,1.14071,1.1323,1.13291,84.09999999999806,-54.60000000000021,Tuesday,1,2025-W22
2025-05-28,1.13242,1.13454,1.12837,1.12915,61.70000000000009,-32.69999999999884,Wednesday,2,2025-W22
2025-05-29,1.12914,1.13843,1.12103,1.13649,174.00000000000082,73.49999999999967,Thursday,3,2025-W22
2025-05-30,1.13647,1.13897,1.13123,1.13453,77.4000000000008,-19.400000000000528,Friday,4,2025-W22
2025-06-02,1.13439,1.14498,1.13435,1.14419,106.30000000000139,98.00000000000031,Monday,0,2025-W23
2025-06-03,1.14383,1.14544,1.13639,1.13699,90.50000000000003,-68.39999999999958,Tuesday,1,2025-W23
2025-06-04,1.13693,1.14344,1.13568,1.14144,77.5999999999999,45.100000000000136,Wednesday,2,2025-W23
2025-06-05,1.14143,1.14948,1.14045,1.14444,90.30000000000094,30.09999999999957,Thursday,3,2025-W23
2025-06-06,1.14438,1.14572,1.13715,1.13935,85.69999999999966,-50.299999999998676,Friday,4,2025-W23
2025-06-09,1.13952,1.14391,1.13864,1.14183,52.69999999999886,23.099999999998122,Monday,0,2025-W24
2025-06-10,1.14183,1.14475,1.13729,1.14217,74.60000000000022,3.4000000000000696,Tuesday,1,2025-W24
2025-06-11,1.14207,1.14994,1.14052,1.14872,94.19999999999985,66.50000000000045,Wednesday,2,2025-W24
2025-06-12,1.14854,1.16311,1.14837,1.15834,147.40000000000197,98.00000000000031,Thursday,3,2025-W24
2025-06-13,1.15807,1.16143,1.1489,1.15457,125.2999999999993,-34.999999999998366,Friday,4,2025-W24
2025-06-16,1.15309,1.16147,1.15238,1.15589,90.90000000000043,28.000000000001357,Monday,0,2025-W25
2025-06-17,1.15589,1.15796,1.14745,1.14794,105.1000000000002,-79.50000000000124,Tuesday,1,2025-W25
2025-06-18,1.14794,1.153,1.14608,1.14776,69.20000000000037,-1.80000000000069,Wednesday,2,2025-W25
2025-06-19,1.14777,1.14999,1.14461,1.14942,53.800000000001624,16.500000000001513,Thursday,3,2025-W25
2025-06-20,1.14942,1.15439,1.14914,1.15189,52.49999999999977,24.699999999999722,Friday,4,2025-W25
2025-06-23,1.14602,1.15814,1.14533,1.15741,128.09999999999988,113.90000000000012,Monday,0,2025-W26
2025-06-24,1.1574,1.16417,1.1574,1.16089,67.69999999999942,34.899999999999935,Tuesday,1,2025-W26
2025-06-25,1.16081,1.1665,1.15898,1.16583,75.20000000000194,50.200000000000244,Wednesday,2,2025-W26
2025-06-26,1.16574,1.17449,1.16533,1.16999,91.60000000000056,42.50000000000087,Thursday,3,2025-W26
2025-06-27,1.17,1.17539,1.16806,1.17162,73.29999999999836,16.20000000000177,Friday,4,2025-W26
2025-06-30,1.17287,1.17881,1.17075,1.17869,80.59999999999957,58.19999999999936,Monday,0,2025-W27
2025-07-01,1.17865,1.18298,1.17611,1.18059,68.69999999999932,19.400000000000528,Tuesday,1,2025-W27
2025-07-02,1.18053,1.18098,1.17467,1.17983,63.09999999999816,-7.0000000000014495,Wednesday,2,2025-W27
2025-07-03,1.17981,1.181,1.17169,1.17564,93.10000000000151,-41.700000000000074,Thursday,3,2025-W27
2025-07-04,1.1756,1.17873,1.17524,1.17719,34.899999999999935,15.899999999999803,Friday,4,2025-W27
2025-07-07,1.17793,1.17901,1.16868,1.17077,103.2999999999995,-71.59999999999833,Monday,0,2025-W28
2025-07-08,1.17075,1.1765,1.16825,1.17246,82.50000000000091,17.100000000001003,Tuesday,1,2025-W28
2025-07-09,1.17241,1.17291,1.16895,1.172,39.59999999999964,-4.100000000000215,Wednesday,2,2025-W28
2025-07-10,1.172,1.17494,1.16623,1.17002,87.09999999999995,-19.799999999998708,Thursday,3,2025-W28
2025-07-11,1.16997,1.17138,1.16645,1.16852,49.300000000001006,-14.499999999999513,Friday,4,2025-W28
2025-07-14,1.16658,1.16978,1.16541,1.1664,43.69999999999985,-1.7999999999984695,Monday,0,2025-W29
2025-07-15,1.16635,1.16925,1.15927,1.16005,99.79999999999878,-62.99999999999972,Tuesday,1,2025-W29
2025-07-16,1.15999,1.17212,1.15623,1.16377,158.8999999999996,37.799999999998946,Wednesday,2,2025-W29
2025-07-17,1.1639,1.16424,1.15566,1.15955,85.80000000000032,-43.499999999998536,Thursday,3,2025-W29
2025-07-18,1.15956,1.16716,1.15901,1.16207,81.49999999999879,25.100000000000122,Friday,4,2025-W29
2025-07-21,1.16236,1.17166,1.16145,1.16908,102.0999999999983,67.19999999999837,Monday,0,2025-W30
2025-07-22,1.16908,1.17607,1.16788,1.17538,81.8999999999992,63.00000000000195,Tuesday,1,2025-W30
2025-07-23,1.17537,1.17751,1.17109,1.17678,64.20000000000093,14.099999999999113,Wednesday,2,2025-W30
2025-07-24,1.17679,1.17887,1.17303,1.17465,58.400000000000674,-21.400000000000308,Thursday,3,2025-W30
2025-07-25,1.17465,1.17609,1.17028,1.17396,58.10000000000093,-6.900000000000794,Friday,4,2025-W30
2025-07-28,1.17552,1.177,1.1585,1.15876,184.9999999999996,-167.59999999999886,Monday,0,2025-W31
2025-07-29,1.15867,1.15989,1.15188,1.15453,80.10000000000073,-41.400000000000325,Tuesday,1,2025-W31
2025-07-30,1.15444,1.15725,1.14008,1.1404,171.69999999999908,-140.3999999999983,Wednesday,2,2025-W31
2025-07-31,1.1404,1.14606,1.14014,1.14139,59.200000000001474,9.899999999998244,Thursday,3,2025-W31
2025-08-01,1.14126,1.15969,1.13915,1.1583,205.40000000000003,170.40000000000165,Friday,4,2025-W31
2025-08-04,1.1591,1.15963,1.15497,1.15691,46.599999999998865,-21.899999999999142,Monday,0,2025-W32
2025-08-05,1.1569,1.15876,1.15277,1.15748,59.899999999999395,5.800000000000249,Tuesday,1,2025-W32
2025-08-06,1.15741,1.16683,1.15642,1.16594,104.1000000000003,85.29999999999927,Wednesday,2,2025-W32
2025-08-07,1.16583,1.16986,1.16108,1.16646,87.8000000000001,6.300000000001305,Thursday,3,2025-W32
2025-08-08,1.16639,1.16792,1.16287,1.16368,50.499999999999986,-27.099999999999902,Friday,4,2025-W32
2025-08-11,1.16444,1.16754,1.159,1.16149,85.39999999999992,-29.50000000000008,Monday,0,2025-W33
2025-08-12,1.16145,1.16971,1.15986,1.16739,98.50000000000136,59.39999999999834,Tuesday,1,2025-W33
2025-08-13,1.16739,1.17301,1.16689,1.17051,61.20000000000125,31.200000000000117,Wednesday,2,2025-W33
2025-08-14,1.17051,1.1715,1.16309,1.16473,84.10000000000028,-57.79999999999896,Thursday,3,2025-W33
2025-08-15,1.1647,1.17151,1.16458,1.17026,69.30000000000103,55.600000000000094,Friday,4,2025-W33
2025-08-18,1.17101,1.17157,1.16561,1.16602,59.59999999999965,-49.9000000000005,Monday,0,2025-W34
2025-08-19,1.16598,1.16928,1.1639,1.16464,53.800000000001624,-13.400000000001189,Tuesday,1,2025-W34
2025-08-20,1.16459,1.16736,1.16221,1.16506,51.49999999999988,4.699999999999704,Wednesday,2,2025-W34
2025-08-21,1.16505,1.16626,1.1601,1.16052,61.60000000000166,-45.29999999999923,Thursday,3,2025-W34
2025-08-22,1.16047,1.17425,1.15828,1.17148,159.7000000000004,110.10000000000187,Friday,4,2025-W34
2025-08-25,1.17203,1.17259,1.16028,1.16161,123.10000000000043,-104.19999999999874,Monday,0,2025-W35
2025-08-26,1.1616,1.16652,1.16021,1.16419,63.10000000000038,25.900000000000922,Tuesday,1,2025-W35
2025-08-27,1.16417,1.16475,1.1574,1.16381,73.49999999999967,-3.5999999999991594,Wednesday,2,2025-W35
2025-08-28,1.1638,1.16972,1.16289,1.16827,68.30000000000113,44.69999999999974,Thursday,3,2025-W35
2025-08-29,1.16817,1.17089,1.16507,1.16826,58.19999999999936,0.9000000000014552,Friday,4,2025-W35
2025-09-01,1.16935,1.17362,1.16845,1.17106,51.70000000000119,17.100000000001003,Monday,0,2025-W36
2025-09-02,1.17106,1.1718,1.16127,1.16395,105.29999999999929,-71.0999999999995,Tuesday,1,2025-W36
2025-09-03,1.16395,1.1682,1.16081,1.16612,73.90000000000008,21.700000000000053,Wednesday,2,2025-W36
2025-09-04,1.16612,1.16694,1.16298,1.16494,39.600000000001856,-11.799999999999589,Thursday,3,2025-W36
2025-09-05,1.16493,1.17593,1.16461,1.17141,113.19999999999996,64.80000000000041,Friday,4,2025-W36
2025-09-08,1.17111,1.17654,1.17036,1.17629,61.79999999999852,51.79999999999963,Monday,0,2025-W37
2025-09-09,1.1762,1.17799,1.17036,1.17078,76.30000000000025,-54.199999999999804,Tuesday,1,2025-W37
2025-09-10,1.17073,1.17306,1.16824,1.16946,48.200000000000465,-12.700000000001044,Wednesday,2,2025-W37
2025-09-11,1.16945,1.1746,1.16589,1.17337,87.09999999999995,39.199999999999235,Thursday,3,2025-W37
2025-09-12,1.17326,1.17475,1.17013,1.17301,46.200000000000685,-2.4999999999986144,Friday,4,2025-W37
2025-09-15,1.17303,1.17744,1.1716,1.17609,58.400000000000674,30.600000000000627,Monday,0,2025-W38
2025-09-16,1.17606,1.18783,1.17572,1.18668,121.09999999999843,106.19999999999851,Tuesday,1,2025-W38
2025-09-17,1.18657,1.19186,1.18077,1.18122,110.89999999999822,-53.49999999999966,Wednesday,2,2025-W38
2025-09-18,1.1812,1.18482,1.175,1.17856,98.19999999999939,-26.399999999999757,Thursday,3,2025-W38
2025-09-19,1.17841,1.17925,1.17286,1.17405,63.899999999998954,-43.5999999999992,Friday,4,2025-W38
2025-09-22,1.17449,1.18034,1.17262,1.18025,77.19999999999949,57.59999999999987,Monday,0,2025-W39
2025-09-23,1.18026,1.18199,1.17787,1.18149,41.20000000000124,12.299999999998423,Tuesday,1,2025-W39
2025-09-24,1.18138,1.1819,1.1728,1.17374,90.99999999999886,-76.40000000000092,Wednesday,2,2025-W39
2025-09-25,1.17367,1.17538,1.16454,1.16654,108.40000000000182,-71.30000000000081,Thursday,3,2025-W39
2025-09-26,1.16653,1.17072,1.16568,1.17005,50.39999999999934,35.199999999999676,Friday,4,2025-W39
2025-09-29,1.16986,1.17544,1.16986,1.1726,55.800000000001404,27.400000000001867,Monday,0,2025-W40
2025-09-30,1.17254,1.17615,1.17119,1.17328,49.600000000000755,7.4000000000018495,Tuesday,1,2025-W40
2025-10-01,1.17325,1.17785,1.17154,1.17294,63.10000000000038,-3.0999999999981043,Wednesday,2,2025-W40
2025-10-02,1.17268,1.17583,1.16829,1.17154,75.3999999999988,-11.399999999999189,Thursday,3,2025-W40
2025-10-03,1.17154,1.17591,1.1713,1.17382,46.10000000000003,22.800000000000598,Friday,4,2025-W40
2025-10-06,1.17209,1.17307,1.16516,1.17104,79.10000000000083,-10.499999999999954,Monday,0,2025-W41
2025-10-07,1.17104,1.17144,1.16474,1.16563,66.99999999999929,-54.10000000000137,Tuesday,1,2025-W41
2025-10-08,1.16559,1.1661,1.15983,1.16274,62.699999999999974,-28.49999999999797,Wednesday,2,2025-W41
2025-10-09,1.16275,1.1648,1.1542,1.15635,106.00000000000165,-63.999999999999616,Thursday,3,2025-W41
2025-10-10,1.15634,1.16305,1.15551,1.16149,75.3999999999988,51.49999999999988,Friday,4,2025-W41
2025-10-13,1.16138,1.16297,1.15574,1.15691,72.3000000000007,-44.69999999999974,Monday,0,2025-W42
2025-10-14,1.1569,1.16148,1.15423,1.16059,72.49999999999979,36.89999999999971,Tuesday,1,2025-W42
2025-10-15,1.1606,1.16476,1.16017,1.16466,45.900000000000944,40.599999999999525,Wednesday,2,2025-W42
2025-10-16,1.16461,1.16941,1.16418,1.16867,52.30000000000068,40.60000000000174,Thursday,3,2025-W42
2025-10-17,1.16864,1.17283,1.16496,1.16509,78.70000000000044,-35.49999999999942,Friday,4,2025-W42
2025-10-20,1.16646,1.16753,1.16382,1.16412,37.0999999999988,-23.400000000000087,Monday,0,2025-W43
2025-10-21,1.16413,1.1655,1.15975,1.15994,57.49999999999922,-41.900000000001384,Tuesday,1,2025-W43
2025-10-22,1.15988,1.16224,1.15767,1.161,45.69999999999963,11.200000000000099,Wednesday,2,2025-W43
2025-10-23,1.161,1.162,1.15853,1.16179,34.699999999998624,7.900000000000684,Thursday,3,2025-W43
2025-10-24,1.16177,1.1649,1.16008,1.16266,48.200000000000465,8.900000000000574,Friday,4,2025-W43
2025-10-26,1.16346,1.16362,1.16259,1.16287,10.300000000000864,-5.899999999998684,Sunday,6,2025-W43
2025-10-27,1.16295,1.1652,1.16176,1.16447,34.4000000000011,15.199999999999658,Monday,0,2025-W44
2025-10-28,1.16448,1.16686,1.16255,1.16515,43.100000000000364,6.699999999999484,Tuesday,1,2025-W44
2025-10-29,1.16521,1.1666,1.15773,1.16024,88.70000000000155,-49.70000000000141,Wednesday,2,2025-W44
2025-10-30,1.16022,1.16374,1.1547,1.15678,90.39999999999937,-34.4000000000011,Thursday,3,2025-W44
2025-10-31,1.15678,1.15775,1.15214,1.1537,56.100000000001145,-30.799999999999716,Friday,4,2025-W44
2025-11-03,1.15294,1.15413,1.1505,1.15196,36.300000000000225,-9.799999999999809,Monday,0,2025-W45
2025-11-04,1.1519,1.15334,1.14729,1.14818,60.50000000000111,-37.199999999999456,Tuesday,1,2025-W45
2025-11-05,1.14816,1.14978,1.14687,1.14917,29.09999999999968,10.099999999999554,Wednesday,2,2025-W45
2025-11-06,1.14917,1.15522,1.14905,1.15466,61.70000000000009,54.89999999999995,Thursday,3,2025-W45
2025-11-07,1.15463,1.1591,1.15294,1.15656,61.59999999999943,19.299999999999873,Friday,4,2025-W45
2025-11-10,1.15562,1.15829,1.15409,1.15568,41.999999999999815,0.5999999999994898,Monday,0,2025-W46
2025-11-11,1.15563,1.16057,1.15468,1.1582,58.900000000001725,25.699999999999612,Tuesday,1,2025-W46
2025-11-12,1.15818,1.15977,1.15627,1.15932,35.00000000000058,11.399999999999189,Wednesday,2,2025-W46
2025-11-13,1.15933,1.16559,1.15789,1.16324,76.99999999999818,39.100000000000804,Thursday,3,2025-W46
2025-11-14,1.16323,1.16536,1.1606,1.16172,47.59999999999876,-15.099999999999003,Friday,4,2025-W46
2025-11-17,1.16143,1.16244,1.15818,1.15912,42.599999999999305,-23.100000000000342,Monday,0,2025-W47
2025-11-18,1.15906,1.16076,1.15713,1.15803,36.300000000000225,-10.300000000000864,Tuesday,1,2025-W47
2025-11-19,1.15804,1.15971,1.15178,1.15369,79.29999999999993,-43.499999999998536,Wednesday,2,2025-W47
2025-11-20,1.15367,1.15499,1.15013,1.15274,48.599999999998644,-9.299999999998754,Thursday,3,2025-W47
2025-11-21,1.15273,1.15524,1.14909,1.15155,61.500000000000995,-11.799999999999589,Friday,4,2025-W47
2025-11-24,1.15128,1.15503,1.15018,1.15205,48.50000000000021,7.699999999999374,Monday,0,2025-W48
2025-11-25,1.15203,1.15859,1.15114,1.15697,74.49999999999957,49.399999999999444,Tuesday,1,2025-W48
2025-11-26,1.15696,1.16008,1.1547,1.15945,53.7999999999994,24.900000000001032,Wednesday,2,2025-W48
2025-11-27,1.15945,1.16132,1.15763,1.15949,36.89999999999971,0.3999999999981796,Thursday,3,2025-W48
2025-11-28,1.15949,1.16075,1.1555,1.15973,52.49999999999977,2.4000000000001798,Friday,4,2025-W48
2025-12-01,1.1594,1.16522,1.15893,1.16092,62.89999999999907,15.199999999999658,Monday,0,2025-W49
2025-12-02,1.16089,1.16258,1.1591,1.16233,34.79999999999927,14.400000000001079,Tuesday,1,2025-W49
2025-12-03,1.16233,1.16775,1.16204,1.16706,57.10000000000104,47.29999999999901,Wednesday,2,2025-W49
2025-12-04,1.16705,1.16819,1.16409,1.1644,40.99999999999993,-26.49999999999819,Thursday,3,2025-W49
2025-12-05,1.16439,1.16717,1.16279,1.16388,43.80000000000051,-5.1000000000001044,Friday,4,2025-W49
2025-12-08,1.16373,1.16718,1.16163,1.16369,55.50000000000166,-0.40000000000040004,Monday,0,2025-W50
2025-12-09,1.1637,1.16571,1.16149,1.16273,42.200000000001125,-9.699999999999154,Tuesday,1,2025-W50
2025-12-10,1.16266,1.16997,1.16214,1.16948,78.30000000000004,68.20000000000049,Wednesday,2,2025-W50
2025-12-11,1.16948,1.17627,1.16821,1.17376,80.59999999999957,42.79999999999839,Thursday,3,2025-W50
2025-12-12,1.17377,1.17497,1.17195,1.17396,30.200000000000227,1.8999999999991246,Friday,4,2025-W50
2025-12-15,1.17358,1.17688,1.17264,1.17521,42.40000000000022,16.300000000000203,Monday,0,2025-W51
2025-12-16,1.17518,1.1804,1.1735,1.17463,68.99999999999906,-5.499999999998284,Tuesday,1,2025-W51
2025-12-17,1.1746,1.1758,1.1703,1.17401,55.000000000000604,-5.9000000000009045,Wednesday,2,2025-W51
2025-12-18,1.174,1.17627,1.17123,1.17217,50.39999999999934,-18.299999999999983,Thursday,3,2025-W51
2025-12-19,1.17212,1.17377,1.17021,1.17103,35.60000000000008,-10.900000000000354,Friday,4,2025-W51
2025-12-22,1.17149,1.17693,1.17058,1.17612,63.50000000000078,46.30000000000134,Monday,0,2025-W52
2025-12-23,1.1761,1.18021,1.17536,1.1794,48.50000000000021,33.00000000000081,Tuesday,1,2025-W52
2025-12-24,1.17936,1.18079,1.17726,1.1778,35.30000000000033,-15.600000000000058,Wednesday,2,2025-W52
2025-12-25,1.17777,1.17835,1.17663,1.17752,17.199999999999438,-2.500000000000835,Thursday,3,2025-W52
2025-12-26,1.17755,1.17966,1.17615,1.1768,35.09999999999902,-7.500000000000284,Friday,4,2025-W52
2025-12-29,1.17631,1.1789,1.17493,1.17718,39.70000000000029,8.699999999999264,Monday,0,2025-W01
2025-12-30,1.17713,1.17797,1.17431,1.17475,36.599999999999966,-23.800000000000487,Tuesday,1,2025-W01
2025-12-31,1.17476,1.17592,1.17199,1.17455,39.29999999999989,-2.100000000000435,Wednesday,2,2025-W01
