week_key,high_day_name,high_dow,low_day_name,low_dow,weekly_range,weekly_return,high_first,low_first,same_day,distance,bullish
2000-W22,Friday,4,Wednesday,2,346.99999999999955,137.99999999999923,False,True,False,2,True
2000-W23,Thursday,3,Monday,0,288.00000000000045,61.99999999999983,False,True,False,3,True
2000-W24,Friday,4,Monday,0,166.99999999999937,113.99999999999966,False,True,False,4,True
2000-W25,Monday,0,Friday,4,352.0000000000001,-280.0000000000002,True,False,False,4,False
2000-W26,Friday,4,Monday,0,305.00000000000085,175.9999999999995,False,True,False,4,True
2000-W27,Thursday,3,Friday,4,139.00000000000023,-50.00000000000004,True,False,False,1,False
2000-W28,Tuesday,1,Friday,4,251.0000000000001,-106.00000000000054,True,False,False,3,False
2000-W29,Monday,0,Wednesday,2,209.00000000000028,-19.000000000000128,True,False,False,2,False
2000-W30,Wednesday,2,Friday,4,220.99999999999898,-124.99999999999956,True,False,False,2,False
2000-W31,Monday,0,Thursday,3,297.9999999999994,-159.00000000000026,True,False,False,3,False
2000-W32,Friday,4,Wednesday,2,180.00000000000017,-41.999999999999815,False,True,False,2,False
2000-W33,Friday,4,Monday,0,177.00000000000048,30.00000000000003,False,True,False,4,True
2000-W34,Monday,0,Wednesday,2,167.00000000000048,-52.999999999999716,True,False,False,2,False
2000-W35,Monday,0,Thursday,3,203.99999999999974,-42.9999999999997,True,False,False,3,False
2000-W36,Monday,0,Thursday,3,401.0000000000002,-312.99999999999994,True,False,False,3,False
2000-W37,Monday,0,Friday,4,199.00000000000028,-112.99999999999977,True,False,False,4,False
2000-W38,Friday,4,Wednesday,2,506.99999999999966,236.99999999999943,False,True,False,2,True
2000-W39,Wednesday,2,Monday,0,172.99999999999983,25.999999999999357,False,True,False,2,True
2000-W40,Monday,0,Friday,4,189.00000000000028,-165.9999999999995,True,False,False,4,False
2000-W41,Wednesday,2,Friday,4,233.99999999999977,-150.00000000000014,True,False,False,2,False
2000-W42,Wednesday,2,Wednesday,2,252.0,-125.00000000000067,False,False,True,0,False
2000-W43,Friday,4,Thursday,3,217.0000000000005,-10.999999999999899,False,True,False,1,False
2000-W44,Friday,4,Tuesday,1,382.0000000000001,272.9999999999999,False,True,False,3,True
2000-W45,Monday,0,Thursday,3,212.99999999999986,-70.00000000000006,True,False,False,3,False
2000-W46,Monday,0,Friday,4,191.99999999999994,-143.0000000000009,True,False,False,4,False
2000-W47,Tuesday,1,Friday,4,159.00000000000026,-95.00000000000064,True,False,False,3,False
2000-W48,Friday,4,Monday,0,404.99999999999983,393.9999999999999,False,True,False,4,True
2000-W49,Thursday,3,Monday,0,216.9999999999994,91.99999999999986,False,True,False,3,True
2000-W50,Friday,4,Wednesday,2,282.0,125.99999999999945,False,True,False,2,True
2000-W51,Friday,4,Tuesday,1,377.0000000000007,279.00000000000034,False,True,False,3,True
2000-W52,Friday,4,Thursday,3,141.99999999999991,77.0000000000004,False,True,False,1,True
2001-W01,Friday,4,Monday,0,768.9999999999997,-558.9999999999995,False,True,False,4,False
2001-W02,Monday,0,Wednesday,2,230.0000000000002,-188.0000000000004,True,False,False,2,False
2001-W04,Tuesday,1,Thursday,3,334.00000000000097,-116.00000000000054,True,False,False,2,False
2001-W05,Thursday,3,Tuesday,1,300.0000000000003,123.99999999999966,False,True,False,2,True
2001-W06,Monday,0,Friday,4,303.99999999999983,-125.99999999999945,True,False,False,4,False
2001-W07,Tuesday,1,Thursday,3,302.99999999999994,-83.00000000000085,True,False,False,2,False
2001-W08,Tuesday,1,Thursday,3,223.99999999999974,46.00000000000048,True,False,False,2,True
2001-W09,Friday,4,Monday,0,300.0000000000003,174.9999999999996,False,True,False,4,True
2001-W10,Friday,4,Tuesday,1,121.99999999999989,-26.00000000000047,False,True,False,3,False
2001-W11,Monday,0,Friday,4,427.00000000000074,-348.0000000000005,True,False,False,4,False
2001-W12,Wednesday,2,Thursday,3,299.0000000000004,-72.99999999999973,True,False,False,1,False
2001-W13,Tuesday,1,Friday,4,235.99999999999955,-96.00000000000053,True,False,False,3,False
2001-W14,Thursday,3,Monday,0,345.99999999999966,283.99999999999983,False,True,False,3,True
2001-W15,Monday,0,Wednesday,2,237.00000000000054,-145.00000000000068,True,False,False,2,False
2001-W16,Friday,4,Wednesday,2,330.0000000000003,172.99999999999983,False,True,False,2,True
2001-W17,Monday,0,Friday,4,191.99999999999994,-119.00000000000021,True,False,False,4,False
2001-W18,Friday,4,Monday,0,156.00000000000057,20.000000000000018,False,True,False,4,True
2001-W19,Monday,0,Friday,4,199.00000000000028,-160.00000000000014,True,False,False,4,False
2001-W20,Thursday,3,Monday,0,154.99999999999957,51.000000000001044,False,True,False,3,True
2001-W21,Monday,0,Thursday,3,322.00000000000006,-221.99999999999997,True,False,False,3,False
2001-W22,Tuesday,1,Friday,4,180.00000000000017,-121.99999999999989,True,False,False,3,False
2001-W23,Wednesday,2,Tuesday,1,142.9999999999998,35.00000000000058,False,True,False,1,True
2001-W24,Friday,4,Monday,0,262.0,113.99999999999966,False,True,False,4,True
2001-W25,Monday,0,Wednesday,2,146.99999999999935,-58.999999999999055,True,False,False,2,False
2001-W26,Wednesday,2,Thursday,3,227.99999999999932,-73.99999999999962,True,False,False,1,False
2001-W27,Monday,0,Friday,4,154.99999999999957,-18.000000000000238,True,False,False,4,False
2001-W28,Wednesday,2,Monday,0,196.00000000000063,77.0000000000004,False,True,False,2,True
2001-W29,Friday,4,Tuesday,1,293.99999999999983,171.99999999999994,False,True,False,3,True
2001-W30,Thursday,3,Monday,0,169.00000000000026,65.99999999999939,False,True,False,3,True
2001-W31,Friday,4,Monday,0,148.99999999999915,83.00000000000085,False,True,False,4,True
2001-W32,Friday,4,Wednesday,2,217.0000000000005,103.99999999999964,False,True,False,2,True
2001-W33,Thursday,3,Monday,0,278.00000000000045,235.00000000000077,False,True,False,3,True
2001-W34,Wednesday,2,Friday,4,163.99999999999972,-42.9999999999997,True,False,False,2,False
2001-W35,Friday,4,Tuesday,1,169.00000000000026,-43.00000000000082,False,True,False,3,False
2001-W36,Monday,0,Thursday,3,275.9999999999996,-22.999999999999687,True,False,False,3,False
2001-W37,Friday,4,Tuesday,1,296.9999999999995,151.00000000000003,False,True,False,3,True
2001-W38,Monday,0,Friday,4,245.99999999999955,-97.9999999999992,True,False,False,4,False
2001-W39,Tuesday,1,Friday,4,167.00000000000048,-40.000000000000036,True,False,False,3,False
2001-W40,Wednesday,2,Monday,0,170.00000000000014,43.999999999999595,False,True,False,2,True
2001-W41,Monday,0,Wednesday,2,140.0000000000001,-70.00000000000006,True,False,False,2,False
2001-W42,Monday,0,Thursday,3,144.0000000000008,-83.99999999999963,True,False,False,3,False
2001-W43,Monday,0,Tuesday,1,132.99999999999977,-50.00000000000004,True,False,False,1,False
2001-W44,Tuesday,1,Monday,0,180.00000000000017,79.00000000000018,False,True,False,1,True
2001-W45,Wednesday,2,Wednesday,2,109.00000000000021,-43.999999999999595,False,False,True,0,False
2001-W46,Monday,0,Wednesday,2,244.00000000000088,-118.9999999999991,True,False,False,2,False
2001-W47,Monday,0,Wednesday,2,97.9999999999992,-67.99999999999918,True,False,False,2,False
2001-W48,Wednesday,2,Tuesday,1,117.00000000000044,87.00000000000041,False,True,False,1,True
2001-W49,Wednesday,2,Wednesday,2,248.99999999999923,-82.99999999999974,False,False,True,0,False
2001-W50,Wednesday,2,Monday,0,223.00000000000097,76.00000000000051,False,True,False,2,True
2001-W51,Monday,0,Wednesday,2,195.00000000000074,-51.99999999999982,True,False,False,2,False
2001-W52,Monday,0,Monday,0,166.99999999999937,-94.00000000000075,False,False,True,0,False
2002-W01,Tuesday,1,Wednesday,2,1591.0000000000002,1590.0000000000002,True,False,False,1,True
2002-W02,Wednesday,2,Wednesday,2,175.9999999999995,-45.999999999999375,False,False,True,0,False
2002-W03,Monday,0,Wednesday,2,148.99999999999915,-124.00000000000078,True,False,False,2,False
2002-W04,Wednesday,2,Wednesday,2,121.0,-86.9999999999993,False,False,True,0,False
2002-W05,Monday,0,Monday,0,166.99999999999937,-29.000000000000135,False,False,True,0,False
2002-W06,Tuesday,1,Monday,0,120.00000000000011,46.00000000000048,False,True,False,1,True
2002-W08,Tuesday,1,Tuesday,1,117.99999999999922,23.000000000000796,False,False,True,0,True
2002-W09,Monday,0,Tuesday,1,140.0000000000001,-115.00000000000065,True,False,False,1,False
2002-W10,Thursday,3,Monday,0,144.99999999999957,127.00000000000044,False,True,False,3,True
2002-W11,Wednesday,2,Tuesday,1,77.99999999999918,30.00000000000003,False,True,False,1,True
2002-W12,Thursday,3,Monday,0,77.0000000000004,36.999999999999254,False,True,False,3,True
2002-W13,Tuesday,1,Wednesday,2,78.00000000000028,-33.99999999999959,True,False,False,1,False
2002-W14,Wednesday,2,Monday,0,118.00000000000033,97.00000000000043,False,True,False,2,True
2002-W15,Wednesday,2,Monday,0,89.00000000000018,5.0000000000005596,False,True,False,2,True
2002-W16,Thursday,3,Monday,0,124.99999999999956,111.99999999999987,False,True,False,3,True
2002-W17,Wednesday,2,Tuesday,1,70.99999999999996,20.000000000000018,False,True,False,1,True
2002-W18,Wednesday,2,Tuesday,1,94.00000000000075,55.000000000000604,False,True,False,1,True
2002-W19,Tuesday,1,Wednesday,2,151.00000000000003,-114.99999999999955,True,False,False,1,False
2002-W20,Monday,0,Wednesday,2,169.99999999999903,-6.999999999999229,True,False,False,2,False
2002-W21,Wednesday,2,Tuesday,1,114.99999999999955,36.999999999999254,False,True,False,1,True
2002-W22,Wednesday,2,Monday,0,184.00000000000082,155.99999999999946,False,True,False,2,True
2002-W23,Tuesday,1,Monday,0,148.00000000000034,57.000000000000384,False,True,False,1,True
2002-W24,Wednesday,2,Monday,0,115.99999999999943,-0.9999999999998899,False,True,False,2,False
2002-W25,Thursday,3,Monday,0,171.99999999999994,121.99999999999989,False,True,False,3,True
2002-W26,Wednesday,2,Tuesday,1,282.99999999999994,152.9999999999998,False,True,False,1,True
2002-W27,Monday,0,Thursday,3,222.00000000000108,-168.99999999999915,True,False,False,3,False
2002-W28,Wednesday,2,Monday,0,225.99999999999955,133.9999999999997,False,True,False,2,True
2002-W29,Friday,4,Monday,0,277.9999999999994,189.00000000000028,False,True,False,4,True
2002-W30,Monday,0,Tuesday,1,281.9999999999989,-121.0,True,False,False,1,False
2002-W31,Friday,4,Thursday,3,192.99999999999983,-3.9999999999995595,False,True,False,1,False
2002-W32,Monday,0,Tuesday,1,254.99999999999966,-161.00000000000003,True,False,False,1,False
2002-W33,Wednesday,2,Monday,0,198.0000000000004,151.99999999999991,False,True,False,2,True
2002-W34,Monday,0,Friday,4,208.0000000000004,-118.00000000000033,True,False,False,4,False
2002-W35,Thursday,3,Monday,0,199.00000000000028,88.0000000000003,False,True,False,3,True
2002-W36,Thursday,3,Monday,0,191.99999999999994,5.999999999999339,False,True,False,3,True
2002-W37,Friday,4,Wednesday,2,136.99999999999935,-105.00000000000065,False,True,False,2,False
2002-W38,Friday,4,Tuesday,1,272.0,100.00000000000009,False,True,False,3,True
2002-W39,Monday,0,Thursday,3,128.00000000000034,1.9999999999997797,True,False,False,3,True
2002-W40,Thursday,3,Friday,4,128.00000000000034,-22.00000000000091,True,False,False,1,False
2002-W41,Thursday,3,Tuesday,1,163.99999999999972,80.99999999999996,False,True,False,2,True
2002-W42,Monday,0,Thursday,3,192.99999999999983,-158.00000000000037,True,False,False,3,False
2002-W43,Tuesday,1,Monday,0,113.99999999999966,46.00000000000048,False,True,False,1,True
2002-W44,Friday,4,Monday,0,277.9999999999994,201.99999999999994,False,True,False,4,True
2002-W45,Friday,4,Monday,0,212.99999999999875,161.00000000000114,False,True,False,4,True
2002-W46,Monday,0,Friday,4,157.00000000000048,-30.999999999998806,True,False,False,4,False
2002-W47,Tuesday,1,Friday,4,181.00000000000006,-128.00000000000034,True,False,False,3,False
2002-W48,Monday,0,Wednesday,2,91.99999999999986,-11.999999999999789,True,False,False,2,False
2002-W49,Friday,4,Monday,0,265.99999999999955,151.99999999999991,False,True,False,4,True
2002-W50,Friday,4,Wednesday,2,199.00000000000028,136.00000000000057,False,True,False,2,True
2002-W51,Tuesday,1,Monday,0,141.0,31.999999999998696,False,True,False,1,True
2002-W52,Friday,4,Monday,0,225.99999999999955,161.00000000000003,False,True,False,4,True
2003-W01,Wednesday,2,Thursday,3,2309.9999999999986,2080.9999999999995,True,False,False,1,True
2003-W02,Friday,4,Wednesday,2,222.99999999999986,150.99999999999892,False,True,False,2,True
2003-W03,Friday,4,Wednesday,2,174.00000000000082,89.99999999999898,False,True,False,2,True
2003-W04,Friday,4,Tuesday,1,216.00000000000063,162.9999999999998,False,True,False,3,True
2003-W05,Monday,0,Friday,4,184.9999999999996,-62.00000000000205,True,False,False,4,False
2003-W06,Wednesday,2,Monday,0,245.00000000000188,30.000000000001137,False,True,False,2,True
2003-W07,Thursday,3,Tuesday,1,194.00000000000085,-29.000000000001247,False,True,False,2,False
2003-W08,Friday,4,Wednesday,2,182.99999999999983,5.999999999999339,False,True,False,2,True
2003-W09,Thursday,3,Monday,0,128.00000000000145,60.99999999999994,False,True,False,3,True
2003-W10,Friday,4,Monday,0,300.0000000000003,231.99999999999886,False,True,False,4,True
2003-W11,Tuesday,1,Friday,4,394.000000000001,-266.99999999999943,True,False,False,3,False
2003-W12,Monday,0,Friday,4,340.0000000000003,-257.00000000000057,True,False,False,4,False
2003-W13,Friday,4,Monday,0,235.00000000000077,189.99999999999906,False,True,False,4,True
2003-W14,Wednesday,2,Friday,4,276.0000000000007,-67.0000000000015,True,False,False,2,False
2003-W15,Thursday,3,Monday,0,268.99999999999926,60.99999999999994,False,True,False,3,True
2003-W16,Thursday,3,Monday,0,260.0000000000002,139.00000000000023,False,True,False,3,True
2003-W17,Friday,4,Monday,0,228.9999999999992,138.00000000000034,False,True,False,4,True
2003-W18,Thursday,3,Tuesday,1,351.0000000000013,188.99999999999918,False,True,False,2,True
2003-W19,Friday,4,Monday,0,333.99999999999875,257.00000000000057,False,True,False,4,True
2003-W20,Monday,0,Friday,4,253.000000000001,60.00000000000006,True,False,False,4,True
2003-W21,Friday,4,Tuesday,1,212.99999999999875,121.99999999999989,False,True,False,3,True
2003-W22,Tuesday,1,Thursday,3,243.99999999999977,-59.00000000000016,True,False,False,2,False
2003-W23,Thursday,3,Thursday,3,258.00000000000045,-9.999999999998899,False,False,True,0,False
2003-W24,Friday,4,Monday,0,221.00000000000009,156.99999999999824,False,True,False,4,True
2003-W25,Monday,0,Friday,4,379.00000000000045,-279.00000000000034,True,False,False,4,False
2003-W26,Wednesday,2,Friday,4,225.00000000000188,-151.00000000000114,True,False,False,2,False
2003-W27,Tuesday,1,Monday,0,208.99999999999918,44.00000000000182,False,True,False,1,True
2003-W28,Monday,0,Tuesday,1,230.0000000000013,-188.0000000000015,True,False,False,1,False
2003-W29,Tuesday,1,Wednesday,2,223.99999999999974,-24.999999999999467,True,False,False,1,False
2003-W30,Friday,4,Monday,0,306.9999999999995,242.9999999999999,False,True,False,4,True
2003-W31,Tuesday,1,Friday,4,403.9999999999999,-207.9999999999993,True,False,False,3,False
2003-W32,Wednesday,2,Monday,0,164.9999999999996,19.000000000000128,False,True,False,2,True
2003-W34,Monday,0,Friday,4,433.9999999999988,-375.0000000000009,True,False,False,4,False
2003-W35,Friday,4,Tuesday,1,206.00000000000173,128.99999999999912,False,True,False,3,True
2003-W36,Friday,4,Wednesday,2,349.9999999999992,106.99999999999932,False,True,False,2,True
2003-W37,Friday,4,Monday,0,276.0000000000007,181.99999999999994,False,True,False,4,True
2003-W38,Friday,4,Wednesday,2,242.9999999999999,92.00000000000097,False,True,False,2,True
2003-W39,Thursday,3,Monday,0,122.99999999999977,37.00000000000037,False,True,False,3,True
2003-W40,Thursday,3,Monday,0,375.0000000000009,111.99999999999876,False,True,False,3,True
2003-W41,Thursday,3,Monday,0,323.99999999999983,230.99999999999898,False,True,False,3,True
2003-W42,Monday,0,Friday,4,276.99999999999835,-140.0000000000001,True,False,False,4,False
2003-W43,Friday,4,Monday,0,252.99999999999878,70.00000000000117,False,True,False,4,True
2003-W44,Monday,0,Friday,4,186.99999999999937,-158.00000000000037,True,False,False,4,False
2003-W45,Monday,0,Friday,4,242.0,-63.999999999999616,True,False,False,4,False
2003-W46,Friday,4,Tuesday,1,359.00000000000045,258.00000000000045,False,True,False,3,True
2003-W47,Wednesday,2,Monday,0,251.9999999999989,117.00000000000044,False,True,False,2,True
2003-W48,Friday,4,Tuesday,1,263.9999999999998,74.00000000000074,False,True,False,3,True
2003-W49,Friday,4,Monday,0,239.0000000000003,184.9999999999996,False,True,False,4,True
2003-W50,Friday,4,Thursday,3,190.99999999999895,109.00000000000132,False,True,False,1,True
2003-W51,Thursday,3,Monday,0,302.00000000000006,213.00000000000097,False,True,False,3,True
2003-W52,Wednesday,2,Monday,0,120.00000000000011,14.000000000000679,False,True,False,2,True
2004-W02,Friday,4,Thursday,3,306.9999999999995,240.00000000000023,False,True,False,1,True
2004-W03,Monday,0,Friday,4,546.9999999999997,-481.00000000000034,True,False,False,4,False
2004-W04,Friday,4,Monday,0,443.00000000000006,206.9999999999994,False,True,False,4,True
2004-W05,Wednesday,2,Friday,4,357.9999999999983,-114.99999999999844,True,False,False,2,False
2004-W06,Friday,4,Monday,0,332.99999999999886,224.99999999999966,False,True,False,4,True
2004-W07,Friday,4,Monday,0,288.0000000000016,128.99999999999912,False,True,False,4,True
2004-W08,Wednesday,2,Friday,4,433.9999999999988,-226.99999999999943,True,False,False,2,False
2004-W09,Tuesday,1,Friday,4,340.0000000000003,-45.999999999999375,True,False,False,3,False
2004-W10,Monday,0,Wednesday,2,484.9999999999999,-115.00000000000065,True,False,False,2,False
2004-W11,Monday,0,Thursday,3,328.00000000000165,-212.00000000000108,True,False,False,3,False
2004-W12,Thursday,3,Wednesday,2,260.0000000000002,91.00000000000108,False,True,False,1,True
2004-W13,Monday,0,Friday,4,327.99999999999943,-146.99999999999935,True,False,False,4,False
2004-W14,Thursday,3,Monday,0,340.0000000000003,20.999999999999908,False,True,False,3,True
2004-W15,Thursday,3,Tuesday,1,236.00000000000065,-8.00000000000134,False,True,False,2,False
2004-W16,Monday,0,Wednesday,2,228.9999999999992,-95.00000000000064,True,False,False,2,False
2004-W17,Monday,0,Thursday,3,299.0000000000004,-179.00000000000028,True,False,False,3,False
2004-W18,Friday,4,Monday,0,253.000000000001,153.99999999999858,False,True,False,4,True
2004-W19,Wednesday,2,Friday,4,302.99999999999994,-96.00000000000053,True,False,False,2,False
2004-W20,Wednesday,2,Thursday,3,166.99999999999937,6.00000000000156,True,False,False,1,True
2004-W21,Friday,4,Monday,0,192.00000000000105,102.99999999999976,False,True,False,4,True
2004-W22,Friday,4,Monday,0,363.0,229.9999999999991,False,True,False,4,True
2004-W23,Wednesday,2,Friday,4,167.0000000000016,39.00000000000014,True,False,False,2,True
2004-W24,Tuesday,1,Friday,4,384.9999999999998,-312.00000000000114,True,False,False,3,False
2004-W25,Tuesday,1,Monday,0,214.00000000000085,136.99999999999824,False,True,False,1,True
2004-W26,Wednesday,2,Thursday,3,151.00000000000114,32.00000000000092,True,False,False,1,True
2004-W27,Friday,4,Wednesday,2,259.00000000000034,143.9999999999997,False,True,False,2,True
2004-W28,Friday,4,Tuesday,1,160.00000000000014,85.9999999999994,False,True,False,3,True
2004-W29,Friday,4,Tuesday,1,160.00000000000014,36.000000000000476,False,True,False,3,True
2004-W30,Monday,0,Friday,4,372.99999999999886,-339.0000000000004,True,False,False,4,False
2004-W31,Tuesday,1,Thursday,3,197.0000000000005,-81.99999999999986,True,False,False,2,False
2004-W32,Friday,4,Wednesday,2,322.00000000000006,226.99999999999943,False,True,False,2,True
2004-W33,Friday,4,Friday,4,197.0000000000005,83.99999999999963,False,False,True,0,True
2004-W34,Tuesday,1,Friday,4,111.0000000000011,-65.99999999999939,True,False,False,3,False
2004-W35,Monday,0,Friday,4,314.99999999999864,-306.9999999999995,True,False,False,4,False
2004-W36,Wednesday,2,Monday,0,231.99999999999886,40.99999999999993,False,True,False,2,True
2004-W37,Friday,4,Wednesday,2,283.99999999999983,201.99999999999994,False,True,False,2,True
2004-W38,Tuesday,1,Thursday,3,173.00000000000094,-82.99999999999974,True,False,False,2,False
2004-W39,Friday,4,Monday,0,236.00000000000065,83.00000000000196,False,True,False,4,True
2004-W40,Thursday,3,Monday,0,194.99999999999852,122.99999999999977,False,True,False,3,True
2004-W41,Friday,4,Wednesday,2,183.99999999999972,19.000000000000128,False,True,False,2,True
2004-W42,Friday,4,Wednesday,2,278.9999999999981,51.000000000001044,False,True,False,2,True
2004-W43,Friday,4,Tuesday,1,228.9999999999992,196.00000000000063,False,True,False,3,True
2004-W44,Tuesday,1,Thursday,3,210.99999999999898,94.99999999999842,True,False,False,2,True
2004-W45,Friday,4,Wednesday,2,313.99999999999875,165.9999999999995,False,True,False,2,True
2004-W46,Wednesday,2,Wednesday,2,156.00000000000057,17.000000000000348,False,False,True,0,True
2004-W47,Thursday,3,Monday,0,156.00000000000057,42.9999999999997,False,True,False,3,True
2004-W48,Friday,4,Tuesday,1,351.999999999999,252.99999999999878,False,True,False,3,True
2004-W49,Friday,4,Monday,0,230.0000000000013,184.9999999999996,False,True,False,4,True
2004-W50,Tuesday,1,Friday,4,326.9999999999995,-219.0000000000003,True,False,False,3,False
2004-W51,Wednesday,2,Monday,0,254.00000000000088,113.99999999999855,False,True,False,2,True
2004-W52,Friday,4,Monday,0,249.99999999999912,199.00000000000028,False,True,False,4,True
2004-W53,Thursday,3,Friday,4,153.0000000000009,23.999999999999577,True,False,False,1,True
2005-W01,Monday,0,Friday,4,547.9999999999995,-502.0000000000002,True,False,False,4,False
2005-W02,Wednesday,2,Monday,0,241.0000000000001,47.999999999999154,False,True,False,2,True
2005-W03,Monday,0,Thursday,3,204.99999999999963,-62.99999999999972,True,False,False,3,False
2005-W04,Thursday,3,Tuesday,1,178.00000000000037,0.0,False,True,False,2,False
2005-W05,Wednesday,2,Friday,4,224.99999999999966,-162.9999999999998,True,False,False,2,False
2005-W06,Thursday,3,Monday,0,173.9999999999986,47.000000000001485,False,True,False,3,True
2005-W07,Thursday,3,Monday,0,210.99999999999898,169.99999999999903,False,True,False,3,True
2005-W08,Wednesday,2,Monday,0,240.9999999999979,201.00000000000006,False,True,False,2,True
2005-W09,Monday,0,Wednesday,2,191.00000000000117,-0.9999999999998899,True,False,False,2,False
2005-W10,Friday,4,Monday,0,300.0000000000003,216.9999999999983,False,True,False,4,True
2005-W11,Monday,0,Friday,4,211.0000000000012,-143.9999999999997,True,False,False,4,False
2005-W12,Monday,0,Friday,4,387.00000000000176,-351.999999999999,True,False,False,4,False
2005-W13,Friday,4,Monday,0,199.00000000000028,-49.000000000001265,False,True,False,4,False
2005-W14,Thursday,3,Tuesday,1,139.00000000000023,37.99999999999804,False,True,False,2,True
2005-W15,Tuesday,1,Thursday,3,247.00000000000165,-11.999999999998678,True,False,False,2,False
2005-W16,Thursday,3,Monday,0,246.99999999999943,149.99999999999903,False,True,False,3,True
2005-W17,Monday,0,Friday,4,214.99999999999852,-198.0000000000004,True,False,False,4,False
2005-W18,Thursday,3,Friday,4,178.99999999999804,-44.99999999999949,True,False,False,1,False
2005-W19,Wednesday,2,Friday,4,300.99999999999795,-192.00000000000105,True,False,False,2,False
2005-W20,Wednesday,2,Friday,4,154.99999999999847,-63.999999999999616,True,False,False,2,False
2005-W21,Tuesday,1,Thursday,3,132.99999999999866,27.999999999999137,True,False,False,2,True
2005-W22,Monday,0,Wednesday,2,384.9999999999998,-296.99999999999835,True,False,False,2,False
2005-W23,Wednesday,2,Friday,4,245.99999999999955,-111.0000000000011,True,False,False,2,False
2005-W24,Friday,4,Wednesday,2,268.99999999999926,173.9999999999986,False,True,False,2,True
2005-W25,Monday,0,Friday,4,256.0000000000007,-117.00000000000044,True,False,False,4,False
2005-W26,Monday,0,Wednesday,2,168.99999999999915,9.999999999998899,True,False,False,2,True
2005-W27,Thursday,3,Tuesday,1,168.99999999999915,24.000000000001798,False,True,False,2,True
2005-W28,Tuesday,1,Monday,0,299.0000000000004,73.99999999999851,False,True,False,1,True
2005-W29,Thursday,3,Tuesday,1,301.00000000000017,28.999999999999027,False,True,False,2,True
2005-W30,Friday,4,Wednesday,2,193.9999999999986,70.00000000000117,False,True,False,2,True
2005-W31,Thursday,3,Monday,0,282.99999999999994,226.99999999999943,False,True,False,3,True
2005-W32,Friday,4,Monday,0,168.99999999999915,80.00000000000007,False,True,False,4,True
2005-W33,Monday,0,Friday,4,338.9999999999982,-298.0000000000005,True,False,False,4,False
2005-W34,Friday,4,Monday,0,183.99999999999972,118.00000000000033,False,True,False,4,True
2005-W35,Friday,4,Tuesday,1,418.00000000000057,243.99999999999977,False,True,False,3,True
2005-W36,Monday,0,Friday,4,210.99999999999898,-122.99999999999977,True,False,False,4,False
2005-W37,Monday,0,Thursday,3,221.99999999999997,-173.9999999999986,True,False,False,3,False
2005-W38,Thursday,3,Friday,4,228.00000000000153,-128.00000000000145,True,False,False,1,False
2005-W39,Friday,4,Tuesday,1,114.00000000000077,-6.00000000000156,False,True,False,3,False
2005-W40,Thursday,3,Tuesday,1,303.99999999999983,99.0000000000002,False,True,False,2,True
2005-W41,Monday,0,Thursday,3,238.00000000000043,-33.00000000000081,True,False,False,3,False
2005-W42,Monday,0,Wednesday,2,246.99999999999943,-133.99999999999858,True,False,False,2,False
2005-W43,Thursday,3,Monday,0,251.00000000000122,129.00000000000134,False,True,False,3,True
2005-W44,Monday,0,Friday,4,286.0000000000018,-239.0000000000003,True,False,False,4,False
2005-W45,Monday,0,Friday,4,161.00000000000003,-87.99999999999919,True,False,False,4,False
2005-W46,Friday,4,Tuesday,1,155.00000000000068,52.00000000000094,False,True,False,3,True
2005-W47,Wednesday,2,Tuesday,1,180.00000000000017,-47.999999999999154,False,True,False,1,False
2005-W48,Monday,0,Friday,4,240.9999999999979,3.9999999999995595,True,False,False,4,True
2005-W49,Thursday,3,Monday,0,161.00000000000003,111.0000000000011,False,True,False,3,True
2005-W50,Wednesday,2,Monday,0,328.00000000000165,231.0000000000012,False,True,False,2,True
2005-W51,Monday,0,Wednesday,2,238.00000000000043,-151.00000000000114,True,False,False,2,False
2005-W52,Wednesday,2,Wednesday,2,120.00000000000011,3.9999999999995595,False,False,True,0,True
2006-W01,Friday,4,Tuesday,1,366.99999999999955,338.0000000000005,False,True,False,3,True
2006-W02,Thursday,3,Thursday,3,155.99999999999835,-13.000000000000789,False,False,True,0,False
2006-W03,Monday,0,Friday,4,135.00000000000068,-10.000000000001119,True,False,False,4,False
2006-W04,Wednesday,2,Friday,4,238.9999999999981,-40.000000000000036,True,False,False,2,False
2006-W05,Tuesday,1,Friday,4,221.99999999999997,-83.00000000000196,True,False,False,3,False
2006-W06,Monday,0,Friday,4,154.0000000000008,-137.00000000000045,True,False,False,4,False
2006-W07,Wednesday,2,Thursday,3,102.99999999999976,35.00000000000058,True,False,False,1,True
2006-W08,Monday,0,Wednesday,2,112.99999999999866,-58.00000000000027,True,False,False,2,False
2006-W09,Friday,4,Monday,0,225.99999999999955,165.9999999999995,False,True,False,4,True
2006-W10,Monday,0,Friday,4,233.000000000001,-130.00000000000122,True,False,False,4,False
2006-W11,Friday,4,Monday,0,295.0000000000008,273.000000000001,False,True,False,4,True
2006-W12,Monday,0,Friday,4,242.9999999999999,-146.99999999999935,True,False,False,4,False
2006-W13,Friday,4,Wednesday,2,198.0000000000004,77.0000000000004,False,True,False,2,True
2006-W14,Thursday,3,Monday,0,300.0000000000003,-22.999999999999687,False,True,False,3,False
2006-W15,Wednesday,2,Wednesday,2,101.99999999999987,6.00000000000156,False,False,True,0,True
2006-W16,Wednesday,2,Monday,0,274.0000000000009,221.00000000000009,False,True,False,2,True
2006-W17,Friday,4,Monday,0,309.99999999999915,262.0,False,True,False,4,True
2006-W18,Friday,4,Monday,0,207.9999999999993,101.99999999999987,False,True,False,4,True
2006-W19,Friday,4,Tuesday,1,296.0000000000007,184.9999999999996,False,True,False,3,True
2006-W20,Monday,0,Friday,4,277.99999999999824,-167.99999999999926,True,False,False,4,False
2006-W21,Wednesday,2,Monday,0,197.99999999999818,-34.000000000000696,False,True,False,2,False
2006-W22,Friday,4,Monday,0,221.99999999999997,185.9999999999995,False,True,False,4,True
2006-W23,Monday,0,Friday,4,383.9999999999999,-293.000000000001,True,False,False,4,False
2006-W24,Friday,4,Tuesday,1,140.0000000000001,20.000000000000018,False,True,False,3,True
2006-W25,Thursday,3,Friday,4,201.00000000000006,-137.99999999999812,True,False,False,1,False
2006-W26,Friday,4,Monday,0,290.00000000000136,276.0000000000007,False,True,False,4,True
2006-W27,Friday,4,Wednesday,2,155.00000000000068,26.999999999999247,False,True,False,2,True
2006-W28,Monday,0,Friday,4,191.00000000000117,-165.9999999999995,True,False,False,4,False
2006-W29,Friday,4,Wednesday,2,239.0000000000003,39.00000000000014,False,True,False,2,True
2006-W30,Thursday,3,Wednesday,2,212.00000000000108,50.00000000000115,False,True,False,1,True
2006-W31,Friday,4,Tuesday,1,189.99999999999906,111.0000000000011,False,True,False,3,True
2006-W32,Thursday,3,Friday,4,200.00000000000017,-147.00000000000156,True,False,False,1,False
2006-W33,Thursday,3,Tuesday,1,189.99999999999906,103.99999999999964,False,True,False,2,True
2006-W34,Monday,0,Friday,4,214.00000000000085,-71.99999999999874,True,False,False,4,False
2006-W35,Thursday,3,Tuesday,1,126.99999999999933,73.00000000000084,False,True,False,2,True
2006-W36,Monday,0,Friday,4,221.99999999999997,-165.9999999999995,True,False,False,4,False
2006-W37,Thursday,3,Friday,4,121.99999999999989,-9.00000000000123,True,False,False,1,False
2006-W38,Friday,4,Monday,0,202.0000000000022,147.99999999999923,False,True,False,4,True
2006-W39,Monday,0,Friday,4,178.00000000000037,-109.99999999999899,True,False,False,4,False
2006-W40,Tuesday,1,Friday,4,194.99999999999852,-87.99999999999919,True,False,False,3,False
2006-W41,Monday,0,Friday,4,130.00000000000122,-82.99999999999974,True,False,False,4,False
2006-W42,Thursday,3,Monday,0,154.99999999999847,105.99999999999943,False,True,False,3,True
2006-W43,Friday,4,Tuesday,1,225.00000000000188,121.99999999999989,False,True,False,3,True
2006-W44,Wednesday,2,Tuesday,1,120.00000000000011,-15.000000000000568,False,True,False,1,False
2006-W45,Friday,4,Monday,0,208.99999999999918,123.99999999999966,False,True,False,4,True
2006-W46,Monday,0,Friday,4,114.00000000000077,-17.000000000000348,True,False,False,4,False
2006-W47,Friday,4,Tuesday,1,310.99999999999903,267.0000000000017,False,True,False,3,True
2006-W48,Friday,4,Monday,0,262.0,170.00000000000125,False,True,False,4,True
2006-W49,Monday,0,Friday,4,176.0000000000006,-133.0000000000009,True,False,False,4,False
2006-W50,Tuesday,1,Friday,4,232.99999999999875,-95.00000000000064,True,False,False,3,False
2006-W51,Wednesday,2,Monday,0,194.00000000000085,56.0000000000005,False,True,False,2,True
2006-W52,Friday,4,Tuesday,1,114.00000000000077,61.99999999999983,False,True,False,3,True
2007-W01,Monday,0,Friday,4,1767.0000000000007,1352.9999999999998,True,False,False,4,True
2007-W02,Tuesday,1,Friday,4,187.00000000000162,-98.00000000000031,True,False,False,3,False
2007-W03,Friday,4,Thursday,3,104.99999999999955,41.999999999999815,False,True,False,1,True
2007-W04,Tuesday,1,Friday,4,167.99999999999926,-44.99999999999949,True,False,False,3,False
2007-W05,Friday,4,Monday,0,165.9999999999995,45.999999999999375,False,True,False,4,True
2007-W06,Friday,4,Tuesday,1,130.9999999999989,43.999999999999595,False,True,False,3,True
2007-W07,Thursday,3,Monday,0,230.99999999999898,152.00000000000102,False,True,False,3,True
2007-W08,Tuesday,1,Thursday,3,108.99999999999909,10.999999999998789,True,False,False,2,True
2007-W09,Tuesday,1,Friday,4,118.00000000000033,24.999999999999467,True,False,False,3,True
2007-W10,Monday,0,Monday,0,140.0000000000001,-84.99999999999952,False,False,True,0,False
2007-W11,Friday,4,Monday,0,231.0000000000012,179.00000000000028,False,True,False,4,True
2007-W12,Thursday,3,Tuesday,1,139.00000000000023,-32.00000000000092,False,True,False,2,False
2007-W13,Friday,4,Monday,0,144.99999999999957,71.00000000000107,False,True,False,4,True
2007-W14,Thursday,3,Wednesday,2,122.99999999999977,2.000000000002,False,True,False,1,True
2007-W15,Friday,4,Monday,0,213.99999999999864,153.99999999999858,False,True,False,4,True
2007-W16,Friday,4,Tuesday,1,113.00000000000088,31.000000000001027,False,True,False,3,True
2007-W17,Friday,4,Monday,0,139.00000000000023,50.99999999999882,False,True,False,4,True
2007-W18,Monday,0,Friday,4,144.0000000000019,-39.00000000000014,True,False,False,4,False
2007-W19,Monday,0,Friday,4,164.9999999999996,-79.00000000000018,True,False,False,4,False
2007-W20,Tuesday,1,Friday,4,144.99999999999957,-29.000000000001247,True,False,False,3,False
2007-W21,Monday,0,Friday,4,121.0,-76.00000000000051,True,False,False,4,False
2007-W22,Tuesday,1,Friday,4,126.00000000000166,-0.9999999999998899,True,False,False,3,False
2007-W23,Tuesday,1,Friday,4,232.99999999999875,-71.00000000000107,True,False,False,3,False
2007-W24,Friday,4,Wednesday,2,125.99999999999945,14.000000000000679,False,True,False,2,True
2007-W25,Friday,4,Thursday,3,99.0000000000002,91.99999999999875,False,True,False,1,True
2007-W26,Friday,4,Wednesday,2,127.00000000000156,73.00000000000084,False,True,False,2,True
2007-W27,Thursday,3,Monday,0,132.000000000001,86.9999999999993,False,True,False,3,True
2007-W28,Friday,4,Tuesday,1,220.0000000000002,147.00000000000156,False,True,False,3,True
2007-W29,Friday,4,Wednesday,2,91.00000000000108,39.00000000000014,False,True,False,2,True
2007-W30,Tuesday,1,Friday,4,224.99999999999966,-202.99999999999986,True,False,False,3,False
2007-W31,Friday,4,Monday,0,212.00000000000108,154.99999999999847,False,True,False,4,True
2007-W32,Monday,0,Friday,4,200.00000000000017,-115.00000000000065,True,False,False,4,False
2007-W33,Monday,0,Thursday,3,348.9999999999993,-213.00000000000097,True,False,False,3,False
2007-W34,Friday,4,Wednesday,2,238.00000000000043,191.99999999999883,False,True,False,2,True
2007-W35,Friday,4,Wednesday,2,155.00000000000068,-46.99999999999926,False,True,False,2,False
2007-W36,Friday,4,Tuesday,1,246.99999999999943,136.00000000000057,False,True,False,3,True
2007-W37,Thursday,3,Monday,0,161.00000000000003,100.99999999999997,False,True,False,3,True
2007-W38,Friday,4,Tuesday,1,291.9999999999989,221.00000000000009,False,True,False,3,True
2007-W39,Friday,4,Tuesday,1,217.99999999999818,177.00000000000048,False,True,False,3,True
2007-W40,Monday,0,Friday,4,247.99999999999932,-140.0000000000001,True,False,False,4,False
2007-W41,Thursday,3,Tuesday,1,224.99999999999966,39.00000000000014,False,True,False,2,True
2007-W42,Friday,4,Tuesday,1,174.9999999999985,122.99999999999977,False,True,False,3,True
2007-W43,Friday,4,Monday,0,269.99999999999915,61.99999999999983,False,True,False,4,True
2007-W44,Friday,4,Tuesday,1,155.00000000000068,86.9999999999993,False,True,False,3,True
2007-W45,Friday,4,Monday,0,310.00000000000136,161.99999999999991,False,True,False,4,True
2007-W46,Wednesday,2,Tuesday,1,204.99999999999963,-10.000000000001119,False,True,False,1,False
2007-W47,Friday,4,Monday,0,347.00000000000176,166.99999999999937,False,True,False,4,True
2007-W48,Tuesday,1,Friday,4,282.0,-190.99999999999895,True,False,False,3,False
2007-W49,Wednesday,2,Thursday,3,243.99999999999977,19.000000000000128,True,False,False,1,True
2007-W50,Tuesday,1,Friday,4,337.0000000000006,-222.99999999999986,True,False,False,3,False
2007-W51,Monday,0,Thursday,3,141.99999999999991,-13.000000000000789,True,False,False,3,False
2007-W52,Friday,4,Monday,0,362.0000000000001,347.99999999999943,False,True,False,4,True
2008-W01,Friday,4,Wednesday,2,974.9999999999992,-650.9999999999993,False,True,False,2,False
2008-W02,Friday,4,Wednesday,2,180.00000000000017,27.999999999999137,False,True,False,2,True
2008-W03,Tuesday,1,Thursday,3,332.99999999999886,-160.00000000000014,True,False,False,2,False
2008-W04,Thursday,3,Tuesday,1,414.9999999999987,78.00000000000028,False,True,False,2,True
2008-W05,Friday,4,Monday,0,286.0000000000018,123.99999999999966,False,True,False,4,True
2008-W06,Monday,0,Thursday,3,411.00000000000136,-294.9999999999986,True,False,False,3,False
2008-W07,Friday,4,Monday,0,228.00000000000153,165.9999999999995,False,True,False,4,True
2008-W08,Friday,4,Monday,0,251.9999999999989,147.99999999999923,False,True,False,4,True
2008-W09,Friday,4,Tuesday,1,460.0000000000004,340.0000000000003,False,True,False,3,True
2008-W10,Friday,4,Wednesday,2,315.00000000000085,156.00000000000057,False,True,False,2,True
2008-W11,Friday,4,Tuesday,1,406.9999999999996,309.99999999999915,False,True,False,3,True
2008-W12,Monday,0,Thursday,3,508.99999999999943,-245.00000000000188,True,False,False,3,False
2008-W13,Wednesday,2,Monday,0,517.0000000000008,357.0000000000006,False,True,False,2,True
2008-W14,Monday,0,Thursday,3,385.99999999999966,-62.99999999999972,True,False,False,3,False
2008-W15,Thursday,3,Monday,0,288.99999999999926,75.00000000000063,False,True,False,3,True
2008-W16,Thursday,3,Monday,0,314.00000000000097,118.00000000000033,False,True,False,3,True
2008-W17,Tuesday,1,Friday,4,463.99999999999994,-176.0000000000006,True,False,False,3,False
2008-W18,Monday,0,Friday,4,334.00000000000097,-186.99999999999937,True,False,False,4,False
2008-W19,Tuesday,1,Thursday,3,309.0000000000015,44.99999999999949,True,False,False,2,True
2008-W20,Friday,4,Monday,0,236.00000000000065,125.00000000000178,False,True,False,4,True
2008-W21,Thursday,3,Monday,0,325.9999999999996,164.9999999999996,False,True,False,3,True
2008-W22,Tuesday,1,Friday,4,357.0000000000006,-212.99999999999875,True,False,False,3,False
2008-W23,Friday,4,Thursday,3,415.0000000000009,223.99999999999974,False,True,False,1,True
2008-W24,Monday,0,Friday,4,541.0000000000003,-403.9999999999999,True,False,False,4,False
2008-W25,Friday,4,Monday,0,305.9999999999996,201.00000000000006,False,True,False,4,True
2008-W26,Friday,4,Monday,0,323.99999999999983,168.99999999999915,False,True,False,4,True
2008-W27,Thursday,3,Friday,4,253.99999999999866,-72.00000000000095,True,False,False,1,False
2008-W28,Friday,4,Monday,0,335.00000000000085,239.0000000000003,False,True,False,4,True
2008-W29,Tuesday,1,Thursday,3,254.00000000000088,-118.00000000000033,True,False,False,2,False
2008-W30,Tuesday,1,Thursday,3,316.00000000000074,-132.000000000001,True,False,False,2,False
2008-W31,Monday,0,Friday,4,252.99999999999878,-144.99999999999957,True,False,False,4,False
2008-W32,Monday,0,Friday,4,630.9999999999993,-558.9999999999984,True,False,False,4,False
2008-W33,Monday,0,Friday,4,425.9999999999997,-242.0,True,False,False,4,False
2008-W34,Friday,4,Tuesday,1,278.00000000000045,114.00000000000077,False,True,False,3,True
2008-W35,Thursday,3,Tuesday,1,242.0,-112.99999999999866,False,True,False,2,False
2008-W36,Monday,0,Friday,4,525.9999999999998,-430.99999999999915,True,False,False,4,False
2008-W37,Monday,0,Thursday,3,546.9999999999997,-121.0,True,False,False,3,False
2008-W38,Thursday,3,Tuesday,1,468.99999999999943,124.99999999999956,False,True,False,2,True
2008-W39,Monday,0,Monday,0,430.0000000000015,125.99999999999945,False,False,True,0,True
2008-W40,Monday,0,Friday,4,867.0,-782.0000000000005,True,False,False,4,False
2008-W41,Thursday,3,Friday,4,525.9999999999998,-257.00000000000057,True,False,False,1,False
2008-W42,Tuesday,1,Thursday,3,423.00000000000006,-163.99999999999972,True,False,False,2,False
2008-W43,Monday,0,Friday,4,1033.9999999999993,-806.9999999999999,True,False,False,4,False
2008-W44,Thursday,3,Tuesday,1,968.0,161.99999999999991,False,True,False,2,True
2008-W45,Wednesday,2,Tuesday,1,590.0000000000016,-34.000000000000696,False,True,False,1,False
2008-W46,Monday,0,Thursday,3,538.9999999999984,-221.99999999999997,True,False,False,3,False
2008-W47,Wednesday,2,Friday,4,391.00000000000136,51.000000000001044,True,False,False,2,True
2008-W48,Tuesday,1,Monday,0,514.0000000000011,100.99999999999997,False,True,False,1,True
2008-W49,Thursday,3,Thursday,3,298.9999999999982,5.999999999999339,False,False,True,0,True
2008-W50,Friday,4,Monday,0,695.9999999999989,635.9999999999987,False,True,False,4,True
2008-W51,Thursday,3,Monday,0,1350.0,537.0000000000008,False,True,False,3,True
2008-W52,Monday,0,Monday,0,221.99999999999997,92.00000000000097,False,False,True,0,True
2009-W02,Monday,0,Tuesday,1,651.0000000000016,-429.99999999999926,True,False,False,1,False
2009-W03,Monday,0,Thursday,3,454.0000000000011,-214.00000000000085,True,False,False,3,False
2009-W04,Monday,0,Friday,4,622.0000000000003,-370.0000000000014,True,False,False,4,False
2009-W05,Tuesday,1,Friday,4,565.9999999999999,-154.99999999999847,True,False,False,3,False
2009-W06,Wednesday,2,Monday,0,364.9999999999998,171.9999999999988,False,True,False,2,True
2009-W07,Monday,0,Thursday,3,371.0000000000013,-105.99999999999943,True,False,False,3,False
2009-W08,Friday,4,Wednesday,2,369.9999999999992,44.99999999999949,False,True,False,2,True
2009-W09,Monday,0,Friday,4,387.99999999999943,-135.99999999999835,True,False,False,4,False
2009-W10,Friday,4,Wednesday,2,298.0000000000005,19.000000000000128,False,True,False,2,True
2009-W11,Friday,4,Monday,0,401.0000000000002,273.9999999999987,False,True,False,4,True
2009-W12,Thursday,3,Monday,0,904.0000000000003,701.0000000000005,False,True,False,3,True
2009-W13,Monday,0,Friday,4,478.9999999999983,-336.00000000000074,True,False,False,4,False
2009-W14,Thursday,3,Monday,0,403.9999999999999,256.0000000000007,False,True,False,3,True
2009-W15,Monday,0,Friday,4,492.0000000000013,-314.00000000000097,True,False,False,4,False
2009-W16,Monday,0,Friday,4,377.99999999999835,-146.99999999999935,True,False,False,4,False
2009-W17,Friday,4,Wednesday,2,416.0000000000008,180.00000000000017,False,True,False,2,True
2009-W18,Thursday,3,Tuesday,1,421.0000000000003,22.999999999999687,False,True,False,2,True
2009-W19,Friday,4,Monday,0,439.0000000000005,364.9999999999998,False,True,False,4,True
2009-W20,Wednesday,2,Friday,4,260.0000000000002,-152.00000000000102,True,False,False,2,False
2009-W21,Friday,4,Monday,0,626.9999999999998,518.9999999999984,False,True,False,4,True
2009-W22,Friday,4,Thursday,3,376.0000000000008,142.9999999999998,False,True,False,1,True
2009-W23,Wednesday,2,Friday,4,404.99999999999983,-175.0000000000007,True,False,False,2,False
2009-W24,Thursday,3,Monday,0,372.99999999999886,46.99999999999926,False,True,False,3,True
2009-W25,Friday,4,Tuesday,1,263.9999999999998,-56.0000000000005,False,True,False,3,False
2009-W26,Wednesday,2,Monday,0,310.99999999999903,110.99999999999888,False,True,False,2,True
2009-W27,Wednesday,2,Friday,4,273.9999999999987,-85.00000000000173,True,False,False,2,False
2009-W28,Thursday,3,Wednesday,2,237.00000000000054,-22.999999999999687,False,True,False,1,False
2009-W29,Thursday,3,Monday,0,269.0000000000015,155.00000000000068,False,True,False,3,True
2009-W30,Thursday,3,Monday,0,196.00000000000063,106.00000000000165,False,True,False,3,True
2009-W31,Tuesday,1,Wednesday,2,296.99999999999835,32.999999999998586,True,False,False,1,True
2009-W32,Wednesday,2,Friday,4,293.000000000001,-84.00000000000185,True,False,False,2,False
2009-W33,Thursday,3,Wednesday,2,241.0000000000001,22.999999999999687,False,True,False,1,True
2009-W34,Friday,4,Monday,0,328.9999999999993,139.00000000000023,False,True,False,4,True
2009-W35,Thursday,3,Wednesday,2,199.00000000000028,-31.000000000001027,False,True,False,1,False
2009-W36,Tuesday,1,Tuesday,1,201.00000000000006,-11.000000000001009,False,False,True,0,False
2009-W37,Friday,4,Monday,0,334.00000000000097,267.0000000000017,False,True,False,4,True
2009-W38,Thursday,3,Monday,0,251.9999999999989,106.99999999999932,False,True,False,3,True
2009-W39,Wednesday,2,Monday,0,230.99999999999898,-13.999999999998458,False,True,False,2,False
2009-W40,Monday,0,Friday,4,240.00000000000023,-126.99999999999933,True,False,False,4,False
2009-W41,Thursday,3,Monday,0,237.00000000000054,114.99999999999844,False,True,False,3,True
2009-W42,Friday,4,Monday,0,287.9999999999994,180.00000000000017,False,True,False,4,True
2009-W43,Friday,4,Monday,0,230.99999999999898,120.00000000000011,False,True,False,4,True
2009-W44,Monday,0,Thursday,3,380.00000000000034,-272.00000000000114,True,False,False,3,False
2009-W45,Thursday,3,Tuesday,1,292.00000000000114,127.99999999999923,False,True,False,2,True
2009-W46,Wednesday,2,Thursday,3,227.99999999999932,20.999999999999908,True,False,False,1,True
2009-W47,Monday,0,Friday,4,215.00000000000074,-59.00000000000016,True,False,False,4,False
2009-W48,Wednesday,2,Friday,4,314.99999999999864,124.99999999999956,True,False,False,2,True
2009-W49,Thursday,3,Friday,4,319.0000000000004,-159.00000000000026,True,False,False,1,False
2009-W50,Monday,0,Friday,4,319.0000000000004,-239.0000000000003,True,False,False,4,False
2009-W51,Monday,0,Friday,4,423.99999999999994,-290.99999999999903,True,False,False,4,False
2009-W52,Thursday,3,Tuesday,1,201.00000000000006,57.000000000000384,False,True,False,2,True
2009-W53,Tuesday,1,Wednesday,2,184.9999999999996,-65.00000000000172,True,False,False,1,False
2010-W01,Tuesday,1,Monday,0,225.99999999999955,108.00000000000142,False,True,False,1,True
2010-W02,Wednesday,2,Friday,4,242.0,-41.999999999999815,True,False,False,2,False
2010-W03,Tuesday,1,Thursday,3,383.9999999999999,-215.00000000000074,True,False,False,2,False
2010-W04,Monday,0,Friday,4,331.999999999999,-293.9999999999987,True,False,False,4,False
2010-W05,Wednesday,2,Friday,4,440.0000000000004,-188.0000000000015,True,False,False,2,False
2010-W06,Tuesday,1,Friday,4,307.9999999999994,-26.999999999999247,True,False,False,3,False
2010-W07,Wednesday,2,Friday,4,345.99999999999966,-14.000000000000679,True,False,False,2,False
2010-W08,Tuesday,1,Thursday,3,241.0000000000001,-5.999999999999339,True,False,False,2,False
2010-W09,Wednesday,2,Tuesday,1,299.0000000000004,-2.9999999999996696,False,True,False,1,False
2010-W10,Friday,4,Tuesday,1,259.00000000000034,137.00000000000045,False,True,False,3,True
2010-W11,Wednesday,2,Friday,4,314.99999999999864,-247.99999999999932,True,False,False,2,False
2010-W12,Tuesday,1,Thursday,3,302.00000000000006,-127.99999999999923,True,False,False,2,False
2010-W13,Thursday,3,Wednesday,2,206.9999999999994,33.00000000000081,False,True,False,1,True
2010-W14,Monday,0,Thursday,3,255.99999999999847,0.9999999999998899,True,False,False,3,True
2010-W15,Monday,0,Friday,4,220.0000000000002,-160.00000000000014,True,False,False,4,False
2010-W16,Tuesday,1,Friday,4,320.0000000000003,-83.99999999999963,True,False,False,3,False
2010-W17,Tuesday,1,Wednesday,2,302.00000000000006,-55.000000000000604,True,False,False,1,False
2010-W18,Monday,0,Thursday,3,841.0000000000007,-608.0000000000018,True,False,False,3,False
2010-W19,Monday,0,Friday,4,738.9999999999985,-562.0000000000002,True,False,False,4,False
2010-W20,Friday,4,Wednesday,2,527.9999999999995,227.99999999999932,False,True,False,2,True
2010-W21,Monday,0,Thursday,3,408.9999999999994,-265.99999999999955,True,False,False,3,False
2010-W22,Tuesday,1,Friday,4,398.00000000000057,-298.9999999999982,True,False,False,3,False
2010-W23,Friday,4,Monday,0,276.0000000000007,182.99999999999983,False,True,False,4,True
2010-W24,Friday,4,Monday,0,300.0000000000003,258.9999999999981,False,True,False,4,True
2010-W25,Monday,0,Wednesday,2,258.9999999999981,-84.00000000000185,True,False,False,2,False
2010-W26,Friday,4,Tuesday,1,459.9999999999982,191.99999999999883,False,True,False,3,True
2010-W27,Friday,4,Tuesday,1,248.99999999999923,78.00000000000028,False,True,False,3,True
2010-W28,Friday,4,Tuesday,1,484.0,292.9999999999988,False,True,False,3,True
2010-W29,Tuesday,1,Wednesday,2,296.0000000000007,2.9999999999996696,True,False,False,1,True
2010-W30,Thursday,3,Monday,0,228.9999999999992,160.00000000000014,False,True,False,3,True
2010-W31,Friday,4,Monday,0,280.0000000000002,218.00000000000043,False,True,False,4,True
2010-W32,Monday,0,Friday,4,559.0000000000006,-540.9999999999982,True,False,False,4,False
2010-W33,Wednesday,2,Friday,4,258.00000000000045,-54.00000000000071,True,False,False,2,False
2010-W34,Friday,4,Tuesday,1,191.00000000000117,58.00000000000027,False,True,False,3,True
2010-W35,Friday,4,Tuesday,1,272.00000000000114,135.00000000000068,False,True,False,3,True
2010-W36,Monday,0,Friday,4,274.0000000000009,-210.99999999999898,True,False,False,4,False
2010-W37,Friday,4,Monday,0,456.00000000000085,333.99999999999875,False,True,False,4,True
2010-W38,Friday,4,Monday,0,466.99999999999966,425.9999999999997,False,True,False,4,True
2010-W39,Friday,4,Tuesday,1,410.99999999999915,303.99999999999983,False,True,False,3,True
2010-W40,Thursday,3,Tuesday,1,392.00000000000125,135.99999999999835,False,True,False,2,True
2010-W41,Friday,4,Tuesday,1,383.9999999999999,-18.000000000000238,False,True,False,3,False
2010-W42,Thursday,3,Wednesday,2,352.0000000000012,-38.000000000000256,False,True,False,1,False
2010-W43,Monday,0,Wednesday,2,345.99999999999966,-26.999999999999247,True,False,False,2,False
2010-W44,Thursday,3,Monday,0,417.99999999999835,70.00000000000117,False,True,False,3,True
2010-W45,Monday,0,Friday,4,512.0000000000014,-366.99999999999955,True,False,False,4,False
2010-W46,Monday,0,Tuesday,1,302.99999999999994,-35.00000000000058,True,False,False,1,False
2010-W47,Monday,0,Friday,4,585.9999999999999,-478.9999999999983,True,False,False,4,False
2010-W48,Friday,4,Tuesday,1,468.99999999999943,129.999999999999,False,True,False,3,True
2010-W49,Monday,0,Thursday,3,258.00000000000045,-148.99999999999915,True,False,False,3,False
2010-W50,Tuesday,1,Friday,4,366.0000000000019,-10.000000000001119,True,False,False,3,False
2010-W51,Tuesday,1,Thursday,3,147.00000000000156,-69.99999999999895,True,False,False,2,False
2010-W52,Friday,4,Monday,0,352.0000000000012,250.00000000000134,False,True,False,4,True
2011-W01,Tuesday,1,Friday,4,528.9999999999994,-439.0000000000005,True,False,False,3,False
2011-W02,Friday,4,Monday,0,582.999999999998,511.99999999999915,False,True,False,4,True
2011-W03,Friday,4,Monday,0,381.0000000000002,236.00000000000065,False,True,False,4,True
2011-W04,Thursday,3,Monday,0,217.99999999999818,-30.000000000001137,False,True,False,3,False
2011-W05,Wednesday,2,Friday,4,317.9999999999983,-6.999999999999229,True,False,False,2,False
2011-W06,Wednesday,2,Friday,4,247.00000000000165,-6.00000000000156,True,False,False,2,False
2011-W07,Friday,4,Monday,0,286.9999999999995,185.9999999999995,False,True,False,4,True
2011-W08,Friday,4,Tuesday,1,312.99999999999886,51.999999999998714,False,True,False,3,True
2011-W09,Friday,4,Monday,0,296.0000000000007,228.00000000000153,False,True,False,4,True
2011-W10,Monday,0,Friday,4,283.99999999999983,-85.9999999999994,True,False,False,4,False
2011-W11,Friday,4,Tuesday,1,328.9999999999993,217.99999999999818,False,True,False,3,True
2011-W12,Tuesday,1,Thursday,3,194.00000000000085,-107.9999999999992,True,False,False,2,False
2011-W13,Friday,4,Monday,0,225.00000000000188,194.00000000000085,False,True,False,4,True
2011-W14,Friday,4,Tuesday,1,337.0000000000006,251.9999999999989,False,True,False,3,True
2011-W15,Wednesday,2,Thursday,3,155.00000000000068,-42.9999999999997,True,False,False,1,False
2011-W16,Thursday,3,Monday,0,492.0000000000013,147.99999999999923,False,True,False,3,True
2011-W17,Thursday,3,Tuesday,1,388.9999999999993,245.99999999999955,False,True,False,2,True
2011-W18,Wednesday,2,Friday,4,629.9999999999994,-501.00000000000034,True,False,False,2,False
2011-W19,Monday,0,Friday,4,374.9999999999987,-245.99999999999955,True,False,False,4,False
2011-W20,Friday,4,Monday,0,296.99999999999835,69.99999999999895,False,True,False,4,True
2011-W21,Friday,4,Monday,0,354.99999999999864,192.99999999999872,False,True,False,4,True
2011-W22,Friday,4,Monday,0,385.99999999999966,313.0000000000011,False,True,False,4,True
2011-W23,Tuesday,1,Friday,4,374.000000000001,-263.9999999999998,True,False,False,3,False
2011-W24,Tuesday,1,Thursday,3,423.99999999999994,-13.000000000000789,True,False,False,2,False
2011-W25,Wednesday,2,Thursday,3,315.9999999999985,-91.99999999999875,True,False,False,1,False
2011-W26,Friday,4,Monday,0,449.0000000000016,332.99999999999886,False,True,False,4,True
2011-W27,Monday,0,Friday,4,371.999999999999,-270.00000000000136,True,False,False,4,False
2011-W28,Thursday,3,Tuesday,1,445.9999999999997,-51.000000000001044,False,True,False,2,False
2011-W29,Friday,4,Monday,0,423.99999999999994,250.999999999999,False,True,False,4,True
2011-W30,Wednesday,2,Friday,4,305.9999999999996,9.999999999998899,True,False,False,2,True
2011-W31,Monday,0,Friday,4,399.00000000000045,-100.00000000000009,True,False,False,4,False
2011-W32,Monday,0,Thursday,3,327.99999999999943,-176.99999999999827,True,False,False,3,False
2011-W33,Wednesday,2,Monday,0,264.99999999999966,127.99999999999923,False,True,False,2,True
2011-W34,Friday,4,Thursday,3,173.9999999999986,119.00000000000021,False,True,False,1,True
2011-W35,Monday,0,Friday,4,365.000000000002,-294.9999999999986,True,False,False,4,False
2011-W36,Tuesday,1,Friday,4,622.0000000000003,-506.99999999999966,True,False,False,3,False
2011-W37,Thursday,3,Monday,0,433.9999999999988,208.99999999999918,False,True,False,3,True
2011-W38,Wednesday,2,Thursday,3,402.0000000000001,-191.99999999999883,True,False,False,1,False
2011-W39,Wednesday,2,Monday,0,327.99999999999943,-134.0000000000008,False,True,False,2,False
2011-W40,Friday,4,Tuesday,1,379.00000000000045,32.999999999998586,False,True,False,3,True
2011-W41,Friday,4,Monday,0,517.0000000000008,491.9999999999991,False,True,False,4,True
2011-W42,Monday,0,Tuesday,1,262.0,27.999999999999137,True,False,False,1,True
2011-W43,Thursday,3,Wednesday,2,450.00000000000153,307.9999999999994,False,True,False,1,True
2011-W44,Monday,0,Tuesday,1,562.0000000000002,-349.9999999999992,True,False,False,1,False
2011-W45,Wednesday,2,Thursday,3,373.99999999999875,-78.00000000000028,True,False,False,1,False
2011-W46,Monday,0,Thursday,3,387.99999999999943,-283.99999999999983,True,False,False,3,False
2011-W47,Tuesday,1,Friday,4,356.00000000000074,-273.9999999999987,True,False,False,3,False
2011-W48,Friday,4,Wednesday,2,288.99999999999926,67.99999999999918,False,True,False,2,True
2011-W49,Monday,0,Friday,4,204.9000000000012,-33.30000000000055,True,False,False,4,False
2011-W50,Monday,0,Wednesday,2,435.4999999999998,-336.00000000000074,True,False,False,2,False
2011-W51,Wednesday,2,Monday,0,213.9000000000002,0.09999999999843467,False,True,False,2,True
2011-W52,Tuesday,1,Thursday,3,224.89999999999898,-97.70000000000056,True,False,False,2,False
2012-W01,Monday,0,Friday,4,537.3000000000005,260.40000000000066,True,False,False,4,True
2012-W02,Friday,4,Friday,4,252.09999999999954,-14.300000000000423,False,False,True,0,False
2012-W03,Friday,4,Monday,0,360.20000000000164,294.20000000000005,False,True,False,4,True
2012-W04,Friday,4,Monday,0,357.89999999999986,338.7999999999991,False,True,False,4,True
2012-W05,Monday,0,Wednesday,2,201.80000000000086,-70.40000000000157,True,False,False,2,False
2012-W06,Thursday,3,Monday,0,293.09999999999945,78.00000000000028,False,True,False,3,True
2012-W07,Monday,0,Thursday,3,309.8999999999985,-69.60000000000078,True,False,False,3,False
2012-W08,Friday,4,Monday,0,312.9000000000004,265.8999999999989,False,True,False,4,True
2012-W09,Wednesday,2,Friday,4,298.39999999999867,-266.2000000000009,True,False,False,2,False
2012-W10,Thursday,3,Wednesday,2,194.49999999999966,-68.59999999999866,False,True,False,1,False
2012-W11,Tuesday,1,Thursday,3,187.29999999999913,70.09999999999961,True,False,False,2,True
2012-W12,Friday,4,Thursday,3,159.19999999999933,93.49999999999969,False,True,False,1,True
2012-W13,Tuesday,1,Monday,0,193.3000000000007,72.79999999999953,False,True,False,1,True
2012-W14,Monday,0,Thursday,3,345.1000000000004,-264.5999999999993,True,False,False,3,False
2012-W15,Thursday,3,Monday,0,179.3,-24.899999999998812,False,True,False,3,False
2012-W16,Friday,4,Monday,0,232.59999999999837,152.7999999999996,False,True,False,4,True
2012-W17,Friday,4,Monday,0,165.50000000000065,70.70000000000132,False,True,False,4,True
2012-W18,Tuesday,1,Friday,4,203.19999999999894,-153.2,True,False,False,3,False
2012-W19,Tuesday,1,Friday,4,160.5000000000012,-96.89999999999976,True,False,False,3,False
2012-W20,Monday,0,Friday,4,262.09999999999843,-121.50000000000105,True,False,False,4,False
2012-W21,Monday,0,Friday,4,328.3999999999998,-248.00000000000156,True,False,False,4,False
2012-W22,Monday,0,Friday,4,336.1000000000014,-141.4000000000004,True,False,False,4,False
2012-W23,Thursday,3,Monday,0,239.3999999999985,98.5999999999998,False,True,False,3,True
2012-W24,Monday,0,Tuesday,1,226.20000000000084,-0.40000000000040004,True,False,False,1,False
2012-W25,Monday,0,Friday,4,228.39999999999972,-127.69999999999948,True,False,False,4,False
2012-W26,Friday,4,Thursday,3,285.30000000000166,113.49999999999972,False,True,False,1,True
2012-W27,Monday,0,Friday,4,420.1999999999995,-389.8000000000001,True,False,False,4,False
2012-W28,Tuesday,1,Friday,4,171.39999999999932,-14.799999999999258,True,False,False,3,False
2012-W29,Thursday,3,Friday,4,177.49999999999932,-110.79999999999978,True,False,False,1,False
2012-W30,Friday,4,Tuesday,1,347.6999999999997,200.8999999999994,False,True,False,3,True
2012-W31,Thursday,3,Thursday,3,271.3999999999994,88.3999999999996,False,False,True,0,True
2012-W32,Monday,0,Friday,4,201.8999999999993,-108.1999999999983,True,False,False,4,False
2012-W33,Tuesday,1,Thursday,3,129.89999999999836,42.69999999999996,True,False,False,2,True
2012-W34,Thursday,3,Monday,0,294.09999999999934,159.59999999999974,False,True,False,3,True
2012-W35,Friday,4,Tuesday,1,172.30000000000078,66.29999999999913,False,True,False,3,True
2012-W36,Friday,4,Wednesday,2,315.70000000000095,244.80000000000058,False,True,False,2,True
2012-W37,Friday,4,Tuesday,1,413.9000000000004,319.4000000000008,False,True,False,3,True
2012-W38,Monday,0,Thursday,3,252.30000000000086,-141.8000000000008,True,False,False,3,False
2012-W39,Monday,0,Thursday,3,161.79999999999862,-117.79999999999902,True,False,False,3,False
2012-W40,Friday,4,Monday,0,267.6999999999996,189.90000000000063,False,True,False,4,True
2012-W41,Monday,0,Thursday,3,200.19999999999928,-73.79999999999941,True,False,False,3,False
2012-W42,Wednesday,2,Monday,0,248.80000000000013,70.39999999999935,False,True,False,2,True
2012-W43,Monday,0,Friday,4,200.80000000000098,-82.50000000000091,True,False,False,4,False
2012-W44,Wednesday,2,Friday,4,199.30000000000004,-107.40000000000194,True,False,False,2,False
2012-W45,Wednesday,2,Friday,4,186.3999999999999,-106.39999999999984,True,False,False,2,False
2012-W46,Thursday,3,Tuesday,1,140.29999999999987,30.200000000000227,False,True,False,2,True
2012-W47,Friday,4,Wednesday,2,254.2,224.10000000000042,False,True,False,2,True
2012-W48,Friday,4,Wednesday,2,147.39999999999975,18.599999999999728,False,True,False,2,True
2012-W49,Wednesday,2,Friday,4,249.8,-56.0000000000005,True,False,False,2,False
2012-W50,Friday,4,Monday,0,287.39999999999986,273.2000000000001,False,True,False,4,True
2012-W51,Wednesday,2,Monday,0,164.10000000000036,9.399999999999409,False,True,False,2,True
2012-W52,Thursday,3,Friday,4,117.59999999999992,40.99999999999993,True,False,False,1,True
2013-W01,Monday,0,Friday,4,821.4999999999994,553.2999999999988,True,False,False,4,True
2013-W02,Friday,4,Monday,0,348.9000000000009,266.6999999999997,False,True,False,4,True
2013-W03,Monday,0,Wednesday,2,147.19999999999845,-41.999999999999815,True,False,False,2,False
2013-W04,Friday,4,Wednesday,2,214.60000000000034,155.00000000000068,False,True,False,2,True
2013-W05,Friday,4,Tuesday,1,296.49999999999955,174.49999999999966,False,True,False,3,True
2013-W06,Monday,0,Friday,4,306.5000000000007,-285.10000000000036,True,False,False,4,False
2013-W07,Wednesday,2,Friday,4,213.60000000000045,-9.700000000001374,True,False,False,2,False
2013-W08,Wednesday,2,Friday,4,288.8999999999986,-157.59999999999997,True,False,False,2,False
2013-W09,Monday,0,Friday,4,352.2000000000003,-197.40000000000092,True,False,False,4,False
2013-W10,Friday,4,Friday,4,179.00000000000028,-7.600000000000939,False,False,True,0,False
2013-W11,Friday,4,Thursday,3,195.70000000000087,88.99999999999908,False,True,False,1,True
2013-W12,Friday,4,Tuesday,1,166.10000000000014,80.99999999999996,False,True,False,3,True
2013-W13,Monday,0,Wednesday,2,296.7999999999993,-127.69999999999948,True,False,False,2,False
2013-W14,Friday,4,Thursday,3,294.20000000000005,184.90000000000117,False,True,False,1,True
2013-W15,Thursday,3,Monday,0,169.9000000000006,138.7000000000005,False,True,False,3,True
2013-W16,Tuesday,1,Wednesday,2,200.00000000000017,-63.799999999998306,True,False,False,1,False
2013-W17,Thursday,3,Wednesday,2,138.80000000000115,-47.600000000000975,False,True,False,1,False
2013-W18,Wednesday,2,Monday,0,210.90000000000055,65.30000000000146,False,True,False,2,True
2013-W19,Wednesday,2,Friday,4,258.8999999999997,-132.49999999999983,True,False,False,2,False
2013-W20,Tuesday,1,Friday,4,232.59999999999837,-132.2000000000001,True,False,False,3,False
2013-W21,Wednesday,2,Monday,0,178.50000000000142,89.99999999999898,False,True,False,2,True
2013-W22,Thursday,3,Wednesday,2,223.5000000000009,63.50000000000078,False,True,False,1,True
2013-W23,Thursday,3,Monday,0,350.2000000000005,224.49999999999858,False,True,False,3,True
2013-W24,Thursday,3,Monday,0,212.60000000000056,155.49999999999952,False,True,False,3,True
2013-W25,Wednesday,2,Friday,4,318.30000000000024,-226.69999999999968,True,False,False,2,False
2013-W26,Tuesday,1,Wednesday,2,165.70000000000195,-81.59999999999945,True,False,False,1,False
2013-W27,Tuesday,1,Friday,4,272.00000000000114,-183.5999999999993,True,False,False,3,False
2013-W28,Thursday,3,Tuesday,1,450.80000000000007,255.79999999999936,False,True,False,2,True
2013-W29,Wednesday,2,Monday,0,184.90000000000117,64.9999999999995,False,True,False,2,True
2013-W30,Friday,4,Monday,0,161.00000000000003,140.0000000000001,False,True,False,4,True
2013-W31,Wednesday,2,Friday,4,155.10000000000136,-6.099999999999994,True,False,False,2,False
2013-W32,Thursday,3,Monday,0,167.2999999999991,60.40000000000045,False,True,False,3,True
2013-W33,Friday,4,Thursday,3,174.09999999999926,7.500000000000284,False,True,False,1,True
2013-W34,Tuesday,1,Thursday,3,153.7999999999995,47.20000000000057,True,False,False,2,True
2013-W35,Tuesday,1,Friday,4,224.80000000000055,-163.89999999999904,True,False,False,3,False
2013-W36,Monday,0,Friday,4,122.50000000000094,-36.19999999999956,True,False,False,4,False
2013-W37,Thursday,3,Monday,0,161.5999999999995,130.09999999999965,False,True,False,3,True
2013-W38,Thursday,3,Tuesday,1,243.30000000000186,163.5999999999993,False,True,False,2,True
2013-W39,Friday,4,Wednesday,2,102.40000000000026,-26.100000000000012,False,True,False,2,False
2013-W40,Thursday,3,Monday,0,168.30000000000123,63.69999999999987,False,True,False,3,True
2013-W41,Tuesday,1,Wednesday,2,121.20000000000131,-22.099999999998232,True,False,False,1,False
2013-W42,Friday,4,Wednesday,2,231.09999999999962,124.40000000000006,False,True,False,2,True
2013-W43,Friday,4,Monday,0,181.1000000000007,119.50000000000128,False,True,False,4,True
2013-W44,Monday,0,Friday,4,337.60000000000014,-320.3,True,False,False,4,False
2013-W45,Wednesday,2,Thursday,3,251.90000000000046,-115.79999999999924,True,False,False,1,False
2013-W46,Friday,4,Monday,0,160.70000000000027,139.00000000000023,False,True,False,4,True
2013-W47,Wednesday,2,Thursday,3,179.3,60.19999999999914,True,False,False,1,True
2013-W48,Friday,4,Monday,0,131.3999999999993,41.499999999998764,False,True,False,4,True
2013-W49,Friday,4,Tuesday,1,181.8999999999993,117.89999999999966,False,True,False,3,True
2013-W50,Wednesday,2,Monday,0,116.39999999999873,26.399999999999757,False,True,False,2,True
2013-W51,Wednesday,2,Friday,4,186.3999999999999,-57.59999999999987,True,False,False,2,False
2013-W52,Friday,4,Tuesday,1,237.9999999999982,75.60000000000011,False,True,False,3,True
2014-W01,Thursday,3,Wednesday,2,1678.5000000000005,-1664.6000000000006,False,True,False,1,False
2014-W02,Friday,4,Thursday,3,138.59999999999982,75.40000000000103,False,True,False,1,True
2014-W03,Tuesday,1,Friday,4,182.29999999999967,-137.59999999999994,True,False,False,3,False
2014-W04,Friday,4,Monday,0,231.79999999999978,140.29999999999987,False,True,False,4,True
2014-W05,Monday,0,Friday,4,237.60000000000002,-191.5,True,False,False,4,False
2014-W06,Friday,4,Monday,0,166.19999999999857,151.49999999999997,False,True,False,4,True
2014-W07,Friday,4,Wednesday,2,152.6000000000005,76.40000000000092,False,True,False,2,True
2014-W08,Wednesday,2,Thursday,3,87.70000000000167,30.09999999999957,True,False,False,1,True
2014-W09,Friday,4,Thursday,3,181.40000000000046,67.39999999999968,False,True,False,1,True
2014-W10,Friday,4,Wednesday,2,207.50000000000045,116.39999999999873,False,True,False,2,True
2014-W11,Thursday,3,Tuesday,1,133.0000000000009,36.79999999999906,False,True,False,2,True
2014-W12,Monday,0,Thursday,3,198.4000000000008,-112.49999999999983,True,False,False,3,False
2014-W13,Monday,0,Friday,4,171.20000000000024,-46.800000000000175,True,False,False,4,False
2014-W14,Wednesday,2,Friday,4,147.60000000000107,-59.70000000000031,True,False,False,2,False
2014-W15,Friday,4,Monday,0,209.2000000000005,187.69999999999953,False,True,False,4,True
2014-W16,Thursday,3,Tuesday,1,74.40000000000113,-34.600000000000186,False,True,False,2,False
2014-W17,Wednesday,2,Tuesday,1,69.39999999999947,17.80000000000115,False,True,False,1,True
2014-W18,Thursday,3,Wednesday,2,115.09999999999908,23.999999999999577,False,True,False,1,True
2014-W19,Thursday,3,Friday,4,248.29999999999907,-124.29999999999941,True,False,False,1,False
2014-W20,Monday,0,Thursday,3,126.39999999999985,-59.59999999999965,True,False,False,3,False
2014-W21,Monday,0,Friday,4,118.49999999999916,-62.19999999999892,True,False,False,4,False
2014-W22,Tuesday,1,Thursday,3,82.49999999999869,10.399999999999299,True,False,False,2,True
2014-W23,Friday,4,Thursday,3,173.69999999999885,45.59999999999897,False,True,False,1,True
2014-W24,Monday,0,Thursday,3,156.39999999999876,-104.30000000000162,True,False,False,3,False
2014-W25,Thursday,3,Monday,0,130.30000000000098,57.300000000000125,False,True,False,3,True
2014-W26,Wednesday,2,Monday,0,77.30000000000015,58.900000000001725,False,True,False,2,True
2014-W27,Tuesday,1,Friday,4,114.9,-50.00000000000115,True,False,False,3,False
2014-W28,Thursday,3,Monday,0,74.69999999999865,12.499999999999734,False,True,False,3,True
2014-W29,Monday,0,Friday,4,149.29999999999887,-75.40000000000103,True,False,False,4,False
2014-W30,Monday,0,Friday,4,127.59999999999883,-98.50000000000136,True,False,False,4,False
2014-W31,Friday,4,Wednesday,2,77.89999999999964,-1.8999999999991246,False,True,False,2,False
2014-W32,Monday,0,Wednesday,2,99.60000000000191,-22.200000000001108,True,False,False,2,False
2014-W33,Wednesday,2,Tuesday,1,79.09999999999862,-8.799999999999919,False,True,False,1,False
2014-W34,Monday,0,Friday,4,178.4999999999992,-150.30000000000098,True,False,False,4,False
2014-W35,Thursday,3,Friday,4,88.79999999999998,-65.10000000000016,True,False,False,1,False
2014-W36,Wednesday,2,Thursday,3,239.7999999999989,-175.89999999999995,True,False,False,1,False
2014-W37,Friday,4,Tuesday,1,119.89999999999945,6.800000000000139,False,True,False,3,True
2014-W38,Tuesday,1,Friday,4,167.10000000000002,-143.80000000000058,True,False,False,3,False
2014-W39,Tuesday,1,Friday,4,224.40000000000015,-149.9000000000006,True,False,False,3,False
2014-W40,Monday,0,Friday,4,214.19999999999993,-166.90000000000094,True,False,False,4,False
2014-W41,Thursday,3,Monday,0,282.19999999999914,115.79999999999924,False,True,False,3,True
2014-W42,Wednesday,2,Monday,0,265.99999999999955,129.1999999999982,False,True,False,2,True
2014-W43,Tuesday,1,Thursday,3,226.1000000000002,-80.80000000000086,True,False,False,2,False
2014-W44,Wednesday,2,Friday,4,284.9000000000013,-153.29999999999845,True,False,False,2,False
2014-W45,Tuesday,1,Friday,4,219.30000000000004,-53.000000000000824,True,False,False,3,False
2014-W46,Friday,4,Tuesday,1,151.60000000000062,52.400000000001334,False,True,False,3,True
2014-W47,Wednesday,2,Friday,4,222.39999999999816,-144.10000000000034,True,False,False,2,False
2014-W48,Wednesday,2,Monday,0,170.9000000000005,88.70000000000155,False,True,False,2,True
2014-W49,Monday,0,Friday,4,235.7000000000009,-182.40000000000035,True,False,False,4,False
2014-W50,Thursday,3,Monday,0,248.20000000000064,173.60000000000042,False,True,False,3,True
2014-W51,Tuesday,1,Friday,4,349.6999999999995,-248.39999999999972,True,False,False,3,False
2014-W52,Monday,0,Tuesday,1,107.60000000000103,-47.09999999999992,True,False,False,1,False
2015-W02,Monday,0,Thursday,3,222.19999999999908,-101.99999999999987,True,False,False,3,False
2015-W03,Monday,0,Friday,4,410.9000000000007,-287.90000000000094,True,False,False,4,False
2015-W04,Wednesday,2,Friday,4,565.8000000000008,-349.2000000000006,True,False,False,2,False
2015-W05,Tuesday,1,Monday,0,324.7,132.79999999999959,False,True,False,1,True
2015-W06,Tuesday,1,Monday,0,241.8000000000009,4.899999999998794,False,True,False,1,True
2015-W07,Friday,4,Monday,0,172.90000000000026,94.49999999999959,False,True,False,4,True
2015-W08,Thursday,3,Friday,4,171.00000000000114,-17.300000000000093,True,False,False,1,False
2015-W09,Monday,0,Friday,4,220.19999999999928,-200.19999999999928,True,False,False,4,False
2015-W10,Monday,0,Friday,4,401.40000000000066,-343.0000000000022,True,False,False,4,False
2015-W11,Monday,0,Friday,4,444.1000000000006,-332.39999999999935,True,False,False,4,False
2015-W12,Wednesday,2,Monday,0,568.8000000000004,352.5999999999985,False,True,False,2,True
2015-W13,Thursday,3,Monday,0,284.80000000000064,41.50000000000098,False,True,False,3,True
2015-W14,Friday,4,Tuesday,1,313.9000000000003,82.69999999999999,False,True,False,3,True
2015-W15,Monday,0,Friday,4,467.69999999999976,-401.40000000000066,True,False,False,4,False
2015-W16,Friday,4,Monday,0,328.1999999999985,219.1999999999994,False,True,False,4,True
2015-W17,Friday,4,Tuesday,1,240.10000000000088,53.49999999999966,False,True,False,3,True
2015-W18,Friday,4,Monday,0,470.50000000000034,335.49999999999966,False,True,False,4,True
2015-W19,Thursday,3,Tuesday,1,325.2999999999995,5.00000000000167,False,True,False,2,True
2015-W20,Friday,4,Monday,0,335.700000000001,251.09999999999965,False,True,False,4,True
2015-W21,Monday,0,Friday,4,447.3000000000016,-436.6000000000003,True,False,False,4,False
2015-W22,Monday,0,Wednesday,2,190.30000000000103,-11.699999999998933,True,False,False,2,False
2015-W23,Thursday,3,Monday,0,492.50000000000017,130.7999999999998,False,True,False,3,True
2015-W24,Wednesday,2,Monday,0,302.20000000000135,164.5999999999992,False,True,False,2,True
2015-W25,Thursday,3,Monday,0,247.1000000000001,138.3000000000001,False,True,False,3,True
2015-W26,Monday,0,Friday,4,279.9000000000018,-210.99999999999898,True,False,False,4,False
2015-W27,Monday,0,Monday,0,325.5000000000008,109.20000000000041,False,False,True,0,True
2015-W28,Friday,4,Tuesday,1,299.4999999999992,159.4999999999991,False,True,False,3,True
2015-W29,Monday,0,Friday,4,370.39999999999964,-267.10000000000014,True,False,False,4,False
2015-W30,Thursday,3,Monday,0,209.50000000000023,152.09999999999945,False,True,False,3,True
2015-W31,Monday,0,Thursday,3,236.19999999999973,1.2000000000012,True,False,False,3,True
2015-W32,Monday,0,Wednesday,2,147.80000000000015,-5.699999999999594,True,False,False,2,False
2015-W33,Wednesday,2,Monday,0,288.69999999999953,145.59999999999906,False,True,False,2,True
2015-W34,Friday,4,Tuesday,1,371.7999999999999,266.5000000000006,False,True,False,3,True
2015-W35,Monday,0,Friday,4,558.0000000000007,-194.19999999999993,True,False,False,4,False
2015-W36,Tuesday,1,Thursday,3,244.69999999999993,-23.599999999999177,True,False,False,2,False
2015-W37,Friday,4,Monday,0,228.29999999999905,175.70000000000084,False,True,False,4,True
2015-W38,Friday,4,Wednesday,2,245.9000000000011,-34.09999999999913,False,True,False,2,False
2015-W39,Monday,0,Wednesday,2,224.89999999999898,-84.3000000000016,True,False,False,2,False
2015-W40,Friday,4,Thursday,3,183.39999999999802,24.699999999999722,False,True,False,1,True
2015-W41,Friday,4,Tuesday,1,215.3000000000005,137.00000000000045,False,True,False,3,True
2015-W42,Thursday,3,Friday,4,161.09999999999846,-14.300000000000423,True,False,False,1,False
2015-W43,Tuesday,1,Friday,4,390.299999999999,-340.70000000000044,True,False,False,3,False
2015-W44,Wednesday,2,Wednesday,2,199.00000000000028,4.700000000001925,False,False,True,0,True
2015-W45,Monday,0,Friday,4,346.20000000000095,-297.1000000000013,True,False,False,4,False
2015-W46,Thursday,3,Tuesday,1,155.89999999999992,42.19999999999891,False,True,False,2,True
2015-W47,Thursday,3,Wednesday,2,146.20000000000078,-96.60000000000002,False,True,False,1,False
2015-W48,Wednesday,2,Wednesday,2,123.20000000000108,-47.70000000000163,False,False,True,0,False
2015-W49,Thursday,3,Thursday,3,458.7999999999992,295.0999999999992,False,False,True,0,True
2015-W50,Wednesday,2,Monday,0,246.5000000000006,116.09999999999899,False,True,False,2,True
2015-W51,Tuesday,1,Thursday,3,256.69999999999857,-117.10000000000109,True,False,False,2,False
2015-W52,Tuesday,1,Monday,0,137.1000000000011,109.90000000000055,False,True,False,1,True
2015-W53,Monday,0,Thursday,3,139.7000000000004,-113.09999999999931,True,False,False,3,False
2016-W01,Monday,0,Tuesday,1,235.80000000000157,51.699999999998965,True,False,False,1,True
2016-W02,Friday,4,Wednesday,2,179.6999999999982,-3.0999999999981043,False,True,False,2,False
2016-W03,Wednesday,2,Thursday,3,198.10000000000105,-127.39999999999974,True,False,False,1,False
2016-W04,Thursday,3,Monday,0,179.3,36.70000000000062,False,True,False,3,True
2016-W05,Friday,4,Monday,0,429.99999999999926,323.8999999999992,False,True,False,4,True
2016-W06,Thursday,3,Monday,0,290.0999999999998,112.20000000000007,False,True,False,3,True
2016-W07,Monday,0,Friday,4,182.99999999999983,-107.29999999999906,True,False,False,4,False
2016-W08,Monday,0,Friday,4,212.8000000000019,-179.70000000000041,True,False,False,4,False
2016-W09,Friday,4,Wednesday,2,218.09999999999886,90.79999999999977,False,True,False,2,True
2016-W10,Thursday,3,Thursday,3,395.8000000000017,165.29999999999933,False,False,True,0,True
2016-W11,Thursday,3,Wednesday,2,284.69999999999993,132.09999999999945,False,True,False,1,True
2016-W12,Monday,0,Thursday,3,140.5000000000012,-101.50000000000104,True,False,False,3,False
2016-W13,Friday,4,Monday,0,284.9999999999997,233.60000000000048,False,True,False,4,True
2016-W14,Thursday,3,Wednesday,2,127.1,-8.099999999999774,False,True,False,1,False
2016-W15,Tuesday,1,Thursday,3,231.09999999999962,-129.60000000000082,True,False,False,2,False
2016-W16,Thursday,3,Friday,4,181.00000000000006,-83.10000000000039,True,False,False,1,False
2016-W17,Friday,4,Monday,0,241.5999999999996,233.20000000000007,False,True,False,4,True
2016-W18,Tuesday,1,Thursday,3,229.9999999999991,-56.20000000000181,True,False,False,2,False
2016-W19,Wednesday,2,Friday,4,163.5999999999993,-87.8000000000001,True,False,False,2,False
2016-W20,Tuesday,1,Thursday,3,168.29999999999902,-88.79999999999998,True,False,False,2,False
2016-W21,Monday,0,Friday,4,132.49999999999983,-95.19999999999973,True,False,False,4,False
2016-W22,Friday,4,Monday,0,276.0000000000007,253.70000000000115,False,True,False,4,True
2016-W23,Thursday,3,Friday,4,170.20000000000036,-105.20000000000084,True,False,False,1,False
2016-W24,Monday,0,Thursday,3,171.9999999999988,25.599999999998957,True,False,False,3,True
2016-W25,Friday,4,Friday,4,516.7000000000011,-212.90000000000032,False,False,True,0,False
2016-W26,Friday,4,Monday,0,198.8000000000012,126.80000000000024,False,True,False,4,True
2016-W27,Tuesday,1,Friday,4,183.1999999999989,-79.40000000000057,True,False,False,3,False
2016-W28,Thursday,3,Monday,0,149.00000000000136,-19.599999999999618,False,True,False,3,False
2016-W29,Monday,0,Friday,4,128.59999999999872,-73.99999999999851,True,False,False,4,False
2016-W30,Friday,4,Monday,0,245.29999999999941,201.19999999999916,False,True,False,4,True
2016-W31,Tuesday,1,Friday,4,187.90000000000083,-87.50000000000036,True,False,False,3,False
2016-W32,Friday,4,Tuesday,1,150.7999999999998,82.50000000000091,False,True,False,3,True
2016-W33,Thursday,3,Monday,0,212.90000000000032,155.49999999999952,False,True,False,3,True
2016-W34,Tuesday,1,Friday,4,174.399999999999,-112.10000000000164,True,False,False,3,False
2016-W35,Friday,4,Wednesday,2,129.09999999999977,-24.699999999999722,False,True,False,2,False
2016-W36,Thursday,3,Monday,0,187.80000000000018,74.09999999999917,False,True,False,3,True
2016-W37,Thursday,3,Friday,4,134.30000000000052,-80.10000000000073,True,False,False,1,False
2016-W38,Thursday,3,Wednesday,2,134.30000000000052,73.30000000000058,False,True,False,1,True
2016-W39,Monday,0,Friday,4,125.79999999999814,10.599999999998388,True,False,False,4,True
2016-W40,Monday,0,Friday,4,139.00000000000023,-29.300000000000992,True,False,False,4,False
2016-W41,Monday,0,Friday,4,234.00000000000088,-208.3999999999997,True,False,False,4,False
2016-W42,Thursday,3,Friday,4,180.00000000000017,-84.29999999999937,True,False,False,1,False
2016-W43,Friday,4,Tuesday,1,140.69999999999806,105.900000000001,False,True,False,3,True
2016-W44,Friday,4,Monday,0,205.2999999999994,148.60000000000096,False,True,False,4,True
2016-W45,Wednesday,2,Friday,4,468.8999999999988,-201.99999999999994,True,False,False,2,False
2016-W46,Monday,0,Friday,4,270.69999999999925,-250.999999999999,True,False,False,4,False
2016-W47,Tuesday,1,Thursday,3,139.79999999999882,-0.700000000000145,True,False,False,2,False
2016-W48,Friday,4,Wednesday,2,137.1000000000011,51.900000000000276,False,True,False,2,True
2016-W49,Thursday,3,Monday,0,368.6999999999996,-104.40000000000005,False,True,False,3,False
2016-W50,Wednesday,2,Thursday,3,303.50000000000097,-80.89999999999931,True,False,False,1,False
2016-W51,Thursday,3,Tuesday,1,147.10000000000002,13.099999999999223,False,True,False,2,True
2016-W52,Friday,4,Wednesday,2,281.499999999999,67.30000000000125,False,True,False,2,True
2017-W01,Friday,4,Tuesday,1,280.80000000000103,15.100000000001224,False,True,False,3,True
2017-W02,Thursday,3,Wednesday,2,231.0000000000012,114.0999999999992,False,True,False,1,True
2017-W03,Tuesday,1,Monday,0,140.40000000000052,94.09999999999918,False,True,False,1,True
2017-W04,Tuesday,1,Thursday,3,117.09999999999887,-4.100000000000215,True,False,False,2,False
2017-W05,Thursday,3,Monday,0,208.60000000000102,62.09999999999827,False,True,False,3,True
2017-W06,Monday,0,Friday,4,183.60000000000153,-148.299999999999,True,False,False,4,False
2017-W07,Thursday,3,Wednesday,2,157.8999999999997,-13.600000000000279,False,True,False,1,False
2017-W08,Monday,0,Wednesday,2,139.10000000000088,-44.49999999999843,True,False,False,2,False
2017-W09,Monday,0,Thursday,3,135.60000000000016,59.59999999999965,True,False,False,3,True
2017-W10,Friday,4,Thursday,3,174.1999999999999,66.39999999999979,False,True,False,1,True
2017-W11,Friday,4,Tuesday,1,182.40000000000035,61.49999999999878,False,True,False,3,True
2017-W12,Wednesday,2,Tuesday,1,105.69999999999968,66.6000000000011,False,True,False,1,True
2017-W13,Monday,0,Friday,4,256.10000000000133,-183.79999999999842,True,False,False,4,False
2017-W14,Wednesday,2,Friday,4,108.39999999999961,-78.99999999999795,True,False,False,2,False
2017-W15,Thursday,3,Monday,0,107.90000000000077,24.899999999998812,False,True,False,3,True
2017-W16,Thursday,3,Monday,0,174.90000000000006,108.90000000000066,False,True,False,3,True
2017-W17,Wednesday,2,Monday,0,130.09999999999965,-24.300000000001543,False,True,False,2,False
2017-W18,Friday,4,Thursday,3,124.8999999999989,88.79999999999998,False,True,False,1,True
2017-W19,Monday,0,Thursday,3,181.99999999999994,-88.10000000000207,True,False,False,3,False
2017-W20,Friday,4,Monday,0,289.39999999999964,277.7000000000007,False,True,False,4,True
2017-W21,Tuesday,1,Friday,4,107.69999999999946,-12.300000000000644,True,False,False,3,False
2017-W22,Friday,4,Tuesday,1,175.4000000000011,109.30000000000106,False,True,False,3,True
2017-W23,Monday,0,Friday,4,117.40000000000083,-76.30000000000025,True,False,False,4,False
2017-W24,Wednesday,2,Thursday,3,163.8000000000006,-10.999999999998789,True,False,False,1,False
2017-W25,Monday,0,Tuesday,1,94.00000000000075,-14.600000000000168,True,False,False,1,False
2017-W26,Thursday,3,Monday,0,273.60000000000053,227.80000000000024,False,True,False,3,True
2017-W27,Friday,4,Wednesday,2,127.7000000000017,-18.599999999999728,False,True,False,2,False
2017-W28,Wednesday,2,Thursday,3,118.80000000000112,70.5,True,False,False,1,True
2017-W29,Friday,4,Monday,0,248.3000000000013,189.20000000000047,False,True,False,4,True
2017-W30,Thursday,3,Wednesday,2,163.60000000000153,84.00000000000185,False,True,False,1,True
2017-W31,Wednesday,2,Monday,0,187.10000000000005,25.900000000000922,False,True,False,2,True
2017-W32,Friday,4,Wednesday,2,158.00000000000037,48.50000000000021,False,True,False,2,True
2017-W33,Monday,0,Thursday,3,176.20000000000192,-63.29999999999947,True,False,False,3,False
2017-W34,Friday,4,Monday,0,210.09999999999974,166.3999999999999,False,True,False,4,True
2017-W35,Tuesday,1,Thursday,3,247.00000000000165,-81.99999999999986,True,False,False,2,False
2017-W36,Friday,4,Tuesday,1,223.9000000000013,153.49999999999974,False,True,False,3,True
2017-W37,Monday,0,Thursday,3,191.5,-73.70000000000098,True,False,False,3,False
2017-W38,Wednesday,2,Wednesday,2,171.69999999999908,27.200000000000557,False,False,True,0,True
2017-W39,Monday,0,Wednesday,2,219.40000000000072,-84.89999999999887,True,False,False,2,False
2017-W40,Monday,0,Friday,4,145.60000000000127,-62.20000000000114,True,False,False,4,False
2017-W41,Thursday,3,Monday,0,160.09999999999857,91.80000000000189,False,True,False,3,True
2017-W42,Thursday,3,Wednesday,2,127.79999999999791,-26.399999999999757,False,True,False,1,False
2017-W43,Thursday,3,Friday,4,262.2999999999997,-156.30000000000032,True,False,False,1,False
2017-W44,Friday,4,Monday,0,96.49999999999936,-1.5999999999993797,False,True,False,4,False
2017-W45,Friday,4,Tuesday,1,123.59999999999927,48.99999999999905,False,True,False,3,True
2017-W46,Wednesday,2,Monday,0,223.2999999999996,133.6000000000004,False,True,False,2,True
2017-W47,Friday,4,Tuesday,1,231.09999999999962,145.2000000000009,False,True,False,3,True
2017-W48,Monday,0,Thursday,3,152.30000000000078,-30.399999999999316,True,False,False,3,False
2017-W49,Monday,0,Friday,4,148.50000000000028,-89.90000000000053,True,False,False,4,False
2017-W50,Thursday,3,Tuesday,1,144.89999999999893,-16.499999999999293,False,True,False,2,False
2017-W51,Wednesday,2,Monday,0,164.5999999999992,117.89999999999966,False,True,False,2,True
2017-W52,Friday,4,Tuesday,1,179.10000000000093,132.70000000000115,False,True,False,3,True
2018-W01,Thursday,3,Monday,0,667.5999999999993,-539.3000000000003,False,True,False,3,False
2018-W02,Friday,4,Tuesday,1,302.99999999999994,174.00000000000082,False,True,False,3,True
2018-W03,Wednesday,2,Thursday,3,158.4999999999992,24.999999999999467,True,False,False,1,True
2018-W04,Thursday,3,Monday,0,323.7000000000001,156.19999999999968,False,True,False,3,True
2018-W05,Thursday,3,Tuesday,1,187.30000000000135,28.69999999999928,False,True,False,2,True
2018-W06,Monday,0,Friday,4,269.20000000000056,-185.69999999999976,True,False,False,4,False
2018-W07,Friday,4,Monday,0,320.10000000000093,154.99999999999847,False,True,False,4,True
2018-W08,Monday,0,Thursday,3,175.30000000000047,-108.50000000000026,True,False,False,3,False
2018-W09,Monday,0,Thursday,3,200.29999999999993,24.199999999998667,True,False,False,3,True
2018-W10,Thursday,3,Monday,0,176.7999999999992,-28.200000000000447,False,True,False,3,False
2018-W11,Wednesday,2,Friday,4,152.29999999999853,-24.000000000001798,True,False,False,2,False
2018-W12,Thursday,3,Wednesday,2,148.9000000000007,67.99999999999918,False,True,False,1,True
2018-W13,Tuesday,1,Thursday,3,192.4999999999999,-27.099999999999902,True,False,False,2,False
2018-W14,Monday,0,Friday,4,129.69999999999925,-39.29999999999989,True,False,False,4,False
2018-W15,Wednesday,2,Monday,0,135.6999999999986,44.800000000000395,False,True,False,2,True
2018-W16,Tuesday,1,Friday,4,163.8000000000006,-46.30000000000134,True,False,False,3,False
2018-W17,Monday,0,Friday,4,234.00000000000088,-143.50000000000085,True,False,False,4,False
2018-W18,Monday,0,Friday,4,228.50000000000037,-165.50000000000065,True,False,False,4,False
2018-W19,Monday,0,Wednesday,2,155.0999999999991,-14.099999999999113,True,False,False,2,False
2018-W20,Monday,0,Friday,4,246.2999999999993,-172.09999999999948,True,False,False,4,False
2018-W21,Tuesday,1,Friday,4,184.10000000000036,-120.8000000000009,True,False,False,3,False
2018-W22,Monday,0,Tuesday,1,218.30000000000015,-26.500000000000412,True,False,False,1,False
2018-W23,Thursday,3,Tuesday,1,187.29999999999913,108.80000000000001,False,True,False,2,True
2018-W24,Thursday,3,Friday,4,308.3999999999998,-164.1999999999988,True,False,False,1,False
2018-W25,Friday,4,Thursday,3,166.6000000000012,65.60000000000122,False,True,False,1,True
2018-W26,Tuesday,1,Thursday,3,192.99999999999872,19.599999999999618,True,False,False,2,True
2018-W27,Friday,4,Monday,0,176.09999999999903,68.90000000000063,False,True,False,4,True
2018-W28,Monday,0,Friday,4,178.00000000000037,-58.499999999999105,True,False,False,4,False
2018-W29,Tuesday,1,Thursday,3,169.6999999999993,31.600000000000517,True,False,False,2,True
2018-W30,Monday,0,Friday,4,129.5999999999986,-71.70000000000121,True,False,False,4,False
2018-W31,Tuesday,1,Friday,4,185.5999999999991,-91.39999999999927,True,False,False,3,False
2018-W32,Wednesday,2,Friday,4,240.1999999999993,-157.10000000000113,True,False,False,2,False
2018-W33,Friday,4,Wednesday,2,143.69999999999993,65.60000000000122,False,True,False,2,True
2018-W34,Friday,4,Monday,0,245.40000000000006,182.40000000000035,False,True,False,4,True
2018-W35,Tuesday,1,Friday,4,148.7000000000016,-16.599999999999948,True,False,False,3,False
2018-W36,Thursday,3,Tuesday,1,129.09999999999977,-43.89999999999894,False,True,False,2,False
2018-W37,Friday,4,Monday,0,195.49999999999957,76.79999999999909,False,True,False,4,True
2018-W38,Friday,4,Monday,0,184.80000000000052,123.69999999999992,False,True,False,4,True
2018-W39,Monday,0,Friday,4,244.90000000000123,-142.50000000000097,True,False,False,4,False
2018-W40,Monday,0,Thursday,3,161.10000000000068,-94.89999999999998,True,False,False,3,False
2018-W41,Friday,4,Tuesday,1,178.2000000000017,36.6999999999984,False,True,False,3,True
2018-W42,Tuesday,1,Friday,4,187.9999999999993,-26.900000000000812,True,False,False,3,False
2018-W43,Monday,0,Friday,4,214.39999999999904,-114.29999999999829,True,False,False,4,False
2018-W44,Friday,4,Wednesday,2,153.90000000000015,-5.1000000000001044,False,True,False,2,False
2018-W45,Wednesday,2,Friday,4,183.50000000000088,-51.900000000000276,True,False,False,2,False
2018-W46,Friday,4,Monday,0,204.59999999999923,92.20000000000006,False,True,False,4,True
2018-W47,Tuesday,1,Friday,4,145.39999999999998,-76.6,True,False,False,3,False
2018-W48,Thursday,3,Wednesday,2,134.39999999999895,-24.199999999998667,False,True,False,1,False
2018-W49,Friday,4,Wednesday,2,112.899999999998,26.200000000000667,False,True,False,2,True
2018-W50,Monday,0,Friday,4,172.90000000000026,-86.50000000000047,True,False,False,4,False
2018-W51,Thursday,3,Monday,0,189.20000000000047,67.60000000000099,False,True,False,3,True
2018-W52,Friday,4,Wednesday,2,129.90000000000057,72.20000000000005,False,True,False,2,True
2019-W01,Wednesday,2,Monday,0,324.89999999999907,-252.20000000000022,False,True,False,2,False
2019-W02,Thursday,3,Monday,0,174.30000000000058,70.09999999999961,False,True,False,3,True
2019-W03,Tuesday,1,Friday,4,136.39999999999876,-97.50000000000148,True,False,False,3,False
2019-W04,Friday,4,Thursday,3,128.40000000000185,42.899999999999054,False,True,False,1,True
2019-W05,Thursday,3,Monday,0,124.10000000000032,54.199999999999804,False,True,False,3,True
2019-W06,Monday,0,Friday,4,139.60000000000196,-129.60000000000082,True,False,False,4,False
2019-W07,Wednesday,2,Friday,4,107.39999999999972,-26.100000000000012,True,False,False,2,False
2019-W08,Wednesday,2,Tuesday,1,95.60000000000014,41.29999999999967,False,True,False,1,True
2019-W09,Thursday,3,Monday,0,91.59999999999835,29.300000000000992,False,True,False,3,True
2019-W10,Monday,0,Thursday,3,206.20000000000084,-147.5000000000004,True,False,False,3,False
2019-W11,Friday,4,Monday,0,122.6000000000016,88.09999999999985,False,True,False,4,True
2019-W12,Wednesday,2,Friday,4,174.7999999999994,-28.000000000001357,True,False,False,2,False
2019-W13,Monday,0,Friday,4,121.59999999999948,-76.1999999999996,True,False,False,4,False
2019-W14,Wednesday,2,Tuesday,1,71.0999999999995,-11.200000000000099,False,True,False,1,False
2019-W15,Friday,4,Monday,0,112.09999999999943,83.80000000000054,False,True,False,4,True
2019-W16,Wednesday,2,Thursday,3,97.59999999999991,-62.699999999999974,True,False,False,1,False
2019-W17,Monday,0,Friday,4,150.9000000000005,-97.89999999999965,True,False,False,4,False
2019-W18,Wednesday,2,Friday,4,129.70000000000147,56.59999999999998,True,False,False,2,True
2019-W19,Friday,4,Tuesday,1,86.9999999999993,52.99999999999861,False,True,False,3,True
2019-W20,Monday,0,Friday,4,108.39999999999961,-75.70000000000077,True,False,False,4,False
2019-W21,Friday,4,Thursday,3,105.1000000000002,44.500000000000654,False,True,False,1,True
2019-W22,Monday,0,Thursday,3,99.10000000000085,-42.9999999999997,True,False,False,3,False
2019-W23,Friday,4,Monday,0,187.6000000000011,172.70000000000118,False,True,False,4,True
2019-W24,Wednesday,2,Friday,4,141.0,-117.00000000000044,True,False,False,2,False
2019-W25,Friday,4,Tuesday,1,196.39999999999878,159.00000000000026,False,True,False,3,True
2019-W26,Tuesday,1,Tuesday,1,67.69999999999942,-1.3999999999980695,False,False,True,0,False
2019-W27,Monday,0,Friday,4,163.69999999999996,-136.00000000000057,True,False,False,4,False
2019-W28,Thursday,3,Tuesday,1,92.40000000000137,48.30000000000112,False,True,False,2,True
2019-W29,Monday,0,Wednesday,2,84.10000000000028,-47.399999999999665,True,False,False,2,False
2019-W30,Monday,0,Thursday,3,123.99999999999966,-90.29999999999872,True,False,False,3,False
2019-W31,Wednesday,2,Thursday,3,135.19999999999976,-18.899999999999473,True,False,False,1,False
2019-W32,Tuesday,1,Monday,0,146.39999999999986,92.70000000000111,False,True,False,1,True
2019-W33,Monday,0,Friday,4,164.4000000000001,-107.90000000000077,True,False,False,4,False
2019-W34,Friday,4,Friday,4,101.60000000000169,43.499999999998536,False,False,True,0,True
2019-W35,Monday,0,Friday,4,200.70000000000033,-162.70000000000007,True,False,False,4,False
2019-W36,Thursday,3,Tuesday,1,158.7000000000005,35.70000000000073,False,True,False,2,True
2019-W37,Friday,4,Thursday,3,182.59999999999943,44.69999999999974,False,True,False,1,True
2019-W38,Monday,0,Tuesday,1,96.19999999999962,-56.30000000000024,True,False,False,1,False
2019-W39,Monday,0,Friday,4,120.70000000000024,-76.89999999999975,True,False,False,4,False
2019-W40,Thursday,3,Tuesday,1,120.19999999999919,34.09999999999913,False,True,False,2,True
2019-W41,Friday,4,Tuesday,1,121.70000000000014,52.60000000000042,False,True,False,3,True
2019-W42,Friday,4,Tuesday,1,180.69999999999808,138.7000000000005,False,True,False,3,True
2019-W43,Monday,0,Friday,4,106.39999999999984,-81.49999999999879,True,False,False,4,False
2019-W44,Thursday,3,Tuesday,1,101.99999999999987,84.7999999999982,False,True,False,2,True
2019-W45,Monday,0,Friday,4,158.59999999999985,-150.7999999999998,True,False,False,4,False
2019-W46,Friday,4,Thursday,3,67.90000000000074,26.399999999999757,False,True,False,1,True
2019-W47,Thursday,3,Friday,4,82.60000000000156,-30.999999999998806,True,False,False,1,False
2019-W48,Monday,0,Friday,4,51.000000000001044,-1.9999999999997797,True,False,False,4,False
2019-W49,Wednesday,2,Monday,0,113.19999999999996,31.399999999999206,False,True,False,2,True
2019-W50,Friday,4,Monday,0,146.20000000000078,59.40000000000056,False,True,False,4,True
2019-W51,Tuesday,1,Friday,4,108.39999999999961,-51.09999999999948,True,False,False,3,False
2019-W52,Friday,4,Tuesday,1,119.29999999999995,90.29999999999872,False,True,False,3,True
2020-W02,Monday,0,Friday,4,120.49999999999895,-49.099999999999696,True,False,False,4,False
2020-W03,Thursday,3,Friday,4,86.50000000000047,-25.100000000000122,True,False,False,1,False
2020-W04,Tuesday,1,Friday,4,98.40000000000072,-68.59999999999866,True,False,False,3,False
2020-W05,Friday,4,Wednesday,2,103.10000000000042,62.599999999999326,False,True,False,2,True
2020-W06,Monday,0,Friday,4,152.00000000000102,-150.1000000000019,True,False,False,4,False
2020-W07,Monday,0,Friday,4,130.29999999999876,-114.00000000000077,True,False,False,4,False
2020-W08,Friday,4,Thursday,3,85.69999999999966,4.999999999999449,False,True,False,1,True
2020-W09,Friday,4,Monday,0,247.99999999999932,210.6000000000008,False,True,False,4,True
2020-W10,Sunday,6,Monday,0,320.4999999999991,304.7,False,True,False,6,True
2020-W11,Monday,0,Thursday,3,440.4000000000008,-156.8999999999998,True,False,False,3,False
2020-W12,Monday,0,Friday,4,599.1000000000013,-496.09999999999934,True,False,False,4,False
2020-W13,Friday,4,Monday,0,511.60000000000093,443.7000000000002,False,True,False,4,True
2020-W14,Monday,0,Friday,4,365.6000000000015,-321.70000000000033,True,False,False,4,False
2020-W15,Friday,4,Monday,0,184.10000000000036,124.40000000000006,False,True,False,4,True
2020-W16,Wednesday,2,Friday,4,178.79999999999896,-77.09999999999883,True,False,False,2,False
2020-W17,Monday,0,Friday,4,169.59999999999863,-55.19999999999969,True,False,False,4,False
2020-W18,Friday,4,Tuesday,1,208.99999999999918,156.60000000000008,False,True,False,3,True
2020-W19,Monday,0,Thursday,3,207.09999999999783,-130.50000000000006,True,False,False,3,False
2020-W20,Wednesday,2,Thursday,3,121.70000000000014,-8.199999999998209,True,False,False,1,False
2020-W21,Thursday,3,Monday,0,208.3999999999997,89.20000000000039,False,True,False,3,True
2020-W22,Friday,4,Monday,0,274.4999999999998,207.9999999999993,False,True,False,4,True
2020-W23,Friday,4,Monday,0,283.20000000000124,178.2000000000017,False,True,False,4,True
2020-W24,Wednesday,2,Friday,4,209.8999999999984,-38.40000000000066,True,False,False,2,False
2020-W25,Tuesday,1,Friday,4,185.20000000000093,-56.99999999999817,True,False,False,3,False
2020-W26,Tuesday,1,Monday,0,180.19999999999925,33.499999999999645,False,True,False,1,True
2020-W27,Thursday,3,Wednesday,2,117.80000000000123,31.49999999999986,False,True,False,1,True
2020-W28,Thursday,3,Monday,0,129.50000000000017,55.699999999998525,False,True,False,3,True
2020-W29,Wednesday,2,Monday,0,151.20000000000022,122.99999999999977,False,True,False,2,True
2020-W30,Friday,4,Monday,0,255.6999999999987,246.19999999999865,False,True,False,4,True
2020-W31,Friday,4,Monday,0,267.39999999999986,132.30000000000075,False,True,False,4,True
2020-W32,Thursday,3,Monday,0,220.10000000000085,13.700000000000934,False,True,False,3,True
2020-W33,Thursday,3,Wednesday,2,153.09999999999934,52.799999999999514,False,True,False,1,True
2020-W34,Tuesday,1,Friday,4,211.50000000000003,-44.00000000000182,True,False,False,3,False
2020-W35,Friday,4,Thursday,3,157.39999999999864,110.69999999999914,False,True,False,1,True
2020-W36,Tuesday,1,Friday,4,230.3999999999995,-62.699999999999974,True,False,False,3,False
2020-W37,Thursday,3,Wednesday,2,164.8000000000005,2.100000000000435,False,True,False,1,True
2020-W38,Tuesday,1,Thursday,3,163.20000000000113,3.6999999999998145,True,False,False,2,True
2020-W39,Monday,0,Friday,4,259.59999999999985,-209.19999999999828,True,False,False,4,False
2020-W40,Thursday,3,Monday,0,154.6000000000003,88.6000000000009,False,True,False,3,True
2020-W41,Friday,4,Monday,0,125.6999999999997,113.79999999999946,False,True,False,4,True
2020-W42,Monday,0,Thursday,3,138.19999999999942,-97.10000000000107,True,False,False,3,False
2020-W43,Wednesday,2,Monday,0,177.59999999999997,137.7000000000006,False,True,False,2,True
2020-W44,Monday,0,Friday,4,220.50000000000125,-213.79999999999956,True,False,False,4,False
2020-W45,Friday,4,Wednesday,2,288.19999999999845,220.2000000000015,False,True,False,2,True
2020-W46,Monday,0,Wednesday,2,174.50000000000188,-58.79999999999885,True,False,False,2,False
2020-W47,Tuesday,1,Monday,0,79.59999999999967,13.300000000000534,False,True,False,1,True
2020-W48,Friday,4,Monday,0,164.4000000000001,108.1999999999983,False,True,False,4,True
2020-W49,Friday,4,Tuesday,1,242.0,158.80000000000115,False,True,False,3,True
2020-W50,Monday,0,Wednesday,2,107.50000000000037,-22.199999999998887,True,False,False,2,False
2020-W51,Thursday,3,Monday,0,157.10000000000113,119.1999999999993,False,True,False,3,True
2020-W52,Tuesday,1,Monday,0,127.39999999999974,-28.799999999999937,False,True,False,1,False
2020-W53,Wednesday,2,Monday,0,128.99999999999912,29.300000000000992,False,True,False,2,True
2021-W01,Wednesday,2,Friday,4,156.49999999999943,-22.199999999998887,True,False,False,2,False
2021-W02,Monday,0,Friday,4,153.69999999999885,-142.69999999999783,True,False,False,4,False
2021-W03,Friday,4,Monday,0,135.89999999999992,82.89999999999908,False,True,False,4,True
2021-W04,Monday,0,Wednesday,2,124.69999999999982,-39.00000000000014,True,False,False,2,False
2021-W05,Monday,0,Friday,4,184.10000000000036,-81.60000000000167,True,False,False,4,False
2021-W06,Thursday,3,Monday,0,129.79999999999993,80.19999999999916,False,True,False,3,True
2021-W07,Tuesday,1,Wednesday,2,146.1000000000001,-7.699999999999374,True,False,False,1,False
2021-W08,Thursday,3,Friday,4,181.19999999999914,-44.700000000001964,True,False,False,1,False
2021-W09,Wednesday,2,Friday,4,220.0000000000002,-157.4000000000009,True,False,False,2,False
2021-W10,Thursday,3,Tuesday,1,154.39999999999898,31.200000000000117,False,True,False,2,True
2021-W11,Thursday,3,Sunday,6,118.00000000000033,-68.60000000000088,True,False,False,3,False
2021-W12,Monday,0,Thursday,3,185.10000000000025,-88.6000000000009,True,False,False,3,False
2021-W13,Monday,0,Wednesday,2,89.89999999999831,-31.400000000001427,True,False,False,2,False
2021-W14,Thursday,3,Monday,0,189.50000000000023,143.29999999999953,False,True,False,3,True
2021-W15,Friday,4,Monday,0,123.59999999999927,90.20000000000027,False,True,False,4,True
2021-W16,Friday,4,Monday,0,157.49999999999932,121.59999999999948,False,True,False,4,True
2021-W17,Thursday,3,Friday,4,133.29999999999842,-74.40000000000113,True,False,False,1,False
2021-W18,Friday,4,Wednesday,2,185.4,130.6000000000007,False,True,False,2,True
2021-W19,Tuesday,1,Thursday,3,130.09999999999965,-18.100000000000893,True,False,False,2,False
2021-W20,Wednesday,2,Monday,0,119.1999999999993,32.80000000000172,False,True,False,2,True
2021-W21,Tuesday,1,Friday,4,133.90000000000012,12.699999999998823,True,False,False,3,True
2021-W22,Tuesday,1,Friday,4,150.29999999999876,-34.600000000000186,True,False,False,3,False
2021-W23,Wednesday,2,Friday,4,125.39999999999995,-52.90000000000017,True,False,False,2,False
2021-W24,Tuesday,1,Friday,4,300.10000000000093,-245.29999999999941,True,False,False,3,False
2021-W25,Friday,4,Monday,0,127.5000000000004,80.50000000000112,False,True,False,4,True
2021-W26,Monday,0,Friday,4,137.39999999999864,-67.39999999999968,True,False,False,4,False
2021-W27,Tuesday,1,Wednesday,2,113.60000000000036,11.200000000000099,True,False,False,1,True
2021-W28,Monday,0,Wednesday,2,108.50000000000026,-70.40000000000157,True,False,False,2,False
2021-W29,Thursday,3,Wednesday,2,78.600000000002,-37.0999999999988,False,True,False,1,False
2021-W30,Friday,4,Monday,0,145.29999999999933,98.5999999999998,False,True,False,4,True
2021-W31,Wednesday,2,Friday,4,145.29999999999933,-104.50000000000071,True,False,False,2,False
2021-W32,Friday,4,Wednesday,2,98.5999999999998,35.30000000000033,False,True,False,2,True
2021-W33,Monday,0,Friday,4,136.8999999999998,-98.30000000000005,True,False,False,4,False
2021-W34,Friday,4,Monday,0,109.70000000000147,97.50000000000148,False,True,False,4,True
2021-W35,Friday,4,Monday,0,126.3000000000014,83.59999999999923,False,True,False,4,True
2021-W36,Monday,0,Wednesday,2,84.29999999999937,-65.90000000000096,True,False,False,2,False
2021-W37,Tuesday,1,Friday,4,122.29999999999963,-87.20000000000061,True,False,False,3,False
2021-W38,Wednesday,2,Thursday,3,72.10000000000161,-10.699999999999044,True,False,False,1,False
2021-W39,Monday,0,Thursday,3,163.69999999999996,-133.0000000000009,True,False,False,3,False
2021-W40,Monday,0,Wednesday,2,110.89999999999822,-23.299999999999432,True,False,False,2,False
2021-W41,Thursday,3,Tuesday,1,100.00000000000009,30.89999999999815,False,True,False,2,True
2021-W42,Tuesday,1,Monday,0,97.59999999999991,49.20000000000036,False,True,False,1,True
2021-W43,Thursday,3,Friday,4,157.10000000000113,-75.40000000000103,True,False,False,1,False
2021-W44,Thursday,3,Friday,4,103.20000000000107,0.5999999999994898,True,False,False,1,True
2021-W45,Tuesday,1,Friday,4,175.89999999999995,-115.29999999999818,True,False,False,3,False
2021-W46,Monday,0,Friday,4,213.9000000000002,-167.90000000000083,True,False,False,4,False
2021-W47,Friday,4,Wednesday,2,144.20000000000098,19.800000000000928,False,True,False,2,True
2021-W48,Tuesday,1,Tuesday,1,147.89999999999858,11.300000000000754,False,False,True,0,True
2021-W49,Wednesday,2,Tuesday,1,127.20000000000064,9.999999999998899,False,True,False,1,True
2021-W50,Thursday,3,Wednesday,2,138.80000000000115,-73.00000000000084,False,True,False,1,False
2021-W51,Friday,4,Monday,0,108.90000000000066,73.09999999999928,False,True,False,4,True
2021-W52,Friday,4,Wednesday,2,112.60000000000048,58.499999999999105,False,True,False,2,True
2022-W01,Monday,0,Tuesday,1,106.10000000000008,-9.699999999999154,True,False,False,1,False
2022-W02,Friday,4,Monday,0,197.99999999999818,57.49999999999922,False,True,False,4,True
2022-W03,Monday,0,Friday,4,133.49999999999972,-70.00000000000117,True,False,False,4,False
2022-W04,Monday,0,Friday,4,223.70000000000002,-194.60000000000034,True,False,False,4,False
2022-W05,Friday,4,Monday,0,345.6999999999999,305.5000000000008,False,True,False,4,True
2022-W06,Thursday,3,Friday,4,165.2000000000009,-117.49999999999928,True,False,False,1,False
2022-W07,Wednesday,2,Monday,0,115.79999999999924,-16.599999999999948,False,True,False,2,False
2022-W08,Monday,0,Thursday,3,284.29999999999956,-46.70000000000174,True,False,False,3,False
2022-W09,Monday,0,Friday,4,360.8000000000011,-192.60000000000053,True,False,False,4,False
2022-W10,Thursday,3,Monday,0,315.3000000000006,-2.100000000000435,False,True,False,3,False
2022-W11,Thursday,3,Monday,0,237.00000000000054,133.30000000000064,False,True,False,3,True
2022-W12,Monday,0,Tuesday,1,109.30000000000106,-69.90000000000052,True,False,False,1,False
2022-W13,Thursday,3,Monday,0,240.1999999999993,58.20000000000158,False,True,False,3,True
2022-W14,Monday,0,Friday,4,218.00000000000043,-155.70000000000084,True,False,False,4,False
2022-W15,Monday,0,Thursday,3,175.70000000000084,-114.4999999999996,True,False,False,3,False
2022-W16,Thursday,3,Tuesday,1,175.1999999999998,-8.20000000000043,False,True,False,2,False
2022-W17,Monday,0,Thursday,3,344.30000000000183,-263.2000000000012,True,False,False,3,False
2022-W18,Thursday,3,Friday,4,159.1000000000009,0.7999999999985796,True,False,False,1,True
2022-W19,Monday,0,Friday,4,242.79999999999856,-128.1999999999983,True,False,False,4,False
2022-W20,Thursday,3,Monday,0,218.09999999999886,165.80000000000038,False,True,False,3,True
2022-W21,Friday,4,Monday,0,209.79999999999998,171.60000000000065,False,True,False,4,True
2022-W22,Monday,0,Wednesday,2,159.59999999999974,-17.799999999998928,True,False,False,2,False
2022-W23,Thursday,3,Friday,4,268.1,-202.99999999999986,True,False,False,1,False
2022-W24,Thursday,3,Wednesday,2,242.4000000000004,-19.599999999999618,False,True,False,1,False
2022-W25,Wednesday,2,Wednesday,2,137.00000000000045,78.80000000000109,False,False,True,0,True
2022-W26,Monday,0,Friday,4,249.20000000000053,-121.69999999999791,True,False,False,4,False
2022-W27,Monday,0,Friday,4,390.69999999999936,-235.20000000000206,True,False,False,4,False
2022-W28,Monday,0,Thursday,3,231.29999999999984,-87.59999999999879,True,False,False,3,False
2022-W29,Thursday,3,Monday,0,199.59999999999977,130.7999999999998,False,True,False,3,True
2022-W30,Monday,0,Wednesday,2,161.19999999999914,16.500000000001513,True,False,False,2,True
2022-W31,Tuesday,1,Wednesday,2,171.3000000000009,-27.29999999999899,True,False,False,1,False
2022-W32,Wednesday,2,Monday,0,209.50000000000023,86.3999999999998,False,True,False,2,True
2022-W33,Monday,0,Friday,4,236.40000000000106,-222.4999999999988,True,False,False,4,False
2022-W34,Friday,4,Tuesday,1,189.59999999999977,-74.30000000000048,False,True,False,3,False
2022-W35,Wednesday,2,Thursday,3,168.30000000000013,-14.199999999999768,True,False,False,1,False
2022-W36,Friday,4,Tuesday,1,249.29999999999896,114.00000000000077,False,True,False,3,True
2022-W37,Monday,0,Friday,4,252.90000000000035,-89.29999999999882,True,False,False,4,False
2022-W38,Tuesday,1,Friday,4,382.3999999999994,-318.70000000000067,True,False,False,3,False
2022-W39,Friday,4,Wednesday,2,317.9999999999994,134.69999999999982,False,True,False,2,True
2022-W40,Tuesday,1,Friday,4,273.60000000000053,-54.50000000000066,True,False,False,3,False
2022-W41,Friday,4,Thursday,3,177.10000000000002,-15.399999999999858,False,True,False,1,False
2022-W42,Tuesday,1,Friday,4,170.7000000000003,141.1999999999991,True,False,False,3,True
2022-W43,Thursday,3,Monday,0,286.6999999999986,91.90000000000032,False,True,False,3,True
2022-W44,Wednesday,2,Thursday,3,245.79999999999936,-0.700000000000145,True,False,False,1,False
2022-W45,Friday,4,Monday,0,463.90000000000043,450.1999999999995,False,True,False,4,True
2022-W46,Tuesday,1,Monday,0,209.499999999998,-11.899999999998023,False,True,False,1,False
2022-W47,Thursday,3,Monday,0,225.6999999999998,69.90000000000052,False,True,False,3,True
2022-W48,Friday,4,Wednesday,2,254.8000000000017,160.89999999999938,False,True,False,2,True
2022-W49,Monday,0,Wednesday,2,151.69999999999905,1.3000000000018552,True,False,False,2,True
2022-W50,Thursday,3,Monday,0,230.3999999999995,57.49999999999922,False,True,False,3,True
2022-W51,Thursday,3,Thursday,3,86.30000000000138,27.69999999999939,False,False,True,0,True
2022-W52,Friday,4,Monday,0,115.19999999999975,94.00000000000075,False,True,False,4,True
2023-W01,Monday,0,Friday,4,226.39999999999992,-55.70000000000075,True,False,False,4,False
2023-W02,Friday,4,Monday,0,229.8,189.60000000000088,False,True,False,4,True
2023-W03,Wednesday,2,Wednesday,2,121.19999999999908,26.100000000000012,False,False,True,0,True
2023-W04,Thursday,3,Tuesday,1,94.39999999999893,-2.900000000001235,False,True,False,2,False
2023-W05,Thursday,3,Friday,4,240.29999999999995,-71.39999999999924,True,False,False,1,False
2023-W06,Monday,0,Friday,4,132.6000000000005,-106.60000000000113,True,False,False,4,False
2023-W07,Tuesday,1,Friday,4,191.79999999999976,12.100000000001554,True,False,False,3,True
2023-W08,Monday,0,Friday,4,168.5000000000003,-138.00000000000034,True,False,False,4,False
2023-W09,Wednesday,2,Monday,0,158.4999999999992,89.89999999999831,False,True,False,2,True
2023-W10,Sunday,6,Wednesday,2,172.69999999999897,67.39999999999968,False,True,False,4,True
2023-W11,Wednesday,2,Wednesday,2,243.90000000000134,-16.399999999998638,False,False,True,0,False
2023-W12,Thursday,3,Monday,0,298.4999999999993,76.79999999999909,False,True,False,3,True
2023-W13,Thursday,3,Monday,0,181.29999999999978,63.40000000000012,False,True,False,3,True
2023-W14,Tuesday,1,Monday,0,181.9000000000015,79.59999999999967,False,True,False,1,True
2023-W15,Friday,4,Monday,0,238.49999999999926,94.19999999999985,False,True,False,4,True
2023-W16,Monday,0,Monday,0,88.09999999999985,-1.40000000000029,False,False,True,0,False
2023-W17,Wednesday,2,Tuesday,1,121.69999999999791,32.70000000000106,False,True,False,1,True
2023-W18,Thursday,3,Tuesday,1,149.5000000000002,-2.8999999999990145,False,True,False,2,False
2023-W19,Monday,0,Friday,4,205.90000000000109,-173.60000000000042,True,False,False,4,False
2023-W20,Tuesday,1,Friday,4,144.59999999999917,-59.10000000000082,True,False,False,3,False
2023-W21,Monday,0,Friday,4,128.00000000000145,-76.99999999999818,True,False,False,4,False
2023-W22,Friday,4,Wednesday,2,143.4000000000002,-15.600000000000058,False,True,False,2,False
2023-W23,Thursday,3,Tuesday,1,118.70000000000047,34.19999999999979,False,True,False,2,True
2023-W24,Friday,4,Monday,0,232.8000000000019,185.9999999999995,False,True,False,4,True
2023-W25,Thursday,3,Friday,4,163.8000000000006,-50.60000000000065,True,False,False,1,False
2023-W26,Tuesday,1,Friday,4,141.4000000000004,5.300000000001415,True,False,False,3,True
2023-W27,Friday,4,Thursday,3,139.40000000000063,58.59999999999977,False,True,False,1,True
2023-W28,Friday,4,Monday,0,301.39999999999833,266.59999999999906,False,True,False,4,True
2023-W29,Tuesday,1,Friday,4,167.6999999999995,-101.89999999999921,True,False,False,3,False
2023-W30,Monday,0,Friday,4,203.40000000000026,-107.19999999999841,True,False,False,4,False
2023-W31,Monday,0,Thursday,3,133.59999999999818,-17.700000000000493,True,False,False,3,False
2023-W32,Thursday,3,Tuesday,1,136.00000000000057,-70.79999999999976,False,True,False,2,False
2023-W33,Monday,0,Friday,4,115.00000000000065,-81.49999999999879,True,False,False,4,False
2023-W34,Tuesday,1,Friday,4,164.49999999999852,-76.6,True,False,False,3,False
2023-W35,Wednesday,2,Friday,4,173.80000000000172,-23.999999999999577,True,False,False,2,False
2023-W36,Monday,0,Thursday,3,122.59999999999937,-77.4000000000008,True,False,False,3,False
2023-W37,Tuesday,1,Thursday,3,137.40000000000086,-57.099999999998815,True,False,False,2,False
2023-W38,Wednesday,2,Friday,4,121.79999999999858,-16.899999999999693,True,False,False,2,False
2023-W39,Monday,0,Wednesday,2,167.50000000000043,-81.8999999999992,True,False,False,2,False
2023-W40,Friday,4,Tuesday,1,151.60000000000062,15.600000000000058,False,True,False,3,True
2023-W41,Thursday,3,Friday,4,144.30000000000166,-45.600000000001195,True,False,False,1,False
2023-W42,Thursday,3,Monday,0,113.80000000000167,84.40000000000003,False,True,False,3,True
2023-W43,Tuesday,1,Thursday,3,172.09999999999948,-29.300000000000992,True,False,False,2,False
2023-W44,Friday,4,Wednesday,2,229.9999999999991,164.10000000000036,False,True,False,2,True
2023-W45,Monday,0,Friday,4,100.19999999999918,-38.399999999998435,True,False,False,4,False
2023-W46,Friday,4,Monday,0,249.8,232.00000000000108,False,True,False,4,True
2023-W47,Tuesday,1,Wednesday,2,112.90000000000022,24.599999999999067,True,False,False,1,True
2023-W48,Wednesday,2,Friday,4,188.3999999999997,-64.9999999999995,True,False,False,2,False
2023-W49,Monday,0,Friday,4,171.20000000000024,-117.89999999999966,True,False,False,4,False
2023-W50,Thursday,3,Monday,0,267.6999999999996,133.0000000000009,False,True,False,3,True
2023-W51,Friday,4,Monday,0,148.0999999999999,116.19999999999963,False,True,False,4,True
2023-W52,Thursday,3,Monday,0,146.1000000000001,25.299999999999212,False,True,False,3,True
2024-W01,Tuesday,1,Tuesday,1,700.7000000000007,-689.6000000000013,False,False,True,0,False
2024-W02,Thursday,3,Tuesday,1,89.70000000000144,9.699999999999154,False,True,False,2,True
2024-W03,Monday,0,Wednesday,2,122.99999999999977,-52.00000000000094,True,False,False,2,False
2024-W04,Wednesday,2,Friday,4,119.49999999999905,-40.19999999999912,True,False,False,2,False
2024-W05,Friday,4,Thursday,3,117.49999999999928,-61.9000000000014,False,True,False,1,False
2024-W06,Friday,4,Tuesday,1,72.60000000000045,-3.300000000001635,False,True,False,3,False
2024-W07,Monday,0,Wednesday,2,110.59999999999847,-1.7999999999984695,True,False,False,2,False
2024-W08,Thursday,3,Tuesday,1,126.69999999999959,45.59999999999897,False,True,False,2,True
2024-W09,Tuesday,1,Thursday,3,70.09999999999961,4.999999999999449,True,False,False,2,True
2024-W10,Friday,4,Monday,0,146.20000000000078,103.40000000000016,False,True,False,4,True
2024-W11,Wednesday,2,Friday,4,90.79999999999977,-50.700000000001296,True,False,False,2,False
2024-W12,Thursday,3,Friday,4,140.89999999999935,-80.99999999999996,True,False,False,1,False
2024-W13,Tuesday,1,Friday,4,96.49999999999936,-17.599999999999838,True,False,False,3,False
2024-W14,Thursday,3,Tuesday,1,151.90000000000038,47.000000000001485,False,True,False,2,True
2024-W15,Tuesday,1,Friday,4,262.40000000000043,-196.1999999999997,True,False,False,3,False
2024-W16,Thursday,3,Tuesday,1,88.99999999999908,17.400000000000748,False,True,False,2,True
2024-W17,Friday,4,Monday,0,128.8,41.59999999999941,False,True,False,4,True
2024-W18,Friday,4,Wednesday,2,162.9999999999998,69.59999999999854,False,True,False,2,True
2024-W19,Monday,0,Thursday,3,66.8000000000002,9.399999999999409,True,False,False,3,True
2024-W20,Thursday,3,Monday,0,129.09999999999977,95.30000000000038,False,True,False,3,True
2024-W21,Monday,0,Thursday,3,79.59999999999967,-20.400000000000418,True,False,False,3,False
2024-W22,Tuesday,1,Thursday,3,100.70000000000023,0.0,True,False,False,2,False
2024-W23,Tuesday,1,Friday,4,116.69999999999847,-44.49999999999843,True,False,False,3,False
2024-W24,Wednesday,2,Friday,4,184.50000000000077,-75.80000000000142,True,False,False,2,False
2024-W25,Tuesday,1,Friday,4,90.50000000000003,-10.999999999998789,True,False,False,3,False
2024-W26,Monday,0,Wednesday,2,80.29999999999981,27.000000000001467,True,False,False,2,True
2024-W27,Friday,4,Tuesday,1,132.6000000000005,93.20000000000218,False,True,False,3,True
2024-W28,Friday,4,Monday,0,111.49999999999993,103.99999999999964,False,True,False,4,True
2024-W29,Wednesday,2,Tuesday,1,76.49999999999935,-7.299999999998974,False,True,False,1,False
2024-W30,Monday,0,Wednesday,2,77.10000000000106,-31.400000000001427,True,False,False,2,False
2024-W31,Friday,4,Thursday,3,149.0999999999998,54.499999999999545,False,True,False,1,True
2024-W32,Monday,0,Thursday,3,127.39999999999974,-5.800000000000249,True,False,False,3,False
2024-W33,Wednesday,2,Monday,0,137.3000000000002,106.89999999999867,False,True,False,2,True
2024-W34,Friday,4,Monday,0,178.09999999999883,164.50000000000077,False,True,False,4,True
2024-W35,Monday,0,Friday,4,157.7000000000006,-139.80000000000103,True,False,False,4,False
2024-W36,Friday,4,Tuesday,1,129.3000000000011,36.300000000000225,False,True,False,3,True
2024-W37,Friday,4,Wednesday,2,99.800000000001,-4.899999999998794,False,True,False,2,False
2024-W38,Wednesday,2,Thursday,3,120.8000000000009,86.90000000000086,True,False,False,1,True
2024-W39,Wednesday,2,Monday,0,130.90000000000046,3.900000000001125,False,True,False,2,True
2024-W40,Monday,0,Friday,4,257.6999999999985,-184.29999999999947,True,False,False,4,False
2024-W41,Tuesday,1,Thursday,3,97.09999999999886,-26.700000000001722,True,False,False,2,False
2024-W42,Monday,0,Thursday,3,125.60000000000127,-65.50000000000055,True,False,False,3,False
2024-W43,Monday,0,Wednesday,2,110.50000000000004,-65.99999999999939,True,False,False,2,False
2024-W44,Friday,4,Tuesday,1,136.8999999999998,38.899999999999494,False,True,False,3,True
2024-W45,Wednesday,2,Wednesday,2,254.49999999999972,-159.59999999999974,False,False,True,0,False
2024-W46,Monday,0,Thursday,3,231.69999999999914,-169.89999999999839,True,False,False,3,False
2024-W47,Wednesday,2,Friday,4,277.19999999999965,-108.69999999999935,True,False,False,2,False
2024-W48,Friday,4,Tuesday,1,172.09999999999948,94.19999999999985,False,True,False,3,True
2024-W49,Friday,4,Monday,0,169.0999999999998,-3.8000000000004697,False,True,False,4,False
2024-W50,Monday,0,Friday,4,141.29999999999976,-52.69999999999886,True,False,False,4,False
2024-W51,Tuesday,1,Friday,4,191.40000000000157,-60.00000000000006,True,False,False,3,False
2024-W52,Monday,0,Tuesday,1,61.69999999999787,-8.300000000001084,True,False,False,1,False
2025-W01,Monday,0,Thursday,3,1565.3000000000006,1395.200000000001,True,False,False,3,True
2025-W02,Monday,0,Friday,4,224.000000000002,-61.49999999999878,True,False,False,4,False
2025-W03,Wednesday,2,Monday,0,177.1999999999996,35.29999999999811,False,True,False,2,True
2025-W04,Friday,4,Monday,0,255.0000000000008,212.7000000000012,False,True,False,4,True
2025-W05,Monday,0,Friday,4,183.39999999999802,-116.1000000000012,True,False,False,4,False
2025-W06,Wednesday,2,Monday,0,232.09999999999954,93.30000000000061,False,True,False,2,True
2025-W07,Friday,4,Monday,0,230.09999999999974,199.49999999999912,False,True,False,4,True
2025-W08,Monday,0,Wednesday,2,105.3000000000015,-28.799999999999937,True,False,False,2,False
2025-W09,Wednesday,2,Friday,4,168.99999999999915,-95.9000000000021,True,False,False,2,False
2025-W10,Friday,4,Monday,0,500.1000000000011,435.6000000000004,False,True,False,4,True
2025-W11,Tuesday,1,Monday,0,141.99999999999991,41.29999999999967,False,True,False,1,True
2025-W12,Tuesday,1,Friday,4,157.49999999999932,-68.79999999999997,True,False,False,3,False
2025-W13,Monday,0,Thursday,3,125.10000000000021,7.0000000000014495,True,False,False,3,True
2025-W14,Thursday,3,Tuesday,1,367.99999999999943,134.50000000000185,False,True,False,2,True
2025-W15,Friday,4,Monday,0,594.3999999999994,465.9999999999998,False,True,False,4,True
2025-W16,Monday,0,Tuesday,1,160.49999999999898,79.29999999999993,True,False,False,1,True
2025-W17,Monday,0,Wednesday,2,265.1999999999988,-31.799999999999606,True,False,False,2,False
2025-W18,Monday,0,Thursday,3,159.0999999999987,-69.00000000000128,True,False,False,3,False
2025-W19,Tuesday,1,Friday,4,184.40000000000012,-52.69999999999886,True,False,False,3,False
2025-W20,Wednesday,2,Monday,0,200.39999999999836,-28.799999999999937,False,True,False,2,False
2025-W21,Friday,4,Monday,0,204.29999999999947,184.29999999999947,False,True,False,4,True
2025-W22,Monday,0,Thursday,3,208.2000000000006,-16.399999999998638,True,False,False,3,False
2025-W23,Thursday,3,Monday,0,151.30000000000086,49.600000000000755,False,True,False,3,True
2025-W24,Thursday,3,Tuesday,1,258.20000000000175,150.50000000000009,False,True,False,2,True
2025-W25,Monday,0,Thursday,3,168.60000000000096,-11.999999999998678,True,False,False,3,False
2025-W26,Friday,4,Monday,0,300.59999999999974,256.0000000000007,False,True,False,4,True
2025-W27,Tuesday,1,Monday,0,122.29999999999963,43.199999999998795,False,True,False,1,True
2025-W28,Monday,0,Thursday,3,127.79999999999791,-94.09999999999918,True,False,False,3,False
2025-W29,Wednesday,2,Thursday,3,164.60000000000142,-45.100000000000136,True,False,False,1,False
2025-W30,Thursday,3,Monday,0,174.1999999999999,115.99999999999832,False,True,False,3,True
2025-W31,Monday,0,Friday,4,378.4999999999994,-172.1999999999979,True,False,False,4,False
2025-W32,Thursday,3,Tuesday,1,170.89999999999827,45.80000000000028,False,True,False,2,True
2025-W33,Wednesday,2,Monday,0,140.1000000000008,58.20000000000158,False,True,False,2,True
2025-W34,Friday,4,Friday,4,159.7000000000004,4.699999999999704,False,False,True,0,True
2025-W35,Monday,0,Wednesday,2,151.90000000000038,-37.69999999999829,True,False,False,2,False
2025-W36,Friday,4,Wednesday,2,151.20000000000022,20.600000000001728,False,True,False,2,True
2025-W37,Tuesday,1,Thursday,3,121.0,19.000000000000128,True,False,False,2,True
2025-W38,Wednesday,2,Monday,0,202.59999999999945,10.200000000000209,False,True,False,2,True
2025-W39,Tuesday,1,Thursday,3,174.50000000000188,-44.39999999999999,True,False,False,2,False
2025-W40,Wednesday,2,Thursday,3,95.60000000000014,39.600000000001856,True,False,False,1,True
2025-W41,Monday,0,Thursday,3,188.70000000000164,-106.00000000000165,True,False,False,3,False
2025-W42,Friday,4,Tuesday,1,185.9999999999995,37.0999999999988,False,True,False,3,True
2025-W43,Monday,0,Wednesday,2,98.5999999999998,-35.89999999999982,True,False,False,2,False
2025-W44,Tuesday,1,Friday,4,147.20000000000067,-92.4999999999998,True,False,False,3,False
2025-W45,Friday,4,Wednesday,2,122.29999999999963,36.19999999999956,False,True,False,2,True
2025-W46,Thursday,3,Monday,0,114.99999999999844,60.99999999999994,False,True,False,3,True
2025-W47,Monday,0,Friday,4,133.49999999999972,-98.79999999999889,True,False,False,4,False
2025-W48,Thursday,3,Monday,0,111.39999999999928,84.49999999999847,False,True,False,3,True
2025-W49,Thursday,3,Monday,0,92.60000000000046,44.800000000000395,False,True,False,3,True
2025-W50,Thursday,3,Tuesday,1,147.80000000000015,102.29999999999961,False,True,False,2,True
2025-W51,Tuesday,1,Friday,4,101.89999999999921,-25.500000000000522,True,False,False,3,False
2025-W52,Wednesday,2,Monday,0,102.10000000000052,53.10000000000148,False,True,False,2,True
