week_key,open,high,low,close,weekly_range_pips,weekly_return_pips
2000-W22,0.9302,0.9498,0.9151,0.944,346.99999999999955,137.99999999999923
2000-W23,0.9461,0.9704,0.9416,0.9523,288.00000000000045,61.99999999999983
2000-W24,0.9535,0.9661,0.9494,0.9649,166.99999999999937,113.99999999999966
2000-W25,0.9647,0.9694,0.9342,0.9367,352.0000000000001,-280.0000000000002
2000-W26,0.9362,0.9604,0.9299,0.9538,305.00000000000085,175.9999999999995
2000-W27,0.9526,0.9598,0.9459,0.9476,139.00000000000023,-50.00000000000004
2000-W28,0.9494,0.9569,0.9318,0.9388,251.0000000000001,-106.00000000000054
2000-W29,0.9384,0.9402,0.9193,0.9365,209.00000000000028,-19.000000000000128
2000-W30,0.9364,0.945,0.9229,0.9239,220.99999999999898,-124.99999999999956
2000-W31,0.9239,0.9295,0.8997,0.908,297.9999999999994,-159.00000000000026
2000-W32,0.9075,0.9145,0.8965,0.9033,180.00000000000017,-41.999999999999815
2000-W33,0.9037,0.9184,0.9007,0.9067,177.00000000000048,30.00000000000003
2000-W34,0.9077,0.9079,0.8912,0.9024,167.00000000000048,-52.999999999999716
2000-W35,0.9037,0.9045,0.8841,0.8994,203.99999999999974,-42.9999999999997
2000-W36,0.8999,0.904,0.8639,0.8686,401.0000000000002,-312.99999999999994
2000-W37,0.8648,0.8726,0.8527,0.8535,199.00000000000028,-112.99999999999977
2000-W38,0.8537,0.895,0.8443,0.8774,506.99999999999966,236.99999999999943
2000-W39,0.8809,0.8886,0.8713,0.8835,172.99999999999983,25.999999999999357
2000-W40,0.8841,0.8861,0.8672,0.8675,189.00000000000028,-165.9999999999995
2000-W41,0.8689,0.8764,0.853,0.8539,233.99999999999977,-150.00000000000014
2000-W42,0.8545,0.8579,0.8327,0.842,252.0,-125.00000000000067
2000-W43,0.8406,0.8446,0.8229,0.8395,217.0000000000005,-10.999999999999899
2000-W44,0.8395,0.877,0.8388,0.8668,382.0000000000001,272.9999999999999
2000-W45,0.8669,0.8734,0.8521,0.8599,212.99999999999986,-70.00000000000006
2000-W46,0.8625,0.8667,0.8475,0.8482,191.99999999999994,-143.0000000000009
2000-W47,0.8493,0.8536,0.8377,0.8398,159.00000000000026,-95.00000000000064
2000-W48,0.8396,0.8795,0.839,0.879,404.99999999999983,393.9999999999999
2000-W49,0.8787,0.8976,0.8759,0.8879,216.9999999999994,91.99999999999986
2000-W50,0.8827,0.9001,0.8719,0.8953,282.0,125.99999999999945
2000-W51,0.8951,0.926,0.8883,0.923,377.0000000000007,279.00000000000034
2000-W52,0.9296,0.9391,0.9249,0.9373,141.99999999999991,77.0000000000004
2001-W01,0.947,0.9599,0.9269,0.958,330.0000000000003,110.0000000000001
2001-W02,0.9588,0.9595,0.9365,0.94,230.0000000000002,-188.0000000000004
2001-W04,0.9354,0.9451,0.9117,0.9238,334.00000000000097,-116.00000000000054
2001-W05,0.924,0.9447,0.9147,0.9364,300.0000000000003,123.99999999999966
2001-W06,0.9366,0.9439,0.9135,0.924,303.99999999999983,-125.99999999999945
2001-W07,0.925,0.9332,0.9029,0.9167,302.99999999999994,-83.00000000000085
2001-W08,0.9127,0.9242,0.9018,0.9173,223.99999999999974,46.00000000000048
2001-W09,0.9179,0.9383,0.9083,0.9354,300.0000000000003,174.9999999999996
2001-W10,0.9355,0.9376,0.9254,0.9329,121.99999999999989,-26.00000000000047
2001-W11,0.9322,0.9342,0.8915,0.8974,427.00000000000074,-348.0000000000005
2001-W12,0.8973,0.9132,0.8833,0.89,299.0000000000004,-72.99999999999973
2001-W13,0.8891,0.8993,0.8757,0.8795,235.99999999999955,-96.00000000000053
2001-W14,0.8758,0.9091,0.8745,0.9042,345.99999999999966,283.99999999999983
2001-W15,0.9039,0.9051,0.8814,0.8894,237.00000000000054,-145.00000000000068
2001-W16,0.885,0.9049,0.8719,0.9023,330.0000000000003,172.99999999999983
2001-W17,0.9028,0.9083,0.8891,0.8909,191.99999999999994,-119.00000000000021
2001-W18,0.8916,0.901,0.8854,0.8936,156.00000000000057,20.000000000000018
2001-W19,0.8928,0.8937,0.8738,0.8768,199.00000000000028,-160.00000000000014
2001-W20,0.8755,0.8883,0.8728,0.8806,154.99999999999957,51.000000000001044
2001-W21,0.8805,0.8819,0.8497,0.8583,322.00000000000006,-221.99999999999997
2001-W22,0.8597,0.8614,0.8434,0.8475,180.00000000000017,-121.99999999999989
2001-W23,0.8472,0.857,0.8427,0.8507,142.9999999999998,35.00000000000058
2001-W24,0.8506,0.8676,0.8414,0.862,262.0,113.99999999999966
2001-W25,0.8633,0.8644,0.8497,0.8574,146.99999999999935,-58.999999999999055
2001-W26,0.8571,0.8662,0.8434,0.8497,227.99999999999932,-73.99999999999962
2001-W27,0.8499,0.8508,0.8353,0.8481,154.99999999999957,-18.000000000000238
2001-W28,0.8472,0.8645,0.8449,0.8549,196.00000000000063,77.0000000000004
2001-W29,0.8549,0.8787,0.8493,0.8721,293.99999999999983,171.99999999999994
2001-W30,0.8709,0.8826,0.8657,0.8775,169.00000000000026,65.99999999999939
2001-W31,0.8763,0.8875,0.8726,0.8846,148.99999999999915,83.00000000000085
2001-W32,0.8832,0.8961,0.8744,0.8936,217.0000000000005,103.99999999999964
2001-W33,0.8944,0.9203,0.8925,0.9179,278.00000000000045,235.00000000000077
2001-W34,0.9174,0.9242,0.9078,0.9131,163.99999999999972,-42.9999999999997
2001-W35,0.9129,0.92,0.9031,0.9086,169.00000000000026,-43.00000000000082
2001-W36,0.9094,0.9104,0.8828,0.9071,275.9999999999996,-22.999999999999687
2001-W37,0.9064,0.9255,0.8958,0.9215,296.9999999999995,151.00000000000003
2001-W38,0.9238,0.9336,0.909,0.914,245.99999999999955,-97.9999999999992
2001-W39,0.9142,0.9251,0.9084,0.9102,167.00000000000048,-40.000000000000036
2001-W40,0.9109,0.9235,0.9065,0.9153,170.00000000000014,43.999999999999595
2001-W41,0.9192,0.9244,0.9104,0.9122,140.0000000000001,-70.00000000000006
2001-W42,0.9122,0.914,0.8996,0.9038,144.0000000000008,-83.99999999999963
2001-W43,0.8988,0.9005,0.8872,0.8938,132.99999999999977,-50.00000000000004
2001-W44,0.8929,0.9104,0.8924,0.9008,180.00000000000017,79.00000000000018
2001-W45,0.9014,0.905,0.8941,0.897,109.00000000000021,-43.999999999999595
2001-W46,0.8946,0.9019,0.8775,0.8827,244.00000000000088,-118.9999999999991
2001-W47,0.8845,0.8855,0.8757,0.8777,97.9999999999992,-67.99999999999918
2001-W48,0.8785,0.8888,0.8771,0.8872,117.00000000000044,87.00000000000041
2001-W49,0.8955,0.9097,0.8848,0.8872,248.99999999999923,-82.99999999999974
2001-W50,0.8894,0.9068,0.8845,0.897,223.00000000000097,76.00000000000051
2001-W51,0.9041,0.915,0.8955,0.8989,195.00000000000074,-51.99999999999982
2001-W52,0.8889,0.8912,0.8745,0.8795,166.99999999999937,-94.00000000000075
2002-W01,0.8844,0.9141,0.883,0.9057,311.00000000000017,212.99999999999986
2002-W02,0.8965,0.9042,0.8866,0.8919,175.9999999999995,-45.999999999999375
2002-W03,0.8948,0.8956,0.8807,0.8824,148.99999999999915,-124.00000000000078
2002-W04,0.8864,0.8892,0.8771,0.8777,121.0,-86.9999999999993
2002-W05,0.8657,0.8744,0.8577,0.8628,166.99999999999937,-29.000000000000135
2002-W06,0.8623,0.8728,0.8608,0.8669,120.00000000000011,46.00000000000048
2002-W08,0.8734,0.8785,0.8667,0.8757,117.99999999999922,23.000000000000796
2002-W09,0.8756,0.8758,0.8618,0.8641,140.0000000000001,-115.00000000000065
2002-W10,0.8653,0.878,0.8635,0.878,144.99999999999957,127.00000000000044
2002-W11,0.8744,0.8785,0.8707,0.8774,77.99999999999918,30.00000000000003
2002-W12,0.8817,0.8862,0.8785,0.8854,77.0000000000004,36.999999999999254
2002-W13,0.877,0.8799,0.8721,0.8736,78.00000000000028,-33.99999999999959
2002-W14,0.8714,0.8832,0.8714,0.8811,118.00000000000033,97.00000000000043
2002-W15,0.8792,0.8827,0.8738,0.8797,89.00000000000018,5.0000000000005596
2002-W16,0.8797,0.8916,0.8791,0.8909,124.99999999999956,111.99999999999987
2002-W17,0.8904,0.8934,0.8863,0.8924,70.99999999999996,20.000000000000018
2002-W18,0.9015,0.9088,0.8994,0.907,94.00000000000075,55.000000000000604
2002-W19,0.9174,0.9191,0.904,0.9059,151.00000000000003,-114.99999999999955
2002-W20,0.9127,0.9168,0.8998,0.912,169.99999999999903,-6.999999999999229
2002-W21,0.9211,0.9279,0.9164,0.9248,114.99999999999955,36.999999999999254
2002-W22,0.9209,0.937,0.9186,0.9365,184.00000000000082,155.99999999999946
2002-W23,0.9329,0.9454,0.9306,0.9386,148.00000000000034,57.000000000000384
2002-W24,0.9432,0.9508,0.9392,0.9431,115.99999999999943,-0.9999999999998899
2002-W25,0.9451,0.9586,0.9414,0.9573,171.99999999999994,121.99999999999989
2002-W26,0.9695,0.9946,0.9663,0.9848,282.99999999999994,152.9999999999998
2002-W27,0.9933,0.9975,0.9753,0.9764,222.00000000000108,-168.99999999999915
2002-W28,0.9745,0.9971,0.9745,0.9879,225.99999999999955,133.9999999999997
2002-W29,0.9926,1.0204,0.9926,1.0115,277.9999999999994,189.00000000000028
2002-W30,1.0116,1.0129,0.9847,0.9995,281.9999999999989,-121.0
2002-W31,0.9879,0.992,0.9727,0.9875,192.99999999999983,-3.9999999999995595
2002-W32,0.9864,0.9879,0.9624,0.9703,254.99999999999966,-161.00000000000003
2002-W33,0.9699,0.9895,0.9697,0.9851,198.0000000000004,151.99999999999991
2002-W34,0.9846,0.9874,0.9666,0.9728,208.0000000000004,-118.00000000000033
2002-W35,0.9726,0.9888,0.9689,0.9814,199.00000000000028,88.0000000000003
2002-W36,0.9816,0.9992,0.98,0.9822,191.99999999999994,5.999999999999339
2002-W37,0.9817,0.9841,0.9704,0.9712,136.99999999999935,-105.00000000000065
2002-W38,0.9721,0.9881,0.9609,0.9821,272.0,100.00000000000009
2002-W39,0.9808,0.986,0.9732,0.981,128.00000000000034,1.9999999999997797
2002-W40,0.9815,0.991,0.9782,0.9793,128.00000000000034,-22.00000000000091
2002-W41,0.9794,0.993,0.9766,0.9875,163.99999999999972,80.99999999999996
2002-W42,0.9878,0.9892,0.9699,0.972,192.99999999999983,-158.00000000000037
2002-W43,0.972,0.9803,0.9689,0.9766,113.99999999999966,46.00000000000048
2002-W44,0.977,1.0008,0.973,0.9972,277.9999999999994,201.99999999999994
2002-W45,0.9972,1.0148,0.9935,1.0133,212.99999999999875,161.00000000000114
2002-W46,1.0127,1.0173,1.0016,1.0096,157.00000000000048,-30.999999999998806
2002-W47,1.0102,1.0144,0.9963,0.9974,181.00000000000006,-128.00000000000034
2002-W48,0.9958,0.9972,0.988,0.9946,91.99999999999986,-11.999999999999789
2002-W49,0.9946,1.0129,0.9863,1.0098,265.99999999999955,151.99999999999991
2002-W50,1.0098,1.0262,1.0063,1.0234,199.00000000000028,136.00000000000057
2002-W51,1.0239,1.0337,1.0196,1.0271,141.0,31.999999999998696
2002-W52,1.0275,1.0444,1.0218,1.0436,225.99999999999955,161.00000000000003
2003-W01,1.0436,1.0504,1.0338,1.0423,165.9999999999995,-13.000000000000789
2003-W02,1.042,1.0587,1.0364,1.0571,222.99999999999986,150.99999999999892
2003-W03,1.0581,1.068,1.0506,1.0671,174.00000000000082,89.99999999999898
2003-W04,1.0659,1.0851,1.0635,1.0822,216.00000000000063,162.9999999999998
2003-W05,1.0838,1.091,1.0725,1.0776,184.9999999999996,-62.00000000000205
2003-W06,1.0794,1.0939,1.0694,1.0824,245.00000000000188,30.000000000001137
2003-W07,1.0819,1.086,1.0666,1.079,194.00000000000085,-29.000000000001247
2003-W08,1.0767,1.0849,1.0666,1.0773,182.99999999999983,5.999999999999339
2003-W09,1.0739,1.0838,1.071,1.08,128.00000000000145,60.99999999999994
2003-W10,1.0777,1.107,1.077,1.1009,300.0000000000003,231.99999999999886
2003-W11,1.1011,1.1086,1.0692,1.0744,394.000000000001,-266.99999999999943
2003-W12,1.0782,1.0845,1.0505,1.0525,340.0000000000003,-257.00000000000057
2003-W13,1.0595,1.0803,1.0568,1.0785,235.00000000000077,189.99999999999906
2003-W14,1.08,1.0962,1.0686,1.0733,276.0000000000007,-67.0000000000015
2003-W15,1.0694,1.0832,1.0563,1.0755,268.99999999999926,60.99999999999994
2003-W16,1.0746,1.0979,1.0719,1.0885,260.0000000000002,139.00000000000023
2003-W17,1.0901,1.1053,1.0824,1.1039,228.9999999999992,138.00000000000034
2003-W18,1.104,1.1288,1.0937,1.1229,351.0000000000013,188.99999999999918
2003-W19,1.1234,1.154,1.1206,1.1491,333.99999999999875,257.00000000000057
2003-W20,1.153,1.1626,1.1373,1.159,253.000000000001,60.00000000000006
2003-W21,1.1688,1.1821,1.1608,1.181,212.99999999999875,121.99999999999989
2003-W22,1.1832,1.1938,1.1694,1.1773,243.99999999999977,-59.00000000000016
2003-W23,1.1717,1.1892,1.1634,1.1707,258.00000000000045,-9.999999999998899
2003-W24,1.1705,1.1879,1.1658,1.1862,221.00000000000009,156.99999999999824
2003-W25,1.188,1.1933,1.1554,1.1601,379.00000000000045,-279.00000000000034
2003-W26,1.1585,1.1626,1.1401,1.1434,225.00000000000188,-151.00000000000114
2003-W27,1.144,1.1612,1.1403,1.1484,208.99999999999918,44.00000000000182
2003-W28,1.1484,1.149,1.126,1.1296,230.0000000000013,-188.0000000000015
2003-W29,1.1299,1.1339,1.1115,1.1274,223.99999999999974,-24.999999999999467
2003-W30,1.1268,1.1552,1.1245,1.1511,306.9999999999995,242.9999999999999
2003-W31,1.148,1.1541,1.1137,1.1272,403.9999999999999,-207.9999999999993
2003-W32,1.1288,1.1428,1.1263,1.1307,164.9999999999996,19.000000000000128
2003-W34,1.1265,1.1273,1.0839,1.089,433.9999999999988,-375.0000000000009
2003-W35,1.0861,1.1001,1.0795,1.099,206.00000000000173,128.99999999999912
2003-W36,1.0998,1.1116,1.0766,1.1105,349.9999999999992,106.99999999999932
2003-W37,1.1105,1.1326,1.105,1.1287,276.0000000000007,181.99999999999994
2003-W38,1.1275,1.1385,1.1142,1.1367,242.9999999999999,92.00000000000097
2003-W39,1.144,1.1539,1.1416,1.1477,122.99999999999977,37.00000000000037
2003-W40,1.1468,1.1772,1.1397,1.158,375.0000000000009,111.99999999999876
2003-W41,1.1573,1.1861,1.1537,1.1804,323.99999999999983,230.99999999999898
2003-W42,1.1818,1.1823,1.1546,1.1678,276.99999999999835,-140.0000000000001
2003-W43,1.1718,1.186,1.1607,1.1788,252.99999999999878,70.00000000000117
2003-W44,1.1785,1.179,1.1603,1.1627,186.99999999999937,-158.00000000000037
2003-W45,1.1593,1.1621,1.1379,1.1529,242.0,-63.999999999999616
2003-W46,1.152,1.1806,1.1447,1.1778,359.00000000000045,258.00000000000045
2003-W47,1.1798,1.1982,1.173,1.1915,251.9999999999989,117.00000000000044
2003-W48,1.1921,1.2019,1.1755,1.1995,263.9999999999998,74.00000000000074
2003-W49,1.1981,1.2179,1.194,1.2166,239.0000000000003,184.9999999999996
2003-W50,1.2182,1.2308,1.2117,1.2291,190.99999999999895,109.00000000000132
2003-W51,1.2159,1.2439,1.2137,1.2372,302.00000000000006,213.00000000000097
2003-W52,1.2417,1.2472,1.2352,1.2431,120.00000000000011,14.000000000000679
2004-W01,1.2445,1.2648,1.2428,1.2591,220.0000000000002,146.00000000000168
2004-W02,1.2596,1.2869,1.2562,1.2836,306.9999999999995,240.00000000000023
2004-W03,1.287,1.29,1.2353,1.2389,546.9999999999997,-481.00000000000034
2004-W04,1.2381,1.2779,1.2336,1.2588,443.00000000000006,206.9999999999994
2004-W05,1.2588,1.2711,1.2353,1.2473,357.9999999999983,-114.99999999999844
2004-W06,1.2482,1.2727,1.2394,1.2707,332.99999999999886,224.99999999999966
2004-W07,1.2613,1.2895,1.2607,1.2742,288.0000000000016,128.99999999999912
2004-W08,1.2759,1.2931,1.2497,1.2532,433.9999999999988,-226.99999999999943
2004-W09,1.254,1.2714,1.2374,1.2494,340.0000000000003,-45.999999999999375
2004-W10,1.2495,1.2543,1.2058,1.238,484.9999999999999,-115.00000000000065
2004-W11,1.2397,1.249,1.2162,1.2185,328.00000000000165,-212.00000000000108
2004-W12,1.2185,1.2436,1.2176,1.2276,260.0000000000002,91.00000000000108
2004-W13,1.2276,1.2397,1.2069,1.2129,327.99999999999943,-146.99999999999935
2004-W14,1.2121,1.2391,1.2051,1.2142,340.0000000000003,20.999999999999908
2004-W15,1.2107,1.2221,1.1985,1.2099,236.00000000000065,-8.00000000000134
2004-W16,1.2093,1.21,1.1871,1.1998,228.9999999999992,-95.00000000000064
2004-W17,1.2023,1.2082,1.1783,1.1844,299.0000000000004,-179.00000000000028
2004-W18,1.1828,1.2016,1.1763,1.1982,253.000000000001,153.99999999999858
2004-W19,1.199,1.2182,1.1879,1.1894,302.99999999999994,-96.00000000000053
2004-W20,1.1881,1.1943,1.1776,1.1887,166.99999999999937,6.00000000000156
2004-W21,1.1893,1.2072,1.188,1.1996,192.00000000000105,102.99999999999976
2004-W22,1.1991,1.2298,1.1935,1.2221,363.0,229.9999999999991
2004-W23,1.225,1.2309,1.2142,1.2289,167.0000000000016,39.00000000000014
2004-W24,1.2329,1.2355,1.197,1.2017,384.9999999999998,-312.00000000000114
2004-W25,1.2009,1.2171,1.1957,1.2146,214.00000000000085,136.99999999999824
2004-W26,1.2141,1.2195,1.2044,1.2173,151.00000000000114,32.00000000000092
2004-W27,1.2179,1.2329,1.207,1.2323,259.00000000000034,143.9999999999997
2004-W28,1.2329,1.2425,1.2265,1.2415,160.00000000000014,85.9999999999994
2004-W29,1.2418,1.2462,1.2302,1.2454,160.00000000000014,36.000000000000476
2004-W30,1.2444,1.2464,1.2091,1.2105,372.99999999999886,-339.0000000000004
2004-W31,1.2105,1.219,1.1993,1.2023,197.0000000000005,-81.99999999999986
2004-W32,1.2058,1.2293,1.1971,1.2285,322.00000000000006,226.99999999999943
2004-W33,1.229,1.2377,1.218,1.2374,197.0000000000005,83.99999999999963
2004-W34,1.2378,1.2392,1.2281,1.2312,111.0000000000011,-65.99999999999939
2004-W35,1.2323,1.2323,1.2008,1.2016,314.99999999999864,-306.9999999999995
2004-W36,1.2023,1.2222,1.199,1.2064,231.99999999999886,40.99999999999993
2004-W37,1.2069,1.2312,1.2028,1.2271,283.99999999999983,201.99999999999994
2004-W38,1.2268,1.2296,1.2123,1.2185,173.00000000000094,-82.99999999999974
2004-W39,1.2186,1.2363,1.2127,1.2269,236.00000000000065,83.00000000000196
2004-W40,1.2283,1.2445,1.225,1.2406,194.99999999999852,122.99999999999977
2004-W41,1.2391,1.2434,1.225,1.241,183.99999999999972,19.000000000000128
2004-W42,1.2423,1.2507,1.2228,1.2474,278.9999999999981,51.000000000001044
2004-W43,1.2482,1.2685,1.2456,1.2678,228.9999999999992,196.00000000000063
2004-W44,1.2697,1.2844,1.2633,1.2792,210.99999999999898,94.99999999999842
2004-W45,1.2805,1.2972,1.2658,1.2971,313.99999999999875,165.9999999999995
2004-W46,1.2959,1.3008,1.2852,1.2976,156.00000000000057,17.000000000000348
2004-W47,1.298,1.3075,1.2919,1.3023,156.00000000000057,42.9999999999997
2004-W48,1.3042,1.3331,1.2979,1.3295,351.999999999999,252.99999999999878
2004-W49,1.3269,1.3462,1.3232,1.3454,230.0000000000013,184.9999999999996
2004-W50,1.3445,1.347,1.3143,1.3226,326.9999999999995,-219.0000000000003
2004-W51,1.3198,1.3444,1.319,1.3312,254.00000000000088,113.99999999999855
2004-W52,1.3332,1.355,1.33,1.3531,249.99999999999912,199.00000000000028
2004-W53,1.3531,1.3667,1.3514,1.3555,153.0000000000009,23.999999999999577
2005-W01,1.3555,1.3576,1.3028,1.3053,547.9999999999995,-502.0000000000002
2005-W02,1.3065,1.3295,1.3054,1.3113,241.0000000000001,47.999999999999154
2005-W03,1.3108,1.3129,1.2924,1.3045,204.99999999999963,-62.99999999999972
2005-W04,1.3044,1.3125,1.2947,1.3044,178.00000000000037,0.0
2005-W05,1.3036,1.3094,1.2869,1.2873,224.99999999999966,-162.9999999999998
2005-W06,1.2832,1.2908,1.2734,1.2879,173.9999999999986,47.000000000001485
2005-W07,1.2879,1.309,1.2879,1.3049,210.99999999999898,169.99999999999903
2005-W08,1.3048,1.3276,1.3035,1.3249,240.9999999999979,201.00000000000006
2005-W09,1.3246,1.3281,1.309,1.3245,191.00000000000117,-0.9999999999998899
2005-W10,1.324,1.3481,1.3181,1.3457,300.0000000000003,216.9999999999983
2005-W11,1.3465,1.3478,1.3267,1.3321,211.0000000000012,-143.9999999999997
2005-W12,1.3312,1.3318,1.2931,1.296,387.00000000000176,-351.999999999999
2005-W13,1.2957,1.3058,1.2859,1.2908,199.00000000000028,-49.000000000001265
2005-W14,1.2895,1.2941,1.2802,1.2933,139.00000000000023,37.99999999999804
2005-W15,1.2933,1.3016,1.2769,1.2921,247.00000000000165,-11.999999999998678
2005-W16,1.2915,1.3125,1.2878,1.3065,246.99999999999943,149.99999999999903
2005-W17,1.3064,1.3071,1.2856,1.2866,214.99999999999852,-198.0000000000004
2005-W18,1.2866,1.2992,1.2813,1.2821,178.99999999999804,-44.99999999999949
2005-W19,1.2819,1.2912,1.2611,1.2627,300.99999999999795,-192.00000000000105
2005-W20,1.263,1.2691,1.2536,1.2566,154.99999999999847,-63.999999999999616
2005-W21,1.2552,1.263,1.2497,1.258,132.99999999999866,27.999999999999137
2005-W22,1.2529,1.2547,1.2162,1.2232,384.9999999999998,-296.99999999999835
2005-W23,1.2231,1.2355,1.2109,1.212,245.99999999999955,-111.0000000000011
2005-W24,1.211,1.2287,1.2018,1.2284,268.99999999999926,173.9999999999986
2005-W25,1.222,1.224,1.1984,1.2103,256.0000000000007,-117.00000000000044
2005-W26,1.2095,1.2187,1.2018,1.2105,168.99999999999915,9.999999999998899
2005-W27,1.1945,1.2039,1.187,1.1969,168.99999999999915,24.000000000001798
2005-W28,1.197,1.2257,1.1958,1.2044,299.0000000000004,73.99999999999851
2005-W29,1.2031,1.2257,1.1956,1.206,301.00000000000017,28.999999999999027
2005-W30,1.206,1.2162,1.1968,1.213,193.9999999999986,70.00000000000117
2005-W31,1.2128,1.2404,1.2121,1.2355,282.99999999999994,226.99999999999943
2005-W32,1.236,1.2487,1.2318,1.244,168.99999999999915,80.00000000000007
2005-W33,1.2465,1.2468,1.2129,1.2167,338.9999999999982,-298.0000000000005
2005-W34,1.2167,1.2343,1.2159,1.2285,183.99999999999972,118.00000000000033
2005-W35,1.2298,1.2591,1.2173,1.2542,418.00000000000057,243.99999999999977
2005-W36,1.2541,1.2587,1.2376,1.2418,210.99999999999898,-122.99999999999977
2005-W37,1.2407,1.2418,1.2196,1.2233,221.99999999999997,-173.9999999999986
2005-W38,1.2171,1.2271,1.2043,1.2043,228.00000000000153,-128.00000000000145
2005-W39,1.2032,1.2093,1.1979,1.2026,114.00000000000077,-6.00000000000156
2005-W40,1.2026,1.2205,1.1901,1.2125,303.99999999999983,99.0000000000002
2005-W41,1.2118,1.2154,1.1916,1.2085,238.00000000000043,-33.00000000000081
2005-W42,1.2086,1.2123,1.1876,1.1952,246.99999999999943,-133.99999999999858
2005-W43,1.1939,1.2174,1.1923,1.2068,251.00000000000122,129.00000000000134
2005-W44,1.2062,1.209,1.1804,1.1823,286.0000000000018,-239.0000000000003
2005-W45,1.1813,1.1834,1.1673,1.1725,161.00000000000003,-87.99999999999919
2005-W46,1.1723,1.1796,1.1641,1.1775,155.00000000000068,52.00000000000094
2005-W47,1.1774,1.1868,1.1688,1.1726,180.00000000000017,-47.999999999999154
2005-W48,1.1715,1.1905,1.1664,1.1719,240.9999999999979,3.9999999999995595
2005-W49,1.1703,1.1851,1.169,1.1814,161.00000000000003,111.0000000000011
2005-W50,1.1784,1.2108,1.178,1.2015,328.00000000000165,231.0000000000012
2005-W51,1.2029,1.2041,1.1803,1.1878,238.00000000000043,-151.00000000000114
2005-W52,1.1839,1.1934,1.1814,1.1843,120.00000000000011,3.9999999999995595
2006-W01,1.1815,1.2182,1.1815,1.2153,366.99999999999955,338.0000000000005
2006-W02,1.2149,1.2165,1.2009,1.2136,155.99999999999835,-13.000000000000789
2006-W03,1.2151,1.2177,1.2042,1.2141,135.00000000000068,-10.000000000001119
2006-W04,1.2145,1.2326,1.2087,1.2105,238.9999999999981,-40.000000000000036
2006-W05,1.2109,1.2192,1.197,1.2026,221.99999999999997,-83.00000000000196
2006-W06,1.2039,1.2048,1.1894,1.1902,154.0000000000008,-137.00000000000045
2006-W07,1.1902,1.1955,1.1852,1.1937,102.99999999999976,35.00000000000058
2006-W08,1.1934,1.1978,1.1865,1.1876,112.99999999999866,-58.00000000000027
2006-W09,1.1876,1.2053,1.1827,1.2042,225.99999999999955,165.9999999999995
2006-W10,1.2049,1.2094,1.1861,1.1919,233.000000000001,-130.00000000000122
2006-W11,1.1917,1.2208,1.1913,1.219,295.0000000000008,273.000000000001
2006-W12,1.2184,1.2197,1.1954,1.2037,242.9999999999999,-146.99999999999935
2006-W13,1.2041,1.2179,1.1981,1.2118,198.0000000000004,77.0000000000004
2006-W14,1.2118,1.2335,1.2035,1.2095,300.0000000000003,-22.999999999999687
2006-W15,1.2106,1.217,1.2068,1.2112,101.99999999999987,6.00000000000156
2006-W16,1.2123,1.2396,1.2122,1.2344,274.0000000000009,221.00000000000009
2006-W17,1.2373,1.2644,1.2334,1.2635,309.99999999999915,262.0
2006-W18,1.2632,1.2765,1.2557,1.2734,207.9999999999993,101.99999999999987
2006-W19,1.2738,1.296,1.2664,1.2923,296.0000000000007,184.9999999999996
2006-W20,1.2946,1.2973,1.2695,1.2778,277.99999999999824,-167.99999999999926
2006-W21,1.2764,1.2893,1.2695,1.273,197.99999999999818,-34.000000000000696
2006-W22,1.2738,1.2942,1.272,1.2924,221.99999999999997,185.9999999999995
2006-W23,1.2937,1.2982,1.2598,1.2644,383.9999999999999,-293.000000000001
2006-W24,1.2625,1.2673,1.2533,1.2645,140.0000000000001,20.000000000000018
2006-W25,1.2649,1.2682,1.2481,1.2511,201.00000000000006,-137.99999999999812
2006-W26,1.2517,1.2795,1.2505,1.2793,290.00000000000136,276.0000000000007
2006-W27,1.2785,1.2865,1.271,1.2812,155.00000000000068,26.999999999999247
2006-W28,1.2818,1.282,1.2629,1.2652,191.00000000000117,-165.9999999999995
2006-W29,1.2654,1.27,1.2461,1.2693,239.0000000000003,39.00000000000014
2006-W30,1.2711,1.2773,1.2561,1.2761,212.00000000000108,50.00000000000115
2006-W31,1.2769,1.2912,1.2722,1.288,189.99999999999906,111.0000000000011
2006-W32,1.2875,1.2916,1.2716,1.2728,200.00000000000017,-147.00000000000156
2006-W33,1.2726,1.2888,1.2698,1.283,189.99999999999906,103.99999999999964
2006-W34,1.2828,1.2942,1.2728,1.2756,214.00000000000085,-71.99999999999874
2006-W35,1.2768,1.288,1.2753,1.2841,126.99999999999933,73.00000000000084
2006-W36,1.2844,1.2876,1.2654,1.2678,221.99999999999997,-165.9999999999995
2006-W37,1.2673,1.2756,1.2634,1.2664,121.99999999999989,-9.00000000000123
2006-W38,1.2644,1.2833,1.2631,1.2792,202.0000000000022,147.99999999999923
2006-W39,1.2787,1.282,1.2642,1.2677,178.00000000000037,-109.99999999999899
2006-W40,1.2687,1.2768,1.2573,1.2599,194.99999999999852,-87.99999999999919
2006-W41,1.2596,1.2615,1.2485,1.2513,130.00000000000122,-82.99999999999974
2006-W42,1.2511,1.2646,1.2491,1.2617,154.99999999999847,105.99999999999943
2006-W43,1.262,1.2753,1.2528,1.2742,225.00000000000188,121.99999999999989
2006-W44,1.2733,1.28,1.268,1.2718,120.00000000000011,-15.000000000000568
2006-W45,1.2719,1.2901,1.2692,1.2843,208.99999999999918,123.99999999999966
2006-W46,1.2848,1.2879,1.2765,1.2831,114.00000000000077,-17.000000000000348
2006-W47,1.2831,1.311,1.2799,1.3098,310.99999999999903,267.0000000000017
2006-W48,1.317,1.335,1.3088,1.334,262.0,170.00000000000125
2006-W49,1.3337,1.337,1.3194,1.3204,176.0000000000006,-133.0000000000009
2006-W50,1.3178,1.3294,1.3061,1.3083,232.99999999999875,-95.00000000000064
2006-W51,1.3085,1.3248,1.3054,1.3141,194.00000000000085,56.0000000000005
2006-W52,1.314,1.3206,1.3092,1.3202,114.00000000000077,61.99999999999983
2007-W01,1.3237,1.3298,1.2983,1.301,315.00000000000085,-227.00000000000165
2007-W02,1.3019,1.3055,1.2868,1.2921,187.00000000000162,-98.00000000000031
2007-W03,1.2926,1.3003,1.2898,1.2968,104.99999999999955,41.999999999999815
2007-W04,1.2964,1.3047,1.2879,1.2919,167.99999999999926,-44.99999999999949
2007-W05,1.2919,1.3067,1.2901,1.2965,165.9999999999995,45.999999999999375
2007-W06,1.2964,1.3045,1.2914,1.3008,130.9999999999989,43.999999999999595
2007-W07,1.2992,1.3174,1.2943,1.3144,230.99999999999898,152.00000000000102
2007-W08,1.3159,1.3193,1.3084,1.317,108.99999999999909,10.999999999998789
2007-W09,1.3169,1.3261,1.3143,1.3194,118.00000000000033,24.999999999999467
2007-W10,1.3205,1.3214,1.3074,1.312,140.0000000000001,-84.99999999999952
2007-W11,1.3142,1.3341,1.311,1.3321,231.0000000000012,179.00000000000028
2007-W12,1.3318,1.3414,1.3275,1.3286,139.00000000000023,-32.00000000000092
2007-W13,1.3287,1.3402,1.3257,1.3358,144.99999999999957,71.00000000000107
2007-W14,1.3377,1.3443,1.332,1.3379,122.99999999999977,2.000000000002
2007-W15,1.3379,1.3555,1.3341,1.3533,213.99999999999864,153.99999999999858
2007-W16,1.3558,1.364,1.3527,1.3589,113.00000000000088,31.000000000001027
2007-W17,1.3601,1.3683,1.3544,1.3652,139.00000000000023,50.99999999999882
2007-W18,1.3632,1.368,1.3536,1.3593,144.0000000000019,-39.00000000000014
2007-W19,1.3606,1.363,1.3465,1.3527,164.9999999999996,-79.00000000000018
2007-W20,1.3539,1.3612,1.3467,1.351,144.99999999999957,-29.000000000001247
2007-W21,1.3522,1.3534,1.3413,1.3446,121.0,-76.00000000000051
2007-W22,1.3452,1.3521,1.3395,1.3451,126.00000000000166,-0.9999999999998899
2007-W23,1.3444,1.3555,1.3322,1.3373,232.99999999999875,-71.00000000000107
2007-W24,1.3374,1.339,1.3264,1.3388,125.99999999999945,14.000000000000679
2007-W25,1.338,1.3473,1.3374,1.3472,99.0000000000002,91.99999999999875
2007-W26,1.3471,1.3544,1.3417,1.3544,127.00000000000156,73.00000000000084
2007-W27,1.3544,1.3661,1.3529,1.3631,132.000000000001,86.9999999999993
2007-W28,1.3637,1.3815,1.3595,1.3784,220.0000000000002,147.00000000000156
2007-W29,1.3788,1.3845,1.3754,1.3827,91.00000000000108,39.00000000000014
2007-W30,1.3837,1.3853,1.3628,1.3634,224.99999999999966,-202.99999999999986
2007-W31,1.3619,1.3822,1.361,1.3774,212.00000000000108,154.99999999999847
2007-W32,1.3809,1.3842,1.3642,1.3694,200.00000000000017,-115.00000000000065
2007-W33,1.3689,1.3711,1.3362,1.3476,348.9999999999993,-213.00000000000097
2007-W34,1.3485,1.3689,1.3451,1.3677,238.00000000000043,191.99999999999883
2007-W35,1.3678,1.372,1.3565,1.3631,155.00000000000068,-46.99999999999926
2007-W36,1.3635,1.38,1.3553,1.3771,246.99999999999943,136.00000000000057
2007-W37,1.3774,1.393,1.3769,1.3875,161.00000000000003,100.99999999999997
2007-W38,1.3869,1.4121,1.3829,1.409,291.9999999999989,221.00000000000009
2007-W39,1.4093,1.4281,1.4063,1.427,217.99999999999818,177.00000000000048
2007-W40,1.4277,1.4283,1.4035,1.4137,247.99999999999932,-140.0000000000001
2007-W41,1.4141,1.4243,1.4018,1.418,224.99999999999966,39.00000000000014
2007-W42,1.4179,1.4321,1.4146,1.4302,174.9999999999985,122.99999999999977
2007-W43,1.4334,1.4397,1.4127,1.4396,269.99999999999915,61.99999999999983
2007-W44,1.4419,1.4531,1.4376,1.4506,155.00000000000068,86.9999999999993
2007-W45,1.4518,1.4754,1.4444,1.468,310.00000000000136,161.99999999999991
2007-W46,1.4673,1.4726,1.4521,1.4663,204.99999999999963,-10.000000000001119
2007-W47,1.4672,1.497,1.4623,1.4839,347.00000000000176,166.99999999999937
2007-W48,1.4825,1.4911,1.4629,1.4634,282.0,-190.99999999999895
2007-W49,1.464,1.4773,1.4529,1.4659,243.99999999999977,19.000000000000128
2007-W50,1.4656,1.4751,1.4414,1.4433,337.0000000000006,-222.99999999999986
2007-W51,1.4394,1.4453,1.4311,1.4381,141.99999999999991,-13.000000000000789
2007-W52,1.4376,1.473,1.4368,1.4724,362.0000000000001,347.99999999999943
2008-W01,1.4717,1.4827,1.4571,1.4745,255.99999999999847,27.999999999999137
2008-W02,1.4749,1.4822,1.4642,1.4777,180.00000000000017,27.999999999999137
2008-W03,1.4784,1.4924,1.4591,1.4624,332.99999999999886,-160.00000000000014
2008-W04,1.4605,1.4782,1.4367,1.4683,414.9999999999987,78.00000000000028
2008-W05,1.4681,1.495,1.4664,1.4805,286.0000000000018,123.99999999999966
2008-W06,1.4807,1.485,1.4439,1.4512,411.00000000000136,-294.9999999999986
2008-W07,1.4518,1.471,1.4482,1.4684,228.00000000000153,165.9999999999995
2008-W08,1.468,1.4863,1.4611,1.4828,251.9999999999989,147.99999999999923
2008-W09,1.4841,1.5241,1.4781,1.5181,460.0000000000004,340.0000000000003
2008-W10,1.52,1.5463,1.5148,1.5356,315.00000000000085,156.00000000000057
2008-W11,1.5364,1.5692,1.5285,1.5674,406.9999999999996,309.99999999999915
2008-W12,1.5678,1.5906,1.5397,1.5433,508.99999999999943,-245.00000000000188
2008-W13,1.5441,1.5861,1.5344,1.5798,517.0000000000008,357.0000000000006
2008-W14,1.5803,1.5897,1.5511,1.574,385.99999999999966,-62.99999999999972
2008-W15,1.5733,1.5917,1.5628,1.5808,288.99999999999926,75.00000000000063
2008-W16,1.5699,1.5986,1.5672,1.5817,314.00000000000097,118.00000000000033
2008-W17,1.5807,1.602,1.5556,1.5631,463.99999999999994,-176.0000000000006
2008-W18,1.5613,1.5696,1.5362,1.5426,334.00000000000097,-186.99999999999937
2008-W19,1.5438,1.5595,1.5286,1.5483,309.0000000000015,44.99999999999949
2008-W20,1.5453,1.5603,1.5367,1.5578,236.00000000000065,125.00000000000178
2008-W21,1.5597,1.5815,1.5489,1.5762,325.9999999999996,164.9999999999996
2008-W22,1.577,1.582,1.5463,1.5557,357.0000000000006,-212.99999999999875
2008-W23,1.5557,1.5781,1.5366,1.5781,415.0000000000009,223.99999999999974
2008-W24,1.5787,1.5846,1.5305,1.5383,541.0000000000003,-403.9999999999999
2008-W25,1.5408,1.5653,1.5347,1.5609,305.9999999999996,201.00000000000006
2008-W26,1.5625,1.5794,1.547,1.5794,323.99999999999983,168.99999999999915
2008-W27,1.578,1.5911,1.5657,1.5708,253.99999999999866,-72.00000000000095
2008-W28,1.5702,1.5949,1.5614,1.5941,335.00000000000085,239.0000000000003
2008-W29,1.597,1.6041,1.5787,1.5852,254.00000000000088,-118.00000000000033
2008-W30,1.5845,1.5946,1.563,1.5713,316.00000000000074,-132.000000000001
2008-W31,1.5711,1.5771,1.5518,1.5566,252.99999999999878,-144.99999999999957
2008-W32,1.557,1.5633,1.5002,1.5011,630.9999999999993,-558.9999999999984
2008-W33,1.4932,1.5085,1.4659,1.469,425.9999999999997,-242.0
2008-W34,1.468,1.4911,1.4633,1.4794,278.00000000000045,114.00000000000077
2008-W35,1.4786,1.4813,1.4571,1.4673,242.0,-112.99999999999866
2008-W36,1.4699,1.4725,1.4199,1.4268,525.9999999999998,-430.99999999999915
2008-W37,1.4337,1.443,1.3883,1.4216,546.9999999999997,-121.0
2008-W38,1.4345,1.4544,1.4075,1.447,468.99999999999943,124.99999999999956
2008-W39,1.4492,1.4869,1.4439,1.4618,430.0000000000015,125.99999999999945
2008-W40,1.4559,1.4571,1.3704,1.3777,867.0,-782.0000000000005
2008-W41,1.367,1.3787,1.3261,1.3413,525.9999999999998,-257.00000000000057
2008-W42,1.3577,1.3771,1.3348,1.3413,423.00000000000006,-163.99999999999972
2008-W43,1.3431,1.3532,1.2498,1.2624,1033.9999999999993,-806.9999999999999
2008-W44,1.2567,1.3299,1.2331,1.2729,968.0,161.99999999999991
2008-W45,1.2753,1.3118,1.2528,1.2719,590.0000000000016,-34.000000000000696
2008-W46,1.2827,1.2929,1.239,1.2605,538.9999999999984,-221.99999999999997
2008-W47,1.2541,1.2816,1.2425,1.2592,391.00000000000136,51.000000000001044
2008-W48,1.2592,1.3083,1.2569,1.2693,514.0000000000011,100.99999999999997
2008-W49,1.2718,1.285,1.2551,1.2724,298.9999999999982,5.999999999999339
2008-W50,1.2735,1.3417,1.2721,1.3371,695.9999999999989,635.9999999999987
2008-W51,1.3372,1.4721,1.3371,1.3909,1350.0,537.0000000000008
2008-W52,1.3939,1.4127,1.3905,1.4031,221.99999999999997,92.00000000000097
2009-W01,1.4071,1.4365,1.3842,1.3923,523.0000000000001,-147.99999999999923
2009-W02,1.391,1.3965,1.3314,1.348,651.0000000000016,-429.99999999999926
2009-W03,1.3482,1.3482,1.3028,1.3268,454.0000000000011,-214.00000000000085
2009-W04,1.3343,1.3388,1.2766,1.2973,622.0000000000003,-370.0000000000014
2009-W05,1.297,1.3331,1.2765,1.2815,565.9999999999999,-154.99999999999847
2009-W06,1.2774,1.3073,1.2708,1.2946,364.9999999999998,171.9999999999988
2009-W07,1.297,1.3095,1.2724,1.2864,371.0000000000013,-105.99999999999943
2009-W08,1.2785,1.2885,1.2515,1.283,369.9999999999992,44.99999999999949
2009-W09,1.281,1.2993,1.2605,1.2674,387.99999999999943,-135.99999999999835
2009-W10,1.2635,1.2756,1.2458,1.2654,298.0000000000005,19.000000000000128
2009-W11,1.2657,1.2959,1.2558,1.2931,401.0000000000002,273.9999999999987
2009-W12,1.2883,1.374,1.2836,1.3584,904.0000000000003,701.0000000000005
2009-W13,1.3627,1.3738,1.3259,1.3291,478.9999999999983,-336.00000000000074
2009-W14,1.3231,1.3519,1.3115,1.3487,403.9999999999999,256.0000000000007
2009-W15,1.3505,1.3584,1.3092,1.3191,492.0000000000013,-314.00000000000097
2009-W16,1.3192,1.3396,1.3018,1.3045,377.99999999999835,-146.99999999999935
2009-W17,1.3064,1.3303,1.2887,1.3244,416.0000000000008,180.00000000000017
2009-W18,1.3249,1.3388,1.2967,1.3272,421.0000000000003,22.999999999999687
2009-W19,1.3277,1.3654,1.3215,1.3642,439.0000000000005,364.9999999999998
2009-W20,1.3648,1.3724,1.3464,1.3496,260.0000000000002,-152.00000000000102
2009-W21,1.3482,1.4053,1.3426,1.4001,626.9999999999998,518.9999999999984
2009-W22,1.4017,1.4169,1.3793,1.416,376.0000000000008,142.9999999999998
2009-W23,1.4145,1.4338,1.3933,1.397,404.99999999999983,-175.0000000000007
2009-W24,1.3969,1.4178,1.3805,1.4016,372.99999999999886,46.99999999999926
2009-W25,1.3996,1.4012,1.3748,1.394,263.9999999999998,-56.0000000000005
2009-W26,1.3948,1.4138,1.3827,1.4059,310.99999999999903,110.99999999999888
2009-W27,1.4066,1.4201,1.3927,1.3981,273.9999999999987,-85.00000000000173
2009-W28,1.3958,1.407,1.3833,1.3935,237.00000000000054,-22.999999999999687
2009-W29,1.3948,1.4166,1.3897,1.4103,269.0000000000015,155.00000000000068
2009-W30,1.4099,1.4291,1.4095,1.4205,196.00000000000063,106.00000000000165
2009-W31,1.4225,1.4304,1.4007,1.4258,296.99999999999835,32.999999999998586
2009-W32,1.4266,1.4447,1.4154,1.4182,293.000000000001,-84.00000000000185
2009-W33,1.418,1.4327,1.4086,1.4203,241.0000000000001,22.999999999999687
2009-W34,1.4188,1.4374,1.4045,1.4327,328.9999999999993,139.00000000000023
2009-W35,1.4332,1.4406,1.4207,1.4301,199.00000000000028,-31.000000000001027
2009-W36,1.4308,1.4377,1.4176,1.4297,201.00000000000006,-11.000000000001009
2009-W37,1.4302,1.4634,1.43,1.4569,334.00000000000097,267.0000000000017
2009-W38,1.46,1.4766,1.4514,1.4707,251.9999999999989,106.99999999999932
2009-W39,1.4706,1.4842,1.4611,1.4692,230.99999999999898,-13.999999999998458
2009-W40,1.4702,1.472,1.448,1.4575,240.00000000000023,-126.99999999999933
2009-W41,1.461,1.4816,1.4579,1.4725,237.00000000000054,114.99999999999844
2009-W42,1.4722,1.4966,1.4678,1.4902,287.9999999999994,180.00000000000017
2009-W43,1.4887,1.506,1.4829,1.5007,230.99999999999898,120.00000000000011
2009-W44,1.4995,1.5063,1.4683,1.4723,380.00000000000034,-272.00000000000114
2009-W45,1.4717,1.4918,1.4626,1.4845,292.00000000000114,127.99999999999923
2009-W46,1.4883,1.5049,1.4821,1.4904,227.99999999999932,20.999999999999908
2009-W47,1.492,1.5016,1.4801,1.4861,215.00000000000074,-59.00000000000016
2009-W48,1.4862,1.5144,1.4829,1.4987,314.99999999999864,124.99999999999956
2009-W49,1.5014,1.5141,1.4822,1.4855,319.0000000000004,-159.00000000000026
2009-W50,1.4856,1.4905,1.4586,1.4617,319.0000000000004,-239.0000000000003
2009-W51,1.4622,1.4685,1.4261,1.4331,423.99999999999994,-290.99999999999903
2009-W52,1.4309,1.4418,1.4217,1.4366,201.00000000000006,57.000000000000384
2009-W53,1.4389,1.4458,1.4273,1.4324,184.9999999999996,-65.00000000000172
2010-W01,1.4301,1.4483,1.4257,1.4409,225.99999999999955,108.00000000000142
2010-W02,1.4428,1.4579,1.4337,1.4386,242.0,-41.999999999999815
2010-W03,1.4353,1.4414,1.403,1.4138,383.9999999999999,-215.00000000000074
2010-W04,1.4156,1.4194,1.3862,1.3862,331.999999999999,-293.9999999999987
2010-W05,1.3866,1.4025,1.3585,1.3678,440.0000000000004,-188.0000000000015
2010-W06,1.3658,1.3839,1.3531,1.3631,307.9999999999994,-26.999999999999247
2010-W07,1.3625,1.3788,1.3442,1.3611,345.99999999999966,-14.000000000000679
2010-W08,1.3636,1.3691,1.345,1.363,241.0000000000001,-5.999999999999339
2010-W09,1.3623,1.3735,1.3436,1.362,299.0000000000004,-2.9999999999996696
2010-W10,1.363,1.3795,1.3536,1.3767,259.00000000000034,137.00000000000045
2010-W11,1.3776,1.3817,1.3502,1.3528,314.99999999999864,-247.99999999999932
2010-W12,1.3536,1.3568,1.3266,1.3408,302.00000000000006,-127.99999999999923
2010-W13,1.347,1.359,1.3383,1.3503,206.9999999999994,33.00000000000081
2010-W14,1.3496,1.3537,1.3281,1.3497,255.99999999999847,0.9999999999998899
2010-W15,1.366,1.3691,1.3471,1.35,220.0000000000002,-160.00000000000014
2010-W16,1.3467,1.3521,1.3201,1.3383,320.0000000000003,-83.99999999999963
2010-W17,1.3347,1.3415,1.3113,1.3292,302.00000000000006,-55.000000000000604
2010-W18,1.3358,1.3359,1.2518,1.275,841.0000000000007,-608.0000000000018
2010-W19,1.2918,1.3092,1.2353,1.2356,738.9999999999985,-562.0000000000002
2010-W20,1.2341,1.2671,1.2143,1.2569,527.9999999999995,227.99999999999932
2010-W21,1.2537,1.2562,1.2153,1.2271,408.9999999999994,-265.99999999999955
2010-W22,1.2265,1.2352,1.1954,1.1966,398.00000000000057,-298.9999999999982
2010-W23,1.1928,1.2151,1.1875,1.2111,276.0000000000007,182.99999999999983
2010-W24,1.2128,1.2415,1.2115,1.2387,300.0000000000003,258.9999999999981
2010-W25,1.2451,1.2467,1.2208,1.2367,258.9999999999981,-84.00000000000185
2010-W26,1.2373,1.261,1.215,1.2565,459.9999999999982,191.99999999999883
2010-W27,1.2561,1.2728,1.2479,1.2639,248.99999999999923,78.00000000000028
2010-W28,1.2636,1.3006,1.2522,1.2929,484.0,292.9999999999988
2010-W29,1.2905,1.3027,1.2731,1.2908,296.0000000000007,2.9999999999996696
2010-W30,1.289,1.3105,1.2876,1.305,228.9999999999992,160.00000000000014
2010-W31,1.3062,1.3333,1.3053,1.328,280.0000000000002,218.00000000000043
2010-W32,1.3294,1.3307,1.2748,1.2753,559.0000000000006,-540.9999999999982
2010-W33,1.2765,1.2921,1.2663,1.2711,258.00000000000045,-54.00000000000071
2010-W34,1.2704,1.2778,1.2587,1.2762,191.00000000000117,58.00000000000027
2010-W35,1.276,1.2896,1.2624,1.2895,272.00000000000114,135.00000000000068
2010-W36,1.289,1.2918,1.2644,1.2679,274.0000000000009,-210.99999999999898
2010-W37,1.2714,1.3159,1.2703,1.3048,456.00000000000085,333.99999999999875
2010-W38,1.3063,1.3495,1.3028,1.3489,466.99999999999966,425.9999999999997
2010-W39,1.3486,1.3791,1.338,1.379,410.99999999999915,303.99999999999983
2010-W40,1.3801,1.4028,1.3636,1.3937,392.00000000000125,135.99999999999835
2010-W41,1.3994,1.4158,1.3774,1.3976,383.9999999999999,-18.000000000000238
2010-W42,1.399,1.4049,1.3697,1.3952,352.0000000000012,-38.000000000000256
2010-W43,1.3973,1.4079,1.3733,1.3946,345.99999999999966,-26.999999999999247
2010-W44,1.3961,1.4281,1.3863,1.4031,417.99999999999835,70.00000000000117
2010-W45,1.4057,1.4085,1.3573,1.369,512.0000000000014,-366.99999999999955
2010-W46,1.3706,1.3749,1.3446,1.3671,302.99999999999994,-35.00000000000058
2010-W47,1.3719,1.3785,1.3199,1.324,585.9999999999999,-478.9999999999983
2010-W48,1.3283,1.3437,1.2968,1.3413,468.99999999999943,129.999999999999
2010-W49,1.3376,1.3421,1.3163,1.3227,258.00000000000045,-148.99999999999915
2010-W50,1.3198,1.3498,1.3132,1.3188,366.0000000000019,-10.000000000001119
2010-W51,1.3186,1.3201,1.3054,1.3116,147.00000000000156,-69.99999999999895
2010-W52,1.3114,1.3423,1.3071,1.3364,352.0000000000012,250.00000000000134
2011-W01,1.3345,1.3433,1.2904,1.2906,528.9999999999994,-439.0000000000005
2011-W02,1.2876,1.3456,1.2873,1.3388,582.999999999998,511.99999999999915
2011-W03,1.3384,1.3625,1.3244,1.362,381.0000000000002,236.00000000000065
2011-W04,1.364,1.3757,1.3539,1.361,217.99999999999818,-30.000000000001137
2011-W05,1.3587,1.386,1.3542,1.358,317.9999999999983,-6.999999999999229
2011-W06,1.3562,1.3743,1.3496,1.3556,247.00000000000165,-6.00000000000156
2011-W07,1.3506,1.3714,1.3427,1.3692,286.9999999999995,185.9999999999995
2011-W08,1.37,1.3837,1.3524,1.3752,312.99999999999886,51.999999999998714
2011-W09,1.3758,1.4006,1.371,1.3986,296.0000000000007,228.00000000000153
2011-W10,1.3988,1.4035,1.3751,1.3902,283.99999999999983,-85.9999999999994
2011-W11,1.3963,1.4183,1.3854,1.4181,328.9999999999993,217.99999999999818
2011-W12,1.4194,1.4247,1.4053,1.4086,194.00000000000085,-107.9999999999992
2011-W13,1.404,1.4245,1.402,1.4234,225.00000000000188,194.00000000000085
2011-W14,1.423,1.4487,1.415,1.4482,337.0000000000006,251.9999999999989
2011-W15,1.4472,1.4519,1.4364,1.4429,155.00000000000068,-42.9999999999997
2011-W16,1.4412,1.4648,1.4156,1.456,492.0000000000013,147.99999999999923
2011-W17,1.4561,1.4881,1.4492,1.4807,388.9999999999993,245.99999999999955
2011-W18,1.4816,1.4939,1.4309,1.4315,629.9999999999994,-501.00000000000034
2011-W19,1.4363,1.4441,1.4066,1.4117,374.9999999999987,-245.99999999999955
2011-W20,1.409,1.4344,1.4047,1.416,296.99999999999835,69.99999999999895
2011-W21,1.4125,1.4323,1.3968,1.4318,354.99999999999864,192.99999999999872
2011-W22,1.4322,1.4642,1.4256,1.4635,385.99999999999966,313.0000000000011
2011-W23,1.461,1.4695,1.4321,1.4346,374.000000000001,-263.9999999999998
2011-W24,1.4325,1.4496,1.4072,1.4312,423.99999999999994,-13.000000000000789
2011-W25,1.428,1.4441,1.4125,1.4188,315.9999999999985,-91.99999999999875
2011-W26,1.4192,1.4551,1.4102,1.4525,449.0000000000016,332.99999999999886
2011-W27,1.4534,1.4577,1.4205,1.4264,371.999999999999,-270.00000000000136
2011-W28,1.4206,1.4282,1.3836,1.4155,445.9999999999997,-51.000000000001044
2011-W29,1.4106,1.4437,1.4013,1.4357,423.99999999999994,250.999999999999
2011-W30,1.4388,1.4535,1.4229,1.4398,305.9999999999996,9.999999999998899
2011-W31,1.4381,1.4453,1.4054,1.4281,399.00000000000045,-100.00000000000009
2011-W32,1.4423,1.4431,1.4103,1.4246,327.99999999999943,-176.99999999999827
2011-W33,1.4268,1.4516,1.4251,1.4396,264.99999999999966,127.99999999999923
2011-W34,1.4379,1.4501,1.4327,1.4498,173.9999999999986,119.00000000000021
2011-W35,1.4499,1.4548,1.4183,1.4204,365.000000000002,-294.9999999999986
2011-W36,1.4162,1.4248,1.3626,1.3655,622.0000000000003,-506.99999999999966
2011-W37,1.3586,1.3935,1.3501,1.3795,433.9999999999988,208.99999999999918
2011-W38,1.3692,1.3787,1.3385,1.35,402.0000000000001,-191.99999999999883
2011-W39,1.3521,1.3689,1.3361,1.3387,327.99999999999943,-134.0000000000008
2011-W40,1.3344,1.3524,1.3145,1.3377,379.00000000000045,32.999999999998586
2011-W41,1.3389,1.3894,1.3377,1.3881,517.0000000000008,491.9999999999991
2011-W42,1.3867,1.3914,1.3652,1.3895,262.0,27.999999999999137
2011-W43,1.3843,1.4247,1.3797,1.4151,450.00000000000153,307.9999999999994
2011-W44,1.4142,1.417,1.3608,1.3792,562.0000000000002,-349.9999999999992
2011-W45,1.3827,1.3857,1.3483,1.3749,373.99999999999875,-78.00000000000028
2011-W46,1.3808,1.3809,1.3421,1.3524,387.99999999999943,-283.99999999999983
2011-W47,1.3512,1.3568,1.3212,1.3238,356.00000000000074,-273.9999999999987
2011-W48,1.3322,1.3548,1.3259,1.339,288.99999999999926,67.99999999999918
2011-W49,1.3419,1.34857,1.32808,1.33857,204.9000000000012,-33.30000000000055
2011-W50,1.3381,1.3381,1.29455,1.3045,435.4999999999998,-336.00000000000074
2011-W51,1.30421,1.31962,1.29823,1.30422,213.9000000000002,0.09999999999843467
2011-W52,1.3055,1.30826,1.28577,1.29573,224.89999999999898,-97.70000000000056
2012-W01,1.29324,1.30763,1.26968,1.27189,379.5000000000015,-213.4999999999998
2012-W02,1.26946,1.28776,1.26255,1.26803,252.09999999999954,-14.300000000000423
2012-W03,1.26359,1.29855,1.26253,1.29301,360.20000000000164,294.20000000000005
2012-W04,1.28804,1.32333,1.28754,1.32192,357.89999999999986,338.7999999999991
2012-W05,1.32268,1.32271,1.30253,1.31564,201.80000000000086,-70.40000000000157
2012-W06,1.3118,1.33203,1.30272,1.3196,293.09999999999945,78.00000000000028
2012-W07,1.32088,1.32835,1.29736,1.31392,309.8999999999985,-69.60000000000078
2012-W08,1.31806,1.34856,1.31727,1.34465,312.9000000000004,265.8999999999989
2012-W09,1.34634,1.34848,1.31864,1.31972,298.39999999999867,-266.2000000000009
2012-W10,1.31913,1.32904,1.30959,1.31227,194.49999999999966,-68.59999999999866
2012-W11,1.3104,1.31906,1.30033,1.31741,187.29999999999913,70.09999999999961
2012-W12,1.31756,1.32925,1.31333,1.32691,159.19999999999933,93.49999999999969
2012-W13,1.32708,1.33846,1.31913,1.33436,193.3000000000007,72.79999999999953
2012-W14,1.33602,1.33796,1.30345,1.30956,345.1000000000004,-264.5999999999993
2012-W15,1.31019,1.3212,1.30327,1.3077,179.3,-24.899999999998812
2012-W16,1.30661,1.32266,1.2994,1.32189,232.59999999999837,152.7999999999996
2012-W17,1.31828,1.32695,1.3104,1.32535,165.50000000000065,70.70000000000132
2012-W18,1.32367,1.32829,1.30797,1.30835,203.19999999999894,-153.2
2012-W19,1.3013,1.30648,1.29043,1.29161,160.5000000000012,-96.89999999999976
2012-W20,1.2901,1.29036,1.26415,1.27795,262.09999999999843,-121.50000000000105
2012-W21,1.27642,1.2824,1.24956,1.25162,328.3999999999998,-248.00000000000156
2012-W22,1.25752,1.26238,1.22877,1.24338,336.1000000000014,-141.4000000000004
2012-W23,1.24172,1.26246,1.23852,1.25158,239.3999999999985,98.5999999999998
2012-W24,1.264,1.26681,1.24419,1.26396,226.20000000000084,-0.40000000000040004
2012-W25,1.26973,1.27471,1.25187,1.25696,228.39999999999972,-127.69999999999948
2012-W26,1.25467,1.2692,1.24067,1.26602,285.30000000000166,113.49999999999972
2012-W27,1.26769,1.26797,1.22595,1.22871,420.1999999999995,-389.8000000000001
2012-W28,1.22634,1.23331,1.21617,1.22486,171.39999999999932,-14.799999999999258
2012-W29,1.22672,1.23211,1.21436,1.21564,177.49999999999932,-110.79999999999978
2012-W30,1.21202,1.23891,1.20414,1.23211,347.6999999999997,200.8999999999994
2012-W31,1.22981,1.24046,1.21332,1.23865,271.3999999999994,88.3999999999996
2012-W32,1.23972,1.24426,1.22407,1.2289,201.8999999999993,-108.1999999999983
2012-W33,1.22899,1.2385,1.22551,1.23326,129.89999999999836,42.69999999999996
2012-W34,1.23516,1.25887,1.22946,1.25112,294.09999999999934,159.59999999999974
2012-W35,1.25123,1.26369,1.24646,1.25786,172.30000000000078,66.29999999999913
2012-W36,1.25707,1.28167,1.2501,1.28155,315.70000000000095,244.80000000000058
2012-W37,1.28081,1.31682,1.27543,1.31275,413.9000000000004,319.4000000000008
2012-W38,1.312,1.31709,1.29186,1.29782,252.30000000000086,-141.8000000000008
2012-W39,1.29758,1.29903,1.28285,1.2858,161.79999999999862,-117.79999999999902
2012-W40,1.28456,1.30708,1.28031,1.30355,267.6999999999996,189.90000000000063
2012-W41,1.30243,1.3025,1.28248,1.29505,200.19999999999928,-73.79999999999941
2012-W42,1.29532,1.31387,1.28899,1.30236,248.80000000000013,70.39999999999935
2012-W43,1.30207,1.30828,1.2882,1.29382,200.80000000000098,-82.50000000000091
2012-W44,1.29411,1.30199,1.28206,1.28337,199.30000000000004,-107.40000000000194
2012-W45,1.28161,1.28756,1.26892,1.27097,186.3999999999999,-106.39999999999984
2012-W46,1.27118,1.28011,1.26608,1.2742,140.29999999999987,30.200000000000227
2012-W47,1.27481,1.29899,1.27357,1.29722,254.2,224.10000000000042
2012-W48,1.29674,1.30267,1.28793,1.2986,147.39999999999975,18.599999999999728
2012-W49,1.29824,1.31259,1.28761,1.29264,249.8,-56.0000000000005
2012-W50,1.28893,1.31726,1.28852,1.31625,287.39999999999986,273.2000000000001
2012-W51,1.31782,1.33075,1.31434,1.31876,164.10000000000036,9.399999999999409
2012-W52,1.31752,1.32828,1.31652,1.32162,117.59999999999992,40.99999999999993
2013-W01,1.32134,1.32987,1.29968,1.30677,301.9000000000016,-145.6999999999997
2013-W02,1.30751,1.33651,1.30162,1.33418,348.9000000000009,266.6999999999997
2013-W03,1.33608,1.34031,1.32559,1.33188,147.19999999999845,-41.999999999999815
2013-W04,1.33087,1.34784,1.32638,1.34637,214.60000000000034,155.00000000000068
2013-W05,1.34653,1.37102,1.34137,1.36398,296.49999999999955,174.49999999999966
2013-W06,1.36503,1.36591,1.33526,1.33652,306.5000000000007,-285.10000000000036
2013-W07,1.33684,1.35192,1.33056,1.33587,213.60000000000045,-9.700000000001374
2013-W08,1.33488,1.34333,1.31444,1.31912,288.8999999999986,-157.59999999999997
2013-W09,1.32162,1.3318,1.29658,1.30188,352.2000000000003,-197.40000000000092
2013-W10,1.30119,1.31335,1.29545,1.30043,179.00000000000028,-7.600000000000939
2013-W11,1.29862,1.31064,1.29107,1.30752,195.70000000000087,88.99999999999908
2013-W12,1.29074,1.30092,1.28431,1.29884,166.10000000000014,80.99999999999996
2013-W13,1.29473,1.30473,1.27505,1.28196,296.7999999999993,-127.69999999999948
2013-W14,1.28046,1.30392,1.2745,1.29895,294.20000000000005,184.90000000000117
2013-W15,1.2973,1.31375,1.29676,1.31117,169.9000000000006,138.7000000000005
2013-W16,1.31147,1.32008,1.30008,1.30509,200.00000000000017,-63.799999999998306
2013-W17,1.30769,1.30926,1.29538,1.30293,138.80000000000115,-47.600000000000975
2013-W18,1.30483,1.32421,1.30312,1.31136,210.90000000000055,65.30000000000146
2013-W19,1.31222,1.31935,1.29346,1.29897,258.8999999999997,-132.49999999999983
2013-W20,1.29701,1.30283,1.27957,1.28379,232.59999999999837,-132.2000000000001
2013-W21,1.28417,1.29973,1.28188,1.29317,178.50000000000142,89.99999999999898
2013-W22,1.29341,1.30607,1.28372,1.29976,223.5000000000009,63.50000000000078
2013-W23,1.29932,1.33049,1.29547,1.32177,350.2000000000005,224.49999999999858
2013-W24,1.31912,1.33894,1.31768,1.33467,212.60000000000056,155.49999999999952
2013-W25,1.33474,1.34162,1.30979,1.31207,318.30000000000024,-226.69999999999968
2013-W26,1.30908,1.31499,1.29842,1.30092,165.70000000000195,-81.59999999999945
2013-W27,1.3013,1.30773,1.28053,1.28294,272.00000000000114,-183.5999999999993
2013-W28,1.28108,1.32053,1.27545,1.30666,450.80000000000007,255.79999999999936
2013-W29,1.30772,1.31776,1.29927,1.31422,184.90000000000117,64.9999999999995
2013-W30,1.31382,1.32962,1.31352,1.32782,161.00000000000003,140.0000000000001
2013-W31,1.32855,1.3344,1.31889,1.32794,155.10000000000136,-6.099999999999994
2013-W32,1.32813,1.33995,1.32322,1.33417,167.2999999999991,60.40000000000045
2013-W33,1.33206,1.33792,1.32051,1.33281,174.09999999999926,7.500000000000284
2013-W34,1.33335,1.34513,1.32975,1.33807,153.7999999999995,47.20000000000057
2013-W35,1.33846,1.3398,1.31732,1.32207,224.80000000000055,-163.89999999999904
2013-W36,1.32133,1.32265,1.3104,1.31771,122.50000000000094,-36.19999999999956
2013-W37,1.31627,1.33242,1.31626,1.32928,161.5999999999995,130.09999999999965
2013-W38,1.33596,1.35678,1.33245,1.35232,243.30000000000186,163.5999999999993
2013-W39,1.35473,1.35636,1.34612,1.35212,102.40000000000026,-26.100000000000012
2013-W40,1.3493,1.36453,1.3477,1.35567,168.30000000000123,63.69999999999987
2013-W41,1.35638,1.36064,1.34852,1.35417,121.20000000000131,-22.099999999998232
2013-W42,1.35612,1.37032,1.34721,1.36856,231.09999999999962,124.40000000000006
2013-W43,1.36832,1.38315,1.36504,1.38027,181.1000000000007,119.50000000000128
2013-W44,1.38065,1.3817,1.34794,1.34862,337.60000000000014,-320.3
2013-W45,1.34865,1.35467,1.32948,1.33707,251.90000000000046,-115.79999999999924
2013-W46,1.33562,1.35046,1.33439,1.34952,160.70000000000027,139.00000000000023
2013-W47,1.34958,1.3578,1.33987,1.3556,179.3,60.19999999999914
2013-W48,1.35481,1.36209,1.34895,1.35896,131.3999999999993,41.499999999998764
2013-W49,1.35868,1.37056,1.35237,1.37047,181.8999999999993,117.89999999999966
2013-W50,1.37143,1.38099,1.36935,1.37407,116.39999999999873,26.399999999999757
2013-W51,1.37282,1.38109,1.36245,1.36706,186.3999999999999,-57.59999999999987
2013-W52,1.36721,1.38922,1.36542,1.37477,237.9999999999982,75.60000000000011
2014-W01,1.37563,1.38183,1.35816,1.35882,236.69999999999857,-168.0999999999999
2014-W02,1.35933,1.36865,1.35479,1.36687,138.59999999999982,75.40000000000103
2014-W03,1.36779,1.36986,1.35163,1.35403,182.29999999999967,-137.59999999999994
2014-W04,1.35364,1.37387,1.35069,1.36767,231.79999999999978,140.29999999999987
2014-W05,1.36777,1.37159,1.34783,1.34862,237.60000000000002,-191.5
2014-W06,1.34837,1.36425,1.34763,1.36352,166.19999999999857,151.49999999999997
2014-W07,1.36158,1.3714,1.35614,1.36922,152.6000000000005,76.40000000000092
2014-W08,1.37081,1.37725,1.36848,1.37382,87.70000000000167,30.09999999999957
2014-W09,1.37343,1.38239,1.36425,1.38017,181.40000000000046,67.39999999999968
2014-W10,1.37592,1.39142,1.37067,1.38756,207.50000000000045,116.39999999999873
2014-W11,1.38745,1.3966,1.3833,1.39113,133.0000000000009,36.79999999999906
2014-W12,1.39076,1.39469,1.37485,1.37951,198.4000000000008,-112.49999999999983
2014-W13,1.37976,1.38752,1.3704,1.37508,171.20000000000024,-46.800000000000175
2014-W14,1.37627,1.38195,1.36719,1.3703,147.60000000000107,-59.70000000000031
2014-W15,1.36966,1.39047,1.36955,1.38843,209.2000000000005,187.69999999999953
2014-W16,1.38432,1.38639,1.37895,1.38086,74.40000000000113,-34.600000000000186
2014-W17,1.38137,1.38538,1.37844,1.38315,69.39999999999947,17.80000000000115
2014-W18,1.38449,1.38885,1.37734,1.38689,115.09999999999908,23.999999999999577
2014-W19,1.38838,1.39927,1.37444,1.37595,248.29999999999907,-124.29999999999941
2014-W20,1.37524,1.3774,1.36476,1.36928,126.39999999999985,-59.59999999999965
2014-W21,1.36923,1.37334,1.36149,1.36301,118.49999999999916,-62.19999999999892
2014-W22,1.36225,1.36679,1.35854,1.36329,82.49999999999869,10.399999999999299
2014-W23,1.35962,1.3676,1.35023,1.36418,173.69999999999885,45.59999999999897
2014-W24,1.36427,1.36679,1.35115,1.35384,156.39999999999876,-104.30000000000162
2014-W25,1.35409,1.36427,1.35124,1.35982,130.30000000000098,57.300000000000125
2014-W26,1.35892,1.36505,1.35732,1.36481,77.30000000000015,58.900000000001725
2014-W27,1.36436,1.36996,1.35847,1.35936,114.9,-50.00000000000115
2014-W28,1.35937,1.36499,1.35752,1.36062,74.69999999999865,12.499999999999734
2014-W29,1.3599,1.36395,1.34902,1.35236,149.29999999999887,-75.40000000000103
2014-W30,1.35277,1.35483,1.34207,1.34292,127.59999999999883,-98.50000000000136
2014-W31,1.34307,1.3444,1.33661,1.34288,77.89999999999964,-1.8999999999991246
2014-W32,1.34304,1.34319,1.33323,1.34082,99.60000000000191,-22.200000000001108
2014-W33,1.34089,1.34144,1.33353,1.34001,79.09999999999862,-8.799999999999919
2014-W34,1.33919,1.33984,1.32199,1.32416,178.4999999999992,-150.30000000000098
2014-W35,1.31963,1.322,1.31312,1.31312,88.79999999999998,-65.10000000000016
2014-W36,1.3127,1.31592,1.29194,1.29511,239.7999999999989,-175.89999999999995
2014-W37,1.29563,1.29786,1.28587,1.29631,119.89999999999945,6.800000000000139
2014-W38,1.29722,1.29945,1.28274,1.28284,167.10000000000002,-143.80000000000058
2014-W39,1.28332,1.29005,1.26761,1.26833,224.40000000000015,-149.9000000000006
2014-W40,1.26821,1.27141,1.24999,1.25152,214.19999999999993,-166.90000000000094
2014-W41,1.25119,1.27905,1.25083,1.26277,282.19999999999914,115.79999999999924
2014-W42,1.26306,1.2886,1.262,1.27598,265.99999999999955,129.1999999999982
2014-W43,1.27499,1.28399,1.26138,1.26691,226.1000000000002,-80.80000000000086
2014-W44,1.26755,1.27705,1.24856,1.25222,284.9000000000013,-153.29999999999845
2014-W45,1.25058,1.25772,1.23579,1.24528,219.30000000000004,-53.000000000000824
2014-W46,1.24701,1.25462,1.23946,1.25225,151.60000000000062,52.400000000001334
2014-W47,1.25306,1.25975,1.23751,1.23865,222.39999999999816,-144.10000000000034
2014-W48,1.23609,1.25318,1.23609,1.24496,170.9000000000005,88.70000000000155
2014-W49,1.24634,1.25066,1.22709,1.2281,235.7000000000009,-182.40000000000035
2014-W50,1.22867,1.24952,1.2247,1.24603,248.20000000000064,173.60000000000042
2014-W51,1.24747,1.25698,1.22201,1.22263,349.6999999999995,-248.39999999999972
2014-W52,1.22225,1.22724,1.21648,1.21754,107.60000000000103,-47.09999999999992
2015-W01,1.21784,1.22208,1.20002,1.20009,220.59999999999968,-177.49999999999932
2015-W02,1.19427,1.19763,1.17541,1.18407,222.19999999999908,-101.99999999999987
2015-W03,1.18499,1.18709,1.146,1.1562,410.9000000000007,-287.90000000000094
2015-W04,1.15516,1.16802,1.11144,1.12024,565.8000000000008,-349.2000000000006
2015-W05,1.11511,1.14225,1.10978,1.12839,324.7,132.79999999999959
2015-W06,1.13105,1.1534,1.12922,1.13154,241.8000000000009,4.899999999998794
2015-W07,1.12964,1.14431,1.12702,1.13909,172.90000000000026,94.49999999999959
2015-W08,1.13986,1.14501,1.12791,1.13813,171.00000000000114,-17.300000000000093
2015-W09,1.13916,1.13961,1.11759,1.11914,220.19999999999928,-200.19999999999928
2015-W10,1.11817,1.12395,1.08381,1.08387,401.40000000000066,-343.0000000000022
2015-W11,1.08263,1.09064,1.04623,1.04939,444.1000000000006,-332.39999999999935
2015-W12,1.04699,1.10385,1.04697,1.08225,568.8000000000004,352.5999999999985
2015-W13,1.08398,1.10521,1.07673,1.08813,284.80000000000064,41.50000000000098
2015-W14,1.08856,1.10267,1.07128,1.09683,313.9000000000003,82.69999999999999
2015-W15,1.10019,1.10354,1.05677,1.06005,467.69999999999976,-401.40000000000066
2015-W16,1.05854,1.08486,1.05204,1.08046,328.1999999999985,219.1999999999994
2015-W17,1.08185,1.08999,1.06598,1.0872,240.10000000000088,53.49999999999966
2015-W18,1.08632,1.12899,1.08194,1.11987,470.50000000000034,335.49999999999966
2015-W19,1.11929,1.13916,1.10663,1.11979,325.2999999999995,5.00000000000167
2015-W20,1.11971,1.14667,1.1131,1.14482,335.700000000001,251.09999999999965
2015-W21,1.14469,1.14494,1.10021,1.10103,447.3000000000016,-436.6000000000003
2015-W22,1.10029,1.10095,1.08192,1.09912,190.30000000000103,-11.699999999998933
2015-W23,1.09802,1.13797,1.08872,1.1111,492.50000000000017,130.7999999999998
2015-W24,1.10972,1.13863,1.10841,1.12618,302.20000000000135,164.5999999999992
2015-W25,1.12104,1.14362,1.11891,1.13487,247.1000000000001,138.3000000000001
2015-W26,1.13771,1.14101,1.11302,1.11661,279.9000000000018,-210.99999999999898
2015-W27,1.10036,1.12785,1.0953,1.11128,325.5000000000008,109.20000000000041
2015-W28,1.09905,1.12158,1.09163,1.115,299.4999999999992,159.4999999999991
2015-W29,1.1094,1.11971,1.08267,1.08269,370.39999999999964,-267.10000000000014
2015-W30,1.08295,1.10177,1.08082,1.09816,209.50000000000023,152.09999999999945
2015-W31,1.09814,1.11294,1.08932,1.09826,236.19999999999973,1.2000000000012
2015-W32,1.09706,1.09958,1.0848,1.09649,147.80000000000015,-5.699999999999594
2015-W33,1.09626,1.12138,1.09251,1.11082,288.69999999999953,145.59999999999906
2015-W34,1.11154,1.13888,1.1017,1.13819,371.7999999999999,266.5000000000006
2015-W35,1.13761,1.1714,1.1156,1.11819,558.0000000000007,-194.19999999999993
2015-W36,1.11723,1.13319,1.10872,1.11487,244.69999999999993,-23.599999999999177
2015-W37,1.11618,1.13496,1.11213,1.13375,228.29999999999905,175.70000000000084
2015-W38,1.1331,1.14599,1.1214,1.12969,245.9000000000011,-34.09999999999913
2015-W39,1.1281,1.13299,1.1105,1.11967,224.89999999999898,-84.3000000000016
2015-W40,1.11853,1.13183,1.11349,1.121,183.39999999999802,24.699999999999722
2015-W41,1.12185,1.13872,1.11719,1.13555,215.3000000000005,137.00000000000045
2015-W42,1.13602,1.14953,1.13342,1.13459,161.09999999999846,-14.300000000000423
2015-W43,1.13576,1.13869,1.09966,1.10169,390.299999999999,-340.70000000000044
2015-W44,1.09994,1.10957,1.08967,1.10041,199.00000000000028,4.700000000001925
2015-W45,1.10338,1.10525,1.07063,1.07367,346.20000000000095,-297.1000000000013
2015-W46,1.07285,1.08301,1.06742,1.07707,155.89999999999992,42.19999999999891
2015-W47,1.07402,1.0763,1.06168,1.06436,146.20000000000078,-96.60000000000002
2015-W48,1.06377,1.06892,1.0566,1.059,123.20000000000108,-47.70000000000163
2015-W49,1.05881,1.09811,1.05223,1.08832,458.7999999999992,295.0999999999992
2015-W50,1.08725,1.10425,1.0796,1.09886,246.5000000000006,116.09999999999899
2015-W51,1.09823,1.10594,1.08027,1.08652,256.69999999999857,-117.10000000000109
2015-W52,1.08531,1.09841,1.0847,1.0963,137.1000000000011,109.90000000000055
2015-W53,1.09676,1.09924,1.08527,1.08545,139.7000000000004,-113.09999999999931
2016-W01,1.08701,1.09464,1.07106,1.09218,235.80000000000157,51.699999999998965
2016-W02,1.0917,1.09845,1.08048,1.09139,179.6999999999982,-3.0999999999981043
2016-W03,1.09228,1.09758,1.07777,1.07954,198.10000000000105,-127.39999999999974
2016-W04,1.07913,1.09675,1.07882,1.0828,179.3,36.70000000000062
2016-W05,1.08302,1.12449,1.08149,1.11541,429.99999999999926,323.8999999999992
2016-W06,1.11408,1.13765,1.10864,1.1253,290.0999999999998,112.20000000000007
2016-W07,1.12346,1.12497,1.10667,1.11273,182.99999999999983,-107.29999999999906
2016-W08,1.11089,1.11244,1.09116,1.09292,212.8000000000019,-179.70000000000041
2016-W09,1.0912,1.10435,1.08254,1.10028,218.09999999999886,90.79999999999977
2016-W10,1.09884,1.12179,1.08221,1.11537,395.8000000000017,165.29999999999933
2016-W11,1.11372,1.13425,1.10578,1.12693,284.69999999999993,132.09999999999945
2016-W12,1.12637,1.12847,1.11442,1.11622,140.5000000000012,-101.50000000000104
2016-W13,1.11604,1.14378,1.11528,1.1394,284.9999999999997,233.60000000000048
2016-W14,1.14,1.14538,1.13267,1.13919,127.1,-8.099999999999774
2016-W15,1.1413,1.14648,1.12337,1.12834,231.09999999999962,-129.60000000000082
2016-W16,1.13008,1.13987,1.12177,1.12177,181.00000000000006,-83.10000000000039
2016-W17,1.12177,1.14593,1.12177,1.14509,241.5999999999996,233.20000000000007
2016-W18,1.14596,1.1616,1.1386,1.14034,229.9999999999991,-56.20000000000181
2016-W19,1.13959,1.14465,1.12829,1.13081,163.5999999999993,-87.8000000000001
2016-W20,1.13114,1.13482,1.11799,1.12226,168.29999999999902,-88.79999999999998
2016-W21,1.1206,1.12428,1.11103,1.11108,132.49999999999983,-95.19999999999973
2016-W22,1.11127,1.13737,1.10977,1.13664,276.0000000000007,253.70000000000115
2016-W23,1.13538,1.14155,1.12453,1.12486,170.20000000000036,-105.20000000000084
2016-W24,1.12488,1.13028,1.11308,1.12744,171.9999999999988,25.599999999998957
2016-W25,1.13291,1.14283,1.09116,1.11162,516.7000000000011,-212.90000000000032
2016-W26,1.1007,1.11694,1.09706,1.11338,198.8000000000012,126.80000000000024
2016-W27,1.11312,1.11851,1.10019,1.10518,183.1999999999989,-79.40000000000057
2016-W28,1.10475,1.11647,1.10157,1.10279,149.00000000000136,-19.599999999999618
2016-W29,1.10469,1.10841,1.09555,1.09729,128.59999999999872,-73.99999999999851
2016-W30,1.09725,1.11972,1.09519,1.11737,245.29999999999941,201.19999999999916
2016-W31,1.11725,1.12337,1.10458,1.1085,187.90000000000083,-87.50000000000036
2016-W32,1.10785,1.12212,1.10704,1.1161,150.7999999999998,82.50000000000091
2016-W33,1.11673,1.13662,1.11533,1.13228,212.90000000000032,155.49999999999952
2016-W34,1.13071,1.1355,1.11806,1.1195,174.399999999999,-112.10000000000164
2016-W35,1.11777,1.12521,1.1123,1.1153,129.09999999999977,-24.699999999999722
2016-W36,1.11559,1.13269,1.11391,1.123,187.80000000000018,74.09999999999917
2016-W37,1.12344,1.12837,1.11494,1.11543,134.30000000000052,-80.10000000000073
2016-W38,1.11502,1.12572,1.11229,1.12235,134.30000000000052,73.30000000000058
2016-W39,1.12274,1.1279,1.11532,1.1238,125.79999999999814,10.599999999998388
2016-W40,1.12283,1.12432,1.11042,1.1199,139.00000000000023,-29.300000000000992
2016-W41,1.11772,1.12027,1.09687,1.09688,234.00000000000088,-208.3999999999997
2016-W42,1.09665,1.10393,1.08593,1.08822,180.00000000000017,-84.29999999999937
2016-W43,1.08794,1.09916,1.08509,1.09853,140.69999999999806,105.900000000001
2016-W44,1.09892,1.11412,1.09359,1.11378,205.2999999999994,148.60000000000096
2016-W45,1.10582,1.12991,1.08302,1.08562,468.8999999999988,-201.99999999999994
2016-W46,1.08378,1.08396,1.05689,1.05868,270.69999999999925,-250.999999999999
2016-W47,1.05911,1.06578,1.0518,1.05904,139.79999999999882,-0.700000000000145
2016-W48,1.06083,1.06898,1.05527,1.06602,137.1000000000011,51.900000000000276
2016-W49,1.06633,1.08732,1.05045,1.05589,368.6999999999996,-104.40000000000005
2016-W50,1.05294,1.06699,1.03664,1.04485,303.50000000000097,-80.89999999999931
2016-W51,1.04389,1.04993,1.03522,1.0452,147.10000000000002,13.099999999999223
2016-W52,1.04551,1.06534,1.03719,1.05224,281.499999999999,67.30000000000125
2017-W01,1.05155,1.06214,1.03406,1.05306,280.80000000000103,15.100000000001224
2017-W02,1.05284,1.06847,1.04537,1.06425,231.0000000000012,114.0999999999992
2017-W03,1.06047,1.07197,1.05793,1.06988,140.40000000000052,94.09999999999918
2017-W04,1.07004,1.07747,1.06576,1.06963,117.09999999999887,-4.100000000000215
2017-W05,1.07204,1.08287,1.06201,1.07825,208.60000000000102,62.09999999999827
2017-W06,1.07869,1.07912,1.06076,1.06386,183.60000000000153,-148.299999999999
2017-W07,1.06263,1.06792,1.05213,1.06127,157.8999999999997,-13.600000000000279
2017-W08,1.06056,1.06328,1.04937,1.05611,139.10000000000088,-44.49999999999843
2017-W09,1.05609,1.06305,1.04949,1.06205,135.60000000000016,59.59999999999965
2017-W10,1.06067,1.06992,1.0525,1.06731,174.1999999999999,66.39999999999979
2017-W11,1.06759,1.07824,1.06,1.07374,182.40000000000035,61.49999999999878
2017-W12,1.07314,1.08247,1.0719,1.0798,105.69999999999968,66.6000000000011
2017-W13,1.0836,1.09061,1.065,1.06522,256.10000000000133,-183.79999999999842
2017-W14,1.06611,1.06889,1.05805,1.05821,108.39999999999961,-78.99999999999795
2017-W15,1.05855,1.06776,1.05697,1.06104,107.90000000000077,24.899999999998812
2017-W16,1.06149,1.07773,1.06024,1.07238,174.90000000000006,108.90000000000066
2017-W17,1.09169,1.09507,1.08206,1.08926,130.09999999999965,-24.300000000001543
2017-W18,1.09097,1.09997,1.08748,1.09985,124.8999999999989,88.79999999999998
2017-W19,1.10173,1.10211,1.08391,1.09292,181.99999999999994,-88.10000000000207
2017-W20,1.09286,1.12119,1.09225,1.12063,289.39999999999964,277.7000000000007
2017-W21,1.11932,1.12682,1.11605,1.11809,107.69999999999946,-12.300000000000644
2017-W22,1.11716,1.1285,1.11096,1.12809,175.4000000000011,109.30000000000106
2017-W23,1.12704,1.12837,1.11663,1.11941,117.40000000000083,-76.30000000000025
2017-W24,1.12058,1.12957,1.11319,1.11948,163.8000000000006,-10.999999999998789
2017-W25,1.12072,1.12127,1.11187,1.11926,94.00000000000075,-14.600000000000168
2017-W26,1.11979,1.14453,1.11717,1.14257,273.60000000000053,227.80000000000024
2017-W27,1.14168,1.14399,1.13122,1.13982,127.7000000000017,-18.599999999999728
2017-W28,1.13976,1.14893,1.13705,1.14681,118.80000000000112,70.5
2017-W29,1.14705,1.16829,1.14346,1.16597,248.3000000000013,189.20000000000047
2017-W30,1.1663,1.17765,1.16129,1.1747,163.60000000000153,84.00000000000185
2017-W31,1.17457,1.19101,1.1723,1.17716,187.10000000000005,25.900000000000922
2017-W32,1.17712,1.18468,1.16888,1.18197,158.00000000000037,48.50000000000021
2017-W33,1.18207,1.18382,1.1662,1.17574,176.20000000000192,-63.29999999999947
2017-W34,1.17549,1.19413,1.17312,1.19213,210.09999999999974,166.3999999999999
2017-W35,1.19422,1.207,1.1823,1.18602,247.00000000000165,-81.99999999999986
2017-W36,1.18798,1.2092,1.18681,1.20333,223.9000000000013,153.49999999999974
2017-W37,1.20164,1.20294,1.18379,1.19427,191.5,-73.70000000000098
2017-W38,1.19194,1.20329,1.18612,1.19466,171.69999999999908,27.200000000000557
2017-W39,1.1897,1.19364,1.1717,1.18121,219.40000000000072,-84.89999999999887
2017-W40,1.17903,1.18147,1.16691,1.17281,145.60000000000127,-62.20000000000114
2017-W41,1.17271,1.18796,1.17195,1.18189,160.09999999999857,91.80000000000189
2017-W42,1.18101,1.18579,1.17301,1.17837,127.79999999999791,-26.399999999999757
2017-W43,1.17622,1.18366,1.15743,1.16059,262.2999999999997,-156.30000000000032
2017-W44,1.16071,1.16902,1.15937,1.16055,96.49999999999936,-1.5999999999993797
2017-W45,1.16134,1.16777,1.15541,1.16624,123.59999999999927,48.99999999999905
2017-W46,1.16559,1.18606,1.16373,1.17895,223.2999999999996,133.6000000000004
2017-W47,1.17852,1.19441,1.1713,1.19304,231.09999999999962,145.2000000000009
2017-W48,1.19244,1.19611,1.18088,1.1894,152.30000000000078,-30.399999999999316
2017-W49,1.18604,1.18785,1.173,1.17705,148.50000000000028,-89.90000000000053
2017-W50,1.17635,1.18624,1.17175,1.1747,144.89999999999893,-16.499999999999293
2017-W51,1.17418,1.19017,1.17371,1.18597,164.5999999999992,117.89999999999966
2017-W52,1.18678,1.20255,1.18464,1.20005,179.10000000000093,132.70000000000115
2018-W01,1.20037,1.20889,1.20013,1.20297,87.60000000000102,26.000000000001577
2018-W02,1.2026,1.22186,1.19156,1.22,302.99999999999994,174.00000000000082
2018-W03,1.21923,1.2323,1.21645,1.22173,158.4999999999992,24.999999999999467
2018-W04,1.22683,1.25375,1.22138,1.24245,323.7000000000001,156.19999999999968
2018-W05,1.24256,1.25225,1.23352,1.24543,187.30000000000135,28.69999999999928
2018-W06,1.24349,1.24747,1.22055,1.22492,269.20000000000056,-185.69999999999976
2018-W07,1.22479,1.2555,1.22349,1.24029,320.10000000000093,154.99999999999847
2018-W08,1.24013,1.2435,1.22597,1.22928,175.30000000000047,-108.50000000000026
2018-W09,1.22907,1.23547,1.21544,1.23149,200.29999999999993,24.199999999998667
2018-W10,1.23323,1.24458,1.2269,1.23041,176.7999999999992,-28.200000000000447
2018-W11,1.2311,1.24124,1.22601,1.2287,152.29999999999853,-24.000000000001798
2018-W12,1.22829,1.23881,1.22392,1.23509,148.9000000000007,67.99999999999918
2018-W13,1.23486,1.24762,1.22837,1.23215,192.4999999999999,-27.099999999999902
2018-W14,1.23186,1.23447,1.2215,1.22793,129.69999999999925,-39.29999999999989
2018-W15,1.22835,1.23958,1.22601,1.23283,135.6999999999986,44.800000000000395
2018-W16,1.23316,1.24135,1.22497,1.22853,163.8000000000006,-46.30000000000134
2018-W17,1.22716,1.22892,1.20552,1.21281,234.00000000000088,-143.50000000000085
2018-W18,1.21225,1.21387,1.19102,1.1957,228.50000000000037,-165.50000000000065
2018-W19,1.19553,1.19776,1.18225,1.19412,155.0999999999991,-14.099999999999113
2018-W20,1.19405,1.1996,1.17497,1.17684,246.2999999999993,-172.09999999999948
2018-W21,1.17703,1.18295,1.16454,1.16495,184.10000000000036,-120.8000000000009
2018-W22,1.16843,1.17283,1.151,1.16578,218.30000000000015,-26.500000000000412
2018-W23,1.16579,1.18397,1.16524,1.17667,187.29999999999913,108.80000000000001
2018-W24,1.17722,1.18516,1.15432,1.1608,308.3999999999998,-164.1999999999988
2018-W25,1.15865,1.16748,1.15082,1.16521,166.6000000000012,65.60000000000122
2018-W26,1.16619,1.172,1.1527,1.16815,192.99999999999872,19.599999999999618
2018-W27,1.1676,1.17671,1.1591,1.17449,176.09999999999903,68.90000000000063
2018-W28,1.17413,1.17906,1.16126,1.16828,178.00000000000037,-58.499999999999105
2018-W29,1.16879,1.17444,1.15747,1.17195,169.6999999999993,31.600000000000517
2018-W30,1.17243,1.17498,1.16202,1.16526,129.5999999999986,-71.70000000000121
2018-W31,1.1657,1.17457,1.15601,1.15656,185.5999999999991,-91.39999999999927
2018-W32,1.15676,1.16281,1.13879,1.14105,240.1999999999993,-157.10000000000113
2018-W33,1.13702,1.14446,1.13009,1.14358,143.69999999999993,65.60000000000122
2018-W34,1.14373,1.16395,1.13941,1.16197,245.40000000000006,182.40000000000035
2018-W35,1.16139,1.17331,1.15844,1.15973,148.7000000000016,-16.599999999999948
2018-W36,1.1595,1.1659,1.15299,1.15511,129.09999999999977,-43.89999999999894
2018-W37,1.15463,1.17215,1.1526,1.16231,195.49999999999957,76.79999999999909
2018-W38,1.16228,1.18025,1.16177,1.17465,184.80000000000052,123.69999999999992
2018-W39,1.17442,1.18148,1.15699,1.16017,244.90000000000123,-142.50000000000097
2018-W40,1.16165,1.16243,1.14632,1.15216,161.10000000000068,-94.89999999999998
2018-W41,1.15203,1.16104,1.14322,1.1557,178.2000000000017,36.6999999999984
2018-W42,1.15386,1.1621,1.1433,1.15117,187.9999999999993,-26.900000000000812
2018-W43,1.15139,1.15499,1.13355,1.13996,214.39999999999904,-114.29999999999829
2018-W44,1.13908,1.14557,1.13018,1.13857,153.90000000000015,-5.1000000000001044
2018-W45,1.13848,1.14996,1.13161,1.13329,183.50000000000088,-51.900000000000276
2018-W46,1.13223,1.142,1.12154,1.14145,204.59999999999923,92.20000000000006
2018-W47,1.14116,1.14723,1.13269,1.1335,145.39999999999998,-76.6
2018-W48,1.1339,1.14014,1.1267,1.13148,134.39999999999895,-24.199999999998667
2018-W49,1.135,1.14234,1.13105,1.13762,112.899999999998,26.200000000000667
2018-W50,1.13901,1.14425,1.12696,1.13036,172.90000000000026,-86.50000000000047
2018-W51,1.13008,1.14859,1.12967,1.13684,189.20000000000047,67.60000000000099
2018-W52,1.13692,1.14727,1.13428,1.14414,129.90000000000057,72.20000000000005
2019-W01,1.14331,1.14967,1.13092,1.13943,187.50000000000045,-38.800000000001056
2019-W02,1.13955,1.15697,1.13954,1.14656,174.30000000000058,70.09999999999961
2019-W03,1.14589,1.14896,1.13532,1.13614,136.39999999999876,-97.50000000000148
2019-W04,1.13603,1.14176,1.12892,1.14032,128.40000000000185,42.899999999999054
2019-W05,1.14005,1.15141,1.139,1.14547,124.10000000000032,54.199999999999804
2019-W06,1.14503,1.14603,1.13207,1.13207,139.60000000000196,-129.60000000000082
2019-W07,1.13186,1.13414,1.1234,1.12925,107.39999999999972,-26.100000000000012
2019-W08,1.12906,1.13711,1.12755,1.13319,95.60000000000014,41.29999999999967
2019-W09,1.1334,1.14197,1.13281,1.13633,91.59999999999835,29.300000000000992
2019-W10,1.13811,1.13826,1.11764,1.12336,206.20000000000084,-147.5000000000004
2019-W11,1.12335,1.13443,1.12217,1.13216,122.6000000000016,88.09999999999985
2019-W12,1.1322,1.1448,1.12732,1.1294,174.7999999999994,-28.000000000001357
2019-W13,1.12941,1.13314,1.12098,1.12179,121.59999999999948,-76.1999999999996
2019-W14,1.12254,1.12547,1.11836,1.12142,71.0999999999995,-11.200000000000099
2019-W15,1.12138,1.13239,1.12118,1.12976,112.09999999999943,83.80000000000054
2019-W16,1.13035,1.13237,1.12261,1.12408,97.59999999999991,-62.699999999999974
2019-W17,1.12408,1.1262,1.11111,1.11429,150.9000000000005,-97.89999999999965
2019-W18,1.11441,1.12647,1.1135,1.12007,129.70000000000147,56.59999999999998
2019-W19,1.11799,1.12536,1.11666,1.12329,86.9999999999993,52.99999999999861
2019-W20,1.1232,1.12635,1.11551,1.11563,108.39999999999961,-75.70000000000077
2019-W21,1.11598,1.12121,1.1107,1.12043,105.1000000000002,44.500000000000654
2019-W22,1.12108,1.12151,1.1116,1.11678,99.10000000000085,-42.9999999999997
2019-W23,1.11607,1.13477,1.11601,1.13334,187.6000000000011,172.70000000000118
2019-W24,1.1322,1.13434,1.12024,1.1205,141.0,-117.00000000000044
2019-W25,1.12089,1.13777,1.11813,1.13679,196.39999999999878,159.00000000000026
2019-W26,1.13695,1.14119,1.13442,1.13681,67.69999999999942,-1.3999999999980695
2019-W27,1.13595,1.1371,1.12073,1.12235,163.69999999999996,-136.00000000000057
2019-W28,1.12215,1.12857,1.11933,1.12698,92.40000000000137,48.30000000000112
2019-W29,1.12666,1.12838,1.11997,1.12192,84.10000000000028,-47.399999999999665
2019-W30,1.1215,1.12253,1.11013,1.11247,123.99999999999966,-90.29999999999872
2019-W31,1.11246,1.1162,1.10268,1.11057,135.19999999999976,-18.899999999999473
2019-W32,1.11042,1.12497,1.11033,1.11969,146.39999999999986,92.70000000000111
2019-W33,1.11978,1.12306,1.10662,1.10899,164.4000000000001,-107.90000000000077
2019-W34,1.10925,1.11532,1.10516,1.1136,101.60000000000169,43.499999999998536
2019-W35,1.11507,1.11639,1.09632,1.0988,200.70000000000033,-162.70000000000007
2019-W36,1.09893,1.10847,1.0926,1.1025,158.7000000000005,35.70000000000073
2019-W37,1.1026,1.11094,1.09268,1.10707,182.59999999999943,44.69999999999974
2019-W38,1.10732,1.10863,1.09901,1.10169,96.19999999999962,-56.30000000000024
2019-W39,1.10136,1.10253,1.09046,1.09367,120.70000000000024,-76.89999999999975
2019-W40,1.09419,1.09992,1.0879,1.0976,120.19999999999919,34.09999999999913
2019-W41,1.09803,1.10626,1.09409,1.10329,121.70000000000014,52.60000000000042
2019-W42,1.10316,1.11719,1.09912,1.11703,180.69999999999808,138.7000000000005
2019-W43,1.11607,1.11793,1.10729,1.10792,106.39999999999984,-81.49999999999879
2019-W44,1.10793,1.11755,1.10735,1.11641,101.99999999999987,84.7999999999982
2019-W45,1.11684,1.11753,1.10167,1.10176,158.59999999999985,-150.7999999999998
2019-W46,1.1023,1.10569,1.0989,1.10494,67.90000000000074,26.399999999999757
2019-W47,1.10489,1.10969,1.10143,1.10179,82.60000000000156,-30.999999999998806
2019-W48,1.1017,1.10321,1.09811,1.1015,51.000000000001044,-1.9999999999997797
2019-W49,1.10229,1.11161,1.10029,1.10543,113.19999999999996,31.399999999999206
2019-W50,1.1058,1.11995,1.10533,1.11174,146.20000000000078,59.40000000000056
2019-W51,1.1128,1.11746,1.10662,1.10769,108.39999999999961,-51.09999999999948
2019-W52,1.1081,1.11883,1.1069,1.11713,119.29999999999995,90.29999999999872
2020-W01,1.11736,1.12391,1.11249,1.11548,114.19999999999986,-18.799999999998818
2020-W02,1.11656,1.12055,1.1085,1.11165,120.49999999999895,-49.099999999999696
2020-W03,1.11141,1.11727,1.10862,1.1089,86.50000000000047,-25.100000000000122
2020-W04,1.1091,1.11179,1.10195,1.10224,98.40000000000072,-68.59999999999866
2020-W05,1.10318,1.10954,1.09923,1.10944,103.10000000000042,62.599999999999326
2020-W06,1.10939,1.10939,1.09419,1.09438,152.00000000000102,-150.1000000000019
2020-W07,1.09439,1.09574,1.08271,1.08299,130.29999999999876,-114.00000000000077
2020-W08,1.08406,1.08635,1.07778,1.08456,85.69999999999966,4.999999999999449
2020-W09,1.08145,1.1053,1.0805,1.10251,247.99999999999932,210.6000000000008
2020-W10,1.10423,1.13567,1.10362,1.1347,320.4999999999991,304.7
2020-W11,1.13469,1.14954,1.1055,1.119,440.4000000000008,-156.8999999999998
2020-W12,1.119,1.12366,1.06375,1.06939,599.1000000000013,-496.09999999999934
2020-W13,1.06942,1.11473,1.06357,1.11379,511.60000000000093,443.7000000000002
2020-W14,1.11172,1.11383,1.07727,1.07955,365.6000000000015,-321.70000000000033
2020-W15,1.08082,1.09524,1.07683,1.09326,184.10000000000036,124.40000000000006
2020-W16,1.09482,1.09907,1.08119,1.08711,178.79999999999896,-77.09999999999883
2020-W17,1.08748,1.08967,1.07271,1.08196,169.59999999999863,-55.19999999999969
2020-W18,1.08211,1.10187,1.08097,1.09777,208.99999999999918,156.60000000000008
2020-W19,1.09676,1.09736,1.07665,1.08371,207.09999999999783,-130.50000000000006
2020-W20,1.08265,1.08965,1.07748,1.08183,121.70000000000014,-8.199999999998209
2020-W21,1.08088,1.10083,1.07999,1.0898,208.3999999999997,89.20000000000039
2020-W22,1.08956,1.11451,1.08706,1.11036,274.4999999999998,207.9999999999993
2020-W23,1.11129,1.13836,1.11004,1.12911,283.20000000000124,178.2000000000017
2020-W24,1.12934,1.14224,1.12125,1.1255,209.8999999999984,-38.40000000000066
2020-W25,1.12329,1.13532,1.1168,1.11759,185.20000000000093,-56.99999999999817
2020-W26,1.11835,1.13486,1.11684,1.1217,180.19999999999925,33.499999999999645
2020-W27,1.12149,1.13026,1.11848,1.12464,117.80000000000123,31.49999999999986
2020-W28,1.12433,1.13706,1.12411,1.1299,129.50000000000017,55.699999999998525
2020-W29,1.13039,1.1452,1.13008,1.14269,151.20000000000022,122.99999999999977
2020-W30,1.14084,1.1658,1.14023,1.16546,255.6999999999987,246.19999999999865
2020-W31,1.1643,1.19087,1.16413,1.17753,267.39999999999986,132.30000000000075
2020-W32,1.17725,1.1916,1.16959,1.17862,220.10000000000085,13.700000000000934
2020-W33,1.17886,1.18641,1.1711,1.18414,153.09999999999934,52.799999999999514
2020-W34,1.18389,1.19656,1.17541,1.17949,211.50000000000003,-44.00000000000182
2020-W35,1.17911,1.19197,1.17623,1.19018,157.39999999999864,110.69999999999914
2020-W36,1.18998,1.20113,1.17809,1.18371,230.3999999999995,-62.699999999999974
2020-W37,1.18432,1.19175,1.17527,1.18453,164.8000000000005,2.100000000000435
2020-W38,1.18348,1.19005,1.17373,1.18385,163.20000000000113,3.6999999999998145
2020-W39,1.18369,1.18717,1.16121,1.16277,259.59999999999985,-209.19999999999828
2020-W40,1.16271,1.17696,1.1615,1.17157,154.6000000000003,88.6000000000009
2020-W41,1.1711,1.1831,1.17053,1.18248,125.6999999999997,113.79999999999946
2020-W42,1.18103,1.18266,1.16884,1.17132,138.19999999999942,-97.10000000000107
2020-W43,1.17181,1.18807,1.17031,1.18558,177.59999999999997,137.7000000000006
2020-W44,1.18569,1.18605,1.164,1.16431,220.50000000000125,-213.79999999999956
2020-W45,1.16498,1.18908,1.16026,1.187,288.19999999999845,220.2000000000015
2020-W46,1.18898,1.19199,1.17454,1.1831,174.50000000000188,-58.79999999999885
2020-W47,1.18411,1.18937,1.18141,1.18544,79.59999999999967,13.300000000000534
2020-W48,1.18538,1.19641,1.17997,1.1962,164.4000000000001,108.1999999999983
2020-W49,1.19614,1.21773,1.19353,1.21202,242.0,158.80000000000115
2020-W50,1.21308,1.21662,1.20587,1.21086,107.50000000000037,-22.199999999998887
2020-W51,1.21367,1.22726,1.21155,1.22559,157.10000000000113,119.1999999999993
2020-W52,1.2221,1.2257,1.21296,1.21922,127.39999999999974,-28.799999999999937
2020-W53,1.2186,1.23101,1.21811,1.22153,128.99999999999912,29.300000000000992
2021-W01,1.22396,1.23494,1.21929,1.22174,156.49999999999943,-22.199999999998887
2021-W02,1.22175,1.22284,1.20747,1.20748,153.69999999999885,-142.69999999999783
2021-W03,1.20838,1.21894,1.20535,1.21667,135.89999999999992,82.89999999999908
2021-W04,1.21688,1.21832,1.20585,1.21298,124.69999999999982,-39.00000000000014
2021-W05,1.21297,1.21363,1.19522,1.20481,184.10000000000036,-81.60000000000167
2021-W06,1.20375,1.21494,1.20196,1.21177,129.79999999999993,80.19999999999916
2021-W07,1.21244,1.21693,1.20232,1.21167,146.1000000000001,-7.699999999999374
2021-W08,1.21151,1.22433,1.20621,1.20704,181.19999999999914,-44.700000000001964
2021-W09,1.20702,1.21132,1.18932,1.19128,220.0000000000002,-157.4000000000009
2021-W10,1.19177,1.19899,1.18355,1.19489,154.39999999999898,31.200000000000117
2021-W11,1.19483,1.19888,1.18708,1.18797,118.00000000000033,-68.60000000000088
2021-W12,1.18804,1.19468,1.17617,1.17918,185.10000000000025,-88.6000000000009
2021-W13,1.17917,1.17939,1.1704,1.17603,89.89999999999831,-31.400000000001427
2021-W14,1.17544,1.19274,1.17379,1.18977,189.50000000000023,143.29999999999953
2021-W15,1.18903,1.19946,1.1871,1.19805,123.59999999999927,90.20000000000027
2021-W16,1.19722,1.20999,1.19424,1.20938,157.49999999999932,121.59999999999948
2021-W17,1.20913,1.21498,1.20165,1.20169,133.29999999999842,-74.40000000000113
2021-W18,1.20309,1.21713,1.19859,1.21615,185.4,130.6000000000007
2021-W19,1.21601,1.21815,1.20514,1.2142,130.09999999999965,-18.100000000000893
2021-W20,1.2145,1.22451,1.21259,1.21778,119.1999999999993,32.80000000000172
2021-W21,1.21778,1.22664,1.21325,1.21905,133.90000000000012,12.699999999998823
2021-W22,1.2199,1.22542,1.21039,1.21644,150.29999999999876,-34.600000000000186
2021-W23,1.21601,1.22179,1.20925,1.21072,125.39999999999995,-52.90000000000017
2021-W24,1.21045,1.21473,1.18472,1.18592,300.10000000000093,-245.29999999999941
2021-W25,1.18542,1.19751,1.18476,1.19347,127.5000000000004,80.50000000000112
2021-W26,1.19296,1.19444,1.1807,1.18622,137.39999999999864,-67.39999999999968
2021-W27,1.18598,1.18951,1.17815,1.1871,113.60000000000036,11.200000000000099
2021-W28,1.18751,1.18802,1.17717,1.18047,108.50000000000026,-70.40000000000157
2021-W29,1.18054,1.18304,1.17518,1.17683,78.600000000002,-37.0999999999988
2021-W30,1.17681,1.19085,1.17632,1.18667,145.29999999999933,98.5999999999998
2021-W31,1.18641,1.18996,1.17543,1.17596,145.29999999999933,-104.50000000000071
2021-W32,1.1758,1.18045,1.17059,1.17933,98.5999999999998,35.30000000000033
2021-W33,1.17934,1.18007,1.16638,1.16951,136.8999999999998,-98.30000000000005
2021-W34,1.16935,1.18022,1.16925,1.1791,109.70000000000147,97.50000000000148
2021-W35,1.17937,1.1909,1.17827,1.18773,126.3000000000014,83.59999999999923
2021-W36,1.1876,1.18862,1.18019,1.18101,84.29999999999937,-65.90000000000096
2021-W37,1.18111,1.18458,1.17235,1.17239,122.29999999999963,-87.20000000000061
2021-W38,1.17288,1.17555,1.16834,1.17181,72.10000000000161,-10.699999999999044
2021-W39,1.17253,1.17261,1.15624,1.15923,163.69999999999996,-133.0000000000009
2021-W40,1.15954,1.164,1.15291,1.15721,110.89999999999822,-23.299999999999432
2021-W41,1.15674,1.16242,1.15242,1.15983,100.00000000000009,30.89999999999815
2021-W42,1.15903,1.16693,1.15717,1.16395,97.59999999999991,49.20000000000036
2021-W43,1.16382,1.16921,1.1535,1.15628,157.10000000000113,-75.40000000000103
2021-W44,1.15625,1.16164,1.15132,1.15631,103.20000000000107,0.5999999999994898
2021-W45,1.15566,1.16087,1.14328,1.14413,175.89999999999995,-115.29999999999818
2021-W46,1.14473,1.14638,1.12499,1.12794,213.9000000000002,-167.90000000000083
2021-W47,1.12873,1.13301,1.11859,1.13071,144.20000000000098,19.800000000000928
2021-W48,1.13004,1.13828,1.12349,1.13117,147.89999999999858,11.300000000000754
2021-W49,1.13046,1.13547,1.12275,1.13146,127.20000000000064,9.999999999998899
2021-W50,1.131,1.13603,1.12215,1.1237,138.80000000000115,-73.00000000000084
2021-W51,1.12371,1.13433,1.12344,1.13102,108.90000000000066,73.09999999999928
2021-W52,1.13101,1.13863,1.12737,1.13686,112.60000000000048,58.499999999999105
2022-W01,1.1369,1.13782,1.12721,1.13593,106.10000000000008,-9.699999999999154
2022-W02,1.13515,1.14827,1.12847,1.1409,197.99999999999818,57.49999999999922
2022-W03,1.14118,1.14344,1.13009,1.13418,133.49999999999972,-70.00000000000117
2022-W04,1.13396,1.1345,1.11213,1.1145,223.70000000000002,-194.60000000000034
2022-W05,1.11422,1.14837,1.1138,1.14477,345.6999999999999,305.5000000000008
2022-W06,1.14638,1.14948,1.13296,1.13463,165.2000000000009,-117.49999999999928
2022-W07,1.13369,1.13957,1.12799,1.13203,115.79999999999924,-16.599999999999948
2022-W08,1.13186,1.13905,1.11062,1.12719,284.29999999999956,-46.70000000000174
2022-W09,1.11237,1.12464,1.08856,1.09311,360.8000000000011,-192.60000000000053
2022-W10,1.09199,1.11212,1.08059,1.09178,315.3000000000006,-2.100000000000435
2022-W11,1.09177,1.11375,1.09005,1.1051,237.00000000000054,133.30000000000064
2022-W12,1.10504,1.10701,1.09608,1.09805,109.30000000000106,-69.90000000000052
2022-W13,1.09845,1.11848,1.09446,1.10427,240.1999999999993,58.20000000000158
2022-W14,1.10301,1.10544,1.08364,1.08744,218.00000000000043,-155.70000000000084
2022-W15,1.09202,1.09332,1.07575,1.08057,175.70000000000084,-114.4999999999996
2022-W16,1.08029,1.09362,1.0761,1.07947,175.1999999999998,-8.20000000000043
2022-W17,1.08041,1.08153,1.0471,1.05409,344.30000000000183,-263.2000000000012
2022-W18,1.05444,1.06417,1.04826,1.05452,159.1000000000009,0.7999999999985796
2022-W19,1.05398,1.05924,1.03496,1.04116,242.79999999999856,-128.1999999999983
2022-W20,1.03952,1.0607,1.03889,1.0561,218.09999999999886,165.80000000000038
2022-W21,1.05601,1.0765,1.05552,1.07317,209.79999999999998,171.60000000000065
2022-W22,1.07347,1.07867,1.06271,1.07169,159.59999999999974,-17.799999999998928
2022-W23,1.07167,1.07738,1.05057,1.05137,268.1,-202.99999999999986
2022-W24,1.0513,1.06014,1.0359,1.04934,242.4000000000004,-19.599999999999618
2022-W25,1.04731,1.06057,1.04687,1.05519,137.00000000000045,78.80000000000109
2022-W26,1.05479,1.0615,1.03658,1.04262,249.20000000000053,-121.69999999999791
2022-W27,1.04174,1.04627,1.0072,1.01822,390.69999999999936,-235.20000000000206
2022-W28,1.01697,1.01834,0.99521,1.00821,231.29999999999984,-87.59999999999879
2022-W29,1.00811,1.02781,1.00785,1.02119,199.59999999999977,130.7999999999998
2022-W30,1.02083,1.02578,1.00966,1.02248,161.19999999999914,16.500000000001513
2022-W31,1.02098,1.02939,1.01226,1.01825,171.3000000000009,-27.29999999999899
2022-W32,1.01726,1.03685,1.0159,1.0259,209.50000000000023,86.3999999999998
2022-W33,1.02551,1.02682,1.00318,1.00326,236.40000000000106,-222.4999999999988
2022-W34,1.00366,1.00898,0.99002,0.99623,189.59999999999977,-74.30000000000048
2022-W35,0.99657,1.0079,0.99107,0.99515,168.30000000000013,-14.199999999999768
2022-W36,0.99285,1.01131,0.98638,1.00425,249.29999999999896,114.00000000000077
2022-W37,1.01039,1.01977,0.99448,1.00146,252.90000000000035,-89.29999999999882
2022-W38,1.00072,1.00504,0.9668,0.96885,382.3999999999994,-318.70000000000067
2022-W39,0.96666,0.98537,0.95357,0.98013,317.9999999999994,134.69999999999982
2022-W40,0.97933,0.99995,0.97259,0.97388,273.60000000000053,-54.50000000000066
2022-W41,0.97336,0.98086,0.96315,0.97182,177.10000000000002,-15.399999999999858
2022-W42,0.97201,0.98755,0.97048,0.98613,170.7000000000003,141.1999999999991
2022-W43,0.98712,1.00934,0.98067,0.99631,286.6999999999986,91.90000000000032
2022-W44,0.99567,0.99757,0.97299,0.9956,245.79999999999936,-0.700000000000145
2022-W45,0.99036,1.0364,0.99001,1.03538,463.90000000000043,450.1999999999995
2022-W46,1.03354,1.04808,1.02713,1.03235,209.499999999998,-11.899999999998023
2022-W47,1.03227,1.04484,1.02227,1.03926,225.6999999999998,69.90000000000052
2022-W48,1.03716,1.05448,1.029,1.05325,254.8000000000017,160.89999999999938
2022-W49,1.05303,1.05948,1.04431,1.05316,151.69999999999905,1.3000000000018552
2022-W50,1.05264,1.07361,1.05057,1.05839,230.3999999999995,57.49999999999922
2022-W51,1.05895,1.06593,1.0573,1.06172,86.30000000000138,27.69999999999939
2022-W52,1.06114,1.07131,1.05979,1.07054,115.19999999999975,94.00000000000075
2023-W01,1.0697,1.07087,1.04823,1.06413,226.39999999999992,-55.70000000000075
2023-W02,1.06406,1.08679,1.06381,1.08302,229.8,189.60000000000088
2023-W03,1.08288,1.08873,1.07661,1.08549,121.19999999999908,26.100000000000012
2023-W04,1.08678,1.09293,1.08349,1.08649,94.39999999999893,-2.900000000001235
2023-W05,1.08643,1.10327,1.07924,1.07929,240.29999999999995,-71.39999999999924
2023-W06,1.0782,1.07987,1.06661,1.06754,132.6000000000005,-106.60000000000113
2023-W07,1.06808,1.08044,1.06126,1.06929,191.79999999999976,12.100000000001554
2023-W08,1.06849,1.07044,1.05359,1.05469,168.5000000000003,-138.00000000000034
2023-W09,1.05451,1.06913,1.05328,1.0635,158.4999999999992,89.89999999999831
2023-W10,1.06266,1.06968,1.05241,1.0694,172.69999999999897,67.39999999999968
2023-W11,1.06811,1.07597,1.05158,1.06647,243.90000000000134,-16.399999999998638
2023-W12,1.06821,1.09296,1.06311,1.07589,298.4999999999993,76.79999999999909
2023-W13,1.07752,1.09262,1.07449,1.08386,181.29999999999978,63.40000000000012
2023-W14,1.08398,1.09701,1.07882,1.09194,181.9000000000015,79.59999999999967
2023-W15,1.0898,1.10758,1.08373,1.09922,238.49999999999926,94.19999999999985
2023-W16,1.09888,1.09997,1.09116,1.09874,88.09999999999985,-1.40000000000029
2023-W17,1.09866,1.10858,1.09641,1.10193,121.69999999999791,32.70000000000106
2023-W18,1.10191,1.10917,1.09422,1.10162,149.5000000000002,-2.8999999999990145
2023-W19,1.10213,1.10535,1.08476,1.08477,205.90000000000109,-173.60000000000042
2023-W20,1.0861,1.09046,1.076,1.08019,144.59999999999917,-59.10000000000082
2023-W21,1.08062,1.08298,1.07018,1.07292,128.00000000000145,-76.99999999999818
2023-W22,1.07219,1.07789,1.06355,1.07063,143.4000000000002,-15.600000000000058
2023-W23,1.07098,1.07856,1.06669,1.0744,118.70000000000047,34.19999999999979
2023-W24,1.07491,1.09658,1.0733,1.09351,232.8000000000019,185.9999999999995
2023-W25,1.09426,1.10081,1.08443,1.0892,163.8000000000006,-50.60000000000065
2023-W26,1.09042,1.09766,1.08352,1.09095,141.4000000000004,5.300000000001415
2023-W27,1.09089,1.09731,1.08337,1.09675,139.40000000000063,58.59999999999977
2023-W28,1.09593,1.12448,1.09434,1.12259,301.39999999999833,266.59999999999906
2023-W29,1.12273,1.12756,1.11079,1.11254,167.6999999999995,-101.89999999999921
2023-W30,1.11197,1.11469,1.09435,1.10125,203.40000000000026,-107.19999999999841
2023-W31,1.10206,1.10458,1.09122,1.10029,133.59999999999818,-17.700000000000493
2023-W32,1.10141,1.1065,1.0929,1.09433,136.00000000000057,-70.79999999999976
2023-W33,1.09493,1.096,1.0845,1.08678,115.00000000000065,-81.49999999999879
2023-W34,1.08672,1.09303,1.07658,1.07906,164.49999999999852,-76.6
2023-W35,1.07957,1.09454,1.07716,1.07717,173.80000000000172,-23.999999999999577
2023-W36,1.07748,1.08087,1.06861,1.06974,122.59999999999937,-77.4000000000008
2023-W37,1.07147,1.07692,1.06318,1.06576,137.40000000000086,-57.099999999998815
2023-W38,1.06588,1.07368,1.0615,1.06419,121.79999999999858,-16.899999999999693
2023-W39,1.06513,1.06555,1.0488,1.05694,167.50000000000043,-81.8999999999992
2023-W40,1.05672,1.05999,1.04483,1.05828,151.60000000000062,15.600000000000058
2023-W41,1.05529,1.06397,1.04954,1.05073,144.30000000000166,-45.600000000001195
2023-W42,1.05083,1.06163,1.05025,1.05927,113.80000000000167,84.40000000000003
2023-W43,1.0595,1.06942,1.05221,1.05657,172.09999999999948,-29.300000000000992
2023-W44,1.05654,1.07467,1.05167,1.07295,229.9999999999991,164.10000000000036
2023-W45,1.07232,1.07562,1.0656,1.06848,100.19999999999918,-38.399999999998435
2023-W46,1.06818,1.09148,1.0665,1.09138,249.8,232.00000000000108
2023-W47,1.09095,1.09651,1.08522,1.09341,112.90000000000022,24.599999999999067
2023-W48,1.09438,1.10171,1.08287,1.08788,188.3999999999997,-64.9999999999995
2023-W49,1.08771,1.08948,1.07236,1.07592,171.20000000000024,-117.89999999999966
2023-W50,1.07592,1.10092,1.07415,1.08922,267.6999999999996,133.0000000000009
2023-W51,1.08973,1.10401,1.0892,1.10135,148.0999999999999,116.19999999999963
2023-W52,1.10108,1.11394,1.09933,1.10361,146.1000000000001,25.299999999999212
2024-W01,1.10427,1.10447,1.08767,1.09392,168.00000000000148,-103.50000000000081
2024-W02,1.09386,1.1,1.09103,1.09483,89.70000000000144,9.699999999999154
2024-W03,1.0948,1.09675,1.08445,1.0896,122.99999999999977,-52.00000000000094
2024-W04,1.08906,1.09323,1.08128,1.08504,119.49999999999905,-40.19999999999912
2024-W05,1.08468,1.08974,1.07799,1.07849,117.49999999999928,-61.9000000000014
2024-W06,1.07854,1.07951,1.07225,1.07821,72.60000000000045,-3.300000000001635
2024-W07,1.07767,1.08055,1.06949,1.07749,110.59999999999847,-1.7999999999984695
2024-W08,1.07718,1.08882,1.07615,1.08174,126.69999999999959,45.59999999999897
2024-W09,1.08318,1.08659,1.07958,1.08368,70.09999999999961,4.999999999999449
2024-W10,1.08359,1.09812,1.0835,1.09393,146.20000000000078,103.40000000000016
2024-W11,1.09393,1.09638,1.0873,1.08886,90.79999999999977,-50.700000000001296
2024-W12,1.08885,1.09426,1.08017,1.08075,140.89999999999935,-80.99999999999996
2024-W13,1.08074,1.08643,1.07678,1.07898,96.49999999999936,-17.599999999999838
2024-W14,1.07882,1.08765,1.07246,1.08352,151.90000000000038,47.000000000001485
2024-W15,1.08347,1.0885,1.06226,1.06385,262.40000000000043,-196.1999999999997
2024-W16,1.06352,1.069,1.0601,1.06526,88.99999999999908,17.400000000000748
2024-W17,1.06495,1.07527,1.06239,1.06911,128.8,41.59999999999941
2024-W18,1.06898,1.08124,1.06494,1.07594,162.9999999999998,69.59999999999854
2024-W19,1.076,1.07907,1.07239,1.07694,66.8000000000002,9.399999999999409
2024-W20,1.07721,1.08949,1.07658,1.08674,129.09999999999977,95.30000000000038
2024-W21,1.08664,1.08844,1.08048,1.0846,79.59999999999967,-20.400000000000418
2024-W22,1.0845,1.0889,1.07883,1.0845,100.70000000000023,0.0
2024-W23,1.08462,1.0916,1.07993,1.08017,116.69999999999847,-44.49999999999843
2024-W24,1.07783,1.08521,1.06676,1.07025,184.50000000000077,-75.80000000000142
2024-W25,1.07028,1.07615,1.0671,1.06918,90.50000000000003,-10.999999999998789
2024-W26,1.06849,1.07463,1.0666,1.07119,80.29999999999981,27.000000000001467
2024-W27,1.07438,1.08426,1.071,1.0837,132.6000000000005,93.20000000000218
2024-W28,1.08014,1.09113,1.07998,1.09054,111.49999999999993,103.99999999999964
2024-W29,1.08852,1.0948,1.08715,1.08779,76.49999999999935,-7.299999999998974
2024-W30,1.08861,1.09027,1.08256,1.08547,77.10000000000106,-31.400000000001427
2024-W31,1.08553,1.09265,1.07774,1.09098,149.0999999999998,54.499999999999545
2024-W32,1.09225,1.10088,1.08814,1.09167,127.39999999999974,-5.800000000000249
2024-W33,1.09142,1.10473,1.091,1.10211,137.3000000000002,106.89999999999867
2024-W34,1.10265,1.12008,1.10227,1.1191,178.09999999999883,164.50000000000077
2024-W35,1.11854,1.12015,1.10438,1.10456,157.7000000000006,-139.80000000000103
2024-W36,1.10462,1.11556,1.10263,1.10825,129.3000000000011,36.300000000000225
2024-W37,1.10781,1.11017,1.10019,1.10732,99.800000000001,-4.899999999998794
2024-W38,1.10757,1.11891,1.10683,1.11626,120.8000000000009,86.90000000000086
2024-W39,1.1158,1.1214,1.10831,1.11619,130.90000000000046,3.900000000001125
2024-W40,1.11582,1.12089,1.09512,1.09739,257.6999999999985,-184.29999999999947
2024-W41,1.0962,1.09971,1.09,1.09353,97.09999999999886,-26.700000000001722
2024-W42,1.0931,1.09366,1.0811,1.08655,125.60000000000127,-65.50000000000055
2024-W43,1.08605,1.08717,1.07612,1.07945,110.50000000000004,-65.99999999999939
2024-W44,1.07938,1.09057,1.07688,1.08327,136.8999999999998,38.899999999999494
2024-W45,1.08778,1.09369,1.06824,1.07182,254.49999999999972,-159.59999999999974
2024-W46,1.07093,1.07277,1.0496,1.05394,231.69999999999914,-169.89999999999839
2024-W47,1.0528,1.06097,1.03325,1.04193,277.19999999999965,-108.69999999999935
2024-W48,1.04806,1.05971,1.0425,1.05748,172.09999999999948,94.19999999999985
2024-W49,1.05711,1.06298,1.04607,1.05673,169.0999999999998,-3.8000000000004697
2024-W50,1.05544,1.05944,1.04531,1.05017,141.29999999999976,-52.69999999999886
2024-W51,1.04854,1.05343,1.03429,1.04254,191.40000000000157,-60.00000000000006
2024-W52,1.04308,1.04452,1.03835,1.04225,61.69999999999787,-8.300000000001084
2025-W01,1.04247,1.04583,1.02237,1.03066,234.60000000000036,-118.10000000000099
2025-W02,1.03015,1.04367,1.02127,1.024,224.000000000002,-61.49999999999878
2025-W03,1.02357,1.03544,1.01772,1.0271,177.1999999999996,35.29999999999811
2025-W04,1.02792,1.05213,1.02663,1.04919,255.0000000000008,212.7000000000012
2025-W05,1.04763,1.0533,1.03496,1.03602,183.39999999999802,-116.1000000000012
2025-W06,1.02327,1.04424,1.02103,1.0326,232.09999999999954,93.30000000000061
2025-W07,1.02918,1.0514,1.02839,1.04913,230.09999999999974,199.49999999999912
2025-W08,1.04858,1.05062,1.04009,1.0457,105.3000000000015,-28.799999999999937
2025-W09,1.04706,1.05287,1.03597,1.03747,168.99999999999915,-95.9000000000021
2025-W10,1.04032,1.08884,1.03883,1.08388,500.1000000000011,435.6000000000004
2025-W11,1.08388,1.09471,1.08051,1.08801,141.99999999999991,41.29999999999967
2025-W12,1.08809,1.09545,1.0797,1.08121,157.49999999999932,-68.79999999999997
2025-W13,1.08167,1.08579,1.07328,1.08237,125.10000000000021,7.0000000000014495
2025-W14,1.08228,1.11462,1.07782,1.09573,367.99999999999943,134.50000000000185
2025-W15,1.08894,1.14736,1.08792,1.13554,594.3999999999994,465.9999999999998
2025-W16,1.13108,1.14244,1.12639,1.13901,160.49999999999898,79.29999999999993
2025-W17,1.13946,1.15729,1.13077,1.13628,265.1999999999988,-31.799999999999606
2025-W18,1.13636,1.14248,1.12657,1.12946,159.0999999999987,-69.00000000000128
2025-W19,1.12987,1.13808,1.11964,1.1246,184.40000000000012,-52.69999999999886
2025-W20,1.119,1.12655,1.10651,1.11612,200.39999999999836,-28.799999999999937
2025-W21,1.11749,1.13754,1.11711,1.13592,204.29999999999947,184.29999999999947
2025-W22,1.13617,1.14185,1.12103,1.13453,208.2000000000006,-16.399999999998638
2025-W23,1.13439,1.14948,1.13435,1.13935,151.30000000000086,49.600000000000755
2025-W24,1.13952,1.16311,1.13729,1.15457,258.20000000000175,150.50000000000009
2025-W25,1.15309,1.16147,1.14461,1.15189,168.60000000000096,-11.999999999998678
2025-W26,1.14602,1.17539,1.14533,1.17162,300.59999999999974,256.0000000000007
2025-W27,1.17287,1.18298,1.17075,1.17719,122.29999999999963,43.199999999998795
2025-W28,1.17793,1.17901,1.16623,1.16852,127.79999999999791,-94.09999999999918
2025-W29,1.16658,1.17212,1.15566,1.16207,164.60000000000142,-45.100000000000136
2025-W30,1.16236,1.17887,1.16145,1.17396,174.1999999999999,115.99999999999832
2025-W31,1.17552,1.177,1.13915,1.1583,378.4999999999994,-172.1999999999979
2025-W32,1.1591,1.16986,1.15277,1.16368,170.89999999999827,45.80000000000028
2025-W33,1.16444,1.17301,1.159,1.17026,140.1000000000008,58.20000000000158
2025-W34,1.17101,1.17425,1.15828,1.17148,159.7000000000004,4.699999999999704
2025-W35,1.17203,1.17259,1.1574,1.16826,151.90000000000038,-37.69999999999829
2025-W36,1.16935,1.17593,1.16081,1.17141,151.20000000000022,20.600000000001728
2025-W37,1.17111,1.17799,1.16589,1.17301,121.0,19.000000000000128
2025-W38,1.17303,1.19186,1.1716,1.17405,202.59999999999945,10.200000000000209
2025-W39,1.17449,1.18199,1.16454,1.17005,174.50000000000188,-44.39999999999999
2025-W40,1.16986,1.17785,1.16829,1.17382,95.60000000000014,39.600000000001856
2025-W41,1.17209,1.17307,1.1542,1.16149,188.70000000000164,-106.00000000000165
2025-W42,1.16138,1.17283,1.15423,1.16509,185.9999999999995,37.0999999999988
2025-W43,1.16646,1.16753,1.15767,1.16287,98.5999999999998,-35.89999999999982
2025-W44,1.16295,1.16686,1.15214,1.1537,147.20000000000067,-92.4999999999998
2025-W45,1.15294,1.1591,1.14687,1.15656,122.29999999999963,36.19999999999956
2025-W46,1.15562,1.16559,1.15409,1.16172,114.99999999999844,60.99999999999994
2025-W47,1.16143,1.16244,1.14909,1.15155,133.49999999999972,-98.79999999999889
2025-W48,1.15128,1.16132,1.15018,1.15973,111.39999999999928,84.49999999999847
2025-W49,1.1594,1.16819,1.15893,1.16388,92.60000000000046,44.800000000000395
2025-W50,1.16373,1.17627,1.16149,1.17396,147.80000000000015,102.29999999999961
2025-W51,1.17358,1.1804,1.17021,1.17103,101.89999999999921,-25.500000000000522
2025-W52,1.17149,1.18079,1.17058,1.1768,102.10000000000052,53.10000000000148
2026-W01,1.17631,1.1789,1.17199,1.17455,69.09999999999971,-17.599999999999838
